seq_length,hidden_size,dropout,lr,batch_size,num_layers,train_rmse,test_rmse,rmse_gap,test_pred_std,test_actual_std,test_std_ratio,county
12,64,0.3,0.001,6,1,1.1251133836039553,0.005209408916900135,-1.1199039746870552,0.3613029621482507,0.3633993146471748,0.9942312700810693,Fresno
12,8,0.0,0.005,4,2,0.7776535170141746,0.012247191349741888,-0.7654063256644328,0.3473124770760752,0.3633993146471748,0.9557323392678428,Fresno
12,64,0.1,0.001,8,1,1.5868685114455123,0.03622086395360303,-1.5506476474919093,0.3134911595384976,0.3633993146471748,0.8626630455890288,Fresno
12,16,0.1,0.001,4,1,0.9477253056320641,0.050004234377880354,-0.8977210712541838,0.37325182292264664,0.3633993146471748,1.0271120717028255,Fresno
12,64,0.3,0.005,8,2,0.5909031312687136,0.05029079142181474,-0.5406123398468989,0.32416791006643686,0.3633993146471748,0.8920432620550542,Fresno
12,16,0.1,0.001,8,1,1.3159094066389925,0.06854988511039285,-1.2473595215285995,0.2865680986315704,0.3633993146471748,0.7885763320984797,Fresno
12,64,0.2,0.001,6,1,1.1089093312073488,0.06864651583190295,-1.0402628153754458,0.2663783049049239,0.3633993146471748,0.7330181818409626,Fresno
12,16,0.2,0.005,8,2,0.6119965036691469,0.09268901395517642,-0.5193074897139704,0.3079220350167662,0.3633993146471748,0.8473379629670694,Fresno
12,64,0.1,0.001,6,1,1.0802657157172153,0.0946369380945171,-0.9856287776226982,0.36172289349691905,0.3633993146471748,0.9953868345847504,Fresno
12,16,0.0,0.001,8,1,0.7952358556396579,0.09780577162326537,-0.6974300840163925,0.24166963934435115,0.3633993146471748,0.6650250278512185,Fresno
12,32,0.2,0.0005,6,2,1.3105727773436053,0.09802527167207156,-1.2125475056715338,0.2287296454098886,0.3633993146471748,0.6294168320927153,Fresno
12,16,0.2,0.001,6,2,1.1365831101705832,0.1014270331753131,-1.0351560769952701,0.21997288024904035,0.3633993146471748,0.605320019556483,Fresno
12,32,0.3,0.0005,6,2,1.347242747449577,0.10508298985093135,-1.2421597575986456,0.299794861043887,0.3633993146471748,0.8249736555913939,Fresno
12,16,0.0,0.001,4,1,1.0469523521091617,0.1068129728228034,-0.9401393792863583,0.2864304369665539,0.3633993146471748,0.7881975155749809,Fresno
12,32,0.1,0.001,4,2,0.8514705651888048,0.10823197174762295,-0.7432385934411818,0.344920133140956,0.3633993146471748,0.9491491019344374,Fresno
12,8,0.2,0.001,6,2,1.9534766949379112,0.10896958592626513,-1.844507109011646,0.21599907966125065,0.3633993146471748,0.5943849395284762,Fresno
12,8,0.1,0.001,6,1,1.5410588882014606,0.1107230016647815,-1.430335886536679,0.20983440580089407,0.3633993146471748,0.5774210278977074,Fresno
12,32,0.0,0.0005,4,2,1.1751788806704744,0.11286494875666428,-1.0623139319138102,0.25212240710772976,0.3633993146471748,0.69378888992269,Fresno
12,16,0.4,0.005,4,2,0.7527088142792692,0.113177240335406,-0.6395315739438632,0.267912447282897,0.3633993146471748,0.7372398254053225,Fresno
12,64,0.0,0.0005,4,2,0.7321418133939608,0.11333213892301955,-0.6188096744709413,0.2038974502031624,0.3633993146471748,0.5610837499821014,Fresno
12,64,0.1,0.001,4,2,1.4919083103668167,0.11373902452444676,-1.37816928584237,0.24445937009909,0.3633993146471748,0.6727017917918644,Fresno
12,32,0.1,0.005,6,1,1.1041980034935897,0.11533148542908281,-0.9888665180645069,0.2030605750812361,0.3633993146471748,0.5587808421663868,Fresno
12,64,0.0,0.001,8,1,0.7085555518186372,0.11613666184324255,-0.5924188899753946,0.21181256220106212,0.3633993146471748,0.5828645065187077,Fresno
12,32,0.4,0.005,8,1,1.0201398771631054,0.123581491484705,-0.8965583856784004,0.1914923625462071,0.3633993146471748,0.5269475060296342,Fresno
12,64,0.2,0.005,8,2,0.4582467749124351,0.12412155875868758,-0.3341252161537475,0.2229014020809151,0.3633993146471748,0.6133787079299546,Fresno
12,64,0.2,0.001,8,1,1.2606011579024339,0.1255403438013178,-1.135060814101116,0.3137309367171264,0.3633993146471748,0.8633228629551172,Fresno
12,8,0.2,0.005,6,2,1.222975697001197,0.12781868561829304,-1.0951570113829039,0.218454951358563,0.3633993146471748,0.6011429921673391,Fresno
12,16,0.0,0.005,8,2,0.7325090614423326,0.13161796147743865,-0.600891099964894,0.4330654890770464,0.3633993146471748,1.1917069505139564,Fresno
12,8,0.1,0.005,6,2,0.6015453729338106,0.13238079388782306,-0.4691645790459875,0.1773219017715884,0.3633993146471748,0.4879533191848494,Fresno
12,16,0.2,0.0005,4,2,1.7274866674569183,0.13860851769566074,-1.5888781497612574,0.17278904817585475,0.3633993146471748,0.4754798405264358,Fresno
12,32,0.4,0.0005,6,2,1.5108499520854435,0.13982920745436037,-1.3710207446310831,0.20599585020852929,0.3633993146471748,0.5668581142166741,Fresno
12,16,0.0,0.005,6,2,0.5383185370926322,0.14086353490402814,-0.3974550021886041,0.5203097533471513,0.3633993146471748,1.4317851805865986,Fresno
12,64,0.3,0.005,8,1,1.1937234940608037,0.14317580434679236,-1.0505476897140114,0.3125247064785677,0.3633993146471748,0.8600035660001139,Fresno
12,8,0.1,0.005,4,1,1.3328316814191448,0.14389993517717295,-1.1889317462419717,0.16107293497321123,0.3633993146471748,0.44323951224178093,Fresno
12,64,0.4,0.001,8,2,1.1187478048924522,0.14542564016038323,-0.9733221647320689,0.25853177112963405,0.3633993146471748,0.7114261384357401,Fresno
12,64,0.1,0.005,8,2,0.7257423035130212,0.14906404403780396,-0.5766782594752172,0.169845712762558,0.3633993146471748,0.4673803882306756,Fresno
12,64,0.3,0.005,6,2,0.98733981966268,0.14956234957118417,-0.8377774700914958,0.16419262572743562,0.3633993146471748,0.45182425808053767,Fresno
12,16,0.1,0.005,6,1,0.8265109613298898,0.1512238614843115,-0.6752870998455782,0.19676886402155574,0.3633993146471748,0.5414673503514972,Fresno
12,32,0.2,0.0005,6,1,1.2651017592545089,0.15203933995060206,-1.1130624193039067,0.1642538223621229,0.3633993146471748,0.4519926586036556,Fresno
12,32,0.0,0.005,4,2,0.48878772115506103,0.15389609085027686,-0.3348916303047842,0.41699821436966256,0.3633993146471748,1.1474931227499068,Fresno
12,64,0.1,0.001,6,2,0.7337557510542351,0.15546158036672317,-0.5782941706875119,0.28940984942336584,0.3633993146471748,0.7963962444572976,Fresno
12,16,0.4,0.005,8,2,1.0766605543975454,0.15577186735365897,-0.9208886870438864,0.21075507023951318,0.3633993146471748,0.5799545066399912,Fresno
12,64,0.1,0.0005,6,1,1.4565842632693156,0.15646693766766287,-1.3001173256016527,0.18903750063103889,0.3633993146471748,0.5201922321030678,Fresno
12,64,0.0,0.001,4,2,1.011843334919171,0.15665289131431054,-0.8551904436048603,0.31281674732883835,0.3633993146471748,0.8608072022165282,Fresno
12,32,0.4,0.001,8,1,1.5349369652933993,0.15872373867228998,-1.3762132266211093,0.16402741798127352,0.3633993146471748,0.4513696404202856,Fresno
12,16,0.1,0.001,8,2,1.0283746223924692,0.15937169407611523,-0.8690029283163541,0.13997291413463134,0.3633993146471748,0.3851766046133889,Fresno
12,32,0.4,0.005,8,2,0.7408994112401133,0.16005185619583479,-0.5808475550442784,0.15229578801036567,0.3633993146471748,0.41908661318811236,Fresno
12,64,0.2,0.0005,4,2,1.2133480841859687,0.16069426271828838,-1.0526538214676804,0.21519895507753548,0.3633993146471748,0.5921831616178821,Fresno
12,32,0.1,0.005,6,2,0.6171652284662213,0.16550084878785587,-0.4516643796783655,0.13380551735993715,0.3633993146471748,0.3682052000836854,Fresno
12,64,0.4,0.001,6,1,1.6126983952904612,0.16583722155169717,-1.446861173738764,0.3081238873963171,0.3633993146471748,0.8478934191042029,Fresno
12,8,0.2,0.005,4,1,1.4608725576457176,0.16870481382462948,-1.2921677438210881,0.12763561611277421,0.3633993146471748,0.3512269037620391,Fresno
12,16,0.4,0.001,6,1,1.077112203922887,0.1739278505956218,-0.9031843533272653,0.11797002629819277,0.3633993146471748,0.3246291931307854,Fresno
12,32,0.0,0.001,8,1,1.2295496344083465,0.1748681437310358,-1.0546814906773108,0.17264112574470475,0.3633993146471748,0.4750727884897703,Fresno
12,32,0.2,0.001,4,1,0.8473822654368771,0.17664417338546684,-0.6707380920514103,0.2665623657296097,0.3633993146471748,0.7335246792867941,Fresno
12,64,0.2,0.005,6,2,1.0921983808000337,0.17706650293318263,-0.9151318778668511,0.1174404477762791,0.3633993146471748,0.3231719022098385,Fresno
12,16,0.4,0.005,6,1,0.9701569236002079,0.1774272828859831,-0.7927296407142248,0.16592433964971506,0.3633993146471748,0.45658957780592235,Fresno
12,64,0.1,0.0005,4,1,1.1211007696519513,0.18249738512251992,-0.9386033845294314,0.2036856758895794,0.3633993146471748,0.5605009907278947,Fresno
12,8,0.3,0.005,8,1,0.9052619467830324,0.1836269710763225,-0.7216349757067099,0.22845633282973307,0.3633993146471748,0.6286647322148691,Fresno
12,64,0.4,0.0005,6,2,1.4111542276278395,0.18392578476477145,-1.227228442863068,0.14482755056065616,0.3633993146471748,0.3985355632859945,Fresno
12,8,0.0,0.001,8,1,1.5178563422974254,0.18580395181822454,-1.3320523904792008,0.14580487276504386,0.3633993146471748,0.40122495251980905,Fresno
12,64,0.1,0.001,4,1,0.7469168196792861,0.18633787254982234,-0.5605789471294638,0.36874593146748513,0.3633993146471748,1.014712787297085,Fresno
12,64,0.2,0.005,6,1,0.5176261679961377,0.1866644691295738,-0.3309616988665639,0.17768207259988825,0.3633993146471748,0.4889444350559664,Fresno
12,32,0.2,0.005,6,2,0.5577679010262413,0.1887654573474568,-0.3690024436787845,0.24240685346269478,0.3633993146471748,0.6670536891299538,Fresno
12,16,0.2,0.001,4,2,1.1813426890424683,0.1916963496161256,-0.9896463394263427,0.19502907541753967,0.3633993146471748,0.5366798107665498,Fresno
12,64,0.3,0.001,8,1,1.354091507485932,0.19263674575400982,-1.1614547617319222,0.19442752610099648,0.3633993146471748,0.5350244710553915,Fresno
12,8,0.4,0.005,8,2,1.07601687719097,0.19460688246353106,-0.8814099947274389,0.1451824160808126,0.3633993146471748,0.3995120800427775,Fresno
12,8,0.3,0.001,4,2,1.455551270513531,0.19471851606285429,-1.2608327544506768,0.11316813703419885,0.3633993146471748,0.31141538377438616,Fresno
12,8,0.2,0.001,4,2,1.2903696839757437,0.19482680499422692,-1.0955428789815167,0.2645134196851746,0.3633993146471748,0.7278864021578887,Fresno
12,16,0.0,0.001,6,2,1.2573758105195902,0.1961184704339781,-1.0612573400856122,0.12704850941346194,0.3633993146471748,0.3496113071561888,Fresno
12,32,0.2,0.001,6,1,0.8850259548070415,0.19853041096134488,-0.6864955438456966,0.25730698121718193,0.3633993146471748,0.7080557690842149,Fresno
12,64,0.4,0.0005,8,1,1.4341938640747327,0.19892103779489917,-1.2352728262798336,0.08512431339520901,0.3633993146471748,0.23424456228778637,Fresno
12,64,0.0,0.001,6,2,0.6981745889993495,0.1996311492619592,-0.49854343973739024,0.2602481685593966,0.3633993146471748,0.7161493103311769,Fresno
12,8,0.3,0.001,6,2,1.4112756254938945,0.20039894024376445,-1.21087668525013,0.08312248361127796,0.3633993146471748,0.22873593939488235,Fresno
12,32,0.0,0.001,8,2,1.4898887629374948,0.20088710116720868,-1.2890016617702862,0.18067568683890428,0.3633993146471748,0.4971822443152451,Fresno
12,8,0.1,0.0005,8,2,1.5868423922214734,0.20125800244316572,-1.3855843897783076,0.1762319334802866,0.3633993146471748,0.4849539511415716,Fresno
12,64,0.4,0.001,4,2,1.7988944607292197,0.20168292812827168,-1.597211532600948,0.27192637522486607,0.3633993146471748,0.7482853276398719,Fresno
12,64,0.1,0.001,8,2,0.8358406153709648,0.20313522563994282,-0.632705389731022,0.28670019407840514,0.3633993146471748,0.788939831537005,Fresno
12,8,0.2,0.0001,4,2,2.9361560299486915,0.20372523899776612,-2.7324307909509256,0.08247880420319864,0.3633993146471748,0.22696466635683532,Fresno
12,16,0.4,0.001,8,1,1.5384400244588143,0.20496907302761802,-1.3334709514311962,0.07457922138055348,0.3633993146471748,0.20522664290922676,Fresno
12,16,0.4,0.005,8,1,0.9802557477398394,0.20726349874615352,-0.7729922489936858,0.106654484993619,0.3633993146471748,0.2934911561326693,Fresno
12,16,0.3,0.001,6,2,1.138514824447448,0.20745131310934514,-0.9310635113381027,0.1580354322406322,0.3633993146471748,0.434880930895726,Fresno
12,8,0.4,0.001,4,2,1.666512120323939,0.210840780160585,-1.455671340163354,0.15794226104225212,0.3633993146471748,0.4346245429648061,Fresno
12,32,0.0,0.005,8,2,0.5120759564713887,0.2114715826017669,-0.3006043738696218,0.12114060310812086,0.3633993146471748,0.3333539669047988,Fresno
12,32,0.2,0.005,4,2,0.5145073821725736,0.2121254961711571,-0.3023818860014165,0.10884641303668159,0.3633993146471748,0.2995228902463969,Fresno
12,8,0.0,0.0001,6,2,2.82255166702338,0.21231489248624177,-2.610236774537138,0.11269844558249428,0.3633993146471748,0.31012288972507684,Fresno
12,64,0.2,0.0005,6,1,1.8180101560006385,0.21260162440946687,-1.6054085315911717,0.23695605230504055,0.3633993146471748,0.652054208013853,Fresno
12,16,0.0,0.0005,4,1,1.3197500876894817,0.2139649632549876,-1.105785124434494,0.09174485338267344,0.3633993146471748,0.2524629235246322,Fresno
12,64,0.1,0.0005,4,2,1.1102329968852274,0.21671028167323295,-0.8935227152119944,0.2133946672332353,0.3633993146471748,0.5872181334200387,Fresno
12,16,0.3,0.0001,4,2,2.6895451775268593,0.2174766286173582,-2.472068548909501,0.06284841012540965,0.3633993146471748,0.17294586861405975,Fresno
12,64,0.0,0.0005,8,1,0.7959682443997861,0.2178592150982386,-0.5781090293015475,0.07095067338978626,0.3633993146471748,0.19524162685521967,Fresno
12,16,0.4,0.0005,6,2,1.6685110789781845,0.2208057140057848,-1.4477053649723997,0.2694109013372233,0.3633993146471748,0.74136326206007,Fresno
12,64,0.0,0.005,8,2,0.3322148567972078,0.2211017358012691,-0.1111131209959387,0.25988428490184623,0.3633993146471748,0.7151479775193536,Fresno
12,8,0.3,0.005,6,1,1.4266890292897718,0.22168805865563912,-1.2050009706341327,0.10433786297139151,0.3633993146471748,0.28711628989364874,Fresno
12,32,0.0,0.005,4,1,0.6155065780379694,0.22182770171440788,-0.39367887632356147,0.052298740792189755,0.3633993146471748,0.1439153533984144,Fresno
12,32,0.4,0.0001,4,1,2.3271433403092945,0.2221312900488508,-2.1050120502604437,0.0776452218470672,0.3633993146471748,0.21366364414432953,Fresno
12,64,0.1,0.0005,8,2,0.9581461119340206,0.2238490875632461,-0.7342970243707745,0.21832401458451808,0.3633993146471748,0.6007826811574737,Fresno
12,8,0.1,0.0001,4,1,2.4898529237033475,0.22731669633059357,-2.262536227372754,0.05792427646016263,0.3633993146471748,0.15939566786580606,Fresno
12,32,0.4,0.0005,4,2,1.407184643398129,0.22764646400353492,-1.179538179394594,0.22085951855153124,0.3633993146471748,0.6077598653865494,Fresno
12,8,0.3,0.001,4,1,1.609584595361867,0.22927793894727963,-1.3803066564145874,0.04170641535323375,0.3633993146471748,0.1147674573732386,Fresno
12,8,0.1,0.001,4,1,1.3310524964128605,0.22987270531286835,-1.101179791099992,0.062251036384206634,0.3633993146471748,0.1713020192254526,Fresno
12,64,0.3,0.0005,6,1,1.1721531905018527,0.23004908154618828,-0.9421041089556644,0.1951141877660454,0.3633993146471748,0.5369140224039283,Fresno
12,64,0.4,0.005,4,2,0.8808237519007314,0.23429219017284794,-0.6465315617278834,0.08002107247102629,0.3633993146471748,0.22020149528547936,Fresno
12,16,0.3,0.005,6,1,0.6896759886335916,0.23754775695949298,-0.4521282316740986,0.24790743760424291,0.3633993146471748,0.6821901627550861,Fresno
12,16,0.4,0.0005,6,1,1.643957025326299,0.23887217612674816,-1.4050848491995507,0.11682368829873882,0.3633993146471748,0.3214747072711549,Fresno
12,64,0.2,0.005,4,2,0.6019713464494321,0.2389665897819833,-0.3630047566674488,0.051954589036258596,0.3633993146471748,0.1429683187121622,Fresno
12,32,0.1,0.0001,8,2,2.396549426048596,0.23958582326164202,-2.1569636027869543,0.02738436726811314,0.3633993146471748,0.07535613349931791,Fresno
12,8,0.4,0.005,4,1,0.8745534055977141,0.2396542992753443,-0.6348991063223698,0.04486171762722495,0.3633993146471748,0.12345019877316304,Fresno
12,32,0.2,0.005,8,2,0.6550025455642839,0.23981402475120941,-0.41518852081307456,0.2115587422976496,0.3633993146471748,0.582166046468889,Fresno
12,32,0.0,0.0001,6,2,2.361353072333848,0.2400895071191877,-2.1212635652146603,0.03145177905020827,0.3633993146471748,0.08654881223632706,Fresno
12,64,0.0,0.005,4,1,1.001428548909914,0.24180375972258014,-0.7596247891873338,0.05995186062649437,0.3633993146471748,0.16497516150987176,Fresno
12,16,0.1,0.001,4,2,1.7487039628971357,0.2432854757484569,-1.5054184871486789,0.2383206634143003,0.3633993146471748,0.655809336475184,Fresno
12,32,0.3,0.005,4,2,0.83365945893187,0.24382441774964816,-0.5898350411822219,0.1590769873614261,0.3633993146471748,0.4377470758740266,Fresno
12,32,0.1,0.001,4,1,0.788008358823493,0.24685770841477622,-0.5411506504087167,0.23441836631910484,0.3633993146471748,0.6450710193185206,Fresno
12,64,0.1,0.005,6,1,0.5815050817494128,0.24925918573048697,-0.33224589601892585,0.2669640311378985,0.3633993146471748,0.7346299796880313,Fresno
12,16,0.1,0.0005,6,1,1.7384714957201848,0.25060540547082494,-1.48786609024936,0.0868667936097322,0.3633993146471748,0.23903950862998014,Fresno
12,16,0.2,0.005,6,1,0.9792241495709123,0.2515326714966098,-0.7276914780743025,0.23147586217958924,0.3633993146471748,0.636973854516841,Fresno
12,16,0.2,0.005,4,2,0.6179896292026464,0.2523684790945651,-0.3656211501080813,0.15158424030258538,0.3633993146471748,0.41712858058017765,Fresno
12,8,0.3,0.005,8,2,0.7732640792759379,0.2536796057874618,-0.519584473488476,0.0658970761794823,0.3633993146471748,0.18133516911957284,Fresno
12,64,0.4,0.005,4,1,1.2060146954368598,0.2537889062593726,-0.9522257891774872,0.08852607283560525,0.3633993146471748,0.2436055030030957,Fresno
12,16,0.3,0.005,8,2,0.7076293512844286,0.25509717795606784,-0.45253217332836077,0.13911831890976648,0.3633993146471748,0.3828249347273447,Fresno
12,8,0.2,0.005,8,1,0.7520311286225864,0.2558275105554023,-0.49620361806718405,0.08404501294574793,0.3633993146471748,0.23127454994610383,Fresno
12,32,0.0,0.005,6,2,0.4176690461885806,0.2579860231960687,-0.15968302299251186,0.11315833380781472,0.3633993146471748,0.311388407316289,Fresno
12,8,0.4,0.005,4,2,1.0351687152870712,0.25840359084773534,-0.7767651244393359,0.05276342620677869,0.3633993146471748,0.14519407186556424,Fresno
12,16,0.2,0.005,4,1,0.5710186181971432,0.2600285078737425,-0.3109901103234007,0.06276901664608285,0.3633993146471748,0.17272739412573035,Fresno
12,8,0.0,0.001,4,1,1.164582335992804,0.2604878426355048,-0.9040944933572992,0.18791554101017194,0.3633993146471748,0.5171048305157635,Fresno
12,8,0.3,0.0001,8,1,3.5327193841375357,0.264470373483065,-3.2682490106544706,0.009224079225770525,0.3633993146471748,0.025382764507209388,Fresno
12,32,0.2,0.001,6,2,1.1979815757623584,0.2649444311647273,-0.9330371445976311,0.32696686337137787,0.3633993146471748,0.8997454045526496,Fresno
12,32,0.1,0.001,6,2,1.2437546054772068,0.2657608498590151,-0.9779937556181917,0.1494501780267413,0.3633993146471748,0.41125608112894435,Fresno
12,16,0.2,0.0001,4,1,2.795459216037315,0.2697020343612894,-2.5257571816760254,0.03347009795369271,0.3633993146471748,0.092102809787049,Fresno
12,64,0.2,0.0005,8,2,1.434989076312405,0.27085498666031504,-1.16413408965209,0.12343730852839846,0.3633993146471748,0.3396740267610136,Fresno
12,8,0.4,0.0001,6,1,3.691114954999633,0.2712458815887387,-3.419869073410894,0.09339536931400504,0.3633993146471748,0.25700480311770213,Fresno
12,16,0.0,0.0001,4,2,2.534322849746745,0.2720918053615076,-2.262231044385237,0.036095982457405584,0.3633993146471748,0.09932870262138842,Fresno
12,16,0.1,0.005,6,2,0.5693246298347826,0.2736984903495488,-0.2956261394852338,0.08753755073693192,0.3633993146471748,0.2408852939690388,Fresno
12,16,0.1,0.005,8,2,0.8406190192699624,0.27377083374306355,-0.5668481855268989,0.23878773157436944,0.3633993146471748,0.657094611766698,Fresno
12,32,0.4,0.0001,6,1,2.3120422305519024,0.27399110353534795,-2.0380511270165544,0.010913076876818625,0.3633993146471748,0.03003053786002364,Fresno
12,32,0.3,0.0001,8,2,2.728719820128835,0.27442562623699307,-2.454294193891842,0.04832792059572264,0.3633993146471748,0.1329884747929267,Fresno
12,16,0.4,0.005,6,2,0.7115548732287297,0.27981586486760435,-0.43173900836112533,0.244606363865255,0.3633993146471748,0.6731062883339334,Fresno
12,16,0.0,0.0001,6,1,2.6875183937568847,0.2811902532686579,-2.4063281404882266,0.13880993983265388,0.3633993146471748,0.38197633907874806,Fresno
12,8,0.4,0.0005,8,2,2.167711814434764,0.2819048103237856,-1.8858070041109782,0.23793668732793025,0.3633993146471748,0.6547527134412554,Fresno
12,16,0.3,0.005,8,1,0.6671135307512738,0.2819785060192778,-0.38513502473199596,0.22012800850236353,0.3633993146471748,0.6057469005303059,Fresno
12,16,0.2,0.0001,6,1,2.9395321737456817,0.2828122121519208,-2.656719961593761,0.10754277731650518,0.3633993146471748,0.2959355534858911,Fresno
12,64,0.0,0.0005,8,2,1.1323403248560695,0.28283746130523274,-0.8495028635508368,0.14935303043256395,0.3633993146471748,0.41098875097651505,Fresno
12,32,0.3,0.0005,4,1,1.5562158740689296,0.283435003617448,-1.2727808704514816,0.09960172659797195,0.3633993146471748,0.27408341893730725,Fresno
12,32,0.0,0.0005,4,1,1.1672159529882893,0.2836179952115706,-0.8835979577767187,0.17605329103775955,0.3633993146471748,0.48446236396645403,Fresno
12,16,0.0,0.001,6,1,0.907156660010214,0.2866230239433419,-0.6205336360668721,0.18473799444201588,0.3633993146471748,0.508360877403906,Fresno
12,16,0.4,0.005,4,1,1.0023198888409377,0.2869999185768383,-0.7153199702640993,0.13384765454351155,0.3633993146471748,0.3683211529264015,Fresno
12,32,0.3,0.005,6,2,0.5979716958947028,0.2872673240892709,-0.31070437180543187,0.06822375326028,0.3633993146471748,0.1877377048069521,Fresno
12,32,0.0,0.0005,6,2,1.420431606115655,0.28823402334908677,-1.1321975827665682,0.13620892747731692,0.3633993146471748,0.37481888926940454,Fresno
12,8,0.0,0.0001,8,2,3.4923352962894256,0.28857790851948206,-3.2037573877699437,0.05746696204784652,0.3633993146471748,0.1581372328773964,Fresno
12,64,0.0,0.005,8,1,0.33339019026176564,0.2888170098575056,-0.04457318040426006,0.22191636281874988,0.3633993146471748,0.6106680829439896,Fresno
12,32,0.3,0.0005,6,1,1.4046859084423153,0.29071237267611433,-1.113973535766201,0.17127356659919152,0.3633993146471748,0.4713095476404005,Fresno
12,32,0.4,0.0001,8,2,2.5413199159552016,0.29180601404850515,-2.2495139019066963,0.016577705998847468,0.3633993146471748,0.04561842945395426,Fresno
12,64,0.0,0.0005,6,2,1.2087992902880278,0.2931694486380426,-0.9156298416499852,0.21698646640330735,0.3633993146471748,0.5971020242951751,Fresno
12,8,0.2,0.0001,6,2,2.8736230095717423,0.29335901947852,-2.5802639900932225,0.0514087769782127,0.3633993146471748,0.14146635644628444,Fresno
12,64,0.3,0.0005,8,1,1.3220095250697508,0.29551206692623566,-1.0264974581435151,0.17854181146416465,0.3633993146471748,0.491310259177322,Fresno
12,64,0.2,0.001,4,1,0.9572407783278284,0.2960890824933643,-0.6611516958344641,0.3080809235243167,0.3633993146471748,0.8477751913853585,Fresno
12,64,0.4,0.0005,8,2,1.396392698442349,0.29711608423272146,-1.0992766142096275,0.227641763395816,0.3633993146471748,0.626423205054291,Fresno
12,8,0.3,0.005,4,1,0.7452050255793123,0.2985880758291455,-0.44661694975016686,0.059981858140379235,0.3633993146471748,0.1650577084841664,Fresno
12,32,0.2,0.0005,4,2,1.4886429731036857,0.2990611144999558,-1.18958185860373,0.2083101688776007,0.3633993146471748,0.57322664210264,Fresno
12,8,0.4,0.001,4,1,1.4692640778145727,0.2992813472971128,-1.16998273051746,0.16046116665123075,0.3633993146471748,0.441556051934283,Fresno
12,16,0.4,0.001,6,2,1.342893939275441,0.29934107355473366,-1.0435528657207074,0.16207788743622975,0.3633993146471748,0.44600493425143506,Fresno
12,32,0.4,0.0001,6,2,2.8058154707512593,0.30210410188866565,-2.503711368862594,0.05367063908123486,0.3633993146471748,0.14769053467627974,Fresno
12,16,0.4,0.0001,4,1,2.8749051181306684,0.3050366655527229,-2.5698684525779454,0.0091293737075572,0.3633993146471748,0.025122154444404854,Fresno
12,64,0.1,0.005,4,1,0.44039983318535425,0.3050504344875018,-0.13534939869785245,0.03805693072086332,0.3633993146471748,0.1047248279975786,Fresno
12,8,0.1,0.0005,4,1,1.5907431525617524,0.3084155254640401,-1.2823276270977122,0.05623971764168892,0.3633993146471748,0.15476010926518172,Fresno
12,32,0.2,0.001,8,1,0.89554973946832,0.31076348152613165,-0.5847862579421883,0.25778633998449385,0.3633993146471748,0.7093748655931814,Fresno
12,32,0.3,0.001,8,1,1.562383256011887,0.31116911550744436,-1.2512141405044428,0.3617908094751043,0.3633993146471748,0.995573725355998,Fresno
12,64,0.4,0.005,8,2,0.555687127767395,0.3122102666043682,-0.24347686116302686,0.13222310149399377,0.3633993146471748,0.36385071783189654,Fresno
12,16,0.1,0.005,4,1,0.4466408984035485,0.3139759359367384,-0.1326649624668101,0.08004013642066854,0.3633993146471748,0.22025395534490672,Fresno
12,8,0.2,0.005,4,2,1.7448825716519059,0.31498754475477725,-1.4298950268971287,0.01487317576103033,0.3633993146471748,0.04092791362435763,Fresno
12,8,0.0,0.0005,8,2,1.7904444815980929,0.3169268109524934,-1.4735176706455995,0.043451879196500606,0.3633993146471748,0.11957061404666691,Fresno
12,32,0.0,0.0001,6,1,2.3757605903034777,0.3169739437248547,-2.058786646578623,0.09926385163324875,0.3633993146471748,0.2731536566865137,Fresno
12,16,0.0,0.005,4,1,0.5345811163292552,0.32008223294940386,-0.21449888337985135,0.03739177037037398,0.3633993146471748,0.10289444383426462,Fresno
12,32,0.4,0.0001,8,1,2.471900612551397,0.3201531501503426,-2.151747462401054,0.09155101313974769,0.3633993146471748,0.251929515135808,Fresno
12,64,0.3,0.0005,6,2,1.4521377559277622,0.3202854844863872,-1.131852271441375,0.17068313656321024,0.3633993146471748,0.4696848058971352,Fresno
12,64,0.3,0.0005,8,2,1.4128773265377295,0.3205737526978673,-1.092303573839862,0.13950925207840437,0.3633993146471748,0.38390070221748823,Fresno
12,64,0.2,0.005,8,1,0.9252199405941056,0.3206586266858037,-0.6045613139083019,0.04864986814678197,0.3633993146471748,0.13387440808471593,Fresno
12,8,0.4,0.0005,6,2,2.044348466410699,0.3210121845074451,-1.7233362819032536,0.041544072331002005,0.3633993146471748,0.11432072284268681,Fresno
12,32,0.0,0.0001,8,1,2.174695373684354,0.322353764044802,-1.852341609639552,0.11571874892620108,0.3633993146471748,0.3184341418985687,Fresno
12,32,0.0,0.0005,8,2,1.5130090626540824,0.32574574767758985,-1.1872633149764926,0.11996459480997958,0.3633993146471748,0.33011783449964255,Fresno
12,32,0.3,0.001,6,2,1.3005151260279368,0.3280354990693238,-0.9724796269586131,0.2058573476722063,0.3633993146471748,0.5664769837886834,Fresno
12,8,0.0,0.0005,8,1,2.216761097654297,0.3281803494286604,-1.8885807482256367,0.09749300157313731,0.3633993146471748,0.26828064237763766,Fresno
12,64,0.4,0.001,6,2,1.8516841672636761,0.3293052525717588,-1.5223789146919173,0.23560069983418383,0.3633993146471748,0.6483245574167609,Fresno
12,16,0.3,0.001,4,2,1.7190478513610459,0.3300337401298037,-1.3890141112312422,0.19965534121878997,0.3633993146471748,0.5494103405578401,Fresno
12,16,0.2,0.001,6,1,1.3546261951954255,0.3305097053662269,-1.0241164898291986,0.21558626824680982,0.3633993146471748,0.5932489676160314,Fresno
12,32,0.4,0.001,4,2,2.1800291676701833,0.3305136142116984,-1.8495155534584848,0.20009123245470106,0.3633993146471748,0.5506098233811203,Fresno
12,64,0.3,0.005,4,2,1.1436408682868033,0.3313900969029894,-0.812250771383814,0.006882697285989183,0.3633993146471748,0.01893976407927904,Fresno
12,16,0.4,0.0001,6,1,3.0715040907625366,0.3336402009111824,-2.7378638898513543,0.015323272164282017,0.3633993146471748,0.04216648613979753,Fresno
12,8,0.0,0.005,6,2,0.6169259410566142,0.3381532890882922,-0.27877265196832207,0.04625239247463712,0.3633993146471748,0.12727704926891145,Fresno
12,64,0.0,0.0005,4,1,0.7862436153099668,0.33865687204563744,-0.44758674326432935,0.4034291637582343,0.3633993146471748,1.1101538926949397,Fresno
12,16,0.4,0.0005,4,1,1.4134339232250075,0.34112036918838035,-1.072313554036627,0.114320706723183,0.3633993146471748,0.3145870179589558,Fresno
12,32,0.4,0.0005,6,1,1.4810672277337291,0.3439599697912603,-1.1371072579424688,0.1031627777292622,0.3633993146471748,0.28388269754835166,Fresno
12,8,0.2,0.001,4,1,1.1134441546478393,0.3459183781970559,-0.7675257764507835,0.16559184846616368,0.3633993146471748,0.45567463061105984,Fresno
12,32,0.0,0.005,8,1,0.5156034123386447,0.3460146704797417,-0.169588741858903,0.15519735503314433,0.3633993146471748,0.4270711274836217,Fresno
12,16,0.3,0.001,8,1,1.4512888657968406,0.3469678793105701,-1.1043209864862704,0.1907129666861039,0.3633993146471748,0.5248027692932431,Fresno
12,8,0.0,0.001,8,2,1.0514674971031988,0.34700095425513844,-0.7044665428480603,0.14717571109944938,0.3633993146471748,0.4049972170210134,Fresno
12,64,0.2,0.001,4,2,1.2399852329541508,0.3485916647720442,-0.8913935681821066,0.3825667168286398,0.3633993146471748,1.0527447394887761,Fresno
12,32,0.3,0.0001,6,2,2.3598305639253234,0.34973469704868315,-2.0100958668766404,0.025445191468115885,0.3633993146471748,0.07001992145422915,Fresno
12,16,0.1,0.001,6,2,1.2874005966265367,0.35140009610962974,-0.936000500516907,0.15220503511533542,0.3633993146471748,0.4188368799294837,Fresno
12,16,0.1,0.005,8,1,0.6908490543359826,0.35310770521733037,-0.3377413491186523,0.38696820287440226,0.3633993146471748,1.0648567217307785,Fresno
12,16,0.4,0.001,4,1,1.1332947096709904,0.35436171519397,-0.7789329944770205,0.12481083084642226,0.3633993146471748,0.3434536770318386,Fresno
12,16,0.3,0.005,4,2,1.1713037017477037,0.35514989190737534,-0.8161538098403284,0.17738602174856766,0.3633993146471748,0.48812976414331477,Fresno
12,64,0.0,0.005,6,2,0.5024762683458032,0.3554327528394635,-0.14704351550633965,0.27064264752235967,0.3633993146471748,0.7447527736400033,Fresno
12,8,0.3,0.0005,8,2,2.3392380828897283,0.35582695650054497,-1.9834111263891834,0.014497501678171596,0.3633993146471748,0.039894135992653845,Fresno
12,64,0.1,0.0005,6,2,0.9619285415053408,0.3559315321057559,-0.6059970093995849,0.22009746157335633,0.3633993146471748,0.6056628416788552,Fresno
12,8,0.3,0.001,6,1,1.4337077894209822,0.3566196113885318,-1.0770881780324504,0.12694618841504543,0.3633993146471748,0.34932974086177837,Fresno
12,32,0.4,0.001,4,1,1.3145083267511661,0.3567517366498801,-0.9577565901012861,0.22818967050483652,0.3633993146471748,0.6279309324685611,Fresno
12,8,0.3,0.005,6,2,1.3360079981086213,0.3579223902362576,-0.9780856078723636,0.035626777210783854,0.3633993146471748,0.09803754650823701,Fresno
12,32,0.3,0.001,4,2,0.8063103100231332,0.3600381056270375,-0.4462722043960958,0.24910965388630135,0.3633993146471748,0.6854984141292685,Fresno
12,16,0.4,0.0005,4,2,1.2918887557760481,0.3629410731008025,-0.9289476826752456,0.17632667754741121,0.3633993146471748,0.4852146672830332,Fresno
12,16,0.0,0.005,4,2,0.6804566142318624,0.3638363212862242,-0.31662029294563826,0.11499830287754038,0.3633993146471748,0.31645162289090306,Fresno
12,32,0.4,0.005,4,2,0.6990724672579539,0.3641380595238611,-0.33493440773409283,0.027468092045597716,0.3633993146471748,0.07558652682729065,Fresno
12,8,0.1,0.005,4,2,0.7768272355082191,0.3646489426129567,-0.41217829289526237,0.011892664414186772,0.3633993146471748,0.03272616082320735,Fresno
12,8,0.0,0.005,4,1,0.9193362232103833,0.36645783456041847,-0.5528783886499649,0.009291139075765216,0.3633993146471748,0.025567299390165343,Fresno
12,8,0.2,0.0005,4,2,1.799029068277996,0.36698597235466257,-1.4320430959233335,0.03298187346355023,0.3633993146471748,0.09075931663650055,Fresno
12,16,0.2,0.005,6,2,0.6074919550830719,0.36759090492487423,-0.23990105015819763,0.16622279268922102,0.3633993146471748,0.4574108590452547,Fresno
12,16,0.1,0.0001,8,2,2.988277851566738,0.36807985959384704,-2.620197991972891,0.032444058886916156,0.3633993146471748,0.08927936179080626,Fresno
12,8,0.1,0.001,4,2,1.039155933643107,0.37077926537705785,-0.6683766682660492,0.3051038556300202,0.3633993146471748,0.839582914255758,Fresno
12,8,0.3,0.0005,8,1,2.3409043839484958,0.37170834219980076,-1.969196041748695,0.07395616000511479,0.3633993146471748,0.20351210644664808,Fresno
12,32,0.4,0.0005,4,1,1.4799454090313482,0.37282195955917885,-1.1071234494721693,0.14094826871091778,0.3633993146471748,0.38786057934029067,Fresno
12,8,0.2,0.0001,8,2,3.6271735626151895,0.3731049756600077,-3.254068586955182,0.2019408026053234,0.3633993146471748,0.555699459151122,Fresno
12,8,0.4,0.001,6,2,1.6906676892584471,0.3740659279705336,-1.3166017612879135,0.0445384644595408,0.3633993146471748,0.12256067269357207,Fresno
12,16,0.2,0.001,8,2,1.4368469859042956,0.37434082193582896,-1.0625061639684668,0.24840259882004107,0.3633993146471748,0.6835527443446494,Fresno
12,16,0.1,0.0005,8,1,1.6872150532985941,0.37506388095146337,-1.3121511723471309,0.01928394487457552,0.3633993146471748,0.05306544095521574,Fresno
12,16,0.0,0.0001,8,2,2.877647097365625,0.376555061157466,-2.501092036208159,0.03251327738555352,0.3633993146471748,0.08946983682982654,Fresno
12,32,0.1,0.0005,6,1,1.3400968540633467,0.3783400349965827,-0.961756819066764,0.14913943262037513,0.3633993146471748,0.4104009738300551,Fresno
12,16,0.2,0.001,4,1,1.1730966135726892,0.37923714592713204,-0.7938594676455573,0.1740311352008477,0.3633993146471748,0.47889780796591463,Fresno
12,16,0.0,0.005,6,1,0.6746819455356716,0.3803561619031215,-0.29432578363255013,0.10148707562208359,0.3633993146471748,0.2792715107914213,Fresno
12,32,0.4,0.001,6,2,1.2227158919202255,0.38067770133508094,-0.8420381905851445,0.266606946323824,0.3633993146471748,0.7336473558918879,Fresno
12,16,0.3,0.001,6,1,1.5232199615337136,0.3855567383342547,-1.137663223199459,0.10654905681321428,0.3633993146471748,0.2932010395139655,Fresno
12,32,0.2,0.005,4,1,1.7705710995180874,0.38571856802182325,-1.3848525314962643,0.2886460664004548,0.3633993146471748,0.7942944710303098,Fresno
12,32,0.1,0.0005,4,2,1.6756145862872693,0.3867008279609198,-1.2889137583263495,0.23647545598469022,0.3633993146471748,0.6507317060140435,Fresno
12,8,0.2,0.0001,6,1,3.2628421759284634,0.3888174311570933,-2.8740247447713703,0.05093980870941272,0.3633993146471748,0.14017585244724606,Fresno
12,32,0.1,0.0001,6,1,2.138004074280995,0.38952364990925925,-1.7484804243717358,0.06972403182311848,0.3633993146471748,0.19186616213300706,Fresno
12,64,0.3,0.001,8,2,1.7295290036516995,0.3895662725943675,-1.3399627310573319,0.2454559028912821,0.3633993146471748,0.6754440446030995,Fresno
12,8,0.0,0.0005,6,1,1.9357274738124177,0.391504414801516,-1.5442230590109016,0.017987048371362925,0.3633993146471748,0.049496649130520765,Fresno
12,64,0.4,0.0005,4,2,1.1268604361469436,0.39159355792378037,-0.7352668782231633,0.23131503441946968,0.3633993146471748,0.6365312896752543,Fresno
12,16,0.2,0.0001,4,2,2.613999307646793,0.3919636017792129,-2.2220357058675804,0.027075911728181096,0.3633993146471748,0.07450732744080478,Fresno
12,8,0.2,0.005,8,2,1.1115974568154374,0.3956690428386172,-0.7159284139768203,0.25863835067603785,0.3633993146471748,0.711719423376322,Fresno
12,16,0.2,0.001,8,1,1.4363046352720805,0.3969616192682997,-1.0393430160037809,0.18928724328357624,0.3633993146471748,0.5208794723989936,Fresno
12,8,0.1,0.001,6,2,1.753796450876155,0.3978467544270702,-1.355949696449085,0.17475645433856732,0.3633993146471748,0.48089373671009467,Fresno
12,32,0.4,0.0005,8,1,1.5061116019230703,0.39822392761891506,-1.1078876743041552,0.07355208502163105,0.3633993146471748,0.20240017539120275,Fresno
12,64,0.2,0.001,8,2,0.7399861388799932,0.39862038534942107,-0.34136575353057214,0.30441232296100396,0.3633993146471748,0.8376799589084492,Fresno
12,32,0.2,0.0005,8,1,1.451514124373123,0.39866077650941806,-1.052853347863705,0.11173643790039439,0.3633993146471748,0.30747564289954576,Fresno
12,64,0.4,0.001,8,1,1.0545131229583427,0.4061819063401461,-0.6483312166181965,0.28127123119306785,0.3633993146471748,0.7740004448444123,Fresno
12,8,0.0,0.0005,4,2,1.7919732409530533,0.40678828532125816,-1.3851849556317952,0.16198983457689448,0.3633993146471748,0.445762630934433,Fresno
12,32,0.4,0.001,8,2,1.4508421348452225,0.4095067301697899,-1.0413354046754326,0.22542359996736394,0.3633993146471748,0.6203192765683343,Fresno
12,8,0.1,0.0001,8,2,3.531927886584038,0.41116128350200376,-3.120766603082034,0.02566312755081021,0.3633993146471748,0.07061963662679606,Fresno
12,64,0.3,0.005,6,1,0.8068866111219689,0.4123356100456902,-0.3945510010762787,0.12249301514310128,0.3633993146471748,0.33707552602852325,Fresno
12,16,0.1,0.0005,4,2,1.4852965112201837,0.41282559822979353,-1.0724709129903902,0.15546253168066324,0.3633993146471748,0.4278008389520551,Fresno
12,32,0.1,0.0005,4,1,1.3884340051773136,0.41293469497404606,-0.9754993102032676,0.19734585815616665,0.3633993146471748,0.5430551192639705,Fresno
12,16,0.0,0.0005,6,2,1.4948044165273076,0.4140414747107157,-1.0807629418165918,0.09651587513453677,0.3633993146471748,0.2655917918509127,Fresno
12,32,0.2,0.0005,4,1,1.6857579225013162,0.4145378706783706,-1.2712200518229455,0.18139900416975346,0.3633993146471748,0.4991726644995854,Fresno
12,64,0.1,0.005,8,1,0.6796187118715057,0.415040693700529,-0.2645780181709767,0.3775407509317424,0.3633993146471748,1.038914317431494,Fresno
12,32,0.1,0.005,4,2,0.7629859492046493,0.4197766788264344,-0.34320927037821497,0.24212176830744936,0.3633993146471748,0.6662691935523487,Fresno
12,32,0.1,0.005,8,2,0.6613430159198996,0.4218546298069052,-0.23948838611299444,0.11214327511258401,0.3633993146471748,0.3085951750389628,Fresno
12,8,0.2,0.0001,4,1,2.983214124157954,0.4273864459598172,-2.5558276781981366,0.06333531713194931,0.3633993146471748,0.17428573632132938,Fresno
12,16,0.4,0.001,4,2,1.547263911799313,0.42866467060896396,-1.1185992411903491,0.14498792331463758,0.3633993146471748,0.39897687604448756,Fresno
12,64,0.2,0.0005,4,1,2.640099371103831,0.4291245331806685,-2.2109748379231626,0.32256997227509693,0.3633993146471748,0.8876460666643823,Fresno
12,8,0.3,0.0005,4,2,2.023944082450911,0.4295551961638446,-1.5943888862870665,0.07415904731615439,0.3633993146471748,0.20407041050188984,Fresno
12,8,0.2,0.001,6,1,1.9433404533881742,0.43062037767151484,-1.5127200757166595,0.089016525232891,0.3633993146471748,0.24495512689482463,Fresno
12,32,0.3,0.005,4,1,0.5495191543965261,0.4306427235430757,-0.1188764308534504,0.1371356539990803,0.3633993146471748,0.37736904961481726,Fresno
12,64,0.0,0.005,4,2,0.7718290913999561,0.4313467652126245,-0.34048232618733165,0.1351793473296152,0.3633993146471748,0.37198569694844125,Fresno
12,64,0.2,0.0005,8,1,1.426101168406023,0.43211000083997636,-0.9939911675660467,0.1850401998015514,0.3633993146471748,0.5091924842544278,Fresno
12,64,0.1,0.005,4,2,0.47051603066731307,0.43220187285611145,-0.03831415781120162,0.17316782913598602,0.3633993146471748,0.47652216764391825,Fresno
12,64,0.2,0.0001,8,2,2.1199937376563227,0.4337094873316797,-1.686284250324643,0.02634694413387474,0.3633993146471748,0.07250135889621874,Fresno
12,16,0.0,0.001,8,2,1.2978577199934767,0.43397837180021054,-0.8638793481932661,0.16129322874158483,0.3633993146471748,0.4438457152793059,Fresno
12,8,0.4,0.005,6,1,1.2083874775721575,0.4391456177488225,-0.769241859823335,0.06290711929805931,0.3633993146471748,0.17310742415443456,Fresno
12,8,0.3,0.0001,4,1,2.3559674576871177,0.4406776483013797,-1.915289809385738,0.08555861592419824,0.3633993146471748,0.23543967331712579,Fresno
12,32,0.3,0.001,6,1,0.8656773301124996,0.44333530730910875,-0.42234202280339084,0.3376433003468763,0.3633993146471748,0.9291247581869958,Fresno
12,8,0.4,0.0001,8,2,3.7224043093514605,0.44838515926674466,-3.274019150084716,0.07101507720938399,0.3633993146471748,0.19541885289005756,Fresno
12,8,0.1,0.0005,6,1,1.638756913135594,0.44867724162793887,-1.1900796715076551,0.0900418447999791,0.3633993146471748,0.24777659497624793,Fresno
12,8,0.0,0.005,8,2,1.6523014970838588,0.450991043167974,-1.2013104539158848,0.08092831290069884,0.3633993146471748,0.2226980339224699,Fresno
12,64,0.2,0.005,4,1,0.5635531639158456,0.4509928165368528,-0.11256034737899284,0.07687035250703673,0.3633993146471748,0.21153136345804707,Fresno
12,32,0.3,0.005,6,1,0.8082744068583426,0.45146534223335316,-0.35680906462498946,0.22257308038627405,0.3633993146471748,0.612475234309043,Fresno
12,64,0.1,0.0005,8,1,1.417825490962766,0.4525870710160775,-0.9652384199466886,0.2217525536943729,0.3633993146471748,0.6102173140025676,Fresno
12,16,0.4,0.0001,8,1,2.9216047529272084,0.4546126692519824,-2.466992083675226,0.11116200427485715,0.3633993146471748,0.30589491998020024,Fresno
12,16,0.0,0.0005,4,2,0.9505573304044331,0.45731929010520245,-0.4932380402992307,0.11968513927341612,0.3633993146471748,0.32934883047211766,Fresno
12,32,0.1,0.0001,8,1,2.3160441634850217,0.4608110868588624,-1.8552330766261593,0.055850482613011274,0.3633993146471748,0.15368901470614119,Fresno
12,64,0.4,0.0005,4,1,1.6523916025677885,0.46136323896838455,-1.191028363599404,0.23853038965386325,0.3633993146471748,0.656386459851893,Fresno
12,8,0.3,0.001,8,2,1.7501912316956236,0.46190497773439443,-1.2882862539612292,0.1716500808364866,0.3633993146471748,0.4723456372039173,Fresno
12,8,0.0,0.0001,4,2,2.829566597904675,0.46214386560448717,-2.367422732300188,0.1311337186218915,0.3633993146471748,0.36085296074157297,Fresno
12,8,0.4,0.001,6,1,1.6860523762483164,0.46372915355446903,-1.2223232226938474,0.1631606406975127,0.3633993146471748,0.4489844480194624,Fresno
12,16,0.2,0.0005,8,2,1.6295062207844584,0.4660724928834777,-1.1634337279009808,0.09902970510793603,0.3633993146471748,0.2725093337176054,Fresno
12,8,0.0,0.0005,4,1,1.713463109758159,0.46627169587677963,-1.2471914138813793,0.17550836173728857,0.3633993146471748,0.48296283086744407,Fresno
12,16,0.3,0.0005,6,2,1.8384458260099763,0.47101297755418414,-1.3674328484557923,0.15901307938369671,0.3633993146471748,0.4375712142937938,Fresno
12,64,0.0,0.005,6,1,0.312159543966444,0.4716035706282288,0.15944402666178475,0.008740662421326388,0.3633993146471748,0.024052501116609747,Fresno
12,8,0.1,0.005,8,1,1.0063769620221912,0.47365529927153316,-0.532721662750658,0.12432677642300707,0.3633993146471748,0.34212165904527425,Fresno
12,32,0.1,0.001,8,1,0.83627184136372,0.47402890275532433,-0.3622429386083957,0.18236839387814685,0.3633993146471748,0.501840225139689,Fresno
12,16,0.3,0.0001,4,1,2.37406727171448,0.47425733044995216,-1.8998099412645277,0.05935039576406693,0.3633993146471748,0.16332005419902995,Fresno
12,32,0.2,0.0001,8,2,2.557651589498939,0.48090912824756293,-2.076742461251376,0.18756728664398944,0.3633993146471748,0.516146506291843,Fresno
12,64,0.4,0.005,8,1,0.59754694228979,0.481523779788217,-0.11602316250157302,0.14319868878231484,0.3633993146471748,0.39405327145800145,Fresno
12,32,0.3,0.005,8,2,0.7103399584391722,0.48204672444370844,-0.22829323399546375,0.3707020129683742,0.3633993146471748,1.0200955203459576,Fresno
12,16,0.2,0.0005,6,2,1.6371833499739097,0.48392020145391595,-1.1532631485199938,0.15511038665464813,0.3633993146471748,0.4268318084343256,Fresno
12,64,0.0,0.0005,6,1,1.0925178511162648,0.4859265281397426,-0.6065913229765222,0.20753480231142515,0.3633993146471748,0.5710929931525082,Fresno
12,16,0.2,0.005,8,1,0.6865161270409645,0.48599804412355113,-0.2005180829174134,0.12327431975003417,0.3633993146471748,0.33922551524270617,Fresno
12,8,0.3,0.005,4,2,0.6641229540191435,0.4884224571402131,-0.17570049687893036,0.3857766419850326,0.3633993146471748,1.0615777918006917,Fresno
12,16,0.0,0.001,4,2,0.8407755160010508,0.49031643734827157,-0.35045907865277925,0.0760445527321933,0.3633993146471748,0.20925893271434792,Fresno
12,16,0.3,0.005,4,1,0.9766143428009956,0.49128524427322606,-0.4853290985277695,0.18157098526895213,0.3633993146471748,0.4996459210310834,Fresno
12,8,0.1,0.0001,4,2,3.0574594668640147,0.49179363363632217,-2.5656658332276927,0.12980776230331306,0.3633993146471748,0.3572042022956034,Fresno
12,64,0.3,0.001,4,2,1.159202589088406,0.49642819857762377,-0.6627743905107821,0.3608855666773124,0.3633993146471748,0.993082683790136,Fresno
12,8,0.4,0.0005,4,1,2.19478611061483,0.49689674165912917,-1.6978893689557006,0.10315591775058619,0.3633993146471748,0.28386382030120366,Fresno
12,16,0.2,0.0001,8,1,3.1221896715153505,0.4991291939898934,-2.623060477525457,0.014720044998369515,0.3633993146471748,0.04050652933305953,Fresno
12,32,0.2,0.0001,8,1,2.1993155115105165,0.4999028096935846,-1.6994127018169318,0.025352409145617368,0.3633993146471748,0.06976460362956953,Fresno
12,64,0.4,0.0001,8,2,2.148479150358148,0.5044075420455282,-1.6440716083126201,0.029528391123627516,0.3633993146471748,0.08125604516424775,Fresno
12,8,0.4,0.0001,8,1,3.2842696231948736,0.5046474593818935,-2.77962216381298,0.07043894060578178,0.3633993146471748,0.19383344372614214,Fresno
12,16,0.4,0.0005,8,1,1.9162666622245725,0.510290058087716,-1.4059766041368564,0.12191334826326909,0.3633993146471748,0.33548040227218107,Fresno
12,32,0.3,0.0005,8,1,1.6949139755801508,0.5119835070273226,-1.1829304685528281,0.18462531526989379,0.3633993146471748,0.5080508075507708,Fresno
12,16,0.3,0.001,4,1,1.550926941185956,0.5122049769056218,-1.0387219642803343,0.1466056445429653,0.3633993146471748,0.4034285113754412,Fresno
12,32,0.3,0.0001,4,1,1.9707716444965193,0.5159631126842424,-1.4548085318122768,0.05160169767882207,0.3633993146471748,0.1419972344442154,Fresno
12,32,0.0,0.0005,6,1,1.2460978618958078,0.51644574016624,-0.7296521217295678,0.16269727913997434,0.3633993146471748,0.4477093725340057,Fresno
12,8,0.0,0.005,8,1,0.9738712893258221,0.5165512041346785,-0.45732008519114364,0.12929106877371058,0.3633993146471748,0.35578236821728615,Fresno
12,32,0.1,0.0005,8,1,1.4436929923002928,0.5222068597109734,-0.9214861325893194,0.15686800143375287,0.3633993146471748,0.43166840197829315,Fresno
12,8,0.2,0.001,8,1,1.6357539778623391,0.5247119490449343,-1.1110420288174048,0.16246462494236716,0.3633993146471748,0.4470691561433032,Fresno
12,32,0.3,0.0005,4,2,1.815659882196978,0.525011224440384,-1.290648657756594,0.1347754232714482,0.3633993146471748,0.3708741812083547,Fresno
12,8,0.2,0.005,6,1,0.846231268798924,0.5286159438646775,-0.3176153249342465,0.14891745829104766,0.3633993146471748,0.40979014623522875,Fresno
12,8,0.2,0.0005,6,1,1.6597436638752037,0.5295672374043942,-1.1301764264708094,0.13274417096599775,0.3633993146471748,0.3652845936016125,Fresno
12,32,0.1,0.0005,6,2,1.5297772768027078,0.5313375170047322,-0.9984397597979756,0.17964993550308944,0.3633993146471748,0.49435958809529396,Fresno
12,8,0.3,0.001,8,1,1.6057969737119737,0.5316727660083631,-1.0741242077036106,0.0021125499738794207,0.3633993146471748,0.005813302030936685,Fresno
12,16,0.3,0.001,8,2,1.4170101321195816,0.5319482248035243,-0.8850619073160573,0.08602421326726156,0.3633993146471748,0.23672090122344525,Fresno
12,8,0.1,0.005,8,2,0.7729608567700513,0.5323640290876723,-0.240596827682379,0.04630870251410407,0.3633993146471748,0.1274320028893431,Fresno
12,8,0.1,0.001,8,2,2.1553931191773614,0.533433432291642,-1.6219596868857193,0.04461887009439285,0.3633993146471748,0.12278193242525351,Fresno
12,16,0.1,0.0001,4,1,2.7250956233261183,0.5339717581189192,-2.1911238652071994,0.1119425437384176,0.3633993146471748,0.3080428036775547,Fresno
12,32,0.2,0.0001,6,1,2.636207815302564,0.5352033473556622,-2.1010044679469018,0.04365444705674225,0.3633993146471748,0.12012803903916673,Fresno
12,8,0.4,0.0001,6,2,3.271019185435801,0.5403373398069171,-2.730681845628884,0.02322294603582673,0.3633993146471748,0.06390476013520813,Fresno
12,16,0.1,0.005,4,2,1.0942717837862213,0.5411931482788944,-0.5530786355073268,0.047327344870113114,0.3633993146471748,0.13023509666236807,Fresno
12,64,0.2,0.0001,4,1,1.7663649148360887,0.5430672733245969,-1.2232976415114918,0.0680778803198175,0.3633993146471748,0.18733629254616088,Fresno
12,32,0.3,0.0005,8,2,1.7130754955189984,0.5460437811446107,-1.1670317143743878,0.11415298260094388,0.3633993146471748,0.3141254757504847,Fresno
12,16,0.2,0.0001,6,2,3.0421115532575556,0.5530080801119307,-2.489103473145625,0.004308378894814024,0.3633993146471748,0.01185577055641131,Fresno
12,16,0.0,0.0005,8,1,1.8429621583154954,0.5531129684527534,-1.289849189862742,0.07728764863902274,0.3633993146471748,0.21267967638866211,Fresno
12,8,0.3,0.0005,4,1,1.874319608274406,0.5553397368915695,-1.3189798713828367,0.01540068352821926,0.3633993146471748,0.042379506255183275,Fresno
12,32,0.0,0.0005,8,1,1.4839030405651015,0.5577205864709496,-0.9261824540941519,0.10912402751084095,0.3633993146471748,0.30028682804971635,Fresno
12,64,0.3,0.0005,4,2,0.947195645931385,0.5613511512747301,-0.38584449465665493,0.25180885219090116,0.3633993146471748,0.692926051430182,Fresno
12,32,0.1,0.001,6,1,0.995104802105925,0.5629658790275432,-0.43213892307838175,0.25820479220980685,0.3633993146471748,0.7105263598543065,Fresno
12,32,0.4,0.0005,8,2,1.5379159189969558,0.5654869651175957,-0.9724289538793601,0.1426116025619622,0.3633993146471748,0.39243773120602643,Fresno
12,32,0.1,0.0005,8,2,1.3636777163884677,0.5659614277809681,-0.7977162886074995,0.1756806275923927,0.3633993146471748,0.48343687098849214,Fresno
12,32,0.1,0.005,4,1,0.6585268105638975,0.5672942278789889,-0.09123258268490864,0.11012644474240914,0.3633993146471748,0.3030452736250511,Fresno
12,32,0.3,0.0001,6,1,2.2788590833079247,0.5673799834117512,-1.7114790998961735,0.01212518487669979,0.3633993146471748,0.0333660092024999,Fresno
12,32,0.3,0.001,4,1,0.9791478771849145,0.5683636106614174,-0.4107842665234971,0.37345445099206687,0.3633993146471748,1.0276696623785728,Fresno
12,64,0.1,0.0001,6,2,1.8903352118031314,0.5695257543477542,-1.3208094574553773,0.06242410017686981,0.3633993146471748,0.1717782551061702,Fresno
12,8,0.4,0.001,8,1,1.9640576039942252,0.5747872628150205,-1.3892703411792047,0.15054461916672557,0.3633993146471748,0.41426775752972916,Fresno
12,8,0.0,0.005,6,1,0.6253432654047472,0.576069873540519,-0.04927339186422819,0.0012310230449411185,0.3633993146471748,0.00338752164718946,Fresno
12,16,0.1,0.0001,4,2,2.1640598697959095,0.5770731308547041,-1.5869867389412053,0.06247685172009457,0.3633993146471748,0.17192341647851891,Fresno
12,16,0.2,0.0005,6,1,1.4432362543383526,0.5772131592185035,-0.8660230951198491,0.14628437194037397,0.3633993146471748,0.40254443540269685,Fresno
12,32,0.0,0.0001,8,2,2.663899923342948,0.5813598452606479,-2.0825400780823005,0.047881483254278615,0.3633993146471748,0.13175997126127453,Fresno
12,16,0.4,0.001,8,2,1.5125044162455166,0.5843130812863798,-0.9281913349591367,0.21102299243781153,0.3633993146471748,0.5806917732981809,Fresno
12,16,0.3,0.0005,8,2,1.726222320986215,0.5872772059791309,-1.1389451150070842,0.07417269633510959,0.3633993146471748,0.2041079697883416,Fresno
12,16,0.4,0.0005,8,2,2.1308481530177503,0.588754726749405,-1.5420934262683454,0.07472737474300309,0.3633993146471748,0.2056343304212229,Fresno
12,16,0.4,0.0001,4,2,2.579779441646702,0.5889870396340018,-1.9907924020127004,0.11028222435005496,0.3633993146471748,0.30347394699169483,Fresno
12,16,0.3,0.0005,4,1,1.4997816894358948,0.592194220033533,-0.9075874694023619,0.13706987892746764,0.3633993146471748,0.37718805017711465,Fresno
12,32,0.4,0.005,6,1,0.6167716535530436,0.5993871108584972,-0.01738454269454648,0.01865215871364518,0.3633993146471748,0.05132689568155791,Fresno
12,8,0.1,0.0001,8,1,3.7415110294894465,0.5995453444398392,-3.141965685049607,0.02388945598036523,0.3633993146471748,0.06573885810312977,Fresno
12,64,0.3,0.0001,4,1,1.8714902958978157,0.6002467272173978,-1.271243568680418,0.09724005150294199,0.3633993146471748,0.2675845759295187,Fresno
12,32,0.4,0.005,4,1,0.9240467710576347,0.6006005768967618,-0.32344619416087284,0.26650601602242463,0.3633993146471748,0.7333696165089797,Fresno
12,32,0.0,0.001,4,1,0.8492003005190554,0.6007636221789717,-0.24843667834008365,0.4329659156121816,0.3633993146471748,1.1914329448654828,Fresno
12,8,0.0,0.001,6,1,1.5278765776765137,0.600862630172014,-0.9270139475044997,0.11861060550824226,0.3633993146471748,0.3263919350629529,Fresno
12,32,0.1,0.005,8,1,0.970221701915671,0.6016587097397517,-0.36856299217591937,0.30928790176950915,0.3633993146471748,0.8510965467004181,Fresno
12,8,0.4,0.005,8,1,0.9710461921542345,0.6019078107969534,-0.36913838135728105,0.6418513722347053,0.3633993146471748,1.7662426602479433,Fresno
12,32,0.0,0.001,6,2,1.0932395693259522,0.602575930291832,-0.49066363903412025,0.29673130020034116,0.3633993146471748,0.8165433676957763,Fresno
12,32,0.1,0.001,8,2,1.315828595431956,0.6076097581048809,-0.708218837327075,0.2520207620214792,0.3633993146471748,0.6935091835992226,Fresno
12,64,0.0,0.001,6,1,0.9980199459883567,0.6078229322053834,-0.39019701378297333,0.3565272181156604,0.3633993146471748,0.9810894070117152,Fresno
12,32,0.3,0.0001,4,2,1.950735072526962,0.6089097098628978,-1.3418253626640642,0.0628362187290247,0.3633993146471748,0.17291232040443588,Fresno
12,8,0.2,0.0005,4,1,1.7522848544370275,0.6097742206269382,-1.1425106338100894,0.1225027606348469,0.3633993146471748,0.3371023436127971,Fresno
12,64,0.3,0.001,6,2,1.4886009281109647,0.6114514573302623,-0.8771494707807024,0.30013985778026586,0.3633993146471748,0.8259230154896476,Fresno
12,64,0.1,0.0001,8,1,2.0576691515858054,0.613584696725052,-1.4440844548607534,0.04781084063272103,0.3633993146471748,0.13156557732955737,Fresno
12,64,0.3,0.0005,4,1,1.033793494829719,0.6142426050886993,-0.4195508897410196,0.2206162283997956,0.3633993146471748,0.6070903810426621,Fresno
12,64,0.3,0.0001,8,1,2.1828028488866797,0.6155861346360377,-1.567216714250642,0.019335255464308792,0.3633993146471748,0.05320663712060501,Fresno
12,64,0.1,0.0001,8,2,2.1520734784040827,0.6169891713763754,-1.5350843070277072,0.0013813287352077766,0.3633993146471748,0.0038011319216408315,Fresno
12,8,0.1,0.0005,8,1,2.0786033742307235,0.6173908105768792,-1.4612125636538442,0.16093000674354246,0.3633993146471748,0.4428462032180489,Fresno
12,32,0.1,0.0001,6,2,2.02416972072655,0.6175494211531664,-1.4066202995733836,0.06244098347574628,0.3633993146471748,0.17182471446422615,Fresno
12,16,0.3,0.0001,6,2,3.0696997247993956,0.6223504554624654,-2.44734926933693,0.16453740574158318,0.3633993146471748,0.4527730216038875,Fresno
12,64,0.2,0.0001,8,1,2.0338947667297336,0.6233120452142344,-1.4105827215154991,0.03919874404730679,0.3633993146471748,0.10786686288983495,Fresno
12,64,0.0,0.0001,8,2,2.049233463988783,0.6250041937071505,-1.4242292702816326,0.04762783588588816,0.3633993146471748,0.13106198599226895,Fresno
12,32,0.2,0.0005,8,2,1.604303768503639,0.6251623240206894,-0.9791414444829496,0.1430116593187794,0.3633993146471748,0.39353860493003334,Fresno
12,16,0.1,0.0005,8,2,1.8978493875785616,0.6272121323431048,-1.2706372552354568,0.03720141062074312,0.3633993146471748,0.10237061304549254,Fresno
12,64,0.4,0.0001,6,1,1.9852650940735204,0.6277055304921527,-1.3575595635813675,0.04401567076289545,0.3633993146471748,0.12112205221308786,Fresno
12,16,0.1,0.0005,4,1,1.569968811239001,0.6296515387144154,-0.9403172725245855,0.11148890686960314,0.3633993146471748,0.30679448853074465,Fresno
12,16,0.0,0.0001,4,1,2.267713443680282,0.631207297998006,-1.6365061456822758,0.00150664775480249,0.3633993146471748,0.0041459840293460596,Fresno
12,8,0.1,0.005,6,1,0.7667435770722522,0.6362146797241223,-0.1305288973481299,0.11490876322875908,0.3633993146471748,0.3162052282358437,Fresno
12,32,0.4,0.001,6,1,1.839771498622719,0.6381127263008972,-1.2016587723218217,0.28073469786202065,0.3633993146471748,0.7725240157224473,Fresno
12,8,0.1,0.001,8,1,2.1118874157642233,0.6406666101026678,-1.4712208056615554,0.030719235595883805,0.3633993146471748,0.08453300366212628,Fresno
12,32,0.3,0.0001,8,1,2.6203122390181877,0.6408608552168226,-1.979451383801365,0.08564753203409917,0.3633993146471748,0.23568435212172745,Fresno
12,64,0.1,0.0001,4,1,1.774579182253225,0.6423224081637204,-1.1322567740895046,0.05072845993804733,0.3633993146471748,0.13959426419749774,Fresno
12,32,0.2,0.001,4,2,0.9630299061242108,0.6425857267618842,-0.3204441793623266,0.3602951458716755,0.3633993146471748,0.9914579674468755,Fresno
12,32,0.2,0.0001,4,2,2.0961420411591076,0.6447610374354493,-1.4513810037236583,0.03920412803214443,0.3633993146471748,0.1078816785062124,Fresno
12,64,0.4,0.0001,4,2,1.7994367572887906,0.6463833790362346,-1.153053378252556,0.09646061217839946,0.3633993146471748,0.2654397195879505,Fresno
12,16,0.2,0.0005,4,1,1.356546521248934,0.6487252471197529,-0.7078212741291812,0.2201557061666948,0.3633993146471748,0.6058231187927376,Fresno
12,64,0.2,0.001,6,2,0.9479658636300652,0.6550096765294959,-0.29295618710056925,0.3465614398898448,0.3633993146471748,0.9536656397558759,Fresno
12,32,0.1,0.0001,4,1,2.08154928976711,0.6571787296818176,-1.4243705600852925,0.0017815659148746033,0.3633993146471748,0.004902502132136186,Fresno
12,32,0.2,0.005,8,1,0.6401900205051798,0.6594354408952786,0.0192454203900988,0.24717235238737462,0.3633993146471748,0.6801673597743431,Fresno
12,16,0.1,0.0001,6,2,3.006779510999773,0.6601642877791967,-2.346615223220576,0.10054839616850425,0.3633993146471748,0.27668845844171974,Fresno
12,8,0.0,0.001,4,2,1.29011184912664,0.6607557189412469,-0.629356130185393,0.24916339162338888,0.3633993146471748,0.685646289303826,Fresno
12,8,0.4,0.0005,8,1,2.4976289665566633,0.6611167364631324,-1.8365122300935308,0.08538635985001257,0.3633993146471748,0.23496566011114903,Fresno
12,16,0.1,0.0001,6,1,2.9581380082896245,0.6627959742318181,-2.295342034057806,0.08235864304940155,0.3633993146471748,0.2266340076325233,Fresno
12,64,0.0,0.0001,6,2,1.8391203124931554,0.6639195026072255,-1.17520080988593,0.06325189728659605,0.3633993146471748,0.17405618210372098,Fresno
12,32,0.0,0.001,4,2,0.6934170294353641,0.666268079893658,-0.027148949541706102,0.44825956066142675,0.3633993146471748,1.2335179032922585,Fresno
12,8,0.2,0.0005,6,2,2.084828928228985,0.6701984643226544,-1.4146304639063307,0.08560282201558819,0.3633993146471748,0.2355613193676498,Fresno
12,64,0.2,0.0001,6,2,1.818591793194105,0.672725322063645,-1.1458664711304598,0.08314167307640213,0.3633993146471748,0.22878874484704126,Fresno
12,16,0.3,0.0001,8,2,3.051001511973291,0.6776522039754179,-2.373349307997873,0.014866666005416813,0.3633993146471748,0.04091000011887995,Fresno
12,8,0.3,0.0001,6,1,3.149796190951237,0.6798954167710012,-2.4699007741802355,0.14817011712982914,0.3633993146471748,0.4077336174221678,Fresno
12,16,0.3,0.0005,6,1,1.8710703032073852,0.681949781238504,-1.1891205219688812,0.12982927947837417,0.3633993146471748,0.35726341312565685,Fresno
12,16,0.1,0.0001,8,1,2.887025625271674,0.6834209999455565,-2.2036046253261174,0.0049956164007528316,0.3633993146471748,0.013746906500368848,Fresno
12,8,0.1,0.0005,6,2,1.9609581128207645,0.6861128830793597,-1.2748452297414048,0.03802071306177036,0.3633993146471748,0.10462516446593949,Fresno
12,8,0.4,0.0001,4,2,2.873769394595575,0.686287845879521,-2.187481548716054,0.11764269075650226,0.3633993146471748,0.3237284331995007,Fresno
12,16,0.1,0.001,6,1,1.01013587474602,0.6874251227753664,-0.3227107519706537,0.26691744452329075,0.3633993146471748,0.7345017829283511,Fresno
12,8,0.1,0.0005,4,2,1.344000806402771,0.6885922016398064,-0.6554086047629647,0.17660588816074618,0.3633993146471748,0.48598299733232364,Fresno
12,8,0.3,0.0001,8,2,3.223171206443574,0.6899947339537856,-2.5331764724897883,0.0881923200067071,0.3633993146471748,0.2426870840203241,Fresno
12,64,0.1,0.0001,4,2,1.820104127988941,0.6905456184782516,-1.1295585095106895,0.03253526294208245,0.3633993146471748,0.08953033654912368,Fresno
12,64,0.3,0.0001,4,2,1.8727854976887641,0.6924493435549621,-1.180336154133802,0.09660377873705503,0.3633993146471748,0.26583368444392325,Fresno
12,64,0.3,0.0001,6,2,1.8337578820378941,0.6976544162537892,-1.136103465784105,0.08725117827143902,0.3633993146471748,0.24009725597900863,Fresno
12,16,0.0,0.0005,6,1,1.6879310994589487,0.6986171127693027,-0.989313986689646,0.10037100312391448,0.3633993146471748,0.27620030935216516,Fresno
12,8,0.4,0.0001,4,1,3.364345792333431,0.6986443914230908,-2.6657014009103404,0.043031297958785866,0.3633993146471748,0.11841326118230314,Fresno
12,32,0.0,0.0001,4,2,2.113508889188356,0.7005125640354946,-1.4129963251528617,0.0733639863472631,0.3633993146471748,0.20188256661543888,Fresno
12,32,0.4,0.0001,4,2,2.166256632185787,0.702437404435084,-1.4638192277507032,0.09553211255358864,0.3633993146471748,0.2628846800284722,Fresno
12,64,0.3,0.005,4,1,1.4793820188410405,0.7046086770019723,-0.7747733418390682,0.23340884534198517,0.3633993146471748,0.6422930256998485,Fresno
12,64,0.1,0.0001,6,1,1.8926610572788474,0.715160155158086,-1.1775009021207614,0.08713805476843166,0.3633993146471748,0.2397859634188749,Fresno
12,64,0.0,0.0001,4,2,1.7889925092370365,0.7176330449246258,-1.0713594643124107,0.06370472670069284,0.3633993146471748,0.17530227530160286,Fresno
12,8,0.0,0.0001,6,1,2.565476880370029,0.7214398614976101,-1.844037018872419,0.006269633967843808,0.3633993146471748,0.017252740209295687,Fresno
12,64,0.2,0.0001,4,2,1.8575183690593255,0.7222791505779783,-1.1352392184813471,0.06557481005617936,0.3633993146471748,0.1804483591826421,Fresno
12,16,0.3,0.0001,6,1,2.9435543303776854,0.723334074359043,-2.2202202560186426,0.12746926905909772,0.3633993146471748,0.35076915096237293,Fresno
12,64,0.0,0.0001,6,1,1.9768760015472542,0.7251264291207065,-1.2517495724265477,0.045028883957425686,0.3633993146471748,0.12391020605293197,Fresno
12,8,0.4,0.0005,6,1,1.7263769271813376,0.726146964653325,-1.0002299625280127,0.09974978515205918,0.3633993146471748,0.27449084555623465,Fresno
12,64,0.4,0.0001,8,1,2.089558345432191,0.729066987366153,-1.360491358066038,0.03832912031450836,0.3633993146471748,0.10547383764804892,Fresno
12,64,0.0,0.0001,4,1,1.9117437118092977,0.7302469009284924,-1.1814968108808053,0.07912356216412904,0.3633993146471748,0.21773173194052467,Fresno
12,16,0.2,0.0001,8,2,2.993893351186423,0.7307879967259879,-2.263105354460435,0.036403226332675634,0.3633993146471748,0.10017417442853355,Fresno
12,8,0.3,0.0001,4,2,3.2182416625883583,0.7341852708888361,-2.4840563916995224,0.08098068323281309,0.3633993146471748,0.22284214628042823,Fresno
12,16,0.0,0.0005,8,2,1.6829846723712434,0.7389494688175429,-0.9440352035537005,0.09081127211366091,0.3633993146471748,0.24989390032787975,Fresno
12,16,0.1,0.0005,6,2,1.6092187871921109,0.7394573166754332,-0.8697614705166776,0.1208782876264513,0.3633993146471748,0.3326321287749601,Fresno
12,64,0.4,0.0001,6,2,1.8435479827779178,0.7404586107159876,-1.1030893720619301,0.07327643885250869,0.3633993146471748,0.20164165395758368,Fresno
12,8,0.3,0.0005,6,1,1.9245965234483968,0.7431811240838938,-1.1814153993645031,0.16074830602954573,0.3633993146471748,0.44234620031030225,Fresno
12,8,0.2,0.0005,8,1,1.9287751791444956,0.748079541927243,-1.1806956372172526,0.04432581461998582,0.3633993146471748,0.12197550417237812,Fresno
12,32,0.4,0.005,6,2,0.7847869532981536,0.7551668758876426,-0.02962007741051098,0.21221159549225227,0.3633993146471748,0.583962563876294,Fresno
12,8,0.3,0.0005,6,2,2.2264841721834867,0.7565045396240132,-1.4699796325594736,0.10962767313299476,0.3633993146471748,0.3016727569765301,Fresno
12,32,0.0,0.001,6,1,1.083786547776325,0.7599896181836183,-0.3237969295927068,0.3771701918247207,0.3633993146471748,1.037894615158854,Fresno
12,32,0.3,0.005,8,1,0.6815762171237711,0.7628011667259598,0.08122494960218862,0.2714759485856342,0.3633993146471748,0.7470458463830918,Fresno
12,64,0.4,0.0001,4,1,1.8985155526441888,0.7633565082058603,-1.1351590444383284,0.09016789316152234,0.3633993146471748,0.24812345408264336,Fresno
12,64,0.0,0.0001,8,1,1.988800688988434,0.767225729557309,-1.221574959431125,0.06318642890862879,0.3633993146471748,0.1738760266237063,Fresno
12,8,0.2,0.0005,8,2,1.9599039644024783,0.7690480378455772,-1.190855926556901,0.03203740911214444,0.3633993146471748,0.08816034544052356,Fresno
12,32,0.1,0.0001,4,2,1.792723471199385,0.7778210354826879,-1.0149024357166971,0.16140630411802445,0.3633993146471748,0.44415687540504634,Fresno
12,8,0.0,0.001,6,2,0.8591299599363421,0.7782569200236211,-0.08087303991272099,0.13952721447428404,0.3633993146471748,0.3839501310280437,Fresno
12,64,0.2,0.0005,6,2,1.1285097974945022,0.7794637503391676,-0.3490460471553346,0.2138762992684798,0.3633993146471748,0.5885434854937269,Fresno
12,16,0.0,0.005,8,1,0.6955421544539901,0.7799408379904854,0.08439868353649527,0.18142550252866663,0.3633993146471748,0.49924558252074047,Fresno
12,64,0.0,0.001,8,2,0.8924553671559293,0.7825170082186319,-0.10993835893729742,0.28086338790603516,0.3633993146471748,0.7728781441944271,Fresno
12,8,0.4,0.0005,4,2,2.2451482856707052,0.783110026122577,-1.4620382595481283,0.1333588392250212,0.3633993146471748,0.36697603393803757,Fresno
12,32,0.3,0.001,8,2,0.9143289980127817,0.7882662192031725,-0.12606277880960914,0.27855452720195384,0.3633993146471748,0.7665246355029675,Fresno
12,16,0.4,0.0001,6,2,3.4332405742498757,0.7887105288363204,-2.644530045413555,0.0376677072225853,0.3633993146471748,0.10365376516782086,Fresno
12,32,0.2,0.0001,6,2,2.0174456442861994,0.795433254991465,-1.2220123892947345,0.006834449539974094,0.3633993146471748,0.01880699622840422,Fresno
12,8,0.0,0.0005,6,2,2.021762690307726,0.8101025825182585,-1.2116601077894673,0.04520557700843272,0.3633993146471748,0.12439642890444885,Fresno
12,64,0.2,0.0001,6,1,1.9081199264226598,0.8103810794792933,-1.0977388469433667,0.05069481949685335,0.3633993146471748,0.13950169263822929,Fresno
12,64,0.3,0.0001,6,1,1.8704937130784076,0.815568743845654,-1.0549249692327536,0.07718277577446689,0.3633993146471748,0.21239108788469735,Fresno
12,64,0.3,0.001,4,1,0.6786718540393232,0.8200489572876035,0.14137710324828034,0.35061427274672496,0.3633993146471748,0.9648182002961044,Fresno
12,32,0.2,0.0001,4,1,1.9131080040396302,0.8302114828876958,-1.0828965211519344,0.05765737775020101,0.3633993146471748,0.15866121763652935,Fresno
12,64,0.4,0.005,6,2,0.8915206283253355,0.8351509859072906,-0.056369642418044874,0.23494273612293148,0.3633993146471748,0.6465139769210569,Fresno
12,64,0.3,0.0001,8,2,2.08075138015086,0.8436338337336304,-1.2371175464172295,0.054732838308156055,0.3633993146471748,0.15061348797890908,Fresno
12,16,0.0,0.0001,6,2,2.864846527889144,0.8460682585302058,-2.018778269358938,0.05962367383560356,0.3633993146471748,0.16407205911627082,Fresno
12,16,0.2,0.0005,8,1,1.7826135857506638,0.8543110883145842,-0.9283024974360795,0.10182544101470355,0.3633993146471748,0.2802026225986862,Fresno
6,16,0.1,0.0001,4,1,2.493319666563682,0.8562185310466361,-1.637101135517046,0.4655907261779878,1.2611728899944865,0.3691727992821216,Fresno
12,64,0.4,0.005,6,1,0.5626478729646845,0.8650110583233452,0.3023631853586607,0.18222658127677696,0.3633993146471748,0.5014499860950513,Fresno
12,16,0.3,0.0005,4,2,1.7838231870064747,0.8665374405595249,-0.9172857464469498,0.16511747079035927,0.3633993146471748,0.4543692410390817,Fresno
12,8,0.2,0.001,8,2,2.1110601515694283,0.8713790163291623,-1.2396811352402661,0.037917978904725515,0.3633993146471748,0.10434246124415553,Fresno
6,32,0.3,0.0001,8,2,2.631989220116015,0.8743502850970934,-1.7576389350189217,0.6145162765920027,1.2611728899944865,0.4872577593978326,Fresno
6,16,0.3,0.0001,4,2,2.473599892272265,0.8746872462895173,-1.5989126459827476,0.45361951497711545,1.2611728899944865,0.359680673899594,Fresno
12,8,0.2,0.0001,8,1,3.1902340376770257,0.8829523734213863,-2.3072816642556395,0.10739231310664644,0.3633993146471748,0.29552150699820084,Fresno
12,32,0.0,0.005,6,1,0.5941102087437033,0.8836212294985545,0.28951102075485113,0.3037342416627297,0.3633993146471748,0.8358140189604539,Fresno
6,64,0.2,0.005,8,2,1.0672932416725092,0.8883973665392738,-0.17889587513323535,0.6515274277316099,1.2611728899944865,0.5166043711377734,Fresno
12,64,0.4,0.0005,6,1,1.307898074371513,0.8886673960770336,-0.41923067829447935,0.2564669829798179,0.3633993146471748,0.7057442670986385,Fresno
6,8,0.3,0.0005,6,1,1.8562608677029646,0.8908672570148574,-0.9653936106881073,0.7402894305989722,1.2611728899944865,0.586984890392156,Fresno
12,64,0.1,0.005,6,2,0.533134091042656,0.8925229660056597,0.35938887496300376,0.29640515136367107,0.3633993146471748,0.8156458733320714,Fresno
6,32,0.0,0.0001,6,1,2.552550380101306,0.8977392880341437,-1.6548110920671624,0.4343470153972873,1.2611728899944865,0.3443992642429748,Fresno
12,8,0.4,0.005,6,2,1.018150687628091,0.8983745549732427,-0.11977613265484832,0.2685929434726852,0.3633993146471748,0.73911241063694,Fresno
12,16,0.3,0.005,6,2,0.7420260615968702,0.8986267278460912,0.15660066624922098,0.401131249380808,0.3633993146471748,1.1038305060378752,Fresno
6,32,0.0,0.0001,8,2,2.560369524928109,0.8995863740847788,-1.6607831508433302,0.46339791224492466,1.2611728899944865,0.367434089268245,Fresno
6,64,0.3,0.005,6,1,1.0041710256354834,0.9074384049177227,-0.09673262071776079,0.5963299181564876,1.2611728899944865,0.47283756484734984,Fresno
6,32,0.3,0.0001,6,1,2.5308951001483244,0.9085683311136605,-1.6223267690346639,0.43001881505086886,1.2611728899944865,0.34096737922486486,Fresno
6,32,0.2,0.0001,8,1,2.519923429080174,0.9185633621259656,-1.6013600669542085,0.3758222231613113,1.2611728899944865,0.2979942132778911,Fresno
6,8,0.4,0.0001,8,1,3.3634743054177307,0.9186784423847512,-2.4447958630329794,0.5681463564757455,1.2611728899944865,0.45049046089012373,Fresno
12,16,0.0,0.0001,8,1,3.148706820998033,0.9248345687421025,-2.2238722522559304,0.007481782190027785,0.3633993146471748,0.020588322235257556,Fresno
6,32,0.2,0.0001,8,2,2.478286220232332,0.9264293848233877,-1.5518568354089446,0.38994639326986347,1.2611728899944865,0.30919344711855345,Fresno
12,32,0.0,0.0001,4,1,2.028473904224658,0.9267952002224336,-1.1016787040022242,0.07828334549758412,0.3633993146471748,0.21541962888287117,Fresno
6,32,0.1,0.0001,6,2,2.482721908152263,0.9273375168238017,-1.5553843913284613,0.3902496813550731,1.2611728899944865,0.3094339280927448,Fresno
6,16,0.1,0.005,6,2,0.6237092212626761,0.930509910047212,0.3068006887845358,0.4369295640857801,1.2611728899944865,0.34644699989363886,Fresno
6,8,0.4,0.005,4,2,0.9543409595615563,0.9352613539616095,-0.019079605599946814,0.5175862770951977,1.2611728899944865,0.41040073189129556,Fresno
6,32,0.1,0.0001,8,2,2.716439509076172,0.9414418206218097,-1.7749976884543623,0.394593838287615,1.2611728899944865,0.3128784652906233,Fresno
12,16,0.4,0.0001,8,2,3.202482082308242,0.9430463281148136,-2.2594357541934285,0.10279339581075454,0.3633993146471748,0.2828662346558272,Fresno
6,16,0.1,0.001,6,1,1.275787078000169,0.9431139442053891,-0.3326731337947799,0.3920551575050123,1.2611728899944865,0.3108655130596141,Fresno
6,32,0.1,0.0001,8,1,2.558542090188467,0.9441084537408315,-1.6144336364476355,0.3921394702357681,1.2611728899944865,0.3109323656945103,Fresno
6,8,0.2,0.0005,6,1,2.5466587505984872,0.9445776967924728,-1.6020810538060144,0.39674669940280377,1.2611728899944865,0.31458549620785,Fresno
6,8,0.4,0.0001,4,1,2.978065229518781,0.9466815364747421,-2.031383693044039,0.4264258147668647,1.2611728899944865,0.33811844367248406,Fresno
12,64,0.4,0.001,4,1,0.7470524584879334,0.9488752001799553,0.20182274169202186,0.3813095792413925,0.3633993146471748,1.0492853560046111,Fresno
6,16,0.2,0.0001,6,2,2.6548910321265122,0.9507349862499576,-1.7041560458765548,0.3576949370385235,1.2611728899944865,0.2836208579143239,Fresno
6,16,0.1,0.0001,8,2,2.8199794545755155,0.9534316169347598,-1.8665478376407556,0.4458428320674963,1.2611728899944865,0.35351444326514614,Fresno
6,16,0.2,0.001,8,2,1.3480040794143926,0.9571369519292557,-0.39086712748513686,0.4338208363071926,1.2611728899944865,0.3439820501605368,Fresno
6,32,0.1,0.0001,6,1,2.426760640769271,0.9577546725490808,-1.46900596822019,0.39279616891355457,1.2611728899944865,0.3114530704154858,Fresno
12,8,0.3,0.0001,6,2,3.3491838651477828,0.9581560506815371,-2.391027814466246,0.0799857723705363,0.3633993146471748,0.22010435668596312,Fresno
6,32,0.3,0.0001,6,2,2.3140292966111504,0.9630039451627527,-1.3510253514483979,0.4368743216580856,1.2611728899944865,0.3464031974712012,Fresno
6,64,0.1,0.005,6,1,0.9050107151142778,0.9632630788208303,0.05825236370655251,0.5659371668007811,1.2611728899944865,0.44873876634253945,Fresno
6,16,0.4,0.001,6,2,1.4388927023103897,0.9638295263108476,-0.47506317599954206,0.5088667851870243,1.2611728899944865,0.40348693602924574,Fresno
6,32,0.3,0.005,8,1,0.82430657799533,0.9645079672985986,0.14020138930326853,0.5184541106052052,1.2611728899944865,0.4110888481019218,Fresno
6,32,0.0,0.0001,8,1,2.418536499250254,0.9657538218948516,-1.4527826773554025,0.3175705816930218,1.2611728899944865,0.2518057470252236,Fresno
6,64,0.2,0.005,6,1,1.0054091181530356,0.9664544044899562,-0.03895471366307934,0.5541891910048037,1.2611728899944865,0.4394236471473998,Fresno
6,16,0.0,0.001,4,1,0.9104330282518054,0.9688042765881844,0.05837124833637897,0.42661535016883134,1.2611728899944865,0.33826872869959673,Fresno
6,32,0.4,0.0001,4,2,2.4756923556826633,0.9693575026535307,-1.5063348530291325,0.4991619662703067,1.2611728899944865,0.39579186186954024,Fresno
6,16,0.3,0.005,8,2,0.8762558015265051,0.9708332038734238,0.0945774023469187,0.46211533071618094,1.2611728899944865,0.3664171140867143,Fresno
6,16,0.3,0.001,6,1,1.3907108961615875,0.9710523373781983,-0.4196585587833892,0.41479763134139824,1.2611728899944865,0.32889830936915526,Fresno
6,16,0.0,0.0001,6,2,2.639177082306767,0.9722394382236813,-1.6669376440830854,0.34923471215537544,1.2611728899944865,0.27691263816882566,Fresno
6,32,0.2,0.0001,6,1,2.5798970683000055,0.9733676042170728,-1.6065294640829326,0.30013243924270894,1.2611728899944865,0.23797882243093652,Fresno
6,16,0.4,0.001,4,1,1.3340924177341238,0.9755376537698581,-0.35855476396426567,0.42542319745291474,1.2611728899944865,0.3373234556721042,Fresno
12,8,0.4,0.001,8,2,2.5098430365923354,0.9756940954874144,-1.5341489411049212,0.09866907151499799,0.3633993146471748,0.2715169444136019,Fresno
6,32,0.3,0.0001,8,1,2.7327187441228125,0.9807641665244412,-1.7519545775983714,0.38459993853508717,1.2611728899944865,0.30495417526519186,Fresno
6,32,0.1,0.001,6,2,1.0004095088777223,0.9815395647060374,-0.01886994417168486,0.45658621419528056,1.2611728899944865,0.362033007383529,Fresno
6,8,0.2,0.001,4,1,1.5405751143707511,0.9828311063237136,-0.5577440080470375,0.4497286852514813,1.2611728899944865,0.35659558560083493,Fresno
6,32,0.4,0.001,8,2,1.3280789953599692,0.9842120458160821,-0.3438669495438871,0.3727259606238926,1.2611728899944865,0.2955391473928068,Fresno
6,64,0.4,0.005,6,2,1.7815489175285233,0.9862939806964597,-0.7952549368320636,0.4152114158939743,1.2611728899944865,0.3292264043955064,Fresno
6,16,0.3,0.0005,4,1,1.4069389185583532,0.9876653636308471,-0.41927355492750606,0.5326987199636959,1.2611728899944865,0.4223835797533078,Fresno
6,32,0.4,0.001,6,2,1.3074601559175547,0.9891210825762685,-0.3183390733412862,0.3779011662282265,1.2611728899944865,0.29964263363596294,Fresno
6,64,0.2,0.001,8,2,1.247107795808138,0.9901412957181585,-0.25696650008997957,0.5821184053723288,1.2611728899944865,0.4615690758900421,Fresno
6,64,0.4,0.005,8,1,1.5695037646353747,0.9926204533103511,-0.5768833113250236,0.7698666239353344,1.2611728899944865,0.6104370225867288,Fresno
6,32,0.3,0.001,6,1,1.370884844881764,0.9971734611849177,-0.3737113836968464,0.39808676388164804,1.2611728899944865,0.3156480503504863,Fresno
6,32,0.4,0.001,4,2,1.0263369934476883,0.998462818350954,-0.02787417509673429,0.35577342357568265,1.2611728899944865,0.2820972654885073,Fresno
6,64,0.2,0.001,6,1,1.143144049298471,1.0006162528954263,-0.1425277964030447,0.3368525151807695,1.2611728899944865,0.26709463694723257,Fresno
6,8,0.0,0.001,8,1,1.4166464553775073,1.0011200477587172,-0.4155264076187901,0.5359918307630631,1.2611728899944865,0.4249947291250499,Fresno
6,32,0.2,0.0005,4,1,1.593273581160602,1.001721049169316,-0.591552531991286,0.33444708236364995,1.2611728899944865,0.2651873387201592,Fresno
6,16,0.4,0.0001,4,1,2.67827302954595,1.0022768017022277,-1.6759962278437224,0.27289965007224803,1.2611728899944865,0.21638559807088867,Fresno
6,64,0.3,0.005,4,2,1.505194800698488,1.002483424629777,-0.5027113760687112,0.6209863005061924,1.2611728899944865,0.49238792352165706,Fresno
6,32,0.0,0.0001,6,2,2.259428714442538,1.0031659501039516,-1.2562627643385862,0.39038335932826007,1.2611728899944865,0.3095399230552496,Fresno
6,16,0.4,0.005,8,1,0.7874475606351621,1.0065918482922422,0.21914428765708016,0.396796869551199,1.2611728899944865,0.3146252767556189,Fresno
6,16,0.2,0.001,4,2,1.359539913188787,1.0068682362739745,-0.3526716769148126,0.3521412744661758,1.2611728899944865,0.2792172883352379,Fresno
6,8,0.1,0.0005,4,1,1.9747949746049525,1.008734701596234,-0.9660602730087184,0.5829098773350341,1.2611728899944865,0.46219664406010375,Fresno
6,16,0.4,0.0001,8,2,2.8158737431699445,1.0125107251875156,-1.803363017982429,0.2786445070485141,1.2611728899944865,0.22094076812080243,Fresno
6,64,0.3,0.001,6,1,0.9536557702022523,1.0143705425747238,0.06071477237247147,0.4885707920776852,1.2611728899944865,0.3873939853558231,Fresno
3,8,0.4,0.001,8,2,2.131217035515147,1.014688311684637,-1.1165287238305102,0.7216852884407662,1.228971728227436,0.5872269246434688,Fresno
6,16,0.3,0.005,6,1,0.949462871656564,1.0156112181149421,0.0661483464583782,0.4122047819707511,1.2611728899944865,0.32684240617680355,Fresno
6,32,0.2,0.001,6,1,1.0413759088708965,1.0160884101118381,-0.025287498759058336,0.35374266695973255,1.2611728899944865,0.2804870527793212,Fresno
6,32,0.3,0.001,4,2,1.0258426360351043,1.0171652223702161,-0.008677413664888167,0.3590699377553128,1.2611728899944865,0.28471111344367905,Fresno
6,8,0.1,0.001,4,1,1.4177643710635315,1.0172798039406732,-0.4004845671228583,0.39373060681006156,1.2611728899944865,0.3121939980899707,Fresno
6,64,0.1,0.005,4,1,1.3283918685699845,1.0179613369771385,-0.31043053159284595,0.4782457229149872,1.2611728899944865,0.3792071068995766,Fresno
6,8,0.2,0.0005,6,2,2.009362807448578,1.0185578538955165,-0.9908049535530616,0.30315059139971917,1.2611728899944865,0.24037195360347816,Fresno
6,32,0.2,0.0001,6,2,2.1863511492092154,1.0188375833153571,-1.1675135658938582,0.46668059871070333,1.2611728899944865,0.37003697305350697,Fresno
6,16,0.0,0.0001,8,2,2.525583534692689,1.019486018970389,-1.5060975157223,0.3091315264918566,1.2611728899944865,0.2451143129894015,Fresno
6,32,0.4,0.0005,6,2,1.4154257453577572,1.0200641699098707,-0.3953615754478865,0.35570104577107897,1.2611728899944865,0.28203987620811766,Fresno
6,64,0.4,0.001,6,1,1.3490328037042971,1.0200856907182034,-0.3289471129860937,0.36275937000236974,1.2611728899944865,0.2876365111241454,Fresno
6,8,0.4,0.0001,8,2,3.1331428738762077,1.0210602060572924,-2.1120826678189153,0.35743344752307304,1.2611728899944865,0.2834135195568909,Fresno
6,32,0.2,0.001,6,2,1.134103415561562,1.0212432890484524,-0.1128601265131095,0.4344747988598122,1.2611728899944865,0.34450058537312167,Fresno
6,8,0.0,0.0001,6,1,2.6817702036035054,1.022445384520974,-1.6593248190825314,0.2904891793792548,1.2611728899944865,0.23033255922629667,Fresno
9,64,0.3,0.005,4,2,1.2723124910122166,1.024380172934947,-0.24793231807726945,0.3738015702026047,1.3029778427333762,0.2868825224367951,Fresno
3,16,0.2,0.001,4,2,1.7439023453383065,1.0252961255876065,-0.7186062197506999,0.6055116000565544,1.228971728227436,0.4926977457242997,Fresno
6,64,0.3,0.0001,8,2,2.32415623958374,1.0253510387023888,-1.298805200881351,0.43644477053667174,1.2611728899944865,0.3460626009322003,Fresno
6,32,0.4,0.0001,6,1,2.42600488974294,1.0255699817922095,-1.4004349079507306,0.24341710731878077,1.2611728899944865,0.1930085155254526,Fresno
6,32,0.1,0.0005,6,2,1.2865607273674078,1.0271851432074124,-0.2593755841599954,0.31085307549415603,1.2611728899944865,0.24647935105512375,Fresno
12,16,0.3,0.0005,8,1,2.0262799836656407,1.0288919617960461,-0.9973880218695945,0.1171860242730191,0.3633993146471748,0.3224717811776703,Fresno
6,64,0.4,0.001,4,2,1.0006712032758134,1.0289604403975292,0.028289237121715827,0.3827681951077305,1.2611728899944865,0.30350176264049245,Fresno
6,64,0.4,0.005,4,2,0.611312781061164,1.0297451033660643,0.41843232230490024,0.49979596231750406,1.2611728899944865,0.396294565386423,Fresno
6,32,0.0,0.001,4,2,0.9830031248682839,1.0318832252381451,0.048880100369861235,0.3973886630518396,1.2611728899944865,0.31509451733741034,Fresno
3,16,0.1,0.0005,4,2,1.8762637909468785,1.0352512247377474,-0.841012566209131,0.6985897618770792,1.228971728227436,0.5684343633231218,Fresno
6,32,0.4,0.0005,4,1,1.3712628925118162,1.0353466421417086,-0.33591625037010764,0.3236435389458184,1.2611728899944865,0.2566210719509149,Fresno
6,16,0.0,0.0005,6,1,1.673590727704897,1.03547983119991,-0.6381108965049869,0.5533607084217183,1.2611728899944865,0.43876673278644407,Fresno
6,32,0.0,0.0001,4,2,2.093943725131592,1.03634698402573,-1.057596741105862,0.406733889531696,1.2611728899944865,0.32250446608749583,Fresno
6,32,0.4,0.0001,8,2,2.7639135227735188,1.037386595706712,-1.7265269270668067,0.29549350215235576,1.2611728899944865,0.23430055030254224,Fresno
6,64,0.4,0.0001,8,2,2.2490966734992632,1.0381799720521963,-1.210916701447067,0.47483332305108966,1.2611728899944865,0.3765013717137271,Fresno
6,16,0.0,0.0001,4,1,2.310100298476387,1.040758812599948,-1.269341485876439,0.34251297859737273,1.2611728899944865,0.27158289027198335,Fresno
6,64,0.2,0.001,4,1,0.7627281003960713,1.0419410130663622,0.2792129126702909,0.29780491091334,1.2611728899944865,0.23613329566150276,Fresno
6,64,0.2,0.0005,6,2,1.2458905341197737,1.0438382567197029,-0.2020522774000708,0.28603838127345516,1.2611728899944865,0.22680346488791528,Fresno
3,16,0.0,0.001,8,2,1.8570051724920758,1.043958230322288,-0.8130469421697877,0.6021508775818951,1.228971728227436,0.48996316493820913,Fresno
6,32,0.2,0.001,8,2,1.2617343616030778,1.0450806403910466,-0.2166537212120312,0.2508392792612473,1.2611728899944865,0.19889364991214165,Fresno
6,8,0.0,0.0001,6,2,2.7815386064226146,1.0456421340732904,-1.7358964723493242,0.37778357014144115,1.2611728899944865,0.2995493902054085,Fresno
6,16,0.0,0.001,6,1,1.376807477376471,1.0471635543702078,-0.3296439230062631,0.337327713000619,1.2611728899944865,0.2674714273330865,Fresno
3,32,0.3,0.001,6,2,1.7954754084605349,1.0477101554956922,-0.7477652529648426,0.638675780262587,1.228971728227436,0.5196830533959951,Fresno
3,16,0.3,0.001,4,1,1.843442267270173,1.047753638613341,-0.7956886286568319,0.6496987703384788,1.228971728227436,0.5286523322025877,Fresno
3,16,0.4,0.0005,4,2,2.0346740151418476,1.0478550092186394,-0.9868190059232083,0.5905330276699582,1.228971728227436,0.48050985560236825,Fresno
6,64,0.4,0.001,4,1,0.8501274903288685,1.0480804950343774,0.19795300470550892,0.42558634182932487,1.2611728899944865,0.33745281491991586,Fresno
3,32,0.2,0.0005,4,1,1.86679383274198,1.0487301600950103,-0.8180636726469697,0.6470496247099466,1.228971728227436,0.5264967532192102,Fresno
3,32,0.0,0.0001,6,2,2.591182412228894,1.048920572256918,-1.542261839971976,0.6100907865361526,1.228971728227436,0.49642377649817504,Fresno
6,16,0.3,0.005,4,1,1.9048809565246883,1.0491676494132114,-0.8557133071114769,0.3819952545392576,1.2611728899944865,0.3028888882482461,Fresno
6,8,0.2,0.0001,4,2,2.492456058368423,1.0494159719860772,-1.443040086382346,0.25511329991313775,1.2611728899944865,0.2022825751624371,Fresno
6,32,0.2,0.0005,6,2,1.4124946115227617,1.0499339488499184,-0.36256066267284326,0.3986622698419198,1.2611728899944865,0.3161043763346853,Fresno
6,8,0.3,0.0005,8,2,2.8647836307851713,1.0501224124843824,-1.8146612183007889,0.4279052484426088,1.2611728899944865,0.33929150542117936,Fresno
3,64,0.4,0.0005,4,1,1.7955531271492753,1.051024458780535,-0.7445286683687402,0.6890779221115769,1.228971728227436,0.5606946899465655,Fresno
3,16,0.4,0.001,4,1,1.862298928498608,1.0513986273206783,-0.8109003011779297,0.5823998675008717,1.228971728227436,0.473891997776772,Fresno
3,32,0.4,0.001,6,2,1.7424373743091426,1.0518282951782931,-0.6906090791308495,0.6165021291756078,1.228971728227436,0.501640611427895,Fresno
6,64,0.3,0.001,4,1,1.3099836963185028,1.0519753848606417,-0.2580083114578611,0.44586836955440295,1.2611728899944865,0.3535346922628127,Fresno
3,64,0.1,0.0001,6,1,2.463249403909263,1.0528417644970054,-1.4104076394122578,0.5679863480729458,1.228971728227436,0.4621638846746791,Fresno
6,32,0.0,0.0005,4,2,1.2714451724987155,1.053204999735431,-0.21824017276328456,0.2635395536238923,1.2611728899944865,0.2089638587339476,Fresno
9,8,0.0,0.005,6,2,0.6968258239614633,1.0539838411572715,0.3571580171958082,0.4981365438740311,1.3029778427333762,0.38230622773219564,Fresno
3,32,0.0,0.0005,4,1,1.8371014839383295,1.0557683584462472,-0.7813331254920823,0.6373746866751809,1.228971728227436,0.5186243686780947,Fresno
6,8,0.4,0.001,6,2,1.6546531324300677,1.0557711860380734,-0.5988819463919943,0.25991195953545343,1.2611728899944865,0.2060874933147268,Fresno
6,64,0.0,0.0005,6,1,1.1868018950117707,1.0561653717706876,-0.1306365232410831,0.5779394624188738,1.2611728899944865,0.4582555389542194,Fresno
6,64,0.2,0.0005,8,1,1.4344283093453196,1.0568835939750918,-0.3775447153702278,0.2908780829438953,1.2611728899944865,0.2306409258013522,Fresno
3,64,0.3,0.0005,6,1,1.8671435524954443,1.0576626485880112,-0.8094809039074331,0.6970162897686367,1.228971728227436,0.5671540473709299,Fresno
3,32,0.3,0.0005,4,2,1.8370805157486345,1.0577300552150035,-0.779350460533631,0.7018678601287383,1.228971728227436,0.5711017137400326,Fresno
3,32,0.4,0.0005,4,1,1.8981064704314783,1.057997979412732,-0.8401084910187462,0.6892659289350664,1.228971728227436,0.560847668911965,Fresno
3,32,0.0,0.0005,4,2,1.8032663132245943,1.0586855945613436,-0.7445807186632507,0.6349284187128864,1.228971728227436,0.516633868891885,Fresno
9,16,0.1,0.005,4,1,0.6054891441844844,1.0587169325939652,0.45322778840948075,0.22738333450240406,1.3029778427333762,0.17451051510239127,Fresno
9,32,0.1,0.005,6,1,0.9202955412991742,1.059294500174706,0.13899895887553182,0.4540332199146468,1.3029778427333762,0.348458128007902,Fresno
6,64,0.1,0.0005,8,2,1.3293984663695833,1.0593116281237778,-0.2700868382458055,0.30464059943852423,1.2611728899944865,0.24155339989892743,Fresno
3,64,0.1,0.0005,8,1,1.8551671107345988,1.0600378721939636,-0.7951292385406352,0.6866948802782952,1.228971728227436,0.5587556365260943,Fresno
6,16,0.2,0.0001,4,1,2.5267570488140056,1.0603536963794342,-1.4664033524345714,0.24171876143510662,1.2611728899944865,0.19166187550714267,Fresno
6,32,0.4,0.005,6,2,1.0268121760904863,1.0620103572117605,0.03519818112127426,0.2986099657237494,1.2611728899944865,0.2367716338439965,Fresno
3,64,0.4,0.0001,6,1,2.475178340474704,1.0621489839687548,-1.4130293565059493,0.6845064299825,1.228971728227436,0.5569749199762095,Fresno
3,32,0.4,0.0001,4,2,2.581755166803871,1.0622700319132223,-1.5194851348906486,0.5134712984020482,1.228971728227436,0.41780562287029616,Fresno
3,8,0.1,0.0001,8,1,3.29163006645087,1.062611179666296,-2.229018886784574,0.5250432198280234,1.228971728227436,0.4272215607313449,Fresno
6,16,0.1,0.001,4,1,1.3312102429297894,1.0629193012577982,-0.2682909416719912,0.21249984457720375,1.2611728899944865,0.16849382528206164,Fresno
3,16,0.2,0.001,4,1,1.655652210396386,1.0631207559091898,-0.5925314544871962,0.5638294006668906,1.228971728227436,0.45878142492350904,Fresno
3,32,0.4,0.0005,4,2,1.8046511044343871,1.0638398222236753,-0.7408112822107118,0.6021080820450303,1.228971728227436,0.489928342707655,Fresno
3,32,0.1,0.0005,4,1,1.7833626483929692,1.064770441159895,-0.7185922072330742,0.5944829394849854,1.228971728227436,0.4837238529013332,Fresno
6,16,0.2,0.0001,8,1,2.6434076593868374,1.0652175991743842,-1.5781900602124532,0.27853141218766014,1.2611728899944865,0.22085109376944964,Fresno
6,16,0.0,0.0001,4,2,2.4477144899618226,1.0652602495894308,-1.3824542403723918,0.23542060154969618,1.2611728899944865,0.18666798455422348,Fresno
3,32,0.2,0.001,8,2,1.7897015229332127,1.0655991211716493,-0.7241024017615634,0.5718453039525787,1.228971728227436,0.46530387218700275,Fresno
9,8,0.4,0.0001,8,2,3.0247253977516544,1.0657154322671003,-1.959009965484554,0.29313243788780996,1.3029778427333762,0.22497116088549834,Fresno
6,64,0.4,0.0005,8,2,1.3939431752106575,1.0661796896416738,-0.3277634855689837,0.37577677513396296,1.2611728899944865,0.2979581769598661,Fresno
12,32,0.2,0.001,8,2,0.7104504973309729,1.0665484833954029,0.35609798606443,0.4149887361493704,0.3633993146471748,1.141963452936844,Fresno
6,16,0.3,0.001,4,2,1.1825357833643186,1.0666034678729772,-0.11593231549134142,0.2694405237812037,1.2611728899944865,0.21364281290757972,Fresno
6,32,0.3,0.0005,4,2,1.3169276181763154,1.0669142137033645,-0.25001340447295095,0.23078835903950093,1.2611728899944865,0.1829950206434503,Fresno
3,64,0.2,0.0005,6,2,1.8376359239279831,1.0672236631134975,-0.7704122608144857,0.6631372224939621,1.228971728227436,0.5395870444069651,Fresno
3,32,0.3,0.0005,4,1,1.818241514861077,1.067640958609952,-0.7506005562511251,0.5772174010120168,1.228971728227436,0.46967508507664857,Fresno
6,16,0.0,0.005,8,2,1.491093955758473,1.0676707587767342,-0.4234231969817388,0.5190710349990294,1.2611728899944865,0.4115780152880535,Fresno
6,8,0.3,0.005,4,2,0.9065397260372563,1.0677043266742707,0.16116460063701443,0.3508739864551335,1.2611728899944865,0.2782124395781037,Fresno
3,64,0.2,0.0001,8,2,2.477269200056008,1.0691059728368446,-1.4081632272191633,0.6591852008259432,1.228971728227436,0.5363713303451624,Fresno
3,16,0.2,0.001,8,1,1.916542231801415,1.069290944396514,-0.847251287404901,0.6717292336915478,1.228971728227436,0.5465782639771485,Fresno
6,32,0.3,0.005,4,2,2.3448906178245412,1.0694282671046595,-1.2754623507198817,0.5654752361829919,1.2611728899944865,0.4483724956896782,Fresno
6,8,0.4,0.0005,6,1,2.0638129891703816,1.06991371167621,-0.9938992774941715,0.39800484860073804,1.2611728899944865,0.31558309868401785,Fresno
6,16,0.3,0.0001,8,1,2.729939535352617,1.0700133564931793,-1.6599261788594375,0.21478716789095062,1.2611728899944865,0.1703074729840487,Fresno
6,32,0.3,0.001,6,2,1.2979712463412214,1.0707276436389142,-0.22724360270230726,0.33251451990276754,1.2611728899944865,0.26365498540348514,Fresno
6,8,0.3,0.001,4,2,1.5366949161997623,1.0707581931960293,-0.465936723003733,0.4212824400424951,1.2611728899944865,0.3340401965382691,Fresno
3,64,0.0,0.0001,8,2,2.4999425704454925,1.0708232425703135,-1.429119327875179,0.5307391765643684,1.228971728227436,0.4318562944729911,Fresno
3,64,0.4,0.0001,6,2,2.4538066896789235,1.0708976258482719,-1.3829090638306516,0.7593622594117604,1.228971728227436,0.6178842376683472,Fresno
6,16,0.4,0.001,4,2,1.3660747675369551,1.0709480539877576,-0.2951267135491975,0.2521901526627506,1.2611728899944865,0.19996477458681583,Fresno
9,32,0.3,0.0001,6,1,2.428982040962604,1.0721173380157192,-1.3568647029468848,0.14931554136639255,1.3029778427333762,0.11459561050797275,Fresno
3,32,0.1,0.0005,4,2,1.7156636056494143,1.07225953942573,-0.6434040662236844,0.6286802456474037,1.228971728227436,0.5115498031465365,Fresno
3,16,0.3,0.001,8,2,1.9116562036384068,1.0724501451338708,-0.839206058504536,0.5774171881510762,1.228971728227436,0.46983764954780005,Fresno
3,32,0.3,0.001,8,1,1.7250369366151423,1.0730796223844208,-0.6519573142307216,0.515156965266701,1.228971728227436,0.4191772303905798,Fresno
6,8,0.3,0.005,8,1,0.9878366449292793,1.073347210890332,0.08551056596105266,0.2716170665273155,1.2611728899944865,0.21536862129069625,Fresno
3,16,0.3,0.001,6,2,1.8617297821945713,1.073645652716342,-0.7880841294782293,0.4077561549210335,1.228971728227436,0.33178644028625964,Fresno
3,8,0.0,0.001,6,2,1.6987756746481235,1.0744023054335798,-0.6243733692145437,0.4688472390778681,1.228971728227436,0.3814955448601681,Fresno
3,8,0.0,0.001,8,1,1.913160627480716,1.075159601207881,-0.838001026272835,0.61957159189493,1.228971728227436,0.504138197538968,Fresno
9,64,0.3,0.001,6,1,1.1352510455483835,1.0759713160480584,-0.05927972950032512,0.35108190327976885,1.3029778427333762,0.2694457969778458,Fresno
6,16,0.4,0.0001,6,2,2.8047380503883557,1.0761152202094388,-1.7286228301789168,0.2836770181155292,1.2611728899944865,0.22493111005325317,Fresno
6,32,0.4,0.001,4,1,0.7787340837350277,1.0761632181063578,0.2974291343713301,0.36688199392426474,1.2611728899944865,0.29090539198465376,Fresno
6,64,0.3,0.005,6,2,1.1594230296362484,1.0761910464333895,-0.08323198320285896,0.39816151421089835,1.2611728899944865,0.3157073208357967,Fresno
3,64,0.4,0.0005,6,1,1.8565297730486108,1.076938611911985,-0.7795911611366257,0.6831026475223585,1.228971728227436,0.5558326785170294,Fresno
6,32,0.3,0.001,8,1,1.3191331491390554,1.0769980890879538,-0.24213506005110164,0.3590221533074368,1.2611728899944865,0.2846732245481477,Fresno
3,64,0.3,0.0005,8,1,1.8896264643354765,1.0773121648386814,-0.8123142994967951,0.6176211697464908,1.228971728227436,0.5025511617238706,Fresno
6,32,0.4,0.0001,8,1,2.729025363490334,1.0774673539550503,-1.6515580095352835,0.1928955206234477,1.2611728899944865,0.15294930786554647,Fresno
6,64,0.0,0.0005,8,1,1.3648160398777465,1.0774811724717204,-0.2873348674060261,0.2786121984348813,1.2611728899944865,0.2209151502107687,Fresno
6,16,0.0,0.0001,8,1,2.7890877297187284,1.0779228956641103,-1.7111648340546182,0.45421142039298174,1.2611728899944865,0.3601500032203891,Fresno
3,16,0.3,0.0005,4,2,1.857179932724023,1.078109967896179,-0.7790699648278441,0.48341270900841543,1.228971728227436,0.39334729831877313,Fresno
6,8,0.2,0.0005,4,1,1.4949611870078112,1.0781553940228956,-0.4168057929849156,0.39537777735816715,1.2611728899944865,0.31350006053483725,Fresno
6,8,0.0,0.0005,6,2,1.4459371131388485,1.0783535740120445,-0.3675835391268041,0.5689444770066844,1.2611728899944865,0.4511233007943674,Fresno
3,32,0.4,0.001,6,1,1.8186665474256911,1.0787164371488727,-0.7399501102768185,0.5150635212500995,1.228971728227436,0.4191011960812013,Fresno
6,32,0.3,0.0001,4,1,2.126457815902374,1.0788635268915343,-1.0475942890108396,0.32605324465679286,1.2611728899944865,0.25853175820978697,Fresno
6,32,0.2,0.0005,6,1,1.4540403049824289,1.0794874348765684,-0.37455287010586047,0.38702144866370747,1.2611728899944865,0.3068742213967186,Fresno
3,8,0.1,0.001,4,2,1.788006870684229,1.079719686528171,-0.7082871841560578,0.41865975833068525,1.228971728227436,0.34065857555122475,Fresno
9,64,0.3,0.005,6,1,1.1582211010646561,1.0801705825314776,-0.07805051853317857,0.43965024511101936,1.3029778427333762,0.3374195866513928,Fresno
3,16,0.0,0.0005,4,1,1.7796267495469469,1.0802215139794877,-0.6994052355674591,0.6325921315243017,1.228971728227436,0.5147328591819591,Fresno
3,32,0.3,0.0005,6,2,1.8708580611239305,1.0803115570078958,-0.7905465041160347,0.6081142313455332,1.228971728227436,0.4948154765306321,Fresno
3,32,0.0,0.0005,6,2,1.9009359783983961,1.0803121918396252,-0.8206237865587709,0.7535133150516858,1.228971728227436,0.6131250196768068,Fresno
3,64,0.4,0.0005,4,2,1.7420895760798802,1.080532256830695,-0.6615573192491853,0.6507841053838855,1.228971728227436,0.5295354567045419,Fresno
6,16,0.4,0.0001,6,1,2.697504222111882,1.0806377410980426,-1.6168664810138396,0.21943176607918097,1.2611728899944865,0.17399023386883955,Fresno
3,64,0.0,0.0005,6,2,1.7775818196348263,1.0806992646455618,-0.6968825549892645,0.6130477213267926,1.228971728227436,0.49882979994259136,Fresno
6,64,0.2,0.0001,8,1,2.156003957413424,1.0815398917874464,-1.0744640656259778,0.4319601376134396,1.2611728899944865,0.3425066785374113,Fresno
3,16,0.3,0.001,6,1,1.854028329313188,1.0817616388390099,-0.7722666904741782,0.5237085115548408,1.228971728227436,0.42613552413463024,Fresno
3,64,0.2,0.0005,6,1,1.8329684901587098,1.0822439027341582,-0.7507245874245516,0.6066496722719348,1.228971728227436,0.4936237818480288,Fresno
6,32,0.0,0.0001,4,1,2.1140653308148933,1.082367188007821,-1.0316981428070724,0.4991256764834702,1.2611728899944865,0.3957630872367168,Fresno
3,64,0.4,0.0005,8,2,1.8425548098205649,1.0826746194982981,-0.7598801903222667,0.661609783369004,1.228971728227436,0.538344184957984,Fresno
6,16,0.0,0.001,8,2,1.4124549248760399,1.0828445925233496,-0.3296103323526902,0.33250749882369035,1.2611728899944865,0.2636494183007248,Fresno
6,8,0.1,0.0001,6,2,2.815442036830974,1.082940436851242,-1.7325015999797317,0.26862660918175263,1.2611728899944865,0.2129974496858452,Fresno
9,64,0.1,0.005,6,1,0.4834811904895684,1.0830201887574753,0.5995389982679069,0.5406689496871236,1.3029778427333762,0.414948690572445,Fresno
6,32,0.3,0.005,4,1,0.7390765408865063,1.0835459130779665,0.34446937219146023,0.40572307307539035,1.2611728899944865,0.321702976883022,Fresno
3,32,0.1,0.001,6,1,1.7168185075566347,1.0836809466817123,-0.6331375608749223,0.5254396733021378,1.228971728227436,0.42754415031173026,Fresno
3,32,0.2,0.001,8,1,1.8533701590818215,1.0844326863159783,-0.7689374727658431,0.6114336277086134,1.228971728227436,0.4975164307404314,Fresno
3,64,0.3,0.001,8,2,1.6938319279738592,1.0845197710524106,-0.6093121569214486,0.6093291407316812,1.228971728227436,0.49580403416645363,Fresno
3,64,0.1,0.0001,8,2,2.4730259497150704,1.0848591010280766,-1.3881668486869938,0.7638410032658983,1.228971728227436,0.6215285394462227,Fresno
3,64,0.0,0.0001,6,2,2.3631549306719997,1.0849456454985023,-1.2782092851734974,0.6559110630009459,1.228971728227436,0.533707202481359,Fresno
9,64,0.2,0.005,8,1,0.47256724131569483,1.0849903856605994,0.6124231443449045,0.3955132616567505,1.3029778427333762,0.3035456541816905,Fresno
6,32,0.4,0.005,8,2,0.6448018693164038,1.0850744139807489,0.44027254466434507,0.3638062765372827,1.2611728899944865,0.2884666166102517,Fresno
3,32,0.1,0.0005,6,1,1.9448418507393703,1.0852193437885769,-0.8596225069507935,0.6589711090991469,1.228971728227436,0.5361971263973587,Fresno
3,32,0.3,0.001,8,2,1.7893667940602738,1.0858937916342737,-0.7034730024260001,0.46162542812634605,1.228971728227436,0.3756192412921941,Fresno
9,64,0.3,0.005,4,1,0.8566158355970116,1.0859549070467507,0.22933907144973908,0.2647942777493935,1.3029778427333762,0.20322239493644056,Fresno
3,8,0.2,0.001,6,1,1.9100364483753658,1.086089440703885,-0.8239470076714808,0.4759627243534373,1.228971728227436,0.38728533246238733,Fresno
6,16,0.4,0.001,6,1,1.3747494573743433,1.0864094298989875,-0.2883400274753558,0.3546767117431209,1.2611728899944865,0.2812276687494222,Fresno
6,8,0.3,0.0005,4,2,2.0521487676503782,1.0865418932912108,-0.9656068743591675,0.3955237530844089,1.2611728899944865,0.3136158065419072,Fresno
3,16,0.0,0.0005,4,2,1.8725672439294798,1.0872188685735462,-0.7853483753559336,0.65502026408519,1.228971728227436,0.5329823697652796,Fresno
6,16,0.2,0.001,6,1,1.3552097784663588,1.0872439019602247,-0.2679658765061341,0.2694462942266553,1.2611728899944865,0.21364738836705666,Fresno
3,32,0.0,0.0001,4,1,2.460295239716354,1.087251593275522,-1.3730436464408322,0.7134706098344973,1.228971728227436,0.5805427362137504,Fresno
6,16,0.3,0.001,6,2,1.1768293803854812,1.0874069710701824,-0.08942240931529888,0.36472227974428517,1.2611728899944865,0.28919292718532796,Fresno
6,32,0.3,0.0005,6,2,1.3979160794662635,1.0874118885348985,-0.31050419093136505,0.37175626070574863,1.2611728899944865,0.2947702600135766,Fresno
3,8,0.3,0.001,8,2,1.9869432406578784,1.0875310063867063,-0.8994122342711721,0.4830722630862899,1.228971728227436,0.39307028143196765,Fresno
6,32,0.1,0.0005,4,2,1.211339720296834,1.087842858400792,-0.12349686189604192,0.26339374734617704,1.2611728899944865,0.2088482470847661,Fresno
6,32,0.4,0.005,8,1,1.1630933033636184,1.0878512071521453,-0.07524209621147304,0.4441445809218152,1.2611728899944865,0.352167878365794,Fresno
3,64,0.1,0.0005,6,1,1.8207462770837728,1.0880317794811734,-0.7327144976025994,0.5754832314482284,1.228971728227436,0.4682640114742561,Fresno
3,32,0.0,0.001,8,1,1.7033621389723943,1.0888041116265075,-0.6145580273458868,0.5916887440592441,1.228971728227436,0.48145024858516927,Fresno
3,64,0.2,0.0005,8,1,1.9157167606982968,1.0888688844815833,-0.8268478762167135,0.720393006807599,1.228971728227436,0.5861754101102329,Fresno
3,64,0.3,0.0005,6,2,1.8069718308216047,1.0894603140353583,-0.7175115167862465,0.6032408477376485,1.228971728227436,0.4908500609755374,Fresno
3,16,0.3,0.001,8,1,1.8646357976798797,1.0898701669791564,-0.7747656307007234,0.4858411991948206,1.228971728227436,0.39532333253553076,Fresno
6,16,0.4,0.0005,4,2,1.4716906261679843,1.0898904069546167,-0.3818002192133676,0.343083997290844,1.2611728899944865,0.27203565824535275,Fresno
6,32,0.3,0.001,8,2,1.3567206273255172,1.0900815662710719,-0.26663906105444535,0.26253450505488984,1.2611728899944865,0.20816694296056235,Fresno
6,8,0.3,0.0005,8,1,2.331698380674742,1.0900898679754538,-1.2416085126992884,0.3054613875515349,1.2611728899944865,0.2422042132168495,Fresno
3,32,0.4,0.001,4,2,1.6643765225005152,1.0904274778266683,-0.5739490446738469,0.5883773979291878,1.228971728227436,0.4787558447563421,Fresno
3,64,0.4,0.0005,8,1,1.899344453545752,1.0908714020632369,-0.8084730514825151,0.6755965539786586,1.228971728227436,0.5497250575105429,Fresno
6,16,0.3,0.0001,4,1,2.6623524886321435,1.0912712085774086,-1.571081280054735,0.27895706132479,1.2611728899944865,0.22118859637556076,Fresno
6,16,0.4,0.005,8,2,0.8085490987341309,1.092143840458364,0.28359474172423316,0.25730222284252535,1.2611728899944865,0.20401819995008788,Fresno
3,64,0.1,0.0005,6,2,1.8016030717424785,1.0922025639171904,-0.7094005078252881,0.7091930010269939,1.228971728227436,0.5770620956837416,Fresno
9,32,0.3,0.005,6,2,0.7493093937862708,1.092302420861064,0.3429930270747933,0.15203221801970135,1.3029778427333762,0.11668058583465196,Fresno
3,16,0.0,0.001,8,1,1.74034205489163,1.0927687421051446,-0.6475733127864853,0.6292301817204542,1.228971728227436,0.5119972797323842,Fresno
6,16,0.0,0.001,6,2,1.2604691236659349,1.0931364871157465,-0.16733263655018837,0.23118073653479068,1.2611728899944865,0.18330614174223278,Fresno
9,32,0.0,0.005,8,2,0.5073391421612198,1.0931994330584123,0.5858602908971925,0.5948047030432005,1.3029778427333762,0.45649640656622686,Fresno
3,64,0.3,0.0005,8,2,1.8678923989466871,1.0935769905865684,-0.7743154083601187,0.6518826365402385,1.228971728227436,0.5304293187284775,Fresno
3,64,0.1,0.0001,4,1,2.175548959010106,1.0938742562274382,-1.0816747027826679,0.693720089011806,1.228971728227436,0.5644719671561271,Fresno
3,64,0.1,0.0005,8,2,1.8453033120031512,1.094234411989323,-0.7510689000138282,0.5795970061657114,1.228971728227436,0.4716113421109147,Fresno
3,64,0.2,0.0005,4,1,1.7249367292591076,1.0942610690703862,-0.6306756601887213,0.7029482293171534,1.228971728227436,0.5719807975819151,Fresno
3,8,0.2,0.001,4,2,1.842005440568707,1.0945414618269675,-0.7474639787417394,0.6817436695055713,1.228971728227436,0.5547268939122467,Fresno
3,64,0.3,0.0001,8,2,2.534932152953949,1.0945743384644369,-1.4403578144895122,0.5213588778997696,1.228971728227436,0.424223654560169,Fresno
6,64,0.4,0.0005,4,1,1.020137178674016,1.09469821821634,0.07456103954232396,0.4210088396993672,1.2611728899944865,0.3338232553517763,Fresno
9,8,0.3,0.0001,8,2,3.246286997921477,1.0948995336122556,-2.1513874643092215,0.14068008691374964,1.3029778427333762,0.1079681344531785,Fresno
3,32,0.2,0.001,6,2,1.687958990675544,1.0953128411344326,-0.5926461495411113,0.6153806158244585,1.228971728227436,0.50072804905938,Fresno
9,32,0.2,0.0001,8,2,2.4957375886824225,1.0953820269108416,-1.4003555617715808,0.15359425347751413,1.3029778427333762,0.11787940549726107,Fresno
3,32,0.4,0.001,8,2,1.7994510045636087,1.0955030820151468,-0.703947922548462,0.5871683501352929,1.228971728227436,0.4777720566299556,Fresno
3,32,0.4,0.001,4,1,1.7737302096871166,1.095592772374186,-0.6781374373129305,0.5480904041940118,1.228971728227436,0.4459747865677355,Fresno
3,32,0.2,0.0005,4,2,1.854574520673113,1.0956177446651871,-0.7589567760079259,0.5973436247998807,1.228971728227436,0.48605155926689886,Fresno
6,8,0.0,0.001,4,1,1.2029653964537337,1.0957762348603295,-0.10718916159340419,0.44107118305060894,1.2611728899944865,0.34973094216490586,Fresno
3,32,0.0,0.001,6,1,1.699400145072664,1.0959304527156517,-0.6034696923570122,0.6114373619629507,1.228971728227436,0.49751946925974927,Fresno
3,16,0.4,0.001,8,2,2.0318249962044765,1.0960150251373189,-0.9358099710671577,0.5827049422285832,1.228971728227436,0.47414023353411644,Fresno
6,32,0.1,0.001,6,1,1.3812042844491021,1.0961634487173781,-0.285040835731724,0.4339712919637868,1.2611728899944865,0.34410134836127343,Fresno
6,8,0.2,0.001,6,2,1.487675857115641,1.0961850044628836,-0.3914908526527574,0.3636355487577292,1.2611728899944865,0.2883312443857867,Fresno
3,64,0.0,0.0005,8,2,1.8266324466313597,1.0961921266584318,-0.7304403199729279,0.696533979295636,1.228971728227436,0.5667615969492295,Fresno
6,16,0.3,0.0001,6,2,2.5640207860866915,1.0967047008819157,-1.4673160852047757,0.2082818761260265,1.2611728899944865,0.1651493445335136,Fresno
3,64,0.4,0.0005,6,2,1.7957893786472396,1.097151013693859,-0.6986383649533807,0.5994555463191465,1.228971728227436,0.4877700052414958,Fresno
6,64,0.1,0.0001,8,1,2.204951749178059,1.0972388591658655,-1.1077128900121935,0.36864317775623906,1.2611728899944865,0.2923018570101445,Fresno
3,64,0.1,0.001,8,2,1.6680234616579708,1.0975436266277934,-0.5704798350301774,0.6358429046370709,1.228971728227436,0.5173779754511981,Fresno
6,32,0.4,0.0005,6,1,1.4647333402384766,1.0975573068221907,-0.3671760334162859,0.4776958901177301,1.2611728899944865,0.37877113749235325,Fresno
3,32,0.2,0.0005,6,2,1.9477746691383748,1.0977627974946484,-0.8500118716437264,0.7266195800333614,1.228971728227436,0.5912419003172478,Fresno
6,64,0.1,0.001,6,1,0.691512632123108,1.0981710302308056,0.40665839810769766,0.6117509079201852,1.2611728899944865,0.48506506346077544,Fresno
3,8,0.2,0.0005,4,2,2.1290775026910627,1.0982328654007687,-1.030844637290294,0.6750128442569504,1.228971728227436,0.5492500996996338,Fresno
6,8,0.2,0.005,8,2,0.9131747349217333,1.0982395436756653,0.18506480875393205,0.31689054597060634,1.2611728899944865,0.25126653806520666,Fresno
6,16,0.4,0.0005,4,1,1.487132800511213,1.0983720719703463,-0.38876072854086674,0.2857098096188413,1.2611728899944865,0.22654293625046945,Fresno
9,64,0.3,0.001,8,1,0.991193583876153,1.0988953401904378,0.1077017563142848,0.24628077639713494,1.3029778427333762,0.18901378697314541,Fresno
3,32,0.4,0.0001,4,1,2.5085422843904777,1.0989271934828906,-1.409615090907587,0.6343109111165158,1.228971728227436,0.516131410143496,Fresno
6,32,0.3,0.005,6,2,0.7255719503345656,1.0993167872910705,0.37374483695650496,0.36234143125041324,1.2611728899944865,0.2873051221803517,Fresno
3,16,0.0,0.0005,6,2,2.12880699362779,1.0996562193309556,-1.0291507742968342,0.690114348400968,1.228971728227436,0.5615380179626508,Fresno
3,16,0.1,0.001,4,1,1.7069038058571375,1.0998209395551213,-0.6070828663020162,0.644597084174549,1.228971728227436,0.5245011495132283,Fresno
6,64,0.3,0.005,4,1,0.8222387772200189,1.0999371438666814,0.2776983666466625,0.33768528541591947,1.2611728899944865,0.26775495104195884,Fresno
3,64,0.3,0.0001,8,1,2.6603575502531442,1.0999593500897886,-1.5603982001633556,0.6269393514934788,1.228971728227436,0.5101332578233697,Fresno
3,64,0.3,0.0005,4,2,1.7529302674748377,1.100112798685898,-0.6528174687889396,0.6583728158444964,1.228971728227436,0.5357103021353283,Fresno
9,16,0.4,0.0001,8,2,2.97518552590787,1.100449684502482,-1.8747358414053878,0.14031876364022,1.3029778427333762,0.10769082868351809,Fresno
3,64,0.4,0.0001,8,2,2.5197030702481547,1.1006886733137817,-1.419014396934373,0.5483162794233495,1.228971728227436,0.44615857861449276,Fresno
9,32,0.2,0.005,4,1,1.6630111082521828,1.1008355717705156,-0.5621755364816672,0.16311258131187187,1.3029778427333762,0.12518446282225001,Fresno
3,16,0.3,0.0005,4,1,1.9981896857574035,1.1009379595026303,-0.8972517262547732,0.6329504567598575,1.228971728227436,0.5150244242581327,Fresno
3,32,0.2,0.0001,4,1,2.3852006072135055,1.101034716109509,-1.2841658911039964,0.4731932700139391,1.228971728227436,0.385031859680314,Fresno
3,16,0.0,0.001,4,1,1.6138244914524291,1.1012856385275618,-0.5125388529248673,0.4416708246840922,1.228971728227436,0.3593824125808984,Fresno
3,16,0.1,0.001,8,2,1.9068484287927103,1.1019040693358755,-0.8049443594568348,0.611105855611744,1.228971728227436,0.49724972639781634,Fresno
9,64,0.3,0.001,4,1,0.9683311602473106,1.1025232366688553,0.13419207642154474,0.3712156354841008,1.3029778427333762,0.2848978879835498,Fresno
6,16,0.2,0.0001,6,1,2.8228129104910713,1.1028990122502844,-1.7199138982407869,0.3252402687486337,1.2611728899944865,0.2578871392882982,Fresno
6,32,0.4,0.005,4,1,1.0182573556566428,1.102995336880211,0.08473798122356824,0.24771925802533887,1.2611728899944865,0.19641974545331514,Fresno
3,16,0.1,0.001,6,2,1.7587754251450014,1.1030459615193962,-0.6557294636256052,0.47898391989339334,1.228971728227436,0.3897436441310484,Fresno
6,64,0.3,0.001,6,2,1.5016883338291447,1.1034322520726882,-0.39825608175645644,0.5288080656421761,1.2611728899944865,0.41929863053469846,Fresno
6,16,0.1,0.0001,6,1,2.880992935076939,1.1034813056451684,-1.7775116294317705,0.2742574335322895,1.2611728899944865,0.21746220181872802,Fresno
6,64,0.0,0.001,8,1,0.9778972852697919,1.1035256617301175,0.12562837646032554,0.536091905594673,1.2611728899944865,0.4250740797298748,Fresno
3,8,0.3,0.001,6,1,1.918286388487477,1.1037842145323855,-0.8145021739550915,0.3984486882105023,1.228971728227436,0.3242130628872893,Fresno
3,64,0.0,0.0005,6,1,1.7836579036975944,1.1039930960734918,-0.6796648076241025,0.6223368355655352,1.228971728227436,0.5063882441487412,Fresno
6,8,0.1,0.001,8,2,2.13912184300337,1.1040264521920695,-1.0350953908113005,0.5326087722521616,1.2611728899944865,0.4223122590705942,Fresno
3,16,0.4,0.001,6,2,1.8815517987199224,1.104792127196525,-0.7767596715233973,0.4961147512871648,1.228971728227436,0.40368280237228765,Fresno
3,64,0.0,0.0005,8,1,1.8235033626628492,1.1048133556156317,-0.7186900070472175,0.654238708620534,1.228971728227436,0.5323464271746529,Fresno
9,32,0.4,0.005,6,1,0.6956608114550111,1.104823225023524,0.4091624135685128,0.5516735460807913,1.3029778427333762,0.42339441852940113,Fresno
9,64,0.4,0.001,8,1,1.209323678833018,1.1049500816851867,-0.10437359714783123,0.2109636610962115,1.3029778427333762,0.16190886304993005,Fresno
3,64,0.0,0.0001,6,1,2.3652844530877446,1.1056958164495907,-1.259588636638154,0.5861869509296177,1.228971728227436,0.47697350351182105,Fresno
6,16,0.1,0.0005,4,2,1.4685887562789184,1.105914490073969,-0.36267426620494936,0.5018123054055031,1.2611728899944865,0.3978933494262606,Fresno
3,64,0.2,0.0001,4,1,2.1877573632002854,1.1059283531424908,-1.0818290100577945,0.7329205626197574,1.228971728227436,0.596368936555489,Fresno
3,8,0.2,0.0005,6,2,2.1475215387301385,1.1067130775943355,-1.040808461135803,0.5750082593197577,1.228971728227436,0.46787753217814104,Fresno
3,32,0.2,0.0005,8,2,1.9502722650145812,1.1073464907502677,-0.8429257742643135,0.6472713256250313,1.228971728227436,0.5266771486750149,Fresno
3,16,0.3,0.001,4,2,1.5914754880271837,1.1073611176253533,-0.4841143704018305,0.41456226070680857,1.228971728227436,0.3373244893963003,Fresno
3,16,0.4,0.001,4,2,1.8389827227691666,1.1074368454872132,-0.7315458772819534,0.6362587069632494,1.228971728227436,0.5177163089674445,Fresno
6,64,0.3,0.001,8,2,1.1558426484426547,1.1074833510068445,-0.048359297435810245,0.43888542810274833,1.2611728899944865,0.34799782931003775,Fresno
9,32,0.2,0.001,4,1,1.0859605604022293,1.1075958751838353,0.021635314781605963,0.3520227222743017,1.3029778427333762,0.27016784992738735,Fresno
3,16,0.2,0.001,6,1,1.7832819868702516,1.1080946274153345,-0.6751873594549171,0.5578369128575758,1.228971728227436,0.4539054072970028,Fresno
6,32,0.3,0.0005,6,1,1.395369317209924,1.1082588206773871,-0.28711049653253684,0.22013123268454732,1.2611728899944865,0.1745448498226993,Fresno
3,64,0.3,0.0005,4,1,1.711837929313421,1.108304998914097,-0.603532930399324,0.5944486025714014,1.228971728227436,0.4836959133541529,Fresno
3,16,0.1,0.0005,6,1,2.091173492544467,1.1083537248632949,-0.9828197676811721,0.6920495201204309,1.228971728227436,0.5631126446810816,Fresno
6,16,0.1,0.005,4,2,0.5931624771219692,1.1084696082464773,0.5153071311245081,0.3946805350633755,1.2611728899944865,0.3129472082650785,Fresno
6,32,0.4,0.0005,4,2,1.3531480435646557,1.1084846826885562,-0.24466336087609952,0.33356164414195183,1.2611728899944865,0.2644852635100728,Fresno
3,8,0.2,0.001,8,2,2.1113387953753513,1.1085610578700449,-1.0027777375053064,0.7029866578699498,1.228971728227436,0.572012066448329,Fresno
3,16,0.2,0.0005,4,1,2.043188712058893,1.1087098583265833,-0.9344788537323097,0.7254819022165326,1.228971728227436,0.5903161851110326,Fresno
9,64,0.0,0.001,8,1,1.0838355722671504,1.1087243153855773,0.024888743118426815,0.328811622666456,1.3029778427333762,0.25235396326976495,Fresno
6,32,0.1,0.001,8,2,1.18692887588013,1.1089520564604696,-0.07797681941966039,0.23453419591927135,1.2611728899944865,0.18596514227347266,Fresno
3,32,0.4,0.0005,6,1,1.9509104991292179,1.1091058192562835,-0.8418046798729344,0.6498578554285391,1.228971728227436,0.5287817778899102,Fresno
3,64,0.2,0.0001,6,1,2.4833040742675867,1.1091521889388447,-1.374151885328742,0.5537254794390221,1.228971728227436,0.45055998174804923,Fresno
9,16,0.3,0.0001,4,1,2.699616416585127,1.1092688254726926,-1.5903475911124345,0.180035111893942,1.3029778427333762,0.13817204405891187,Fresno
3,16,0.2,0.0005,4,2,1.9319310863511308,1.1095323465128444,-0.8223987398382864,0.5627661744380523,1.228971728227436,0.4579162901084293,Fresno
6,8,0.4,0.001,8,1,2.066085612749439,1.1095965133482677,-0.9564890994011712,0.2448898015392659,1.2611728899944865,0.19417623347448937,Fresno
6,64,0.4,0.001,8,1,1.6304094282895052,1.10963693761452,-0.5207724906749851,0.41507716869045824,1.2611728899944865,0.3291199580830451,Fresno
6,64,0.2,0.005,4,2,0.46187121555912874,1.1097607238668947,0.647889508307766,0.25568570934692403,1.2611728899944865,0.2027364458714632,Fresno
6,64,0.3,0.0005,6,1,1.5233161578131926,1.1101903511972377,-0.4131258066159549,0.4327586050929246,1.2611728899944865,0.3431397935415631,Fresno
3,16,0.0,0.005,4,2,0.6436681197902578,1.110241220322955,0.4665731005326972,0.751160170916095,1.228971728227436,0.6112102936651801,Fresno
3,32,0.0,0.001,8,2,1.6776134326702299,1.110297416447987,-0.5673160162222428,0.6383582977641294,1.228971728227436,0.5194247215799204,Fresno
3,64,0.2,0.001,8,1,1.6952465080415364,1.1105157609852587,-0.5847307470562777,0.6291564330873765,1.228971728227436,0.5119372713274846,Fresno
3,32,0.1,0.001,8,2,1.7083404781881277,1.110774424147243,-0.5975660540408847,0.6333828759140137,1.228971728227436,0.5153762786940194,Fresno
3,32,0.1,0.0005,6,2,1.8493642414049516,1.1108340950711826,-0.738530146333769,0.6309917989646566,1.228971728227436,0.5134306871930613,Fresno
3,8,0.2,0.0005,8,2,2.311592767435652,1.1108879172547343,-1.2007048501809177,0.5245788693942578,1.228971728227436,0.426843724184661,Fresno
3,8,0.2,0.001,4,1,1.7476640776641716,1.1112712359497516,-0.63639284171442,0.43274399869802055,1.228971728227436,0.35211875811185145,Fresno
3,32,0.4,0.0005,6,2,1.9999135705207878,1.1114403455345954,-0.8884732249861924,0.6623273232541815,1.228971728227436,0.538928038816211,Fresno
6,32,0.4,0.0001,6,2,2.2238445760086973,1.11158290844842,-1.1122616675602774,0.46121841504812117,1.2611728899944865,0.36570593826365666,Fresno
6,64,0.1,0.0005,8,1,1.3887807718145047,1.1115835955740698,-0.27719717624043483,0.27804421266042584,1.2611728899944865,0.22046478707740172,Fresno
6,64,0.2,0.001,6,2,1.378117816382465,1.1117603960291675,-0.26635742035329746,0.46787490074787386,1.2611728899944865,0.3709839503051158,Fresno
9,8,0.2,0.0001,6,2,3.22386565418494,1.1121505774347777,-2.111715076750162,0.07632722117212996,1.3029778427333762,0.05857906302689794,Fresno
9,32,0.3,0.005,4,2,0.5847114708639822,1.1121541596438704,0.5274426887798882,0.1878162392287122,1.3029778427333762,0.14414384732338414,Fresno
9,64,0.4,0.001,8,2,1.1018933392447687,1.1124082146757504,0.010514875430981618,0.2444943806346916,1.3029778427333762,0.18764277688851047,Fresno
6,16,0.4,0.0001,4,2,2.752382229009009,1.1129885631024499,-1.639393665906559,0.24000752183714566,1.2611728899944865,0.19030501189903862,Fresno
6,32,0.1,0.0001,4,2,2.119603075830965,1.113460562207617,-1.0061425136233482,0.4197369646904326,1.2611728899944865,0.33281476950576344,Fresno
3,8,0.2,0.0005,8,1,2.159233810507471,1.1137180434080391,-1.0455157670994317,0.6158419910159783,1.228971728227436,0.501103464686056,Fresno
6,16,0.0,0.0005,6,2,1.5362009495579019,1.113761593168028,-0.42243935638987384,0.3385077811520092,1.2611728899944865,0.26840711835590525,Fresno
3,32,0.3,0.0005,8,1,1.9693883195967057,1.1140429409171995,-0.8553453786795062,0.7187543165754339,1.228971728227436,0.5848420269293776,Fresno
6,32,0.1,0.0005,6,1,1.4456327230125072,1.1143586421214886,-0.3312740808910186,0.34203767375198546,1.2611728899944865,0.2712060150242214,Fresno
3,32,0.3,0.0005,6,1,1.9453332684819629,1.114476637399916,-0.8308566310820469,0.6641213186882775,1.228971728227436,0.540387792033385,Fresno
9,64,0.1,0.001,8,2,1.32690407866296,1.1145034953903414,-0.21240058327261857,0.4957808682134149,1.3029778427333762,0.38049831083341357,Fresno
6,8,0.1,0.0005,4,2,1.8982149930679963,1.1145392965916656,-0.7836756964763307,0.3847554929231421,1.2611728899944865,0.3050775163148521,Fresno
3,64,0.0,0.0001,4,1,2.093017677571234,1.114555495857309,-0.978462181713925,0.7107442608495879,1.228971728227436,0.5783243377573094,Fresno
3,64,0.2,0.0005,8,2,1.8607742354563481,1.114598471350458,-0.7461757641058901,0.6564138330918666,1.228971728227436,0.534116300656177,Fresno
3,8,0.3,0.001,4,2,2.0189409018507676,1.1146377892046029,-0.9043031126461647,0.5403836679805523,1.228971728227436,0.4397039049547182,Fresno
3,64,0.0,0.0005,4,1,1.6931978277110096,1.1146658274905472,-0.5785320002204624,0.7170726140537833,1.228971728227436,0.5834736451488821,Fresno
3,64,0.0,0.0005,4,2,1.7238640044957574,1.114736719087981,-0.6091272854077763,0.669988049342749,1.228971728227436,0.5451614825257882,Fresno
6,64,0.1,0.005,8,1,1.7120114145025493,1.1147432270044326,-0.5972681874981167,0.4651866720549336,1.2611728899944865,0.36885241963690424,Fresno
3,32,0.1,0.0001,4,1,2.32488465778758,1.1147448996550613,-1.2101397581325186,0.5648751682128806,1.228971728227436,0.45963235381143264,Fresno
9,16,0.2,0.005,4,1,0.7553860301098324,1.1148974765443178,0.3595114464344854,0.24106768087227098,1.3029778427333762,0.18501287816726122,Fresno
6,8,0.1,0.0001,8,1,3.2067297924774554,1.1149709116621598,-2.091758880815296,0.25425695790752495,1.2611728899944865,0.20160357071157506,Fresno
3,8,0.3,0.001,6,2,1.8703006880183755,1.1153840543741174,-0.7549166336442581,0.4558495153480117,1.228971728227436,0.3709194482492207,Fresno
3,32,0.4,0.001,8,1,1.7227053151558582,1.1153943765586003,-0.6073109385972579,0.5340421901962389,1.228971728227436,0.43454391824496713,Fresno
3,64,0.2,0.0001,6,2,2.4042346606802627,1.1154248339120958,-1.288809826768167,0.625850557339778,1.228971728227436,0.5092473186852325,Fresno
3,32,0.2,0.0001,4,2,2.529155113505917,1.115461951805722,-1.4136931617001949,0.6378405207400242,1.228971728227436,0.5190034124381291,Fresno
3,8,0.0,0.0005,6,2,1.9685878926436386,1.115637372052724,-0.8529505205909147,0.7839997137281305,1.228971728227436,0.6379314476655251,Fresno
6,64,0.1,0.0005,6,2,1.2122119210504576,1.115661655693194,-0.09655026535726363,0.30901411963879855,1.2611728899944865,0.2450212196046725,Fresno
9,64,0.4,0.005,4,2,0.5923025455699193,1.115784582410155,0.5234820368402358,0.3345787117536547,1.3029778427333762,0.25678004704345414,Fresno
9,8,0.4,0.0001,8,1,3.8358747803750264,1.1160605497068325,-2.719814230668194,0.17878035574767423,1.3029778427333762,0.13720905289734647,Fresno
9,8,0.3,0.0001,6,2,3.0563087546960213,1.11606341829532,-1.9402453364007013,0.10158611419554686,1.3029778427333762,0.07796457534722183,Fresno
3,8,0.3,0.0005,8,2,2.6154943345820914,1.1162404252360034,-1.499253909346088,0.8128927988330595,1.228971728227436,0.6614414149343426,Fresno
3,32,0.1,0.0005,8,1,2.047634128416876,1.1164920163100251,-0.931142112106851,0.5925432766042092,1.228971728227436,0.4821455717771825,Fresno
9,16,0.4,0.0001,6,2,3.071058136277111,1.116810477841766,-1.9542476584353452,0.13421811559714375,1.3029778427333762,0.10300874749764131,Fresno
3,8,0.1,0.0005,6,1,2.4318765702246874,1.1168597938169902,-1.3150167764076972,0.5863535773749803,1.228971728227436,0.4771090855122328,Fresno
9,64,0.2,0.005,8,2,0.8038498947803882,1.1171152501981636,0.31326535541777545,0.4817654519366812,1.3029778427333762,0.3697418606336679,Fresno
3,16,0.2,0.001,6,2,1.7338919810289977,1.11728582346312,-0.6166061575658777,0.5446091529622097,1.228971728227436,0.44314213293393456,Fresno
3,64,0.1,0.0005,4,1,1.6654885287400194,1.117385960322776,-0.5481025684172434,0.6277205553322788,1.228971728227436,0.5107689143001275,Fresno
3,64,0.1,0.0001,6,2,2.4183875888838946,1.1177607770300921,-1.3006268118538025,0.6818277761036012,1.228971728227436,0.5547953304727453,Fresno
6,32,0.3,0.0001,4,2,2.0100938375316484,1.1178492453106996,-0.8922445922209488,0.4128735849863379,1.2611728899944865,0.32737270858093287,Fresno
12,64,0.0,0.001,4,1,2.2942628576337887,1.1179954722561003,-1.1762673853776884,0.5178712956419204,0.3633993146471748,1.4250750476640903,Fresno
9,64,0.3,0.001,6,2,1.2605295802250427,1.1182306860610998,-0.14229889416394292,0.4617430528298044,1.3029778427333762,0.3543752147474462,Fresno
3,32,0.2,0.0005,8,1,1.9913113039930095,1.1182494982887374,-0.873061805704272,0.7899830915914059,1.228971728227436,0.6428000526349049,Fresno
3,16,0.1,0.0005,8,2,2.097582880531527,1.1183945542591496,-0.9791883262723773,0.905364164274115,1.228971728227436,0.7366842893773766,Fresno
3,64,0.2,0.0005,4,2,1.7414662502769176,1.118501848237673,-0.6229644020392446,0.7086887106810835,1.228971728227436,0.576651760495122,Fresno
3,8,0.4,0.001,6,1,1.9412257267828568,1.1185195201595626,-0.8227062066232942,0.4104437168276224,1.228971728227436,0.33397327814823813,Fresno
6,64,0.1,0.001,8,2,1.782783902976843,1.1185937820870113,-0.6641901208898318,0.4505783966013905,1.2611728899944865,0.35726933252058746,Fresno
9,16,0.2,0.005,6,1,0.7448792935727623,1.1187071079892128,0.3738278144164505,0.17040334065522367,1.3029778427333762,0.13077992201137736,Fresno
3,16,0.4,0.001,8,1,1.8821899846488988,1.1187150907883567,-0.763474893860542,0.4341202791905662,1.228971728227436,0.3532386215398985,Fresno
3,64,0.0,0.001,8,1,1.6844558457738132,1.1192826811491252,-0.565173164624688,0.6020885934178867,1.228971728227436,0.4899124850384377,Fresno
3,16,0.3,0.0005,6,1,1.9984739008355186,1.1194384576171732,-0.8790354432183454,0.4633451285513708,1.228971728227436,0.37701854152467795,Fresno
6,32,0.4,0.005,4,2,1.3140696182961016,1.119830114748241,-0.19423950354786057,0.2075204067036551,1.2611728899944865,0.16454556575868223,Fresno
6,8,0.3,0.0005,6,2,1.9315430771512032,1.119859899881776,-0.8116831772694273,0.3381878916111272,1.2611728899944865,0.26815347387669086,Fresno
3,64,0.4,0.0001,4,1,2.2495561363548755,1.1198859414112587,-1.1296701949436168,0.6757334235681292,1.228971728227436,0.5498364267034437,Fresno
6,32,0.3,0.005,6,1,0.626439556544843,1.1207593790677957,0.4943198225229527,0.4474809202017122,1.2611728899944865,0.35481330414870277,Fresno
3,32,0.3,0.0001,4,1,2.393102050621066,1.120846848556173,-1.272255202064893,0.5686986527780897,1.228971728227436,0.46274347872780786,Fresno
3,64,0.4,0.001,6,2,1.6788805247052077,1.120923738644652,-0.5579567860605557,0.5950050681130553,1.228971728227436,0.4841487028926531,Fresno
3,8,0.1,0.0005,4,2,1.7971532694787165,1.1213136003552469,-0.6758396691234696,0.45979485590365965,1.228971728227436,0.374129725967601,Fresno
6,16,0.1,0.0005,8,1,1.5009090204953426,1.1215314044627538,-0.3793776160325888,0.3504063987507554,1.2611728899944865,0.27784168334944725,Fresno
9,16,0.2,0.0001,6,1,2.772717945917615,1.1215577972388528,-1.6511601486787622,0.09954713504410229,1.3029778427333762,0.07639971439212898,Fresno
3,8,0.3,0.001,4,1,1.8253316293251745,1.1216535328623054,-0.703678096462869,0.4472715053609395,1.228971728227436,0.3639396213011717,Fresno
6,16,0.4,0.0005,6,2,1.5994250363141553,1.121856061099832,-0.4775689752143233,0.4019681804352998,1.2611728899944865,0.3187256748256435,Fresno
9,32,0.3,0.005,4,1,0.9458480282389213,1.122085942922274,0.1762379146833527,0.1968148300240007,1.3029778427333762,0.1510500206289956,Fresno
6,32,0.1,0.005,4,1,0.4517586309451039,1.1224688537552405,0.6707102228101367,0.36697670131287313,1.2611728899944865,0.29098048667576215,Fresno
6,8,0.3,0.0001,4,2,3.0269304486867497,1.1229243726814,-1.9040060760053497,0.5696352254568573,1.2611728899944865,0.4516710040122632,Fresno
6,64,0.1,0.0005,6,1,1.6506353675500258,1.1229892651877884,-0.5276461023622374,0.2524067350835442,1.2611728899944865,0.2001365055386242,Fresno
9,8,0.2,0.0001,6,1,3.1145633175924763,1.1229999673619644,-1.991563350230512,0.1916363438894261,1.3029778427333762,0.14707567358736734,Fresno
3,64,0.0,0.0001,8,1,2.4491459377331157,1.1231003125242458,-1.32604562520887,0.5830132860788874,1.228971728227436,0.47439112933848854,Fresno
9,16,0.0,0.001,4,1,0.8436313299207149,1.1234578677046834,0.2798265377839685,0.28119222012475587,1.3029778427333762,0.2158073690147126,Fresno
3,32,0.2,0.001,4,1,1.5823033057375873,1.1240781840276979,-0.4582251217098894,0.6244734038012512,1.228971728227436,0.5081267448698258,Fresno
9,64,0.1,0.0005,4,2,2.059111314186485,1.124347334973888,-0.934763979212597,0.38895762563850156,1.3029778427333762,0.29851438211915365,Fresno
6,32,0.2,0.005,8,2,0.7176725985583636,1.1248450649803878,0.4071724664220242,0.39093456311677877,1.2611728899944865,0.30997697953885434,Fresno
9,64,0.4,0.005,6,1,0.5663579845030755,1.124992724001114,0.5586347394980384,0.5314600114874346,1.3029778427333762,0.40788108136401013,Fresno
9,16,0.0,0.0001,6,2,2.6109248096032656,1.1250400982602455,-1.48588471134302,0.12633622294406846,1.3029778427333762,0.09695960959630853,Fresno
6,16,0.3,0.001,8,1,1.4572591605539416,1.1250991494136717,-0.33216001114026983,0.21668440589328725,1.2611728899944865,0.17181181708895957,Fresno
9,16,0.1,0.0001,6,2,2.813350978240897,1.1253512087618116,-1.6879997694790854,0.06384840321067459,1.3029778427333762,0.04900191017579695,Fresno
9,64,0.2,0.005,6,2,1.0465511407565995,1.1254965850078507,0.07894544425125116,0.42593570055442653,1.3029778427333762,0.32689404730083677,Fresno
6,64,0.1,0.005,4,2,0.5647433020765343,1.1256101514700398,0.5608668493935055,0.3186240311909934,1.2611728899944865,0.2526410405098276,Fresno
3,32,0.0,0.0005,6,1,1.9528628392388485,1.1256406005295185,-0.82722223870933,0.6842153186303608,1.228971728227436,0.5567380460551478,Fresno
3,32,0.0,0.0005,8,2,1.9576546215407153,1.1256658597420448,-0.8319887617986705,0.669477882910867,1.228971728227436,0.5447463660343633,Fresno
3,16,0.0,0.001,6,2,1.7102511999869638,1.1262487854878198,-0.584002414499144,0.6043863353591822,1.228971728227436,0.49178213092899825,Fresno
9,8,0.4,0.0001,6,2,3.0099984112823415,1.1262559296248356,-1.883742481657506,0.12055484126262696,1.3029778427333762,0.09252255664588126,Fresno
6,32,0.3,0.001,4,1,1.004469925250159,1.1268095402256937,0.1223396149755347,0.350792190423529,1.2611728899944865,0.2781475824659239,Fresno
3,32,0.0,0.0005,8,1,1.9362525707965939,1.1268200471618575,-0.8094325236347364,0.7305052019250264,1.228971728227436,0.5944035856533859,Fresno
3,32,0.1,0.0005,8,2,1.9947611688902387,1.1268900505507318,-0.8678711183395069,0.7326975820039702,1.228971728227436,0.596187499822108,Fresno
6,32,0.2,0.001,8,1,1.3659595770264956,1.1270668166976008,-0.23889276032889484,0.268036248207595,1.2611728899944865,0.21252934497249362,Fresno
3,32,0.1,0.001,6,2,1.691991310405641,1.1272454139442407,-0.5647458964614003,0.4398323365970531,1.228971728227436,0.35788645620955806,Fresno
6,64,0.4,0.0005,8,1,1.4166324760344926,1.1274132140864366,-0.28921926194805603,0.38109608663868716,1.2611728899944865,0.3021759266014299,Fresno
9,64,0.0,0.0005,8,2,1.8010434031343423,1.127860767961141,-0.6731826351732013,0.1574976348248898,1.3029778427333762,0.12087514434972474,Fresno
9,64,0.0,0.0005,4,2,0.8737329951839125,1.128236040103859,0.25450304491994646,0.3725631478846977,1.3029778427333762,0.2859320670435483,Fresno
6,16,0.4,0.005,4,2,1.102641982095667,1.1282846626412235,0.025642680545556518,0.3713476204478288,1.2611728899944865,0.2944462439637854,Fresno
6,16,0.1,0.0005,4,1,1.4440830233133395,1.1282897923467112,-0.31579323096662826,0.5063528546829279,1.2611728899944865,0.40149360860836575,Fresno
3,32,0.4,0.0005,8,1,1.9994522465600786,1.1283124056178444,-0.8711398409422342,0.5680757807343767,1.228971728227436,0.46223665499101496,Fresno
9,64,0.0,0.001,6,1,1.1083471071517375,1.1287262827606483,0.020379175608910893,0.3772815166628525,1.3029778427333762,0.2895532865481384,Fresno
9,64,0.4,0.001,6,2,1.1434098849350407,1.1287749709806596,-0.014634913954381101,0.2401423437720959,1.3029778427333762,0.18430270714989846,Fresno
3,16,0.1,0.0005,4,1,2.037280889244914,1.1289602893545494,-0.9083205998903647,0.7779930247621436,1.228971728227436,0.633043874723021,Fresno
3,32,0.3,0.001,6,1,1.662392165345002,1.129093594816238,-0.5332985705287641,0.5522432725506372,1.228971728227436,0.4493539272438316,Fresno
3,16,0.3,0.0005,6,2,2.1547395223798707,1.1291380688829489,-1.0256014534969218,0.6195037718781757,1.228971728227436,0.5040830131802098,Fresno
3,64,0.3,0.001,6,2,1.5644429194573495,1.1292497702229718,-0.4351931492343777,0.5660181939357166,1.228971728227436,0.4605624205465597,Fresno
9,32,0.0,0.0001,8,2,2.5727413332069387,1.1294288973784867,-1.443312435828452,0.09171875768921582,1.3029778427333762,0.07039164802435087,Fresno
6,8,0.3,0.005,8,2,0.8511013304282694,1.130032933969342,0.2789316035410726,0.19331352057955722,1.2611728899944865,0.15328074533889033,Fresno
6,64,0.4,0.0005,6,2,1.378727266980344,1.1300643557610959,-0.24866291121924822,0.3022186440892702,1.2611728899944865,0.2396330007463064,Fresno
3,16,0.2,0.0005,8,1,2.249138058286841,1.1301172813488631,-1.1190207769379779,0.6567966495789233,1.228971728227436,0.5344277939788173,Fresno
9,64,0.2,0.001,6,2,1.6246945535628199,1.130139801779463,-0.49455475178335684,0.3575669110647393,1.3029778427333762,0.27442286379531855,Fresno
9,16,0.2,0.0001,8,2,2.8376194161369446,1.1307268851012333,-1.7068925310357113,0.1122714477841204,1.3029778427333762,0.08616527779827651,Fresno
6,16,0.1,0.0001,4,2,2.7528014239513103,1.1308320528747347,-1.6219693710765757,0.243434735361614,1.2611728899944865,0.19302249302447202,Fresno
6,16,0.1,0.005,6,1,0.6814021123653919,1.130939808203454,0.44953769583806213,0.23130584642284505,1.2611728899944865,0.1834053429612305,Fresno
6,32,0.0,0.0005,4,1,1.1072716925837132,1.1313053278413256,0.024033635257612485,0.5665349137311483,1.2611728899944865,0.4492127274743632,Fresno
9,16,0.3,0.0001,6,2,3.0481184835161708,1.1313528824178403,-1.9167656010983305,0.1571463817138688,1.3029778427333762,0.12060556715546936,Fresno
9,32,0.1,0.005,6,2,0.7206188293978086,1.1314651012716113,0.4108462718738026,0.4110741247712084,1.3029778427333762,0.3154881927300164,Fresno
3,64,0.4,0.0001,4,2,2.259381517561555,1.1314662139550602,-1.1279153036064946,0.6414310344597509,1.228971728227436,0.5219249716874255,Fresno
6,64,0.0,0.0005,8,2,1.3801806239702537,1.1314983108078163,-0.24868231316243739,0.26362100886265505,1.2611728899944865,0.20902844562715547,Fresno
3,32,0.1,0.001,4,2,1.644368411809423,1.1316280050401388,-0.5127404067692842,0.6324076346683868,1.228971728227436,0.5145827362363474,Fresno
9,64,0.1,0.001,8,1,0.9625840733301141,1.1318915804066687,0.16930750707655462,0.5948505062602591,1.3029778427333762,0.4565315592875982,Fresno
3,32,0.4,0.0005,8,2,1.9901279663591158,1.1323237834684934,-0.8578041828906224,0.6378712441770042,1.228971728227436,0.5190284117414282,Fresno
3,8,0.0,0.001,4,1,1.8438360410965473,1.1327526929676404,-0.711083348128907,0.7790319681469882,1.228971728227436,0.6338892508703984,Fresno
9,32,0.3,0.001,4,2,1.386270348002782,1.13295807486005,-0.25331227314273197,0.32313906248972607,1.3029778427333762,0.24800042785980733,Fresno
3,64,0.3,0.0001,4,2,2.1839539791722284,1.1333491592139204,-1.050604819958308,0.7606806662135338,1.228971728227436,0.618957009947393,Fresno
9,8,0.2,0.0001,4,2,2.840434376761554,1.1336381012702772,-1.7067962754912769,0.29840293497075226,1.3029778427333762,0.2290161238235372,Fresno
3,8,0.4,0.0005,6,1,2.294303417904531,1.1339819638735853,-1.1603214540309459,0.5531613625622608,1.228971728227436,0.4501009664071716,Fresno
9,16,0.4,0.0001,4,1,2.668752133186475,1.1341295333801957,-1.5346225998062795,0.1771899940428143,1.3029778427333762,0.13598849361176132,Fresno
9,64,0.4,0.001,4,2,1.0296927090633499,1.1342035690821153,0.10451086001876542,0.3506456895417981,1.3029778427333762,0.26911101481681104,Fresno
6,8,0.0,0.001,6,2,1.3688245785355482,1.134272210221715,-0.23455236831383308,0.39831608440906,1.2611728899944865,0.3158298815087925,Fresno
6,8,0.3,0.001,4,1,1.5561045273789833,1.1351661150063512,-0.4209384123726321,0.34716907884812487,1.2611728899944865,0.2752747712882114,Fresno
12,32,0.2,0.005,6,1,0.590901279618937,1.1352115341129791,0.5443102544940421,0.1929045352984607,0.3633993146471748,0.530833514327764,Fresno
3,8,0.0,0.001,4,2,1.652033154766811,1.1352263372182791,-0.5168068175485319,0.6280787030303409,1.228971728227436,0.5110603349161075,Fresno
9,32,0.1,0.001,4,1,0.8768183149858139,1.1356290058000151,0.25881069081420127,0.6671567132958097,1.3029778427333762,0.5120246035007424,Fresno
6,32,0.0,0.0005,6,2,1.3566555426090594,1.1357264890281906,-0.22092905358086878,0.3057757411079979,1.2611728899944865,0.2424534681437171,Fresno
6,16,0.1,0.001,4,2,1.2689556115826566,1.1359078316192097,-0.13304777996344685,0.21168230603684057,1.2611728899944865,0.1678455885915578,Fresno
6,16,0.0,0.0001,6,1,2.5853707005319904,1.136698085859203,-1.4486726146727873,0.11017652782122943,1.2611728899944865,0.08736036803146878,Fresno
3,8,0.4,0.0005,6,2,2.277181571827759,1.136901285339281,-1.140280286488478,0.7155339663306043,1.228971728227436,0.5822216653939057,Fresno
3,16,0.2,0.0005,8,2,2.035803137501064,1.137270474735809,-0.898532662765255,0.5440877575909152,1.228971728227436,0.4427178795851236,Fresno
3,64,0.1,0.0001,8,1,2.6049611441031164,1.137451245590037,-1.4675098985130794,0.7207607247905304,1.228971728227436,0.5864746179556907,Fresno
6,32,0.1,0.0005,8,2,1.4113114128454674,1.1374576977766577,-0.2738537150688096,0.427612159013034,1.2611728899944865,0.3390591110905527,Fresno
3,8,0.1,0.001,6,2,1.900799203038637,1.1378299534204759,-0.762969249618161,0.3399598750979299,1.228971728227436,0.2766213959927777,Fresno
3,64,0.1,0.0005,4,2,1.6647956754317104,1.1378936725818118,-0.5269020028498985,0.6557435853497517,1.228971728227436,0.5335709278646632,Fresno
9,64,0.4,0.005,4,1,0.8402200046397733,1.1379336197310943,0.297713615091321,0.23958242469734148,1.3029778427333762,0.18387298451272774,Fresno
6,64,0.4,0.0005,6,1,1.550331911571089,1.1379629409779357,-0.41236897059315325,0.3059666173926093,1.2611728899944865,0.2426048163737066,Fresno
9,8,0.0,0.0001,6,1,3.0489721158781635,1.1380470908361195,-1.910925025042044,0.19955493835684254,1.3029778427333762,0.15315297913141626,Fresno
3,16,0.1,0.001,4,2,1.654757031887634,1.1384847808842093,-0.5162722510034246,0.5174924659103783,1.228971728227436,0.42107760009806355,Fresno
3,8,0.2,0.001,8,1,2.0016146862590185,1.1388631189685126,-0.862751567290506,0.5153223071779336,1.228971728227436,0.4193117671805116,Fresno
3,64,0.0,0.0001,4,2,2.0947281795718893,1.139158871312778,-0.9555693082591112,0.7722086768005573,1.228971728227436,0.6283372180695526,Fresno
9,64,0.3,0.005,8,1,0.915670128905734,1.1392739462317667,0.22360381732603274,0.3396853080473489,1.3029778427333762,0.2606992205905512,Fresno
6,8,0.4,0.005,4,1,1.3796046379254865,1.1394968025422438,-0.24010783538324265,0.23001230481182425,1.2611728899944865,0.18237967739128122,Fresno
3,64,0.3,0.0001,6,1,2.5400479674413403,1.1400079395523721,-1.4000400278889682,0.5599826910777957,1.228971728227436,0.4556514020753488,Fresno
3,16,0.0,0.001,6,1,1.8006015172705119,1.1400509862150223,-0.6605505310554896,0.4977453162884063,1.228971728227436,0.40500957414725214,Fresno
3,32,0.1,0.0001,6,1,2.626177855593232,1.140192194577188,-1.485985661016044,0.5836483986808171,1.228971728227436,0.4749079130751216,Fresno
6,8,0.3,0.001,6,1,1.4127612925392612,1.1402722371632101,-0.27248905537605106,0.33716519937290923,1.2611728899944865,0.2673425682139292,Fresno
6,64,0.3,0.0005,6,2,1.670516961739955,1.140347379121725,-0.53016958261823,0.27789877273969527,1.2611728899944865,0.2203494659173257,Fresno
3,16,0.2,0.001,8,2,1.881274199558314,1.1404476924964886,-0.7408265070618254,0.5660965739083885,1.228971728227436,0.46062619741861593,Fresno
6,8,0.4,0.0005,4,2,2.22241111156783,1.140478744304637,-1.0819323672631933,0.36492469714048076,1.2611728899944865,0.2893534265092521,Fresno
6,64,0.4,0.005,4,1,1.2358972571413527,1.1406849250417803,-0.09521233209957236,0.4315812218485105,1.2611728899944865,0.34220623141558115,Fresno
6,16,0.4,0.005,6,2,1.4999730747363438,1.1408851356180274,-0.3590879391183164,0.24959169106011864,1.2611728899944865,0.1979044213844541,Fresno
3,16,0.4,0.0005,4,1,2.2401939166199965,1.1413577799551127,-1.0988361366648838,0.6140593074079502,1.228971728227436,0.4996529157701756,Fresno
9,8,0.4,0.0001,6,1,3.3707070676182016,1.141730749857341,-2.2289763177608606,0.18266023820242247,1.3029778427333762,0.14018675698984975,Fresno
3,16,0.1,0.0005,6,2,1.9262919043913413,1.1417596191514618,-0.7845322852398795,0.5218010903181092,1.228971728227436,0.4245834776612075,Fresno
9,64,0.1,0.005,8,2,0.5047853673188843,1.1420071831819023,0.637221815863018,0.5639739155661498,1.3029778427333762,0.4328346170361961,Fresno
9,64,0.1,0.005,6,2,0.5984975934395502,1.14214269671099,0.5436451032714398,0.4150183792793225,1.3029778427333762,0.31851530061992483,Fresno
12,8,0.1,0.0001,6,2,3.232843469920191,1.1422597805236718,-2.090583689396519,0.0397700118595794,0.3633993146471748,0.10943887414370111,Fresno
3,64,0.1,0.001,8,1,1.6160454532077178,1.142488022825098,-0.47355743038261977,0.5446097915768142,1.228971728227436,0.44314265256720997,Fresno
9,8,0.3,0.0001,8,1,3.179053887745353,1.1429298143819882,-2.0361240733633648,0.1648838806594535,1.3029778427333762,0.12654388681971862,Fresno
3,16,0.1,0.001,8,1,1.6986861719388864,1.143126135218982,-0.5555600367199043,0.529861433520419,1.228971728227436,0.4311420851679363,Fresno
9,64,0.2,0.005,4,2,0.6323154307223947,1.1432556029545087,0.510940172232114,0.46819830676834556,1.3029778427333762,0.3593294462983062,Fresno
3,64,0.2,0.0001,8,1,2.591255623352264,1.1439156367562358,-1.4473399865960281,0.694563593493894,1.228971728227436,0.5651583169416544,Fresno
9,8,0.3,0.005,4,1,1.400769693494633,1.1439213882996038,-0.2568483051950292,0.3918605641868686,1.3029778427333762,0.30074230837634713,Fresno
9,32,0.4,0.005,6,2,1.6232907274958008,1.1439868128648576,-0.47930391463094324,0.24162418004660424,1.3029778427333762,0.18543997612401988,Fresno
3,16,0.4,0.0005,6,2,2.4096183604104437,1.144342502404407,-1.2652758580060368,0.7096128991664293,1.228971728227436,0.5774037619155931,Fresno
6,8,0.2,0.0001,6,1,2.9180826836620617,1.1445686197622083,-1.7735140638998534,0.1687592256066355,1.2611728899944865,0.13381133304203302,Fresno
6,8,0.4,0.0001,6,1,3.3796642214354824,1.1449538515419602,-2.2347103698935222,0.24352195372004892,1.2611728899944865,0.19309164956845332,Fresno
3,8,0.1,0.0005,8,1,2.326472726906074,1.1450582633882027,-1.1814144635178712,0.782572501396395,1.228971728227436,0.6367701415923627,Fresno
9,64,0.2,0.005,4,1,0.6948959940413263,1.1453174316512846,0.45042143760995834,0.22710536789793365,1.3029778427333762,0.17429718330552257,Fresno
6,32,0.3,0.0005,4,1,1.444399181156945,1.1463158622634322,-0.2980833188935128,0.2628939346762399,1.2611728899944865,0.2084519392716959,Fresno
6,64,0.3,0.0001,6,2,1.9341523737903297,1.1463680252277355,-0.7877843485625942,0.5281843358146091,1.2611728899944865,0.4188040672337305,Fresno
6,32,0.4,0.001,6,1,1.3696983467577322,1.146400258523167,-0.2232980882345652,0.472312927349949,1.2611728899944865,0.3745029179560098,Fresno
9,32,0.4,0.0001,6,1,2.6276334337805936,1.1464666987830894,-1.4811667349975042,0.2034205732286656,1.3029778427333762,0.1561197485921415,Fresno
3,32,0.4,0.0001,6,1,2.8184438801091636,1.1464766549374374,-1.6719672251717261,0.4873160339054951,1.228971728227436,0.39652338838449785,Fresno
3,8,0.3,0.0005,4,1,2.1144356510950506,1.146742685078463,-0.9676929660165876,0.5783722149456768,1.228971728227436,0.47061474374180406,Fresno
3,16,0.4,0.001,6,1,1.9358301026543998,1.1469035642386234,-0.7889265384157764,0.4357410087723823,1.228971728227436,0.354557390348481,Fresno
6,16,0.2,0.0005,4,2,1.4117152566788245,1.1474613687564361,-0.26425388792238835,0.2272680714336983,1.2611728899944865,0.18020373989698735,Fresno
6,32,0.2,0.005,4,1,0.5597513166321877,1.147542320211272,0.5877910035790843,0.34881166778726524,1.2611728899944865,0.276577200917148,Fresno
6,32,0.1,0.005,8,2,0.665460332061528,1.1482170721766383,0.48275674011511027,0.47358689100449036,1.2611728899944865,0.3755130599156478,Fresno
6,32,0.0,0.001,8,1,1.0740373185537042,1.1483793663891895,0.07434204783548526,0.2516445669119239,1.2611728899944865,0.19953217271663998,Fresno
3,8,0.4,0.0005,8,2,2.5168976577055124,1.148557860316911,-1.3683397973886013,0.4015518634917989,1.228971728227436,0.32673808051790015,Fresno
3,16,0.1,0.001,6,1,1.726086443347383,1.1493662957292936,-0.5767201476180894,0.4662870228656005,1.228971728227436,0.37941232670838826,Fresno
6,32,0.0,0.0005,6,1,1.3027082028695969,1.1497202579556411,-0.15298794491395573,0.2897953558815181,1.2611728899944865,0.2297824177641378,Fresno
9,8,0.3,0.0001,4,2,3.103796153253932,1.1498699901199176,-1.9539261631340146,0.0632438291330966,1.3029778427333762,0.0485379160404019,Fresno
3,32,0.3,0.0005,8,2,1.9663894443844538,1.1498809628088533,-0.8165084815756005,0.65298749020725,1.228971728227436,0.5313283253057932,Fresno
3,8,0.1,0.0001,6,2,3.466992517951921,1.1499510982316712,-2.3170414197202502,0.4838908146550058,1.228971728227436,0.3937363273221335,Fresno
9,64,0.2,0.001,6,1,1.296463803350846,1.150557703682165,-0.14590609966868096,0.39543102967198607,1.3029778427333762,0.3034825433734576,Fresno
3,8,0.2,0.001,6,2,1.946420697847575,1.1507877195507235,-0.7956329782968516,0.43056716502634096,1.228971728227436,0.3503474938738862,Fresno
6,8,0.0,0.001,6,1,1.3719079036700017,1.150858176959037,-0.2210497267109648,0.3757827838982173,1.2611728899944865,0.2979629413853481,Fresno
6,16,0.4,0.0005,8,2,1.8767658421101594,1.151107032431039,-0.7256588096791203,0.4919337286678511,1.2611728899944865,0.39006050048380103,Fresno
9,16,0.1,0.0001,8,1,2.6954488028439236,1.1513211092407125,-1.5441276936032111,0.1256775091460153,1.3029778427333762,0.09645406470026387,Fresno
3,64,0.3,0.001,6,1,1.6508242188687958,1.1516738976519514,-0.49915032121684444,0.6023521719245116,1.228971728227436,0.4901269558033634,Fresno
6,8,0.0,0.0005,4,1,1.495955333856531,1.1517158437015373,-0.34423949015499367,0.21631361899393176,1.2611728899944865,0.17151781544787045,Fresno
6,16,0.1,0.005,4,1,0.6060063632301416,1.1519607143819857,0.5459543511518441,0.32996322477531514,1.2611728899944865,0.2616320310982562,Fresno
3,8,0.0,0.0005,8,2,2.4543659606977126,1.1521257126180686,-1.302240248079644,0.6533566118891799,1.228971728227436,0.5316286753247984,Fresno
9,32,0.3,0.005,8,2,0.7281948850086091,1.1522388929019298,0.42404400789332075,0.4985047206700177,1.3029778427333762,0.3825887933936456,Fresno
3,32,0.0,0.0001,4,2,2.238179671833601,1.1523768399983954,-1.0858028318352055,0.7274666423490116,1.228971728227436,0.5919311450705603,Fresno
3,8,0.4,0.005,8,1,1.6193549037874388,1.1525485823487518,-0.46680632143868706,0.28093037984329877,1.228971728227436,0.22858978232842572,Fresno
3,8,0.1,0.001,8,2,2.054172574057068,1.1526115006075108,-0.9015610734495572,0.5034940279010852,1.228971728227436,0.4096872339181326,Fresno
9,16,0.3,0.0001,4,2,2.693081724033674,1.1530610256307459,-1.5400206984029283,0.12162152101021743,1.3029778427333762,0.09334120429483345,Fresno
6,64,0.1,0.0001,6,2,1.8342927183112598,1.1532058800563851,-0.6810868382548747,0.5873635173699613,1.2611728899944865,0.4657279918001798,Fresno
9,8,0.1,0.0001,6,2,2.8760541851595494,1.153364760037605,-1.7226894251219445,0.10665494954818484,1.3029778427333762,0.08185476840070048,Fresno
12,8,0.1,0.0001,6,1,3.0282837194152012,1.1536084229703365,-1.8746752964448647,0.021220869704543142,0.3633993146471748,0.0583954587948151,Fresno
3,8,0.4,0.001,4,1,1.9262282252036278,1.1536961593880461,-0.7725320658155816,0.4160675346537167,1.228971728227436,0.338549313297725,Fresno
6,8,0.0,0.0005,4,2,1.587893199612824,1.1538831725316239,-0.4340100270812002,0.2942074054340576,1.2611728899944865,0.23328078788257475,Fresno
9,64,0.1,0.001,4,1,1.3984907713113155,1.1542129440465205,-0.24427782726479497,0.462377889730692,1.3029778427333762,0.3548624347753446,Fresno
9,16,0.4,0.001,6,2,1.2705156834776157,1.1542252956623897,-0.11629038781522594,0.1965931589875677,1.3029778427333762,0.15087989414705333,Fresno
9,8,0.0,0.0001,8,1,3.02345609975229,1.154304766910092,-1.8691513328421978,0.1226077038085491,1.3029778427333762,0.09409807272803938,Fresno
3,64,0.1,0.0001,4,2,2.2244573590045866,1.1543725766136734,-1.0700847823909132,0.6487286696075928,1.228971728227436,0.5278629725219666,Fresno
3,8,0.0,0.005,6,1,1.3802624039601161,1.1544512324823473,-0.22581117147776886,0.680024489126471,1.228971728227436,0.5533280168350824,Fresno
3,8,0.1,0.001,6,1,1.9137207357297998,1.1546546098516055,-0.7590661258781943,0.5006524826796626,1.228971728227436,0.40737510162399015,Fresno
6,16,0.0,0.005,4,2,0.9029169712731482,1.154763102256297,0.2518461309831488,0.31386077966163894,1.2611728899944865,0.2488641978840911,Fresno
6,64,0.3,0.0001,6,1,1.980077743990569,1.1548280879753186,-0.8252496560152505,0.43947874042969465,1.2611728899944865,0.3484682741884944,Fresno
6,32,0.4,0.001,8,1,1.305709586028716,1.1548378290438317,-0.1508717569848843,0.4824977242863277,1.2611728899944865,0.38257857278270313,Fresno
6,64,0.2,0.005,4,1,1.0784594188052739,1.1550197090900352,0.0765602902847613,0.36588554257994366,1.2611728899944865,0.2901152930598938,Fresno
9,16,0.4,0.0001,4,2,2.6401777356113216,1.1550910117007236,-1.485086723910598,0.06400474686935581,1.3029778427333762,0.049121899674891764,Fresno
3,8,0.4,0.0001,8,1,3.5883851700003486,1.1563794407373285,-2.43200572926302,0.1182243579071218,1.228971728227436,0.09619778485680751,Fresno
6,32,0.4,0.0005,8,1,1.5770900539816224,1.156640494948994,-0.4204495590326285,0.33434054460110546,1.2611728899944865,0.265102863575324,Fresno
6,16,0.2,0.001,8,1,1.5098242915401978,1.156741776118827,-0.3530825154213708,0.31302214105702475,1.2611728899944865,0.24819923068469477,Fresno
3,32,0.3,0.001,4,2,1.6435043116127903,1.1567785082540092,-0.48672580335878113,0.4825909487689569,1.228971728227436,0.39267864157054694,Fresno
3,64,0.3,0.0001,6,2,2.425903248863734,1.1568977814083126,-1.2690054674554214,0.6740291392643606,1.228971728227436,0.5484496703895074,Fresno
3,32,0.3,0.001,4,1,1.604491419609913,1.1570447400741612,-0.4474466795357517,0.5642990668690069,1.228971728227436,0.4591635868490675,Fresno
6,8,0.4,0.001,6,1,1.4873764960496347,1.157098886205269,-0.3302776098443658,0.1920129957867391,1.2611728899944865,0.15224954271541513,Fresno
6,16,0.0,0.0005,4,2,1.3202789527204237,1.1571205049399362,-0.1631584477804875,0.2921167699966736,1.2611728899944865,0.23162309649547783,Fresno
6,16,0.4,0.001,8,1,1.576570234507021,1.1571688057273841,-0.4194014287796368,0.21120042877591003,1.2611728899944865,0.16746350199204912,Fresno
6,64,0.2,0.0005,8,2,1.4040516258842646,1.1571826168260635,-0.24686900905820108,0.39539578173693274,1.2611728899944865,0.3135143364353965,Fresno
3,16,0.0,0.001,4,2,1.6086459289230597,1.1572344050961691,-0.45141152382689054,0.6005251799293881,1.228971728227436,0.48864035366829345,Fresno
3,8,0.3,0.0005,4,2,2.218245923152576,1.157236630625834,-1.0610092925267423,0.5561878051499117,1.228971728227436,0.45256354753750894,Fresno
6,16,0.4,0.005,6,1,0.746323729789608,1.1573867534775317,0.4110630236879237,0.2433269815321057,1.2611728899944865,0.19293705364469851,Fresno
6,64,0.0,0.005,8,2,0.6519570741544272,1.1574753848897381,0.505518310735311,0.40624481640639987,1.2611728899944865,0.32211667379575204,Fresno
9,64,0.4,0.005,6,2,0.9203774704761076,1.1575827915144226,0.23720532103831493,0.4900719984922372,1.3029778427333762,0.37611690883719723,Fresno
3,8,0.4,0.001,4,2,1.842266924315098,1.158048637200355,-0.6842182871147431,0.4142750231351846,1.228971728227436,0.33709076752538447,Fresno
3,8,0.1,0.0001,8,2,2.6678644552306894,1.1580804937258433,-1.509783961504846,0.4092673406477948,1.228971728227436,0.3330160745341857,Fresno
6,32,0.2,0.005,6,1,1.2761368693217867,1.1592034217801337,-0.11693344754165302,0.3032602617310998,1.2611728899944865,0.24045891260192376,Fresno
3,32,0.3,0.0001,4,2,2.3834695987324914,1.1592036401860444,-1.224265958546447,0.6439141910201933,1.228971728227436,0.5239454872968642,Fresno
6,8,0.2,0.001,4,2,1.3475536704398676,1.1600061448477783,-0.18754752559208931,0.09480452641068761,1.2611728899944865,0.07517171290535912,Fresno
6,8,0.1,0.001,4,2,1.3393230323655956,1.1601099952476188,-0.17921303711797676,0.2701956742618524,1.2611728899944865,0.21424158131327548,Fresno
3,8,0.1,0.001,8,1,1.973285564652632,1.1605349762152555,-0.8127505884373765,0.6292906820269696,1.228971728227436,0.5120465081280632,Fresno
3,16,0.0,0.0005,6,1,2.131274592384244,1.160555704812254,-0.9707188875719903,0.7611330187114189,1.228971728227436,0.6193250839132095,Fresno
3,64,0.2,0.0001,4,2,2.1713993277496577,1.1606126856339956,-1.0107866421156622,0.7083000034785768,1.228971728227436,0.57633547396584,Fresno
6,8,0.0,0.0001,8,2,2.8263247695357223,1.1607156088607125,-1.6656091606750099,0.12023960695752645,1.2611728899944865,0.09533951126879368,Fresno
9,32,0.4,0.0001,8,1,2.8114132682719326,1.1607358752864643,-1.6506773929854683,0.032642577121164106,1.3029778427333762,0.02505228872709514,Fresno
9,32,0.3,0.005,8,1,1.018703031447901,1.1608736744297183,0.14217064298181725,0.44444806853984764,1.3029778427333762,0.3411017854359581,Fresno
3,8,0.0,0.0005,4,1,2.077397737089348,1.1613011592671585,-0.9160965778221897,0.7303692529468386,1.228971728227436,0.5942929655511775,Fresno
3,8,0.4,0.001,6,2,1.9441366394419812,1.1614849237765037,-0.7826517156654775,0.3183298941010655,1.228971728227436,0.25902133205309563,Fresno
9,16,0.2,0.005,6,2,1.4056204886136385,1.1615051205351077,-0.24411536807853085,0.4488537581089492,1.3029778427333762,0.34448303216526494,Fresno
9,16,0.0,0.0001,4,2,2.5639166924853565,1.1617429088851559,-1.4021737836002006,0.07772550371475319,1.3029778427333762,0.059652206787876964,Fresno
3,8,0.1,0.0005,8,2,2.555961452676759,1.1621361841541498,-1.3938252685226094,0.6679886500515357,1.228971728227436,0.543534594579312,Fresno
3,8,0.3,0.0005,8,1,2.4955889672418947,1.1621798829285976,-1.333409084313297,0.6780206188462959,1.228971728227436,0.551697490896894,Fresno
3,32,0.0,0.0001,6,1,2.577250161778972,1.162520882745831,-1.4147292790331407,0.6871308168162585,1.228971728227436,0.5591103530162711,Fresno
12,16,0.3,0.0001,8,1,3.1178401268614895,1.1627410860501313,-1.9550990408113582,0.03297532784369071,0.3633993146471748,0.09074130444001122,Fresno
6,16,0.0,0.005,6,2,0.7573062880815428,1.1629091565518432,0.40560286847030047,0.30617896000026157,1.2611728899944865,0.24277318552383417,Fresno
6,16,0.1,0.001,6,2,1.2882643686968815,1.16318031523039,-0.12508405346649165,0.39376740953666955,1.2611728899944865,0.31222317943925276,Fresno
3,16,0.3,0.0001,6,2,2.773953126536232,1.1636142391984683,-1.6103388873377635,0.4729379885109825,1.228971728227436,0.3848241400907635,Fresno
3,16,0.0,0.0005,8,1,2.0930322989554644,1.163812506154928,-0.9292197928005363,0.758040766200155,1.228971728227436,0.6168089540135219,Fresno
9,16,0.2,0.005,8,2,1.811598103333489,1.1644741340974765,-0.6471239692360125,0.4994894722494888,1.3029778427333762,0.3833445634053637,Fresno
9,64,0.1,0.005,4,2,0.6327497092497752,1.1645008676251971,0.5317511583754219,0.2705270533795067,1.3029778427333762,0.20762214406654628,Fresno
6,16,0.2,0.0001,8,2,3.0359581314059696,1.164633997956296,-1.8713241334496735,0.3527230499741733,1.2611728899944865,0.279678585523445,Fresno
3,8,0.0,0.001,8,2,2.0768479287999564,1.1648436524142018,-0.9120042763857545,0.7178909050717412,1.228971728227436,0.5841394790319269,Fresno
9,8,0.2,0.005,4,1,0.6959043977528839,1.1648572613851689,0.46895286363228494,0.41185659130048025,1.3029778427333762,0.3160887144761348,Fresno
9,8,0.3,0.0005,8,2,3.032577495237178,1.1649842138562372,-1.8675932813809406,0.13018451162385197,1.3029778427333762,0.09991306632716944,Fresno
9,16,0.2,0.0001,8,1,2.5853539058456034,1.165358439019425,-1.4199954668261785,0.31599666309890884,1.3029778427333762,0.24251883089279064,Fresno
3,32,0.2,0.001,4,2,1.4756542935339756,1.165655229922547,-0.3099990636114285,0.6093346405273583,1.228971728227436,0.4958085092862231,Fresno
9,32,0.4,0.0001,8,2,2.561731066732737,1.1660681353215854,-1.3956629314111517,0.096946658412787,1.3029778427333762,0.07440391941693582,Fresno
3,64,0.3,0.001,8,1,1.6750476633882234,1.166373027962344,-0.5086746354258793,0.6057640315556967,1.228971728227436,0.4929031462988974,Fresno
3,64,0.2,0.001,6,1,1.612451007181732,1.166688213467416,-0.44576279371431604,0.5590567466690994,1.228971728227436,0.45489797188047215,Fresno
6,32,0.1,0.0005,4,1,1.2724919444110108,1.16683785492323,-0.10565408948778088,0.18212004798482426,1.2611728899944865,0.14440529877360464,Fresno
3,32,0.0,0.001,6,2,1.6515236660660466,1.1670609334454995,-0.48446273262054707,0.6198361764711824,1.228971728227436,0.504353486931047,Fresno
3,8,0.0,0.0001,8,2,3.874046959459401,1.1672482420689179,-2.706798717390483,0.5611644058790294,1.228971728227436,0.45661294966354116,Fresno
9,8,0.0,0.0001,8,2,3.1017869723423557,1.1674141875573478,-1.9343727847850078,0.28532468173065606,1.3029778427333762,0.21897892072523986,Fresno
6,64,0.1,0.0005,4,2,0.9909447907257254,1.1676196305567588,0.17667483983103338,0.4807314591502306,1.2611728899944865,0.38117807872664644,Fresno
3,8,0.4,0.0005,8,1,2.8422598675020923,1.168294776015401,-1.6739650914866913,0.545294001425461,1.228971728227436,0.4436993861624031,Fresno
3,32,0.3,0.0001,6,1,2.77023049657329,1.1685695245668977,-1.6016609720063921,0.48266745884113704,1.228971728227436,0.39274089692632347,Fresno
3,64,0.4,0.0001,8,1,2.532662465982283,1.1686036259949852,-1.364058839987298,0.5215658217976752,1.228971728227436,0.4243920424027469,Fresno
6,32,0.4,0.005,6,1,1.7374299634080876,1.1686394934185507,-0.568790469989537,0.17911743351500603,1.2611728899944865,0.14202448763054928,Fresno
6,64,0.2,0.0005,6,1,1.1717342651470044,1.168889412971689,-0.002844852175315493,0.6640499981479182,1.2611728899944865,0.5265336762438821,Fresno
3,32,0.1,0.001,4,1,1.595193955655708,1.169607785959291,-0.42558616969641694,0.5693999496868051,1.228971728227436,0.463314115865024,Fresno
3,64,0.3,0.0001,4,1,2.084344719065159,1.169633722553198,-0.9147109965119611,0.7553870654828531,1.228971728227436,0.6146496686073967,Fresno
9,32,0.2,0.0001,8,1,2.600531656150975,1.1698671827521268,-1.4306644733988483,0.18123384800059936,1.3029778427333762,0.13909204136611292,Fresno
9,8,0.0,0.0001,6,2,2.9565367602331447,1.1699492444396187,-1.786587515793526,0.3414726928545456,1.3029778427333762,0.2620709897400918,Fresno
3,16,0.4,0.0005,8,2,2.3963735382762597,1.17007762321273,-1.2262959150635298,0.49487399117917186,1.228971728227436,0.4026732103047935,Fresno
9,64,0.0,0.001,4,2,1.568715233134355,1.1701966337336356,-0.39851859940071943,0.62877346441862,1.3029778427333762,0.4825665055820015,Fresno
6,16,0.1,0.0005,6,2,1.387511894134079,1.1702153827277213,-0.21729651140635764,0.18383184316779938,1.2611728899944865,0.14576260291212179,Fresno
9,8,0.2,0.0001,8,2,3.4433660310303447,1.1703694109409923,-2.2729966200893523,0.0351533533857881,1.3029778427333762,0.026979241114372048,Fresno
6,64,0.3,0.0001,4,2,1.8052016992506357,1.1705162876775759,-0.6346854115730598,0.5065072938855871,1.2611728899944865,0.4016160654133641,Fresno
6,64,0.3,0.0001,8,1,2.109335330696285,1.1710895068338116,-0.9382458238624736,0.40755315134371445,1.2611728899944865,0.3231540691819788,Fresno
6,64,0.0,0.001,4,2,1.3587217543462666,1.171219717164523,-0.18750203718174352,0.48391006066025266,1.2611728899944865,0.38369843222872335,Fresno
6,16,0.2,0.0005,8,1,1.8586186809603638,1.1712241278685451,-0.6873945530918186,0.5621146979072162,1.2611728899944865,0.4457078822156363,Fresno
6,64,0.4,0.005,8,2,0.7241365615607759,1.1715097162508517,0.44737315469007577,0.43071275249985636,1.2611728899944865,0.34151761104041756,Fresno
3,32,0.1,0.0001,4,2,2.3377762473317554,1.1715555584440154,-1.16622068888774,0.6162037376724843,1.228971728227436,0.5013978137326592,Fresno
9,64,0.3,0.0005,4,1,1.3211855345192265,1.1717800054176652,-0.14940552910156124,0.14750637951043594,1.3029778427333762,0.1132071280667354,Fresno
6,64,0.4,0.0001,4,2,1.9081643555137902,1.1718426548228429,-0.7363217006909473,0.513761483069251,1.2611728899944865,0.4073680041374002,Fresno
9,32,0.1,0.001,6,2,1.2770184157458702,1.1719983467348936,-0.1050200690109766,0.38031842850417347,1.3029778427333762,0.29188403365812005,Fresno
6,64,0.0,0.001,6,1,1.6283040386936856,1.1729368182343105,-0.45536722045937505,0.5560364698237952,1.2611728899944865,0.44088837798140906,Fresno
9,32,0.4,0.005,4,2,1.1776594145887833,1.173485050570715,-0.004174364018068255,0.33219137906018037,1.3029778427333762,0.25494783423431977,Fresno
9,64,0.4,0.001,6,1,1.1525056810878735,1.1741447277375254,0.021639046649651883,0.420639183471333,1.3029778427333762,0.32282911472149023,Fresno
3,64,0.4,0.001,8,1,1.6431838404578478,1.1743155502307272,-0.4688682902271206,0.6137297235895804,1.228971728227436,0.4993847372508494,Fresno
6,32,0.2,0.005,6,2,1.1772209831465346,1.174687830267552,-0.002533152878982481,0.3504342040480744,1.2611728899944865,0.2778637305227885,Fresno
9,16,0.3,0.001,6,1,1.5045318011209072,1.1751531889706992,-0.329378612150208,0.187389485886422,1.3029778427333762,0.1438163257583244,Fresno
3,32,0.4,0.0001,6,2,2.8266182662558283,1.1756485397684833,-1.650969726487345,0.4753219210137805,1.228971728227436,0.38676391823865985,Fresno
3,16,0.2,0.0001,4,1,2.6535381155216036,1.1758334048874768,-1.4777047106341268,0.4231231631768551,1.228971728227436,0.3442903961567382,Fresno
6,64,0.2,0.005,8,1,0.5677108476849638,1.1758431215313148,0.6081322738463509,0.4279710916399072,1.2611728899944865,0.33934371332845426,Fresno
6,16,0.3,0.0005,4,2,1.4252515966604724,1.1761005661279569,-0.24915103053251553,0.34341588962342207,1.2611728899944865,0.2722988198905254,Fresno
3,8,0.1,0.0005,4,1,2.163228167798787,1.1762089695294091,-0.9870191982693779,0.5030960111487726,1.228971728227436,0.40936337231646114,Fresno
9,64,0.3,0.0005,4,2,1.2896100398823616,1.176213576305262,-0.11339646357709965,0.36143790158235795,1.3029778427333762,0.27739374356829927,Fresno
6,16,0.3,0.005,4,2,0.7868891636431549,1.1764092756975681,0.3895201120544133,0.2643893335928862,1.2611728899944865,0.20963766006264378,Fresno
3,32,0.2,0.001,6,1,1.7172361423450875,1.1764631269531278,-0.5407730153919597,0.48383994228562605,1.228971728227436,0.3936949330669108,Fresno
6,32,0.3,0.005,8,2,1.1413676959730756,1.176719496211197,0.035351800238121456,0.33967699379381733,1.2611728899944865,0.2693342019073232,Fresno
6,64,0.3,0.0001,4,1,1.7831301919470455,1.176853608250393,-0.6062765836966524,0.48088673197524306,1.2611728899944865,0.38130119652139477,Fresno
6,64,0.2,0.001,8,1,1.6861659733769094,1.1770505204997954,-0.509115452877114,0.49519111074976885,1.2611728899944865,0.3926433201017615,Fresno
3,32,0.1,0.001,8,1,1.6017337340848912,1.1771275967439692,-0.424606137340922,0.5372003909065692,1.228971728227436,0.4371137094271333,Fresno
3,64,0.4,0.001,8,2,1.6384248115180673,1.1771448923453318,-0.4612799191727355,0.5698701446662018,1.228971728227436,0.4636967080505049,Fresno
9,64,0.2,0.001,4,2,0.7999257427720057,1.1772571454143643,0.37733140264235865,0.462945700608918,1.3029778427333762,0.35529821415669993,Fresno
6,32,0.4,0.0001,4,1,1.9931723334927594,1.1773094326793316,-0.8158629008134277,0.5805307891220082,1.2611728899944865,0.460310234804164,Fresno
6,64,0.3,0.0005,8,2,1.5834340641629963,1.1777453080604883,-0.405688756102508,0.27279974013484215,1.2611728899944865,0.21630637821277204,Fresno
3,8,0.3,0.001,8,1,1.872011091122775,1.1778144165628635,-0.6941966745599115,0.32723205807860434,1.228971728227436,0.26626491933266516,Fresno
3,8,0.0,0.0005,4,2,2.023451499117913,1.1778420637341946,-0.8456094353837182,0.6039365533925114,1.228971728227436,0.4914161485745307,Fresno
6,8,0.3,0.005,6,1,0.9986016228391575,1.1786968384443737,0.18009521560521613,0.15369332990525375,1.2611728899944865,0.1218653930199258,Fresno
6,16,0.2,0.001,6,2,1.420267341249242,1.178746791423184,-0.24152054982605797,0.29410254617045195,1.2611728899944865,0.2331976436408633,Fresno
3,32,0.2,0.0005,6,1,2.027516719583982,1.179161046272589,-0.848355673311393,0.6810771196580101,1.228971728227436,0.5541845300545177,Fresno
3,8,0.1,0.001,4,1,1.907599793681652,1.1793835476118875,-0.7282162460697645,0.7248998426489712,1.228971728227436,0.5898425700113582,Fresno
9,16,0.4,0.005,8,2,0.7501513533281616,1.1793852596237753,0.42923390629561364,0.35919093598102086,1.3029778427333762,0.2756692586786534,Fresno
9,64,0.4,0.005,8,2,0.731739664282489,1.1795411855642342,0.4478015212817451,0.3229674245336761,1.3029778427333762,0.24786870040411255,Fresno
6,16,0.4,0.001,8,2,1.4360566806402222,1.1804688572848214,-0.25558782335540076,0.1873227197145132,1.2611728899944865,0.14853056325634476,Fresno
6,8,0.2,0.005,6,1,0.734387654610475,1.1805056296488479,0.4461179750383729,0.2500806221101746,1.2611728899944865,0.1982921010229358,Fresno
9,8,0.4,0.0001,4,2,2.878969683386081,1.1810786600770886,-1.6978910233089926,0.09501299080850381,1.3029778427333762,0.0729198822055073,Fresno
6,64,0.0,0.005,6,1,1.0733822627898648,1.1816283414572746,0.10824607866740976,0.401299803311966,1.2611728899944865,0.31819571011689,Fresno
6,8,0.1,0.001,6,1,1.2769745106942354,1.1820218455220257,-0.09495266517220968,0.19340044677868345,1.2611728899944865,0.15334967022604565,Fresno
9,32,0.1,0.005,4,1,1.27881906923504,1.1820725414036855,-0.09674652783135462,0.20877590197595192,1.3029778427333762,0.16022981752167292,Fresno
3,8,0.4,0.0005,4,1,2.428825663168862,1.1822021153754094,-1.2466235477934524,0.5555794771755163,1.228971728227436,0.4520685581407448,Fresno
6,8,0.2,0.0001,6,2,2.8454175742771657,1.1827673880348186,-1.662650186242347,0.14271387280701855,1.2611728899944865,0.11315964205957714,Fresno
3,16,0.3,0.0005,8,1,2.2182136755475224,1.1829198613343417,-1.0352938142131807,0.7011468640543232,1.228971728227436,0.570515047620825,Fresno
6,16,0.2,0.005,6,2,0.6583955975412837,1.1829438025520675,0.5245482050107838,0.2239224362473427,1.2611728899944865,0.17755094327179965,Fresno
9,32,0.1,0.0001,8,2,2.700241845324967,1.1830079400593099,-1.5172339052656572,0.06820286147061627,1.3029778427333762,0.052343838270910936,Fresno
9,16,0.3,0.005,6,2,0.6784846750185795,1.1846400219834454,0.506155346964866,0.18936278103856474,1.3029778427333762,0.1453307760332448,Fresno
3,32,0.0,0.001,4,2,1.5445848036563798,1.1846553683848535,-0.3599294352715263,0.6157550820519135,1.228971728227436,0.5010327478729117,Fresno
3,16,0.4,0.0005,6,1,2.1168551069235413,1.1846881801109548,-0.9321669268125865,0.6386784807938591,1.228971728227436,0.519685250786879,Fresno
3,8,0.2,0.005,8,1,1.5365532593256912,1.184763107864999,-0.35179015146069226,0.3711206356614537,1.228971728227436,0.30197654440491195,Fresno
6,64,0.4,0.001,8,2,1.9080661869704159,1.1849432516102534,-0.7231229353601625,0.32687706788573795,1.2611728899944865,0.2591849781096761,Fresno
6,64,0.1,0.005,6,2,0.9897411233471757,1.185251576834449,0.19551045348727325,0.35433255087544174,1.2611728899944865,0.2809547792269708,Fresno
3,32,0.2,0.0001,8,1,2.7307141623472417,1.1852937303354636,-1.5454204320117781,0.4692501987575003,1.228971728227436,0.3818234284643039,Fresno
6,32,0.0,0.005,6,1,1.4644733415140192,1.1855888323286696,-0.27888450918534957,0.5945681669580762,1.2611728899944865,0.4714406499498063,Fresno
6,32,0.1,0.005,6,1,0.8093476281099032,1.1856178548776901,0.3762702267677869,0.32200493391875723,1.2611728899944865,0.25532180121645726,Fresno
9,8,0.1,0.0001,8,2,2.95047963406699,1.186640009231798,-1.7638396248351922,0.24404539940309625,1.3029778427333762,0.18729819602391687,Fresno
3,8,0.3,0.005,6,2,1.4226272081696962,1.1868243022892797,-0.23580290588041652,0.3822086951023266,1.228971728227436,0.31099876939691024,Fresno
6,64,0.1,0.005,8,2,1.113902784051907,1.1868916041310573,0.07298882007915042,0.38614075490291294,1.2611728899944865,0.3061759081299322,Fresno
3,8,0.3,0.0005,6,2,2.25742989084145,1.1870820656404566,-1.0703478252009935,0.5567279642686146,1.228971728227436,0.45300306872932833,Fresno
3,32,0.1,0.0001,8,1,2.6201209742559444,1.1876043683574555,-1.4325166058984888,0.5290960016988535,1.228971728227436,0.4305192621981439,Fresno
3,16,0.4,0.0001,4,2,2.767534690940526,1.1880421558140373,-1.5794925351264888,0.6938340119608875,1.228971728227436,0.564564664934656,Fresno
6,8,0.1,0.005,4,1,0.5896786227580878,1.188137539368406,0.5984589166103181,0.2988714510210276,1.2611728899944865,0.23697896885678707,Fresno
9,32,0.3,0.0001,8,1,2.546662204631747,1.1881594875912926,-1.3585027170404544,0.09239138592749996,1.3029778427333762,0.07090787187423085,Fresno
6,64,0.0,0.0001,8,2,2.068351202487287,1.188537501595304,-0.8798137008919833,0.44507266131849016,1.2611728899944865,0.3529037650979287,Fresno
3,8,0.2,0.005,6,1,1.485731757908814,1.1888241482561346,-0.2969076096526795,0.43693255129917963,1.228971728227436,0.3555269346426495,Fresno
9,32,0.4,0.005,8,1,0.7886251308208925,1.1890156937047376,0.4003905628838451,0.13314924957611254,1.3029778427333762,0.10218842194337943,Fresno
3,16,0.4,0.0005,8,1,2.336749181452444,1.1890775473425588,-1.1476716341098852,0.6710468653706896,1.228971728227436,0.5460230288116964,Fresno
9,64,0.3,0.001,4,2,1.3614957315244323,1.189655756804584,-0.17183997471984824,0.44957168216315735,1.3029778427333762,0.3450340193199675,Fresno
9,64,0.3,0.005,8,2,0.5532159072827537,1.1902859595243054,0.6370700522415517,0.6356096638464808,1.3029778427333762,0.4878131024186137,Fresno
9,16,0.4,0.0001,6,1,3.0436932417596707,1.1904992009429112,-1.8531940408167595,0.026284878721015325,1.3029778427333762,0.020172928394449993,Fresno
6,16,0.1,0.001,8,2,1.4362348590187177,1.1905354113329134,-0.24569944768580432,0.2142244164257672,1.2611728899944865,0.1698612602009735,Fresno
9,64,0.4,0.001,4,1,0.992628628428909,1.1908332663729895,0.1982046379440805,0.42757291935281283,1.3029778427333762,0.3281505681292737,Fresno
9,16,0.1,0.005,6,1,0.7036074963628609,1.190924185432135,0.48731668906927417,0.31637278277948305,1.3029778427333762,0.24280749250179023,Fresno
3,8,0.0,0.0005,6,1,2.1947361701750974,1.19124083826914,-1.0034953319059574,0.45065045610119475,1.228971728227436,0.3666890342149486,Fresno
6,64,0.2,0.0005,4,2,1.0145945176687343,1.1913722270013039,0.17677770933256953,0.49446238088216427,1.2611728899944865,0.3920655009356615,Fresno
3,16,0.1,0.0005,8,1,2.182935146928952,1.1922739854892441,-0.9906611614397081,0.8056070049127132,1.228971728227436,0.6555130491688789,Fresno
9,32,0.2,0.005,8,2,0.758344712502112,1.1927127871663497,0.43436807466423766,0.6361477703551603,1.3029778427333762,0.488226084505516,Fresno
6,16,0.0,0.0005,4,1,1.3448291834149975,1.19284808231211,-0.15198110110288754,0.2185326810341386,1.2611728899944865,0.1732773379192237,Fresno
6,64,0.0,0.0001,8,1,1.9809656607038455,1.1932074055063795,-0.787758255197466,0.456081449689405,1.2611728899944865,0.3616327731968603,Fresno
3,8,0.3,0.0005,6,1,2.494583986721098,1.1941300613814336,-1.3004539253396645,0.49215537784528185,1.228971728227436,0.4004611062576068,Fresno
9,64,0.1,0.001,6,2,0.9060644055661518,1.1942732624256156,0.28820885685946385,0.6793051678817965,1.3029778427333762,0.5213482114605692,Fresno
6,64,0.0,0.001,6,2,1.5798443859613267,1.1953185049730612,-0.38452588098826546,0.524078716876256,1.2611728899944865,0.4155486698406172,Fresno
3,16,0.2,0.0005,6,1,1.9722338195865063,1.1954279685305895,-0.7768058510559168,0.5879757027601776,1.228971728227436,0.47842899006979084,Fresno
6,64,0.0,0.0001,6,1,1.9617432487726003,1.196190564001509,-0.7655526847710914,0.4532825831356029,1.2611728899944865,0.35941351636379093,Fresno
3,16,0.2,0.0005,6,2,2.035720668612646,1.1966454119493966,-0.8390752566632496,0.7789745230964296,1.228971728227436,0.633842508500953,Fresno
6,16,0.3,0.0005,6,1,1.658097172311829,1.1971738295115315,-0.46092334280029745,0.4482921244465461,1.2611728899944865,0.3554565182958428,Fresno
3,16,0.3,0.0005,8,2,2.1294797291029366,1.1973461677941275,-0.9321335613088091,0.5422884013671857,1.228971728227436,0.4412537643557808,Fresno
6,64,0.3,0.0005,8,1,1.4827885024955767,1.1977618037804567,-0.28502669871512,0.3117297043808232,1.2611728899944865,0.24717444123159513,Fresno
6,16,0.0,0.001,8,1,1.3568728810127473,1.1979632048066724,-0.15890967620607488,0.2519813454144813,1.2611728899944865,0.1997992086680383,Fresno
3,32,0.0,0.0001,8,1,2.6351096521124613,1.198534878776549,-1.4365747733359122,0.39083245029784586,1.228971728227436,0.31801581868896955,Fresno
6,32,0.2,0.0005,4,2,1.5652741212483507,1.199003220822911,-0.36627090042543964,0.20538150698654017,1.2611728899944865,0.16284960501128282,Fresno
6,32,0.0,0.001,8,2,1.2749638690159801,1.2002384891462377,-0.07472537986974248,0.36737846180999184,1.2611728899944865,0.29129904767584874,Fresno
6,32,0.1,0.001,8,1,1.3631452109990505,1.2004947909323842,-0.1626504200666663,0.29336905593404117,1.2611728899944865,0.23261604991788531,Fresno
3,8,0.3,0.0001,8,1,3.965226496719222,1.2006382545824996,-2.7645882421367225,0.26447115898124857,1.228971728227436,0.21519710576475118,Fresno
6,8,0.4,0.005,8,1,1.8127887050884894,1.2008229576921394,-0.61196574739635,0.14249474372466578,1.2611728899944865,0.11298589182747873,Fresno
9,64,0.0,0.005,8,2,0.7606867799165254,1.2012811029757517,0.4405943230592263,0.7126067267380206,1.3029778427333762,0.5469062507180629,Fresno
9,16,0.2,0.001,4,1,1.1846951357400948,1.201337347633406,0.016642211893311165,0.21849960929521736,1.3029778427333762,0.16769249800660513,Fresno
3,32,0.2,0.0001,6,2,2.723087481213345,1.2015307109833337,-1.5215567702300115,0.4131718946922494,1.228971728227436,0.33619316474283206,Fresno
6,64,0.4,0.0001,8,1,2.051478756810935,1.2018582083161187,-0.8496205484948165,0.4068802367940573,1.2611728899944865,0.32262050669027315,Fresno
6,16,0.1,0.005,8,2,0.9493360235372681,1.2018587640041007,0.25252274046683265,0.6034924801609164,1.2611728899944865,0.478516851217405,Fresno
6,16,0.2,0.0005,6,1,1.5853390115517714,1.2019450143983479,-0.3833939971534235,0.40130563781436923,1.2611728899944865,0.3182003363679373,Fresno
9,32,0.1,0.005,4,2,1.1885899118630052,1.2022595692430986,0.013669657380093403,0.17886012210811922,1.3029778427333762,0.13727027140608003,Fresno
3,32,0.0,0.001,4,1,1.5549994222384858,1.202304772156509,-0.35269465008197676,0.7070382292190238,1.228971728227436,0.5753087829276557,Fresno
3,8,0.2,0.005,8,2,1.5067627493892217,1.2025121965828254,-0.30425055280639635,0.4195325805402833,1.228971728227436,0.3413687808306065,Fresno
6,64,0.4,0.0001,6,2,1.9358163977639151,1.2028194906383196,-0.7329969071255955,0.3821348532986849,1.2611728899944865,0.3029995778773484,Fresno
6,32,0.2,0.0001,4,1,2.0665822173335857,1.2033623166897394,-0.8632199006438463,0.45909069680518355,1.2611728899944865,0.364018843449125,Fresno
9,8,0.1,0.001,4,2,1.0457332921836549,1.203460672031611,0.15772737984795615,0.12252609150867395,1.3029778427333762,0.09403543751107826,Fresno
3,32,0.4,0.0001,8,1,2.726821969113503,1.2036728437466608,-1.523149125366842,0.4162916929326642,1.228971728227436,0.33873170828192106,Fresno
9,32,0.0,0.005,6,1,0.4663074606888443,1.204049044228386,0.7377415835395417,0.8126834184514532,1.3029778427333762,0.6237123854282991,Fresno
6,8,0.0,0.0005,8,2,2.0960638697711573,1.20405849780634,-0.8920053719648173,0.39507926562681944,1.2611728899944865,0.31326336679227745,Fresno
9,16,0.2,0.0001,4,1,2.528083506982006,1.204449123231443,-1.3236343837505629,0.11217019737708339,1.3029778427333762,0.08608757086902849,Fresno
3,8,0.4,0.0005,4,2,2.2379626219944684,1.2045620595240016,-1.0334005624704667,0.3114299744118878,1.228971728227436,0.2534069476610889,Fresno
6,16,0.1,0.0005,6,1,1.7114835973631766,1.204788169721411,-0.5066954276417657,0.3349892682139843,1.2611728899944865,0.2656172447660596,Fresno
9,16,0.0,0.005,8,2,1.5142192920740682,1.2050715580371902,-0.309147734036878,0.607547827658062,1.3029778427333762,0.4662764075738642,Fresno
3,64,0.0,0.001,8,2,1.5458299973260807,1.2050995840818632,-0.3407304132442175,0.6190562069836202,1.228971728227436,0.5037188348315336,Fresno
9,16,0.2,0.0005,4,1,1.5702195086160242,1.205388132231798,-0.36483137638422614,0.11871472051736488,1.3029778427333762,0.09111031410045017,Fresno
3,16,0.0,0.0005,8,2,2.067168902673218,1.2057198280870793,-0.8614490745861387,0.6531139779524073,1.228971728227436,0.5314312469127368,Fresno
6,64,0.2,0.0001,8,2,2.057722368571078,1.2062039901604125,-0.8515183784106657,0.44117004404294774,1.2611728899944865,0.3498093303011583,Fresno
6,32,0.2,0.0001,4,2,2.222743089967603,1.2065582141610582,-1.0161848758065448,0.33146590719645475,1.2611728899944865,0.2628235270724094,Fresno
9,64,0.2,0.001,8,2,1.102388102812645,1.2073339321994367,0.10494582938679176,0.4705803545060342,1.3029778427333762,0.361157603047842,Fresno
6,32,0.1,0.005,8,1,0.5183927201382369,1.2074848803035894,0.6890921601653525,0.3863108604732633,1.2611728899944865,0.3063107869968186,Fresno
9,16,0.0,0.005,4,1,0.4705029975599241,1.2077408985364484,0.7372379009765243,0.13099685207556772,1.3029778427333762,0.10053651549497081,Fresno
3,32,0.2,0.0001,8,2,2.6505728672016047,1.207846292414971,-1.4427265747866336,0.546071957863882,1.228971728227436,0.44433240026724585,Fresno
6,8,0.3,0.0001,8,1,3.2038179187121476,1.2079633346503436,-1.995854584061804,0.0405566363912706,1.2611728899944865,0.032157872019789376,Fresno
6,8,0.3,0.005,4,1,1.339060698319559,1.2080749186310835,-0.13098577968847547,0.5167677286102617,1.2611728899944865,0.40975169440291476,Fresno
6,64,0.2,0.005,6,2,1.3826213071717592,1.208269804694659,-0.1743515024771003,0.40107527681000527,1.2611728899944865,0.318017680202243,Fresno
9,8,0.0,0.0001,4,2,3.1545414953269275,1.2083318087001875,-1.94620968662674,0.13031826999012228,1.3029778427333762,0.10001572222958272,Fresno
9,8,0.4,0.0005,8,1,2.875252764855125,1.2089435025633821,-1.666309262291743,0.16495374940615423,1.3029778427333762,0.12659750917952342,Fresno
3,64,0.2,0.001,8,2,1.5826219032607869,1.20936729650315,-0.373254606757637,0.6019751332904139,1.228971728227436,0.48982016385246835,Fresno
3,16,0.1,0.0001,4,2,2.831439557916577,1.209372327072879,-1.622067230843698,0.6007090611604652,1.228971728227436,0.4887899756871354,Fresno
3,64,0.2,0.001,6,2,1.5124121527634102,1.209760815196845,-0.30265133756656515,0.6286143452460321,1.228971728227436,0.5114961807564864,Fresno
6,16,0.2,0.0001,4,2,2.4419685539396285,1.2104438672507085,-1.23152468668892,0.23506021644547334,1.2611728899944865,0.1863822306285865,Fresno
3,8,0.0,0.001,6,1,1.8693937615248932,1.210627581997272,-0.6587661795276212,0.34399188950184256,1.228971728227436,0.2799021992133107,Fresno
9,8,0.1,0.0001,6,1,3.2207692232635283,1.2106594867863414,-2.0101097364771867,0.14786220427592056,1.3029778427333762,0.1134802138812556,Fresno
6,32,0.1,0.0005,8,1,1.395078566771304,1.2109111605204252,-0.18416740625087868,0.4152859097492789,1.2611728899944865,0.3292854715193683,Fresno
9,32,0.0,0.001,4,2,0.8448212163589119,1.2109341572478605,0.3661129408889485,0.5942423083584594,1.3029778427333762,0.45606478396582917,Fresno
3,32,0.1,0.0001,6,2,2.6777531758493684,1.2112843606218022,-1.4664688152275662,0.6603799344320095,1.228971728227436,0.5373434711834139,Fresno
6,32,0.2,0.0005,8,1,1.4831911777251685,1.2114916576749686,-0.2716995200501999,0.34158587753781666,1.2611728899944865,0.2708477800686867,Fresno
9,32,0.1,0.0001,8,1,2.4130751864441953,1.212151048286247,-1.2009241381579483,0.07254388178264255,1.3029778427333762,0.055675453107061734,Fresno
3,8,0.4,0.005,6,1,1.545415074668881,1.212258057279671,-0.33315701738921,0.25656237961999273,1.228971728227436,0.2087618239925148,Fresno
6,64,0.3,0.001,4,2,1.2148276067547286,1.2122885064043976,-0.002539100350331003,0.8222113091536563,1.2611728899944865,0.6519417882168802,Fresno
6,8,0.2,0.005,4,1,0.6379769963610602,1.212338687929666,0.5743616915686058,0.27414681402315644,1.2611728899944865,0.217374490205189,Fresno
6,16,0.1,0.0001,8,1,3.034272516213121,1.2123659334875174,-1.8219065827256038,0.31108803651872374,1.2611728899944865,0.24666565463525286,Fresno
6,8,0.4,0.0005,4,1,2.1048980738986036,1.2126006460717267,-0.8922974278268769,0.36761395081899506,1.2611728899944865,0.29148576990154157,Fresno
9,32,0.0,0.005,8,1,0.7512690142388727,1.2132309506350785,0.46196193639620575,0.427845545777476,1.3029778427333762,0.32835980148361166,Fresno
6,16,0.3,0.0005,8,2,1.8398099776222148,1.2132773284590865,-0.6265326491631282,0.3491340537594552,1.2611728899944865,0.27683282484844846,Fresno
9,16,0.3,0.005,4,1,0.8083221464750892,1.2133852774424825,0.4050631309673933,0.2892691156875639,1.3029778427333762,0.22200616633720918,Fresno
6,8,0.4,0.001,4,2,1.813219668124792,1.2141119687190016,-0.5991076994057905,0.24936649101164368,1.2611728899944865,0.19772585740622275,Fresno
3,8,0.2,0.0005,4,1,2.1860049810958713,1.214387791315561,-0.9716171897803103,0.7934777802336245,1.228971728227436,0.6456436401332594,Fresno
9,16,0.4,0.005,6,2,0.7869489284375761,1.2146018642488265,0.4276529358112504,0.29796944207703596,1.3029778427333762,0.2286834298363494,Fresno
6,8,0.4,0.0005,8,2,2.1176855157064467,1.2148559881080345,-0.9028295275984122,0.2079914685257579,1.2611728899944865,0.16491907665940012,Fresno
6,64,0.2,0.0001,6,1,1.8562545357692324,1.2149569758509957,-0.6412975599182367,0.4734999920585897,1.2611728899944865,0.3754441566379212,Fresno
9,16,0.4,0.005,8,1,1.1703487151259797,1.215124121592766,0.04477540646678624,0.48646380790879706,1.3029778427333762,0.37334772085479,Fresno
9,16,0.3,0.005,8,2,0.8090914627762522,1.215540261558343,0.40644879878209084,0.6298329960652455,1.3029778427333762,0.4833796672581837,Fresno
3,8,0.4,0.001,8,1,2.2147432431538667,1.2167022749901377,-0.998040968163729,0.4611769686128574,1.228971728227436,0.37525433500249816,Fresno
9,32,0.2,0.001,4,2,1.7677638344304087,1.2168654920304272,-0.5508983423999816,0.23672071655541976,1.3029778427333762,0.18167670146932735,Fresno
9,32,0.2,0.005,6,2,0.8916197642508548,1.2172205354407657,0.32560077118991093,0.18861203748715868,1.3029778427333762,0.1447546008084757,Fresno
6,8,0.1,0.0005,6,1,2.1439855523521305,1.217668858693545,-0.9263166936585856,0.47984925337451484,1.2611728899944865,0.380478566564028,Fresno
9,32,0.4,0.0005,4,2,1.9646915775438833,1.2197935174218102,-0.7448980601220732,0.24054164522701965,1.3029778427333762,0.18460916013921877,Fresno
6,64,0.3,0.005,8,1,0.6955717791506931,1.2207606631373835,0.5251888839866904,0.46575001181280246,1.2611728899944865,0.3692990988847204,Fresno
6,8,0.0,0.0005,8,1,1.873878492905228,1.220935520690118,-0.6529429722151099,0.5460773063327681,1.2611728899944865,0.4329916307788343,Fresno
6,8,0.3,0.005,6,2,0.9684316918438686,1.2213055175136882,0.25287382566981964,0.20486344310355595,1.2611728899944865,0.16243882557961703,Fresno
6,16,0.2,0.0005,8,2,1.92577650973457,1.2221153725752965,-0.7036611371592736,0.48706675442171676,1.2611728899944865,0.3862014147987641,Fresno
9,64,0.2,0.0005,4,1,1.0703946432638787,1.2222365682559861,0.15184192499210747,0.9122040492143586,1.3029778427333762,0.7000917585066101,Fresno
9,16,0.3,0.005,6,1,0.922701341347273,1.2225785092024193,0.2998771678551463,0.6446724880822456,1.3029778427333762,0.49476857314001366,Fresno
3,8,0.1,0.005,8,2,1.4264398127440991,1.222597293305772,-0.2038425194383271,0.5077013687593259,1.228971728227436,0.4131106982351751,Fresno
9,32,0.0,0.001,8,1,1.5575252137701074,1.2243605464290863,-0.3331646673410211,0.2437691993656338,1.3029778427333762,0.1870862200191039,Fresno
9,8,0.4,0.0005,8,2,2.1716783877305463,1.2246526843435617,-0.9470257033869847,0.18541636380668122,1.3029778427333762,0.14230200831175785,Fresno
6,32,0.0,0.0005,8,1,1.4059738166040117,1.2253332155559689,-0.1806406010480428,0.3271962892096372,1.2611728899944865,0.2594380927511593,Fresno
6,16,0.4,0.005,4,1,0.7182727498324475,1.225532692315013,0.5072599424825655,0.16572845662748545,1.2611728899944865,0.1314081978309968,Fresno
3,32,0.3,0.0001,6,2,2.6485757970079886,1.2256388696929592,-1.4229369273150294,0.5690487330638495,1.228971728227436,0.4630283349842367,Fresno
9,64,0.1,0.005,8,1,0.6665222003646865,1.2257764358574057,0.5592542354927192,0.4176661143460633,1.3029778427333762,0.3205473651569445,Fresno
6,16,0.0,0.0005,8,2,1.5212395062886255,1.2270481476665405,-0.294191358622085,0.20467908323898767,1.2611728899944865,0.16229264430183118,Fresno
9,16,0.1,0.005,4,2,0.6696971963525851,1.2277492329247226,0.5580520365721375,0.4198798041220184,1.3029778427333762,0.3222463117570733,Fresno
3,8,0.0,0.0005,8,1,2.162480917297383,1.228171633349155,-0.9343092839482279,0.49994174497466476,1.228971728227436,0.4067967826206532,Fresno
6,16,0.3,0.001,8,2,1.494146463909357,1.228192361220112,-0.2659541026892449,0.19910563088754235,1.2611728899944865,0.15787338315559002,Fresno
6,16,0.3,0.001,4,1,1.2202333329598498,1.2286798762104496,0.008446543250599792,0.4251240263178736,1.2611728899944865,0.33708623907998225,Fresno
9,8,0.4,0.0005,6,2,1.9721699217957585,1.2295375257190957,-0.7426323960766628,0.2173119356190902,1.3029778427333762,0.16678099081348538,Fresno
9,8,0.2,0.0001,8,1,3.369896190188737,1.2298051547690225,-2.1400910354197142,0.1467147935320991,1.3029778427333762,0.11259960739188167,Fresno
3,8,0.2,0.0001,6,1,3.905453079784565,1.2301548777564806,-2.675298202028084,0.4206414295982991,1.228971728227436,0.34227103841110845,Fresno
6,64,0.0,0.0001,4,2,1.6454523717731968,1.2302163586781936,-0.41523601309500324,0.3956066425798298,1.2611728899944865,0.31368153067543286,Fresno
9,16,0.1,0.0001,6,1,2.741850590987615,1.231163248289952,-1.5106873426976632,0.1933188934296331,1.3029778427333762,0.14836698452530114,Fresno
3,32,0.3,0.005,4,2,1.0673717657315902,1.2312451321216862,0.16387336639009598,0.796719360253577,1.228971728227436,0.6482812760898065,Fresno
9,32,0.0,0.0001,8,1,2.593268187325545,1.2314253762980916,-1.3618428110274534,0.09141476965752184,1.3029778427333762,0.07015834549093534,Fresno
6,8,0.4,0.0005,6,2,2.1412076091759507,1.2314694824806522,-0.9097381266952984,0.33288609329032415,1.2611728899944865,0.2639496106610565,Fresno
6,16,0.1,0.0005,8,2,1.6040013811730123,1.2320885824625665,-0.3719127987104458,0.42538949909331397,1.2611728899944865,0.33729673581484426,Fresno
6,64,0.4,0.0001,4,1,1.7770614284171535,1.232155607008677,-0.5449058214084765,0.49773695892611713,1.2611728899944865,0.3946619554502897,Fresno
3,16,0.4,0.0001,4,1,2.746171063954759,1.2324224515240552,-1.513748612430704,0.39966798121676883,1.228971728227436,0.3252051874238115,Fresno
9,64,0.4,0.0005,6,2,1.217228543429345,1.2325487491666596,0.015320205737314518,0.21216846318631488,1.3029778427333762,0.16283351583418304,Fresno
9,64,0.0,0.005,6,1,1.8057769237526007,1.2333170412379364,-0.5724598825146643,0.6436437197354447,1.3029778427333762,0.4939790214584264,Fresno
3,16,0.0,0.0001,4,2,2.7647725395874785,1.2338077715877591,-1.5309647679997194,0.5518137160956373,1.228971728227436,0.4490044021529498,Fresno
3,8,0.2,0.0005,6,1,2.2946960089424744,1.23405871106135,-1.0606372978811245,0.49398971367827266,1.228971728227436,0.40195368398812664,Fresno
6,64,0.0,0.005,4,1,0.3320755833750786,1.2341760928244565,0.9021005094493779,0.38262358827641074,1.2611728899944865,0.30338710204758956,Fresno
9,8,0.1,0.005,4,1,0.5699102136698758,1.234453351535098,0.6645431378652221,0.11836152576850169,1.3029778427333762,0.09083924675204288,Fresno
9,16,0.2,0.001,4,2,1.2232312029081465,1.2361016190702083,0.01287041616206186,0.16171641283730356,1.3029778427333762,0.12411294155091401,Fresno
3,64,0.3,0.001,4,1,1.546945167259223,1.2362567243311893,-0.31068844292803366,0.5587667820266915,1.228971728227436,0.4546620310237804,Fresno
6,16,0.1,0.001,8,1,1.3892271394290439,1.2363149816666963,-0.15291215776234757,0.12954481548990757,1.2611728899944865,0.10271772928014168,Fresno
3,8,0.1,0.0001,6,1,3.3755644208735696,1.2368102748336494,-2.13875414603992,0.21731635465112023,1.228971728227436,0.17682778998061965,Fresno
9,16,0.3,0.001,4,2,0.9860413875940497,1.2370885322859946,0.2510471446919449,0.10292230484645822,1.3029778427333762,0.07899006527275142,Fresno
9,8,0.1,0.005,8,1,0.9454036251099691,1.2371762440011946,0.2917726188912255,0.22039119237938207,1.3029778427333762,0.16914423649526322,Fresno
9,64,0.0,0.001,4,1,1.5408099966231237,1.237545795935305,-0.3032642006878188,0.6394650954973672,1.3029778427333762,0.49077204118521506,Fresno
6,16,0.3,0.0005,8,1,1.6548770810986695,1.2379846729911586,-0.41689240810751094,0.3255227121165451,1.2611728899944865,0.2581110922214386,Fresno
6,8,0.1,0.005,8,2,0.8293382503147,1.2382577567330315,0.4089195064183315,0.4911936284897561,1.2611728899944865,0.38947366565412256,Fresno
6,8,0.2,0.0001,8,2,2.883577966627709,1.2387518946184395,-1.6448260720092693,0.09560454206308602,1.2611728899944865,0.07580605547547409,Fresno
3,64,0.4,0.001,6,1,1.5685103640935947,1.2388293285112681,-0.32968103558232653,0.624998434774531,1.228971728227436,0.5085539564656832,Fresno
9,64,0.0,0.001,8,2,1.0933681874839714,1.2396687877241013,0.14630060024012992,0.5071581898452304,1.3029778427333762,0.38923009525727476,Fresno
6,16,0.2,0.0005,6,2,1.53717615556093,1.2400139800898584,-0.2971621754710716,0.15892163230021505,1.2611728899944865,0.1260109803826419,Fresno
3,64,0.4,0.001,4,1,1.552160964310714,1.2401922655909137,-0.31196869871980026,0.6495767696990931,1.228971728227436,0.528553061701417,Fresno
3,16,0.4,0.005,8,2,1.4936526081029973,1.240312237607193,-0.2533403704958044,0.431299331906116,1.228971728227436,0.35094324954747774,Fresno
9,32,0.1,0.005,8,1,0.7476863801007042,1.2405044692696776,0.4928180891689734,0.5424820097148767,1.3029778427333762,0.4163401647543464,Fresno
9,8,0.0,0.005,6,1,0.7127863969505461,1.240772957355707,0.5279865604051608,0.6693759848632789,1.3029778427333762,0.5137278339738053,Fresno
6,64,0.1,0.0001,6,1,1.8635703422122765,1.2412070310547465,-0.62236331115753,0.379230062996341,1.2611728899944865,0.30069633275894386,Fresno
9,16,0.0,0.005,8,1,0.6480696020108636,1.2415436336668775,0.5934740316560139,0.340866581854143,1.3029778427333762,0.261605816058296,Fresno
6,8,0.2,0.0005,4,2,1.837667660650406,1.2418995619872168,-0.5957680986631892,0.4731102607413289,1.2611728899944865,0.3751351337273014,Fresno
9,64,0.4,0.0005,4,2,1.302813470689943,1.2420391980107441,-0.06077427267919888,0.11863313000971613,1.3029778427333762,0.09104769560842917,Fresno
3,64,0.0,0.001,6,2,1.5192819638544557,1.2432162517270622,-0.2760657121273935,0.5980582883424348,1.228971728227436,0.4866330726785905,Fresno
9,16,0.1,0.001,6,2,1.156877501034984,1.2439920554015937,0.08711455436660964,0.3629196207827743,1.3029778427333762,0.2785309226912443,Fresno
3,32,0.1,0.0001,8,2,2.818782727059534,1.2440739573526474,-1.5747087697068867,0.6244397034067412,1.228971728227436,0.5080993232508121,Fresno
9,16,0.4,0.0001,8,1,2.7307035128553996,1.2444469043383484,-1.4862566085170512,0.0962832035447031,1.3029778427333762,0.0738947358787936,Fresno
9,16,0.3,0.0001,6,1,3.0636946263254936,1.2444492355489414,-1.8192453907765522,0.11943490152248336,1.3029778427333762,0.09166303340349503,Fresno
9,32,0.1,0.001,8,2,1.1936985252656778,1.2444943343714432,0.05079580910576542,0.22265763643702025,1.3029778427333762,0.17088367056950937,Fresno
9,32,0.1,0.005,8,2,0.7475968990488039,1.2454700340948486,0.4978731350460447,0.6459212204262664,1.3029778427333762,0.4957269411974483,Fresno
6,32,0.2,0.0005,8,2,1.4153949328089572,1.245928384535091,-0.1694665482738662,0.3179066825990747,1.2611728899944865,0.2520722457017487,Fresno
9,32,0.3,0.001,6,2,1.3592689642241618,1.2460045778469495,-0.11326438637721226,0.32778137116005507,1.3029778427333762,0.2515632733035874,Fresno
6,8,0.0,0.0005,6,1,1.6348346695316758,1.246071168023055,-0.3887635015086208,0.4565762356608,1.2611728899944865,0.36202509527682286,Fresno
3,8,0.1,0.0005,6,2,2.235706929335463,1.2472680310219315,-0.9884388983135313,0.7326626796880544,1.228971728227436,0.5961591002136271,Fresno
6,64,0.3,0.0005,4,2,1.0455536918699029,1.2473282320451076,0.2017745401752047,0.6544419623485901,1.2611728899944865,0.5189153426469951,Fresno
6,8,0.0,0.0001,8,1,3.188993625588587,1.2479770416697293,-1.9410165839188578,0.23337687261635767,1.2611728899944865,0.18504748592984577,Fresno
9,16,0.2,0.005,4,2,1.009886129507476,1.2487305877665293,0.23884445825905343,0.22256657182942258,1.3029778427333762,0.17081378096386063,Fresno
6,16,0.2,0.005,8,1,0.7020665399396693,1.2488286812176246,0.5467621412779553,0.3478280006826868,1.2611728899944865,0.2757972387784259,Fresno
9,8,0.2,0.005,6,2,1.083008304456657,1.2489301113402114,0.1659218068835544,0.2419229785531513,1.3029778427333762,0.18566929583825253,Fresno
6,16,0.2,0.005,6,1,1.3283511352366495,1.2494572388933947,-0.07889389634325483,0.23365380420181714,1.2611728899944865,0.1852670685006864,Fresno
9,32,0.3,0.005,6,1,1.2882016950743818,1.2502246359120912,-0.03797705916229055,0.6105560215016614,1.3029778427333762,0.46858511440289885,Fresno
9,16,0.3,0.0001,8,1,3.114409537069671,1.2502386663637561,-1.864170870705915,0.17105726679697994,1.3029778427333762,0.13128179251163427,Fresno
6,16,0.3,0.0001,8,2,2.9471818429228636,1.2502582514758969,-1.6969235914469667,0.15312268382792932,1.2611728899944865,0.12141292049863102,Fresno
6,8,0.2,0.0001,8,1,3.1292055317084824,1.2508913462158435,-1.8783141854926388,0.15177821114723006,1.2611728899944865,0.1203468710367645,Fresno
6,64,0.2,0.0001,4,2,1.857372335282592,1.2509706620986965,-0.6064016731838955,0.47658216901686107,1.2611728899944865,0.37788805388842805,Fresno
9,64,0.1,0.0005,4,1,1.6402367903518391,1.251014024000407,-0.38922276635143205,0.28713185811009473,1.3029778427333762,0.22036587936733587,Fresno
6,8,0.2,0.001,6,1,1.42166714101992,1.251072932918445,-0.17059420810147508,0.10220740098247301,1.2611728899944865,0.08104154616177947,Fresno
3,8,0.4,0.0001,8,2,2.987931787743401,1.2512366532271173,-1.7366951345162835,0.490616912139184,1.228971728227436,0.3992092746078122,Fresno
6,64,0.4,0.0005,4,2,0.9978539605465339,1.251588569693307,0.25373460914677304,0.644846047213909,1.2611728899944865,0.511306619679026,Fresno
6,64,0.2,0.0005,4,1,1.4520964220316808,1.2521542601658016,-0.1999421618658792,0.6698993736325706,1.2611728899944865,0.5311717203463667,Fresno
6,32,0.0,0.005,8,2,0.5371333415542962,1.252372320548637,0.7152389789943409,0.5263909741940835,1.2611728899944865,0.4173820880310746,Fresno
3,16,0.4,0.0001,6,1,3.1369868868424655,1.2536476191387138,-1.8833392677037517,0.7606717777594786,1.228971728227436,0.6189497775157177,Fresno
3,16,0.1,0.005,8,2,1.3845214274586046,1.2539583276033772,-0.1305630998552274,0.6416500406304224,1.228971728227436,0.5221031744610461,Fresno
9,64,0.4,0.005,8,1,0.6341136299140017,1.2545666298579772,0.6204529999439755,0.6199252744885345,1.3029778427333762,0.4757757608433773,Fresno
9,16,0.0,0.001,6,2,1.0744690021512935,1.25564869066988,0.18117968851858657,0.3826118698330544,1.3029778427333762,0.2936441874026149,Fresno
6,32,0.0,0.0005,8,2,1.3969902550608617,1.2559058787624504,-0.1410843762984113,0.47846218493182635,1.2611728899944865,0.37937874238156044,Fresno
3,16,0.4,0.0001,8,2,3.0736106466298128,1.257407113563263,-1.8162035330665498,0.5696021583586062,1.228971728227436,0.4634786507092004,Fresno
9,64,0.0,0.001,6,2,1.6357506126478316,1.2585117647107313,-0.3772388479371003,0.40998828964455525,1.3029778427333762,0.3146548438494435,Fresno
9,8,0.1,0.0001,4,1,2.9470146935608823,1.2589508839255439,-1.6880638096353384,0.06265214771959925,1.3029778427333762,0.04808381667348086,Fresno
6,8,0.4,0.005,6,1,0.8765212519215786,1.2593136244094096,0.38279237248783105,0.2313349552808767,1.2611728899944865,0.18342842374441462,Fresno
6,64,0.4,0.0001,6,1,2.0510343298837874,1.2593723207702805,-0.7916620091135069,0.5118495501162419,1.2611728899944865,0.40585200821949124,Fresno
6,8,0.3,0.0005,4,1,1.8526437414011236,1.2603779841567626,-0.592265757244361,0.35070639400474707,1.2611728899944865,0.27807955339595053,Fresno
3,8,0.4,0.0001,6,2,3.454148444310165,1.2604135078330432,-2.1937349364771217,0.40096331198864044,1.228971728227436,0.32625918300574397,Fresno
9,8,0.0,0.005,8,1,1.1070477615951586,1.2606489958491338,0.1536012342539752,0.22079142690210177,1.3029778427333762,0.16945140558869928,Fresno
9,64,0.3,0.001,8,2,1.880932431317829,1.2608894447666419,-0.6200429865511872,0.29320392381502824,1.3029778427333762,0.2250260243872969,Fresno
6,8,0.1,0.005,6,2,0.9050404802430667,1.2617824222081324,0.3567419419650657,0.6857886649426354,1.2611728899944865,0.543770541202827,Fresno
6,8,0.2,0.0005,8,1,2.175303862480339,1.2623019086862612,-0.9130019537940779,0.23419932022821968,1.2611728899944865,0.18569961508548088,Fresno
6,64,0.2,0.0001,6,2,1.8808186523035306,1.26271166656233,-0.6181069857412007,0.5208612460487699,1.2611728899944865,0.4129974963631251,Fresno
6,8,0.1,0.0005,6,2,2.0960122308925584,1.2631876735314842,-0.8328245573610742,0.156102058037442,1.2611728899944865,0.12377530414416413,Fresno
6,8,0.4,0.005,6,2,1.1105322732947724,1.2639391696886806,0.15340689639390814,0.22788075182541323,1.2611728899944865,0.18068954195995243,Fresno
9,8,0.3,0.0001,6,1,3.1782609741915318,1.264081417741817,-1.9141795564497148,0.31214682489490364,1.3029778427333762,0.23956418494430004,Fresno
6,64,0.0,0.005,6,2,0.9553147325302023,1.2641915780184787,0.30887684548827643,0.3288258972838925,1.2611728899944865,0.2607302296874856,Fresno
6,8,0.2,0.005,4,2,1.1925125184620704,1.2642473648649661,0.07173484640289574,0.41489399378736086,1.2611728899944865,0.32897471637625725,Fresno
6,64,0.2,0.0001,4,1,1.7453632418356522,1.2643502119029089,-0.4810130299327433,0.5089269688452946,1.2611728899944865,0.4035346564161552,Fresno
6,8,0.1,0.005,8,1,1.5855639479251784,1.2645180984243407,-0.3210458495008377,0.19543292691282826,1.2611728899944865,0.15496124953469514,Fresno
6,64,0.0,0.005,4,2,0.38308996113137195,1.2646153665752933,0.8815254054439213,0.4821779934664376,1.2611728899944865,0.38232505415537876,Fresno
9,64,0.4,0.0005,4,1,1.2392183257030853,1.2647256342094644,0.025507308506379056,0.1444644127433472,1.3029778427333762,0.11087250143892773,Fresno
6,64,0.0,0.0001,4,1,1.7412459510796292,1.2648218597740433,-0.47642409130558594,0.45698951905970264,1.2611728899944865,0.3623527929320622,Fresno
3,8,0.4,0.005,4,2,1.5218844240701077,1.2650995172439348,-0.25678490682617294,0.32624334609909367,1.228971728227436,0.26546041589552205,Fresno
3,32,0.3,0.0001,8,1,2.9099710834931987,1.2670383044282898,-1.6429327790649089,0.4562942181075161,1.228971728227436,0.3712812977118977,Fresno
3,8,0.0,0.0001,4,2,2.856736703979631,1.2676797479142412,-1.58905695606539,0.6482653998275746,1.228971728227436,0.5274860152906669,Fresno
9,16,0.2,0.005,8,1,0.744368508860122,1.2684691697863097,0.5241006609261878,0.22158749653926624,1.3029778427333762,0.1700623673495643,Fresno
9,16,0.0,0.001,8,2,1.321956999542577,1.2688739399768598,-0.05308305956571724,0.2645199559554201,1.3029778427333762,0.20301186043234035,Fresno
6,64,0.0,0.0001,6,2,1.789014389088664,1.2701623415268215,-0.5188520475618426,0.39129177006917726,1.2611728899944865,0.3102602134675507,Fresno
6,32,0.0,0.005,4,2,0.443799552002363,1.270714357242675,0.8269148052403119,0.3358987212375632,1.2611728899944865,0.2663383616175191,Fresno
9,8,0.2,0.0001,4,1,2.9703454238464717,1.2709107458470874,-1.6994346779993843,0.11378347493728223,1.3029778427333762,0.08732571744933758,Fresno
9,8,0.1,0.0001,8,1,2.948443352641597,1.271238897992872,-1.677204454648725,0.037210492386099914,1.3029778427333762,0.028558039258779755,Fresno
9,8,0.3,0.005,8,2,1.081875319362313,1.2717553211026036,0.18988000174029063,0.3134113080790587,1.3029778427333762,0.2405346413424706,Fresno
6,8,0.4,0.001,4,1,1.4762084587293034,1.2723866385787905,-0.20382182015051287,0.1883614160728674,1.2611728899944865,0.1493541587891973,Fresno
6,16,0.2,0.005,4,1,0.6734881073439819,1.2725616377198878,0.5990735303759059,0.32207490871722855,1.2611728899944865,0.25537728512276897,Fresno
6,16,0.4,0.0005,6,1,1.8308822821407904,1.2726299285808267,-0.5582523535599637,0.48364593510866,1.2611728899944865,0.3834890037247584,Fresno
6,64,0.1,0.0001,4,2,1.7957065773284722,1.2739471557142419,-0.5217594216142303,0.45503849373698513,1.2611728899944865,0.36080580017778086,Fresno
3,16,0.0,0.005,4,1,0.5555137038734872,1.2753474298493703,0.7198337259758831,0.8765170801669528,1.228971728227436,0.7132117525853636,Fresno
3,8,0.4,0.0001,4,2,2.801734843309928,1.2755270026882164,-1.5262078406217114,0.24116279297396145,1.228971728227436,0.19623135946487077,Fresno
6,8,0.1,0.0005,8,1,2.168594250034127,1.2757767296929166,-0.8928175203412103,0.3498460371110828,1.2611728899944865,0.2773973654893678,Fresno
6,8,0.4,0.005,8,2,1.3244957501586023,1.2763631429581104,-0.04813260720049195,0.21543758267206956,1.2611728899944865,0.17082319512355787,Fresno
9,32,0.2,0.0001,6,2,2.252611103291059,1.277052054801409,-0.9755590484896501,0.11021018519213044,1.3029778427333762,0.08458331490958619,Fresno
6,32,0.4,0.0005,8,2,1.5745956286138671,1.2772367191652678,-0.29735890944859933,0.25469706242722306,1.2611728899944865,0.2019525351740922,Fresno
9,32,0.4,0.001,4,1,1.434181658613409,1.277508304095019,-0.15667335451839004,0.30672700041305606,1.3029778427333762,0.23540461729541515,Fresno
3,16,0.4,0.0001,8,1,2.8441739730925817,1.2782643081652603,-1.5659096649273214,0.4723031291732215,1.228971728227436,0.38430756243223857,Fresno
3,64,0.3,0.005,6,1,1.4295496805900392,1.279411475493205,-0.15013820509683407,0.6381228119801254,1.228971728227436,0.51923310953662,Fresno
9,16,0.4,0.005,4,2,1.2427360826980232,1.2796333689787835,0.03689728628076039,0.14728627200654887,1.3029778427333762,0.11303820155343006,Fresno
6,32,0.3,0.0005,8,2,1.5291663376370408,1.2804078107419614,-0.24875852689507938,0.37633985704396716,1.2611728899944865,0.298404651756836,Fresno
9,8,0.3,0.0001,4,1,2.808457465188596,1.2807977253875362,-1.5276597398010596,0.14373163076651085,1.3029778427333762,0.1103101112333513,Fresno
6,8,0.0,0.001,4,2,1.2832471542815342,1.2823410706571006,-0.0009060836244336734,0.33828167579315915,1.2611728899944865,0.268227836545581,Fresno
9,32,0.3,0.001,6,1,1.0470938762704973,1.2824230540622876,0.2353291777917903,0.2330041749020882,1.3029778427333762,0.17882435699235985,Fresno
6,64,0.4,0.001,6,2,1.0223287156512346,1.2847617836914553,0.2624330680402207,0.5566692445969723,1.2611728899944865,0.4413901131346123,Fresno
9,16,0.0,0.0001,6,1,3.0076574574551564,1.285504929963188,-1.7221525274919685,0.12072808750331486,1.3029778427333762,0.09265551841622453,Fresno
3,16,0.3,0.0001,8,1,3.0210691288060305,1.2856156492682027,-1.7354534795378278,0.5066681174505911,1.228971728227436,0.4122699536639187,Fresno
3,8,0.2,0.0001,8,2,3.4839881843559826,1.285650729589193,-2.1983374547667895,0.6481273046984682,1.228971728227436,0.5273736488904198,Fresno
9,16,0.3,0.005,8,1,1.224856161445453,1.2869835703966892,0.06212740895123625,0.18615635826390511,1.3029778427333762,0.1428699338995572,Fresno
6,32,0.0,0.005,4,1,1.2605305438788552,1.2873310502828743,0.026800506404019098,0.4681102077926385,1.2611728899944865,0.3711705282490531,Fresno
9,32,0.2,0.001,8,2,1.452215762067021,1.2878041493533863,-0.1644116127136348,0.1699177155223986,1.3029778427333762,0.13040721795080307,Fresno
12,8,0.0,0.0001,8,1,3.3203905988324127,1.2882905709021735,-2.0321000279302392,0.093759650837858,0.3633993146471748,0.25800723077557114,Fresno
3,8,0.3,0.0001,8,2,2.839426044425349,1.2893154876305666,-1.5501105567947826,0.22380646152583306,1.228971728227436,0.18210871445239218,Fresno
3,32,0.2,0.0001,6,1,2.733553323193226,1.2894384799476064,-1.4441148432456197,0.4602104756167494,1.228971728227436,0.37446791089370113,Fresno
9,32,0.3,0.001,8,2,1.3969767256981718,1.2895707057338155,-0.10740601996435628,0.21067423681056036,1.3029778427333762,0.16168673779487275,Fresno
9,16,0.0,0.005,6,1,0.5627367079138477,1.2899709076869652,0.7272341997731175,0.0658362359738558,1.3029778427333762,0.05052751767117166,Fresno
9,8,0.2,0.005,4,2,0.7584916649088874,1.2900909277251342,0.5315992628162468,0.3566698556312627,1.3029778427333762,0.2737343981867286,Fresno
3,8,0.3,0.005,8,2,1.4280967857423148,1.2904291358194613,-0.13766764992285352,0.416204617349745,1.228971728227436,0.3386608558929529,Fresno
3,64,0.0,0.005,6,1,1.412029763573285,1.2917344324996407,-0.12029533107364432,0.5855935942736363,1.228971728227436,0.4764906961027058,Fresno
3,16,0.3,0.0001,4,1,2.8828068816887975,1.2924436743367183,-1.5903632073520793,0.21343473424333667,1.228971728227436,0.17366936060537108,Fresno
9,64,0.2,0.001,4,1,0.7871186142798856,1.2925970928455952,0.5054784785657096,0.7957617315555314,1.3029778427333762,0.6107254516977733,Fresno
9,32,0.0,0.0005,4,2,1.0723207056883297,1.29305051928566,0.22072981359733035,0.18849011433608728,1.3029778427333762,0.14466102811132556,Fresno
6,16,0.2,0.001,4,1,1.240769238794898,1.2932163379525183,0.05244709915762025,0.39657917433555584,1.2611728899944865,0.31445266345464307,Fresno
3,64,0.1,0.001,6,2,1.5040421403195332,1.293364329485188,-0.21067781083434522,0.631540568606457,1.228971728227436,0.5138772146673686,Fresno
6,16,0.1,0.0001,6,2,2.8409909566373925,1.2940257057738245,-1.546965250863568,0.2725338346141594,1.2611728899944865,0.21609553834871192,Fresno
9,16,0.2,0.0001,6,2,2.597170631405285,1.2942470728354367,-1.3029235585698484,0.07504382853500509,1.3029778427333762,0.05759409413868371,Fresno
6,8,0.3,0.001,6,2,1.5056833913273902,1.2950178256404523,-0.21066556568693784,0.09369644864430489,1.2611728899944865,0.07429310397301238,Fresno
3,8,0.2,0.005,6,2,1.5736759451907756,1.2954011221765047,-0.27827482301427087,0.40117545035842783,1.228971728227436,0.32643179752967066,Fresno
6,16,0.2,0.005,8,2,1.5581633798970578,1.2964141000112244,-0.2617492798858334,0.2028298766395851,1.2611728899944865,0.16082638490625326,Fresno
6,32,0.1,0.0001,4,1,1.8236964848107124,1.296872029050097,-0.5268244557606154,0.35485323550982895,1.2611728899944865,0.28136763668570475,Fresno
6,8,0.1,0.001,6,2,1.3582453075515428,1.297437708351934,-0.060807599199608875,0.14102212605727377,1.2611728899944865,0.11181823457836164,Fresno
9,16,0.1,0.001,4,2,1.2310182605757585,1.2990003313850897,0.06798207080933127,0.17483791913872046,1.3029778427333762,0.13418334019552236,Fresno
3,32,0.1,0.005,8,2,1.317952542463153,1.2991021025548746,-0.018850439908278505,0.7622442590996935,1.228971728227436,0.6202292872913274,Fresno
9,32,0.2,0.001,6,1,1.3009918167252914,1.3000971491836564,-0.0008946675416350303,0.15369785195735616,1.3029778427333762,0.11795891450842332,Fresno
9,32,0.4,0.001,4,2,1.1000817315577749,1.3006547769755166,0.20057304541774168,0.23994451630817762,1.3029778427333762,0.18415087996034069,Fresno
6,8,0.1,0.0005,8,2,2.0399697412640845,1.300766850129975,-0.7392028911341095,0.2143339685598444,1.2611728899944865,0.1699481254792762,Fresno
6,16,0.0,0.005,4,1,0.49738838119187934,1.3009670926808632,0.8035787114889839,0.47019259103340005,1.2611728899944865,0.3728216763646542,Fresno
9,32,0.4,0.001,6,1,1.1000077204670684,1.3012989014646816,0.20129118099761323,0.10715167948172506,1.3029778427333762,0.08223599509331882,Fresno
9,8,0.4,0.005,8,1,1.0019131715077112,1.30137219282273,0.2994590213150188,0.1467485661716679,1.3029778427333762,0.1126255269727534,Fresno
6,8,0.3,0.0001,8,2,3.7348858578073463,1.3021520177005086,-2.4327338401068377,0.044608011782668974,1.2611728899944865,0.03537025901568815,Fresno
6,8,0.2,0.001,8,2,1.4368270846047122,1.3042213479857774,-0.13260573661893482,0.06834684151369133,1.2611728899944865,0.05419307856672222,Fresno
6,8,0.4,0.0001,6,2,2.9717773204354847,1.3045598069961588,-1.667217513439326,0.19518463193864952,1.2611728899944865,0.15476437329659284,Fresno
6,64,0.4,0.005,6,1,1.0548488069662685,1.3045962582602095,0.24974745129394105,0.37178761749612754,1.2611728899944865,0.29479512321086515,Fresno
3,64,0.1,0.001,4,1,1.3735458152417446,1.3057583300730184,-0.06778748516872612,0.6528202035990772,1.228971728227436,0.5311922061385818,Fresno
9,64,0.0,0.005,6,2,0.561522899976689,1.3063759185324706,0.7448530185557816,0.6354538781121423,1.3029778427333762,0.4876935411112535,Fresno
6,16,0.2,0.0005,4,1,1.4315330823676922,1.307095681171933,-0.12443740119575919,0.3300295803027066,1.2611728899944865,0.2616846452385679,Fresno
6,32,0.2,0.001,4,2,1.0192720509691848,1.307129053157457,0.28785700218827226,0.5956951127559142,1.2611728899944865,0.4723342195838974,Fresno
3,64,0.2,0.001,4,1,1.4603774185916105,1.3071305502506472,-0.15324686834096335,0.5624141173651624,1.228971728227436,0.4576298253633065,Fresno
3,32,0.4,0.005,4,2,1.3615865999747703,1.3074562588167045,-0.05413034115806581,0.6211121114631114,1.228971728227436,0.5053917003924497,Fresno
9,8,0.4,0.0001,4,1,2.781249896373994,1.3075696178135343,-1.4736802785604597,0.23448629899968879,1.3029778427333762,0.17996184686286404,Fresno
6,8,0.1,0.0001,8,2,3.1047042075391573,1.307926641774771,-1.7967775657643863,0.16500259296683797,1.2611728899944865,0.13083265131679075,Fresno
9,16,0.0,0.0001,8,2,3.130705442462072,1.307950289558567,-1.822755152903505,0.23421312944329417,1.3029778427333762,0.17975219666971756,Fresno
9,32,0.3,0.0001,8,2,2.4859969406890374,1.3083766994909527,-1.1776202411980847,0.07030285926882703,1.3029778427333762,0.053955529375193566,Fresno
3,8,0.2,0.005,4,2,1.342264700197689,1.3097263630329519,-0.0325383371647372,0.5651717040759813,1.228971728227436,0.4598736415939663,Fresno
3,64,0.2,0.005,6,1,1.1070455403630406,1.3104790488260605,0.20343350846301989,0.7214171015471553,1.228971728227436,0.5870087040876569,Fresno
3,32,0.0,0.0001,8,2,2.884600873021388,1.310694009028212,-1.573906863993176,0.5885038320158249,1.228971728227436,0.4788587227019719,Fresno
9,32,0.0,0.001,8,2,1.1076461010052723,1.312058859316318,0.20441275831104577,0.14617594518679147,1.3029778427333762,0.11218605596557557,Fresno
3,16,0.0,0.0001,6,2,2.8462389784004922,1.3124695704037639,-1.5337694079967283,0.5327888031566009,1.228971728227436,0.4335240517900685,Fresno
6,8,0.0,0.005,6,1,1.0348823603906825,1.3128484014964257,0.2779660411057432,0.23362966792792414,1.2611728899944865,0.1852479305426122,Fresno
6,8,0.1,0.005,6,1,0.9650615301454674,1.313627610750022,0.34856608060455463,0.22707133877731883,1.2611728899944865,0.18004774807545343,Fresno
9,64,0.2,0.001,8,1,1.6981973685295517,1.3136498957064149,-0.38454747282313684,0.2570604719306181,1.3029778427333762,0.1972869096464133,Fresno
3,64,0.1,0.001,4,2,1.3590990468508202,1.313686874230323,-0.04541217262049724,0.7456053185947613,1.228971728227436,0.6066903749447181,Fresno
9,8,0.2,0.0005,4,2,1.5305220058124915,1.3138540004101027,-0.21666800540238884,0.25262679347070593,1.3029778427333762,0.19388418220585205,Fresno
3,64,0.3,0.001,4,2,1.5763226844625549,1.3142149307343598,-0.26210775372819506,0.6247470452708561,1.228971728227436,0.5083494037506769,Fresno
3,32,0.4,0.0001,8,2,2.8119317732942513,1.3145382991956787,-1.4973934740985726,0.5076058984855093,1.228971728227436,0.4130330151838698,Fresno
3,16,0.2,0.0001,8,2,3.1366318247298226,1.3147572901545068,-1.8218745345753158,0.4199391360929903,1.228971728227436,0.3416995903548365,Fresno
9,64,0.0,0.005,8,1,0.9380722781645513,1.3148321844010034,0.37675990623645206,0.9054342589064558,1.3029778427333762,0.6948961288605209,Fresno
9,16,0.4,0.005,6,1,0.9710496156787711,1.3148990185879272,0.3438494029091561,0.22565639567940143,1.3029778427333762,0.17318513659911614,Fresno
3,64,0.3,0.005,4,1,1.1079568301545117,1.3152460455992256,0.2072892154447139,0.6657280848579116,1.228971728227436,0.5416951989758959,Fresno
6,16,0.3,0.005,8,1,1.2979620480795677,1.3158251579328393,0.017863109853271553,0.24384689551440042,1.2611728899944865,0.19334930004360182,Fresno
6,8,0.2,0.005,6,2,0.8702716707247122,1.3164912271670917,0.44621955644237943,0.3047867141739106,1.2611728899944865,0.24166925612811346,Fresno
9,8,0.0,0.0005,8,1,2.086111986305429,1.3177691456957648,-0.7683428406096644,0.1409994944981711,1.3029778427333762,0.10821327107326975,Fresno
3,16,0.3,0.005,6,1,1.4388624782661144,1.3183250410735499,-0.12053743719256449,0.49817540263813354,1.228971728227436,0.40535953040730993,Fresno
3,16,0.1,0.0001,8,1,3.157090419002743,1.3191872612972066,-1.8379031577055363,0.65412646346487,1.228971728227436,0.532255094597112,Fresno
6,8,0.1,0.0001,6,1,3.2668823464003696,1.3198783041452125,-1.947004042255157,0.09186899363487519,1.2611728899944865,0.07284409168934547,Fresno
6,32,0.3,0.0005,8,1,1.5052893260438507,1.3200399972060795,-0.18524932883777123,0.32524758674232784,1.2611728899944865,0.2578929418184288,Fresno
9,8,0.4,0.005,4,1,1.0021317053408667,1.320177875366052,0.3180461700251853,0.2831114366397949,1.3029778427333762,0.21728031540880696,Fresno
9,8,0.2,0.005,6,1,1.1589518523223392,1.320363012264395,0.1614111599420558,0.2348484854220921,1.3029778427333762,0.18023981507577203,Fresno
3,8,0.3,0.0001,6,1,2.858373829529231,1.3206651921735681,-1.5377086373556628,0.26405606166264656,1.228971728227436,0.21485934590496927,Fresno
6,16,0.3,0.0005,6,2,1.6306926299103492,1.3229774979761595,-0.30771513193418976,0.23952055573500886,1.2611728899944865,0.18991889029271472,Fresno
3,16,0.3,0.0001,6,1,2.8676274681164684,1.3230375185346261,-1.5445899495818423,0.40498655710741954,1.228971728227436,0.32953285076096717,Fresno
3,8,0.1,0.0001,4,2,2.781522305456047,1.3239379923240988,-1.4575843131319481,0.2253123957979758,1.228971728227436,0.1833340756527794,Fresno
9,32,0.4,0.005,4,1,1.943722390802273,1.3263893888794043,-0.6173330019228687,0.20381546667682665,1.3029778427333762,0.15642281855634954,Fresno
3,8,0.3,0.005,6,1,1.4249940864560213,1.3268199470043402,-0.09817413945168108,0.49971287494641414,1.228971728227436,0.4066105537408557,Fresno
6,8,0.3,0.001,8,2,1.459865123891245,1.327708361668581,-0.13215676222266404,0.1471279983058636,1.2611728899944865,0.11665965822220203,Fresno
9,64,0.3,0.005,6,2,0.6692358205398555,1.3281134469012577,0.6588776263614021,0.6806005710877806,1.3029778427333762,0.522342398133204,Fresno
9,8,0.3,0.001,4,1,1.37849568611159,1.3291613721315576,-0.04933431398003241,0.10959522093602402,1.3029778427333762,0.08411134659520844,Fresno
3,64,0.0,0.001,6,1,1.4320375667588694,1.3291791971092715,-0.10285836964959794,0.681016555007128,1.228971728227436,0.5541352493025761,Fresno
6,32,0.1,0.001,4,1,1.0969304508339341,1.329577105313522,0.23264665447958777,0.5749740696856857,1.2611728899944865,0.4559042413988135,Fresno
9,64,0.3,0.0005,8,2,1.2570127026348719,1.3317218797373735,0.07470917710250169,0.24497892967441193,1.3029778427333762,0.18801465507694062,Fresno
6,32,0.0,0.001,6,2,1.016810474445378,1.3319190674627333,0.31510859301735517,0.6588065965976443,1.2611728899944865,0.5223761165691758,Fresno
6,16,0.0,0.005,6,1,0.7565474718821904,1.332128705224693,0.5755812333425027,0.41102634049743586,1.2611728899944865,0.32590800496768746,Fresno
3,64,0.4,0.005,8,2,1.1389375046743013,1.3322413498013863,0.19330384512708498,0.8677978743776329,1.228971728227436,0.7061170362553991,Fresno
9,8,0.2,0.001,6,2,1.2481039302019212,1.3324621462194375,0.08435821601751625,0.25104755368024684,1.3029778427333762,0.19267215868659848,Fresno
6,16,0.3,0.0001,6,1,3.1411810894134677,1.3334620265181636,-1.8077190628953042,0.34320974405335447,1.2611728899944865,0.2721353644501944,Fresno
6,8,0.1,0.001,8,1,1.38118512871937,1.3336260795534363,-0.047559049165933676,0.26411742338720634,1.2611728899944865,0.20942205900759647,Fresno
3,8,0.3,0.0001,4,1,3.167599714183577,1.3365200106177682,-1.831079703565809,0.681597686192262,1.228971728227436,0.5546081089882681,Fresno
6,64,0.3,0.005,8,2,1.0618680809263288,1.336886533481698,0.27501845255536916,0.5745588143730413,1.2611728899944865,0.4555749801881272,Fresno
6,64,0.1,0.0001,4,1,1.7674432327804013,1.3371201904480057,-0.4303230423323956,0.42592729051575295,1.2611728899944865,0.33772315746306203,Fresno
6,8,0.3,0.0001,4,1,3.1084400002488763,1.338661623804078,-1.7697783764447983,0.33089337949952335,1.2611728899944865,0.2623695625910338,Fresno
9,8,0.0,0.005,4,1,0.8695035679308374,1.3395228466695812,0.47001927873874383,0.15964450668965996,1.3029778427333762,0.12252281002319965,Fresno
6,8,0.2,0.0001,4,1,3.0675069432330457,1.339793824429774,-1.7277131188032717,0.2264917147061895,1.2611728899944865,0.17958815678885998,Fresno
3,16,0.2,0.005,6,2,1.4222488552539634,1.3401631557521398,-0.08208569950182354,0.55617328220638,1.228971728227436,0.45255173038728636,Fresno
3,64,0.3,0.005,6,2,0.8119248655362947,1.3403911727949567,0.528466307258662,0.7268806581235732,1.228971728227436,0.5914543365224226,Fresno
6,8,0.3,0.0001,6,1,2.8809552242293357,1.340625091804075,-1.5403301324252607,0.08731409592076293,1.2611728899944865,0.06923245544958126,Fresno
6,8,0.0,0.005,4,2,0.5637610692594179,1.341895983720823,0.7781349144614051,0.25979452448275353,1.2611728899944865,0.2059943775701437,Fresno
9,8,0.4,0.001,4,2,1.5493755835172327,1.3420763083228266,-0.20729927519440605,0.07679543757177891,1.3029778427333762,0.05893840635898925,Fresno
6,32,0.1,0.005,6,2,0.9633556861550667,1.3433315313839325,0.37997584522886574,0.4097984866009951,1.2611728899944865,0.3249344240207912,Fresno
3,16,0.1,0.0001,4,1,2.725100885359279,1.3438087525981928,-1.3812921327610863,0.6903018642203319,1.228971728227436,0.5616905974037047,Fresno
9,8,0.2,0.0005,8,2,2.3663484572113016,1.3446730803377809,-1.0216753768735207,0.18854068843645144,1.3029778427333762,0.1446998423556707,Fresno
3,8,0.0,0.005,8,1,1.383571630562083,1.3454452923902263,-0.038126338171856844,0.6129936210892639,1.228971728227436,0.498785779208602,Fresno
6,16,0.4,0.0005,8,1,2.036222741561439,1.3472321369200382,-0.6889906046414007,0.34807744557622733,1.2611728899944865,0.27599502680219284,Fresno
3,16,0.3,0.005,4,1,1.2196695893643164,1.3474235748570749,0.12775398549275852,0.6908876860935806,1.228971728227436,0.5621672738477541,Fresno
9,8,0.0,0.001,4,2,1.3893743908869296,1.3476346258302232,-0.0417397650567064,0.17195719355546707,1.3029778427333762,0.13197246178395228,Fresno
6,64,0.0,0.005,8,1,0.42806322725332835,1.347812999172309,0.9197497719189806,0.46793409198550795,1.2611728899944865,0.37103088378910015,Fresno
9,32,0.2,0.005,6,1,1.451928740920006,1.3480656683482326,-0.1038630725717733,0.4056279542194093,1.3029778427333762,0.31130840519013453,Fresno
3,16,0.2,0.0001,4,2,2.7855553603324186,1.3482113262745845,-1.437344034057834,0.39754392306969694,1.228971728227436,0.3234768660163407,Fresno
3,16,0.2,0.0001,6,1,2.86429518532113,1.3491514683967527,-1.515143716924377,0.40438156611238996,1.228971728227436,0.3290405766254977,Fresno
6,32,0.0,0.005,8,1,1.5955913059182785,1.3501112767454857,-0.24548002917279277,0.22331405428572013,1.2611728899944865,0.1770685494886402,Fresno
3,16,0.3,0.005,8,1,1.2579370648225086,1.351278204632174,0.09334113980966552,0.6431148961408153,1.228971728227436,0.523295110350821,Fresno
3,8,0.4,0.0001,6,1,2.9248486202299344,1.3514145507487607,-1.5734340694811737,0.26366105276129703,1.228971728227436,0.21453793175663957,Fresno
9,8,0.4,0.001,8,1,1.2976331648232324,1.3515080302226483,0.05387486539941588,0.10208650498675365,1.3029778427333762,0.07834861164837417,Fresno
6,8,0.4,0.0001,4,2,2.9528968305845544,1.3522994929294643,-1.6005973376550902,0.2163402061488686,1.2611728899944865,0.1715388967406478,Fresno
9,64,0.0,0.005,4,2,0.48453680892271134,1.3532204602045317,0.8686836512818203,0.4933893875344983,1.3029778427333762,0.3786629145584472,Fresno
3,16,0.0,0.0001,4,1,2.6867862670604588,1.3535942510241379,-1.3331920160363209,0.39396236234393284,1.228971728227436,0.3205625917140914,Fresno
9,16,0.3,0.0001,8,2,3.16445485429925,1.3537082410735157,-1.8107466132257344,0.07834393684725002,1.3029778427333762,0.060126837370389014,Fresno
9,64,0.1,0.0005,6,2,1.2584323749968938,1.354602167943579,0.09616979294668515,0.11500995908584213,1.3029778427333762,0.08826701062281703,Fresno
6,16,0.0,0.0005,8,1,1.427241618634255,1.354635490587087,-0.07260612804716793,0.2585555316514143,1.2611728899944865,0.20501196442031405,Fresno
12,8,0.0,0.0001,4,1,3.0341325525935052,1.3559468236611802,-1.678185728932325,0.03423443958463405,0.3633993146471748,0.09420612038818053,Fresno
9,64,0.3,0.0005,6,2,1.1969636661263676,1.357100596928571,0.16013693080220337,0.09790333795045114,1.3029778427333762,0.075138144901275,Fresno
6,64,0.1,0.0001,8,2,1.9250446301810074,1.3571991008757884,-0.5678455293052189,0.4598265073767932,1.2611728899944865,0.3646022769953479,Fresno
3,16,0.1,0.0001,6,1,2.924868581248075,1.3575632106548337,-1.5673053705932414,0.5792510300110404,1.228971728227436,0.471329825338214,Fresno
9,16,0.1,0.005,8,2,1.3690484441849464,1.357883957227782,-0.011164486957164321,0.2412736205434518,1.3029778427333762,0.18517093125490913,Fresno
9,32,0.2,0.0001,6,1,2.2533281412652215,1.3583948431165331,-0.8949332981486884,0.12477299371917978,1.3029778427333762,0.09575987374998797,Fresno
3,16,0.3,0.005,6,2,1.4413779684738535,1.3615694307503836,-0.07980853772346985,0.5550152195917553,1.228971728227436,0.4516094283082182,Fresno
9,64,0.1,0.0005,8,1,1.1866966559932546,1.3620399758015993,0.17534331980834472,0.18235640790198154,1.3029778427333762,0.1399535755108742,Fresno
3,32,0.4,0.005,8,1,1.233618242220131,1.3634910665887268,0.12987282436859582,0.7336496845018062,1.228971728227436,0.5969622145498498,Fresno
9,32,0.0,0.001,6,1,1.353068332969141,1.3657162118950519,0.012647878925910794,0.30368940597308636,1.3029778427333762,0.23307334630956517,Fresno
3,8,0.3,0.0001,6,2,3.2730641583020614,1.3669620118893768,-1.9061021464126846,0.17250133162120837,1.228971728227436,0.14036232702440568,Fresno
3,64,0.4,0.005,6,1,1.7448694390474049,1.3673769423335167,-0.3774924967138882,0.7190267809788939,1.228971728227436,0.5850637280451984,Fresno
9,64,0.1,0.005,4,1,0.43236539468400564,1.3674990411525534,0.9351336464685478,0.5135971838755063,1.3029778427333762,0.39417184777147585,Fresno
3,64,0.4,0.001,4,2,1.4402734894030094,1.3702171772653602,-0.07005631213764918,0.6741531428415255,1.228971728227436,0.5485505706578511,Fresno
9,16,0.1,0.005,6,2,1.1237741815961253,1.3703038198763746,0.24652963828024932,0.77413466674602,1.3029778427333762,0.5941272685973283,Fresno
6,32,0.2,0.005,4,2,1.0009165691908104,1.3704964723519637,0.3695799031611533,0.41458399374260896,1.2611728899944865,0.3287289134041102,Fresno
9,8,0.3,0.001,6,1,1.7586319500671657,1.3709440279649252,-0.38768792210224046,0.11798831168943513,1.3029778427333762,0.09055281511304922,Fresno
3,64,0.2,0.001,4,2,1.4345554426515483,1.3711180218528773,-0.06343742079867098,0.7392093233309002,1.228971728227436,0.6014860279960001,Fresno
9,16,0.2,0.001,6,2,1.4085671517168605,1.3719155140804686,-0.0366516376363919,0.19159265679081516,1.3029778427333762,0.14704214492925963,Fresno
3,16,0.2,0.005,4,2,1.3219572028607744,1.3725039276606468,0.05054672479987232,0.7451976231013412,1.228971728227436,0.6063586378639896,Fresno
6,16,0.1,0.005,8,1,1.0754559005706334,1.3747877069677146,0.2993318063970811,0.45387173360575456,1.2611728899944865,0.3598806612531441,Fresno
9,32,0.0,0.0005,8,1,1.4160931831513563,1.3748455839471756,-0.04124759920418075,0.15337210068999893,1.3029778427333762,0.11770890928448652,Fresno
3,32,0.2,0.005,4,1,0.9153738963105008,1.375633201607747,0.46025930529724624,0.6893453101048524,1.228971728227436,0.5609122604464672,Fresno
3,8,0.3,0.0001,4,2,3.268407327109527,1.3758761615616417,-1.8925311655478851,0.39186125011724776,1.228971728227436,0.318852941135135,Fresno
3,32,0.0,0.005,4,2,0.9258634594898135,1.3765952160292494,0.45073175653943587,0.9257249971217624,1.228971728227436,0.7532516622306269,Fresno
6,16,0.4,0.0001,8,1,3.1063681964619367,1.3768848498854538,-1.729483346576483,0.23233872449505225,1.2611728899944865,0.1842243251011112,Fresno
6,64,0.3,0.0005,4,1,1.2225313332156789,1.3777564139331293,0.15522508071745045,0.5860291715383041,1.2611728899944865,0.46466997204551874,Fresno
9,64,0.0,0.0005,8,1,1.3823908521289259,1.3777683739067663,-0.004622478222159554,0.21713705700179328,1.3029778427333762,0.16664677623856208,Fresno
3,8,0.1,0.005,6,2,1.4405887338073053,1.3781442408097289,-0.062444492997576484,0.5346321936299421,1.228971728227436,0.4350239971761189,Fresno
9,32,0.2,0.005,8,1,1.0260263825761073,1.3804674549807654,0.35444107240465805,0.7535716901444882,1.3029778427333762,0.57834574420978,Fresno
9,64,0.0,0.0005,6,1,1.215557125759523,1.3808969688960389,0.16533984313651584,0.13849945104105515,1.3029778427333762,0.10629455582338387,Fresno
6,8,0.2,0.001,8,1,1.8178725179113882,1.3812378026117598,-0.4366347152996284,0.35983707414204613,1.2611728899944865,0.28531938562651726,Fresno
9,32,0.0,0.0005,4,1,1.160746703143725,1.3813964164461185,0.22064971330239347,0.25924675555374116,1.3029778427333762,0.198964822770812,Fresno
9,8,0.1,0.005,6,1,0.6313694920824359,1.381531887849693,0.7501623957672571,0.818013669001046,1.3029778427333762,0.6278032075242536,Fresno
6,64,0.1,0.001,4,1,1.5527117960786982,1.3820109665314444,-0.17070082954725385,0.638287792901252,1.2611728899944865,0.5061064965518268,Fresno
6,8,0.4,0.001,8,2,1.6399546838433536,1.3827612365023105,-0.2571934473410431,0.08209929930003465,1.2611728899944865,0.06509757698676315,Fresno
9,64,0.2,0.0005,6,2,1.3720180946060008,1.3841358647585906,0.012117770152589857,0.13535559262665733,1.3029778427333762,0.10388173013188734,Fresno
3,16,0.3,0.005,8,2,1.2297201000698177,1.3841402051493878,0.15442010507957016,0.7319774502737948,1.228971728227436,0.5956015370097543,Fresno
6,8,0.3,0.001,8,1,1.799877344352875,1.385691189745674,-0.414186154607201,0.43495789258734024,1.2611728899944865,0.3448836365244433,Fresno
3,64,0.4,0.005,4,1,1.4915292378792808,1.3862080368432352,-0.10532120103604559,0.8077052320495999,1.228971728227436,0.6572203521838252,Fresno
9,8,0.2,0.001,6,1,1.7144979259154365,1.38836190566593,-0.3261360202495065,0.23317728505757265,1.3029778427333762,0.17895721432101658,Fresno
3,32,0.3,0.005,8,2,1.5998574647642867,1.3883623017226054,-0.21149516304168126,0.6921814318421203,1.228971728227436,0.5632199797146382,Fresno
3,16,0.2,0.005,8,2,1.4271948743765461,1.389426006835296,-0.037768867541250195,0.630586277624023,1.228971728227436,0.5131007191951656,Fresno
6,8,0.0,0.005,4,1,1.2569282997711149,1.3894916353772286,0.13256333560611377,0.2174223922656616,1.2611728899944865,0.17239697585523908,Fresno
9,8,0.2,0.001,8,2,1.380434038279252,1.3896261600784796,0.009192121799227682,0.2108955142654605,1.3029778427333762,0.16185656221371011,Fresno
6,8,0.0,0.0001,4,2,2.8954530356750845,1.3902849221414406,-1.5051681135336439,0.11803939916616539,1.2611728899944865,0.09359493857077869,Fresno
9,16,0.2,0.001,6,1,1.243832897444664,1.3908914434668347,0.14705854602217072,0.16643869098384753,1.3029778427333762,0.12773716138924804,Fresno
9,64,0.2,0.0005,4,2,1.1807324821873781,1.391493811144106,0.21076132895672783,0.16292805221986628,1.3029778427333762,0.12504284177087552,Fresno
9,32,0.3,0.001,8,1,1.1954497551491483,1.3916775584572374,0.1962278033080891,0.056202429865462214,1.3029778427333762,0.043133833916593096,Fresno
9,16,0.4,0.0005,8,1,1.765256082792872,1.3918829209963237,-0.37337316179654834,0.058388024063029655,1.3029778427333762,0.04481121792565845,Fresno
3,8,0.2,0.0001,8,1,4.172812978937747,1.3929863544130128,-2.7798266245247345,0.2582182045551767,1.228971728227436,0.21010914948190762,Fresno
9,32,0.0,0.001,6,2,0.9656962712341485,1.3933579139985295,0.427661642764381,0.24658929422388357,1.3029778427333762,0.18925056600086965,Fresno
3,32,0.2,0.005,6,2,1.1866578528750547,1.3942659054160818,0.2076080525410271,0.8444480984078043,1.228971728227436,0.6871175951506747,Fresno
6,8,0.2,0.0005,8,2,1.7051403815312416,1.3946703235081943,-0.3104700580230473,0.07723287583299422,1.2611728899944865,0.0612389280214641,Fresno
6,16,0.2,0.005,4,2,0.761824023356626,1.3951143762017488,0.6332903528451228,0.5621980057997995,1.2611728899944865,0.44577393810158517,Fresno
9,32,0.1,0.0001,4,2,2.09670245428969,1.3954517300342115,-0.7012507242554784,0.07930960317913012,1.3029778427333762,0.06086795997448052,Fresno
9,32,0.2,0.0005,8,2,1.2741259450307887,1.3967428547354785,0.12261690970468986,0.15651390661602324,1.3029778427333762,0.12012015974706804,Fresno
3,16,0.4,0.0001,6,2,3.0325536999955465,1.396855553640451,-1.6356981463550955,0.47010044670041307,1.228971728227436,0.3825152653254651,Fresno
9,8,0.3,0.005,4,2,1.1495198689996848,1.396989854638806,0.24746998563912115,0.18647949679730655,1.3029778427333762,0.14311793392135616,Fresno
3,32,0.4,0.005,6,2,1.248106769615235,1.397082625742699,0.1489758561274639,0.6569669813142144,1.228971728227436,0.5345663909305445,Fresno
3,8,0.1,0.005,8,1,1.3304693751205015,1.3995277944737132,0.06905841935321178,0.6293140238284555,1.228971728227436,0.512065501080423,Fresno
6,8,0.4,0.0005,8,1,2.1058830877321872,1.4004674402035633,-0.705415647528624,0.17039514862410762,1.2611728899944865,0.13510847717702887,Fresno
9,16,0.1,0.001,6,1,1.2818544623955959,1.4008937090659916,0.11903924667039578,0.11507773966438736,1.3029778427333762,0.08831903037044607,Fresno
6,16,0.0,0.005,8,1,0.5456411451381066,1.4018070427860265,0.85616589764792,0.8680842623669742,1.2611728899944865,0.6883150353563097,Fresno
9,16,0.2,0.0001,4,2,2.507427101605789,1.4020354396548487,-1.1053916619509403,0.12723101466779593,1.3029778427333762,0.0976463378693315,Fresno
3,64,0.2,0.005,4,1,0.9598652230012437,1.4040208213568324,0.4441555983555887,0.7047728835021388,1.228971728227436,0.5734654974680689,Fresno
3,8,0.3,0.005,8,1,1.4394446608199367,1.404138391851412,-0.03530626896852462,0.5680173881168694,1.228971728227436,0.4621891415973655,Fresno
9,64,0.0,0.005,4,1,0.9743183985575234,1.4046937591643245,0.43037536060680104,0.3709785367608707,1.3029778427333762,0.2847159211722549,Fresno
9,64,0.2,0.005,6,1,0.966860299505463,1.4054630735262774,0.4386027740208144,0.9756348130233282,1.3029778427333762,0.7487731418184744,Fresno
9,16,0.3,0.001,4,1,1.4220013682180577,1.406867825469854,-0.015133542748203777,0.19424197648942546,1.3029778427333762,0.14907542562807224,Fresno
9,32,0.0,0.001,4,1,1.7144617548669847,1.4071391932926307,-0.307322561574354,0.47094180388757906,1.3029778427333762,0.3614350056019688,Fresno
6,8,0.1,0.0001,4,2,3.0217396801663385,1.4076566719004042,-1.6140830082659343,0.4278068802714758,1.2611728899944865,0.3392135080491193,Fresno
3,16,0.1,0.0001,6,2,2.9499524471546374,1.4083289367202287,-1.5416235104344087,0.6135297551268735,1.228971728227436,0.4992220252387551,Fresno
9,8,0.4,0.005,6,2,1.226121287948174,1.40943423490566,0.18331294695748612,0.13705473519831338,1.3029778427333762,0.10518577576944906,Fresno
3,64,0.1,0.005,6,2,0.7240309231506847,1.4094387323608881,0.6854078092102034,0.8307736808359129,1.228971728227436,0.6759908806316888,Fresno
3,64,0.1,0.001,6,1,1.5050286943567435,1.40968879411484,-0.09533990024190353,0.7701066869306296,1.228971728227436,0.6266268533624982,Fresno
3,32,0.1,0.005,4,2,1.27073882825087,1.4100177930221247,0.13927896477125468,0.6931373896598729,1.228971728227436,0.5639978314713514,Fresno
6,8,0.1,0.005,4,2,0.9050613590387505,1.4103314736964794,0.5052701146577289,0.33170526375574116,1.2611728899944865,0.26301331592783544,Fresno
3,64,0.0,0.005,8,1,0.7297557840145439,1.4104766786117147,0.6807208945971708,0.8872821776793391,1.228971728227436,0.7219711872128086,Fresno
6,8,0.0,0.001,8,2,1.3678178636364846,1.4106517710872,0.04283390745071536,0.15371176688317445,1.2611728899944865,0.12188001193384869,Fresno
9,16,0.0,0.001,4,2,1.0489911535227636,1.4117398191109551,0.3627486655881915,0.09752632343598416,1.3029778427333762,0.07484879653163883,Fresno
3,16,0.4,0.005,6,2,1.2409310877966861,1.4133928617558629,0.17246177395917672,0.7332743683618397,1.228971728227436,0.5966568241723934,Fresno
9,32,0.1,0.0005,8,2,1.3433502900172893,1.4143689574806917,0.07101866746340235,0.10453595989257486,1.3029778427333762,0.08022850156321935,Fresno
3,16,0.2,0.005,6,1,1.1852409146352563,1.4176880540309684,0.23244713939571215,0.8471692284092961,1.228971728227436,0.6893317469810154,Fresno
9,8,0.4,0.001,4,1,1.6728101722995927,1.4184079409000294,-0.2544022313995633,0.10408467939457144,1.3029778427333762,0.07988215607429168,Fresno
3,64,0.3,0.005,8,2,1.1638886778424329,1.4204989550145954,0.25661027717216256,0.8682354991408536,1.228971728227436,0.7064731264348306,Fresno
3,8,0.3,0.005,4,1,1.2435331627445059,1.4205404807928645,0.17700731804835868,0.5894059285844622,1.228971728227436,0.4795927481867879,Fresno
6,64,0.1,0.001,4,2,0.9531577426711444,1.4209614475565437,0.46780370488539935,0.8213598699000901,1.2611728899944865,0.6512666712203755,Fresno
9,32,0.3,0.001,4,1,1.3893147469990395,1.4212682859809165,0.03195353898187703,0.2153547356415974,1.3029778427333762,0.16527889314666167,Fresno
9,8,0.0,0.0001,4,1,2.5484772860322353,1.4213600861856863,-1.127117199846549,0.07852861111070018,1.3029778427333762,0.060268569836892626,Fresno
6,8,0.0,0.005,8,2,0.753983630003958,1.4215613793927073,0.6675777493887494,0.4278570954400671,1.2611728899944865,0.33925332429397337,Fresno
3,32,0.2,0.005,8,1,1.1967677831800165,1.4217510266305073,0.2249832434504908,0.8207247270798386,1.228971728227436,0.6678141638486526,Fresno
9,16,0.3,0.001,8,1,1.5350930503687925,1.4217757065984893,-0.11331734377030322,0.1544233349404614,1.3029778427333762,0.11851570293514231,Fresno
9,8,0.4,0.0005,6,1,1.9695040664686911,1.4219473597778947,-0.5475567066907965,0.13053707508163195,1.3029778427333762,0.10018364917686731,Fresno
9,32,0.1,0.001,8,1,1.1788017613751323,1.4229738567586783,0.244172095383546,0.12183547594176372,1.3029778427333762,0.09350540887646888,Fresno
3,8,0.4,0.005,8,2,1.2658737553220765,1.4231395477707012,0.1572657924486247,0.6950478770351067,1.228971728227436,0.5655523728260085,Fresno
3,64,0.3,0.005,4,2,0.9981358405134781,1.4242381086947429,0.42610226818126473,0.9025719962174626,1.228971728227436,0.7344123347078582,Fresno
9,8,0.0,0.0005,8,2,2.033903107440435,1.424247327270124,-0.6096557801703109,0.2313451271796657,1.3029778427333762,0.17755108305936484,Fresno
9,16,0.4,0.001,8,1,1.221125120829644,1.4242520476118168,0.2031269267821727,0.18523255611915995,1.3029778427333762,0.14216094091867335,Fresno
6,8,0.2,0.005,8,1,1.1281257405536684,1.425051462467496,0.2969257219138275,0.2871619803197243,1.2611728899944865,0.22769438084018734,Fresno
3,64,0.2,0.005,8,2,1.2896381625532096,1.425248823367613,0.13561066081440343,0.6048891164347836,1.228971728227436,0.49219123804192316,Fresno
9,8,0.4,0.005,6,1,1.6157636029199813,1.425910858560721,-0.18985274435926036,0.0775522401325611,1.3029778427333762,0.059519231708401614,Fresno
3,16,0.1,0.005,4,2,1.3279719745638816,1.4262248910899975,0.0982529165261159,0.7144575797686317,1.228971728227436,0.5813458221688341,Fresno
3,16,0.4,0.005,8,1,1.3252335532835788,1.4262832364461482,0.10104968316256935,0.5537936200534557,1.228971728227436,0.45061542697341,Fresno
3,64,0.4,0.005,6,2,1.1222276453172197,1.4263702559028975,0.3041426105856777,0.8122898390274402,1.228971728227436,0.6609507935540697,Fresno
9,16,0.0,0.0001,8,1,3.077284881353758,1.4267246580829607,-1.6505602232707974,0.404214302375278,1.3029778427333762,0.3102234659089218,Fresno
9,8,0.3,0.001,8,1,1.3654554753036467,1.4274690080642227,0.06201353276057597,0.021669124447024797,1.3029778427333762,0.016630462726493864,Fresno
3,32,0.4,0.005,4,1,1.106679248115432,1.429095262733327,0.32241601461789515,0.8736254109136351,1.228971728227436,0.7108588349495052,Fresno
9,64,0.1,0.0005,6,1,1.7480484129836353,1.4291565162875959,-0.31889189669603946,0.14835644145965216,1.3029778427333762,0.11385952745630058,Fresno
9,16,0.1,0.005,8,1,1.3332718111316244,1.4300502251236638,0.09677841399203935,0.6922942140083297,1.3029778427333762,0.5313169505292895,Fresno
3,8,0.0,0.0001,6,2,3.2029403242118244,1.4301760225151026,-1.7727643016967218,0.4499975847609672,1.228971728227436,0.3661578003995302,Fresno
9,16,0.4,0.005,4,1,1.2460944524109738,1.4304322440544448,0.18433779164347097,0.18260638122060616,1.3029778427333762,0.14014542322341875,Fresno
9,64,0.0,0.0005,6,2,1.1264906535643002,1.4306378463721465,0.3041471928078463,0.15481859839321882,1.3029778427333762,0.11881905686779878,Fresno
9,16,0.0,0.005,4,2,1.3517210764499403,1.4331648187255848,0.08144374227564444,0.15566553325061347,1.3029778427333762,0.11946905629957574,Fresno
9,8,0.4,0.001,8,2,2.152240707143423,1.4346919105856049,-0.717548796557818,0.08568480249789881,1.3029778427333762,0.06576075178542555,Fresno
3,32,0.4,0.005,8,2,1.2045016875420327,1.4358000839238168,0.23129839638178407,0.7150407605852934,1.228971728227436,0.5818203496158592,Fresno
9,32,0.2,0.0005,4,1,1.335849094863548,1.435926575500764,0.100077480637216,0.06969911289235589,1.3029778427333762,0.053492170477850695,Fresno
9,8,0.2,0.001,4,1,1.5911282701832117,1.4359325680901032,-0.1551957020931085,0.1753693876256416,1.3029778427333762,0.13459122778155086,Fresno
9,8,0.3,0.005,6,1,1.0423038959443496,1.436619907856966,0.39431601191261634,0.14082000411961415,1.3029778427333762,0.10807551709720796,Fresno
3,16,0.1,0.005,8,1,1.3680455704458414,1.4370516019326287,0.0690060314867873,0.7280319137532282,1.228971728227436,0.592391099836999,Fresno
3,16,0.3,0.005,4,2,1.2632888829116284,1.437167944944908,0.17387906203327952,0.7700355605274831,1.228971728227436,0.6265689786355921,Fresno
9,32,0.0,0.0005,6,1,1.279653330638885,1.4391174711031118,0.15946414046422674,0.19931387930247288,1.3029778427333762,0.15296797287385475,Fresno
9,32,0.4,0.005,8,2,0.6490295731671919,1.4422355334204997,0.7932059602533078,1.013760179737315,1.3029778427333762,0.7780333222019011,Fresno
9,32,0.0,0.005,6,2,0.6148671066142296,1.442365823312569,0.8274987166983393,0.8969202028400824,1.3029778427333762,0.6883618227601864,Fresno
3,64,0.2,0.005,6,2,1.0786443393946368,1.4428271377116373,0.3641827983170005,0.8570892948626472,1.228971728227436,0.6974035896650281,Fresno
9,8,0.0,0.001,4,1,1.3084506269030627,1.44344210119119,0.1349914742881273,0.21823355939955738,1.3029778427333762,0.1674883119591265,Fresno
9,64,0.3,0.0001,8,2,2.0577321141810705,1.4435612668296705,-0.6141708473514,0.06574258510056712,1.3029778427333762,0.0504556431770573,Fresno
9,32,0.4,0.001,8,1,1.5013437624203823,1.4467362358554512,-0.054607526564931064,0.10168253671474599,1.3029778427333762,0.0780385770040703,Fresno
3,8,0.4,0.005,4,1,1.4041672843469384,1.446808947287389,0.042641662940450686,0.5347632632611864,1.228971728227436,0.43513064701047544,Fresno
6,32,0.0,0.005,6,2,1.0108592749256304,1.4471132371090258,0.4362539621833954,0.6366400717070136,1.2611728899944865,0.5047999974926489,Fresno
9,8,0.2,0.005,8,2,0.9823251732967847,1.44848173065559,0.46615655735880523,0.17551336308649612,1.3029778427333762,0.1347017250257346,Fresno
3,32,0.3,0.005,6,2,1.2529234454958467,1.4498364212696004,0.19691297577375377,0.7040141889306123,1.228971728227436,0.5728481565202662,Fresno
9,8,0.0,0.0005,6,1,2.080012525893126,1.4498462776105818,-0.6301662482825441,0.14989622102448377,1.3029778427333762,0.11504126632731736,Fresno
9,32,0.2,0.001,6,2,1.2578544999154033,1.4499913481719764,0.19213684825657307,0.16431475233927814,1.3029778427333762,0.1261070963375555,Fresno
3,16,0.2,0.005,4,1,1.2459802443571135,1.4501236292677242,0.20414338491061068,0.6901968177620563,1.228971728227436,0.5616051223224943,Fresno
3,64,0.4,0.005,8,1,1.3087663912760954,1.4511910498705791,0.14242465859448372,0.7239483902358482,1.228971728227436,0.5890683842499856,Fresno
3,32,0.3,0.0001,8,2,2.981356575099972,1.4524368286478069,-1.528919746452165,0.5277945042945156,1.228971728227436,0.4294602488991031,Fresno
3,8,0.1,0.005,4,1,1.3188418187998934,1.4538719288812365,0.13503011008134314,0.6348320776853986,1.228971728227436,0.516555477318446,Fresno
9,32,0.2,0.001,8,1,1.4958414733171088,1.454320834756996,-0.04152063856011279,0.28667434008179465,1.3029778427333762,0.2200147467438215,Fresno
3,64,0.1,0.005,4,2,0.5652722582044646,1.4556343123475606,0.890362054143096,0.8306756534200732,1.228971728227436,0.6759111168636637,Fresno
6,8,0.0,0.005,6,2,0.6618078036785693,1.4567281556938103,0.794920352015241,0.43845044806011524,1.2611728899944865,0.3476529281104607,Fresno
6,64,0.0,0.0005,4,2,0.9717394984862449,1.4571607530553081,0.48542125456906327,0.9273463501359325,1.2611728899944865,0.7353046973123459,Fresno
6,16,0.3,0.005,6,2,1.387282849098069,1.458212882979416,0.070930033881347,0.5135297019485141,1.2611728899944865,0.4071842219433999,Fresno
9,8,0.2,0.0005,8,1,2.3213991845812534,1.4582651868527017,-0.8631339977285517,0.09227032748926249,1.3029778427333762,0.07081496282062522,Fresno
3,16,0.2,0.005,8,1,1.2636649615967157,1.4584302948330519,0.19476533323633616,0.650497382543676,1.228971728227436,0.5293021536645908,Fresno
3,8,0.2,0.0001,4,2,3.0221482049555677,1.458598768533141,-1.5635494364224267,0.5780993086837365,1.228971728227436,0.4703926830908777,Fresno
9,8,0.1,0.0005,4,1,1.645480179368124,1.4593650775593126,-0.1861151018088114,0.09164391106887353,1.3029778427333762,0.07033420528212796,Fresno
9,32,0.3,0.0001,6,2,2.1998165449359197,1.4595418565303273,-0.7402746884055924,0.13153685231491233,1.3029778427333762,0.10095095096857165,Fresno
9,16,0.4,0.001,6,1,1.360459847971704,1.4596997579207933,0.09923990994908927,0.20784189052954652,1.3029778427333762,0.15951298917987547,Fresno
6,64,0.3,0.001,8,1,1.2075907894718692,1.459852840433434,0.25226205096156495,0.6430652390869133,1.2611728899944865,0.5098945943008056,Fresno
9,16,0.2,0.001,8,2,1.2822707033303693,1.4601321875709306,0.17786148424056125,0.2526207210237473,1.3029778427333762,0.19387952176823023,Fresno
3,32,0.1,0.005,6,2,1.6746497943409497,1.4601460903263028,-0.2145037040146469,0.6809068046610428,1.228971728227436,0.55404594672257,Fresno
3,32,0.3,0.005,8,1,1.2588641676336125,1.4604648795547048,0.2016007119210923,0.9013510712512348,1.228971728227436,0.7334188822644983,Fresno
3,8,0.0,0.005,6,2,0.9154157030732004,1.4605458602670989,0.5451301571938985,0.8613446869818548,1.228971728227436,0.7008661527341926,Fresno
9,32,0.1,0.001,6,1,1.3754713721272995,1.4608923722185747,0.08542100009127518,0.14704553286483105,1.3029778427333762,0.11285344082011413,Fresno
9,32,0.0,0.0005,6,2,1.218815246223118,1.4621302489578285,0.2433150027347104,0.15118300156896136,1.3029778427333762,0.11602883534213514,Fresno
3,16,0.0,0.0001,8,1,2.9913354611510568,1.4628863498876543,-1.5284491112634024,0.3601494586993585,1.228971728227436,0.29304942532633144,Fresno
3,8,0.3,0.005,4,2,1.2780716332640158,1.4652648609206624,0.1871932276566466,0.7023119442092097,1.228971728227436,0.5714630597907769,Fresno
9,32,0.4,0.0001,4,1,2.173167027893144,1.4659402955647192,-0.7072267323284249,0.10443842106557912,1.3029778427333762,0.08015364317054621,Fresno
9,16,0.1,0.0001,8,2,2.3403262010872785,1.4665445962698571,-0.8737816048174214,0.14661997913310512,1.3029778427333762,0.11252683992348399,Fresno
3,32,0.2,0.005,8,2,1.1819107310098287,1.4683886027571673,0.28647787174733863,0.8775083398086015,1.228971728227436,0.7140183290255544,Fresno
9,8,0.3,0.005,8,1,1.0226670677839547,1.468488499262783,0.44582143147882825,0.18568099069401897,1.3029778427333762,0.14250510223911322,Fresno
9,16,0.3,0.005,4,2,0.9917308676646294,1.4693101202427163,0.477579252578087,0.11127519922582346,1.3029778427333762,0.08540068416849765,Fresno
9,16,0.0,0.001,6,1,1.2223798904043701,1.470062101776382,0.24768221137201185,0.15569353409808398,1.3029778427333762,0.11949054618724088,Fresno
9,8,0.2,0.005,8,1,0.9692355794269629,1.470752459655208,0.501516880228245,0.16936811563968204,1.3029778427333762,0.12998541501241725,Fresno
3,32,0.1,0.005,4,1,1.196953869400073,1.474788345869136,0.277834476469063,0.8414663692226007,1.228971728227436,0.6846913967958075,Fresno
9,32,0.4,0.0005,6,2,1.4089297936135343,1.47513773061814,0.06620793700460559,0.007745898073285724,1.3029778427333762,0.005944765765959951,Fresno
9,16,0.3,0.001,6,2,1.235603944242399,1.4752004595213035,0.23959651527890458,0.12435509680873486,1.3029778427333762,0.09543914925511224,Fresno
9,32,0.4,0.0005,6,1,1.3728107459086836,1.4755839852544623,0.10277323934577876,0.11544880904696844,1.3029778427333762,0.08860381601331062,Fresno
9,16,0.3,0.0005,6,2,1.5350046289841033,1.4756813550856573,-0.05932327389844594,0.14093008781538974,1.3029778427333762,0.10816000333493604,Fresno
9,32,0.3,0.0005,4,1,1.6843001133635236,1.4762005159036253,-0.20809959745989826,0.2042791302930668,1.3029778427333762,0.15677866775119653,Fresno
9,32,0.3,0.0005,6,2,1.3856911706039452,1.4763808134332383,0.09068964282929315,0.038698072732880014,1.3029778427333762,0.029699716651896024,Fresno
9,32,0.1,0.0005,6,1,1.3676841420873818,1.4769800974941591,0.10929595540677739,0.18953429301942262,1.3029778427333762,0.14546240680641134,Fresno
3,64,0.0,0.005,4,2,0.3659433667945949,1.477130843777915,1.11118747698332,0.8600340835956952,1.228971728227436,0.6997997300036634,Fresno
3,16,0.1,0.0001,8,2,3.1556301683598265,1.4773417664941657,-1.6782884018656608,0.40273216222694586,1.228971728227436,0.3276984758695893,Fresno
3,16,0.2,0.0001,8,1,2.955404696130715,1.4775191837769646,-1.4778855123537504,0.4095110994953692,1.228971728227436,0.3332144182730819,Fresno
9,8,0.1,0.0005,8,1,1.9806617174273795,1.4777807372732474,-0.5028809801541321,0.1544234037092688,1.3029778427333762,0.11851575571332866,Fresno
6,32,0.2,0.005,8,1,0.6440650467083594,1.4782533967213465,0.8341883500129871,0.5895836835990231,1.2611728899944865,0.4674883897968982,Fresno
9,8,0.0,0.001,8,2,1.3392632071477863,1.4787092670455095,0.13944605989772318,0.20497595673721505,1.3029778427333762,0.15731346306489616,Fresno
9,16,0.3,0.0005,4,2,1.6355221768711108,1.4789868784059303,-0.15653529846518044,0.1452962308835002,1.3029778427333762,0.11151089920201478,Fresno
9,32,0.1,0.0001,6,2,2.2122130758218486,1.4799586920264003,-0.7322543837954483,0.08308553331141814,1.3029778427333762,0.06376588349125108,Fresno
3,16,0.4,0.005,4,2,1.2982346013620636,1.4801636016366377,0.18192900027457415,0.7145517132357122,1.228971728227436,0.5814224174760478,Fresno
9,8,0.0,0.001,8,1,1.1260576626947707,1.480776078832807,0.35471841613803634,0.3605863154442507,1.3029778427333762,0.2767401744052805,Fresno
3,16,0.3,0.0001,4,2,2.9878257770388896,1.480858947133712,-1.5069668299051777,0.38070205948723856,1.228971728227436,0.30977283752192636,Fresno
9,32,0.0,0.005,4,1,1.243259537620157,1.4814148048709366,0.23815526725077962,0.7551339473278592,1.3029778427333762,0.579544734040715,Fresno
9,16,0.4,0.001,4,2,1.1670748566458153,1.4819366024559455,0.31486174581013016,0.09762981759559376,1.3029778427333762,0.07492822547986444,Fresno
9,16,0.1,0.001,8,2,1.324224489637774,1.4833146981159557,0.15909020847818178,0.11781873927164184,1.3029778427333762,0.09042267290169928,Fresno
3,32,0.3,0.005,4,1,0.924204531764344,1.484115660178421,0.5599111284140769,0.8021763265670177,1.228971728227436,0.6527215461042447,Fresno
3,64,0.4,0.005,4,2,0.8813000196018409,1.484213566992621,0.6029135473907802,0.7844602835469145,1.228971728227436,0.6383062079697742,Fresno
9,32,0.3,0.0005,8,1,1.5568244264373423,1.4851626816478183,-0.07166174478952403,0.07023070151304173,1.3029778427333762,0.053900150263271045,Fresno
3,64,0.2,0.005,8,1,1.0775529681179319,1.4852960825841846,0.40774311446625267,0.8242020973496511,1.228971728227436,0.6706436595888255,Fresno
3,32,0.0,0.005,8,2,1.062321822087304,1.4854787035893309,0.4231568815020268,0.8090673571586029,1.228971728227436,0.6583286975409375,Fresno
3,8,0.4,0.0001,4,1,2.9085898999726116,1.4857030616447071,-1.4228868383279045,0.21292499667239068,1.228971728227436,0.17325459307310148,Fresno
3,8,0.1,0.005,4,2,1.322691279765946,1.4874229387305962,0.16473165896465014,0.7003755625116085,1.228971728227436,0.5698874485272094,Fresno
9,8,0.2,0.001,8,1,1.4945400414733043,1.4887130555740793,-0.0058269858992250345,0.21929106477193622,1.3029778427333762,0.16829991852502205,Fresno
9,16,0.1,0.001,4,1,1.1156269944764359,1.4903760804352928,0.3747490859588569,0.18143010883106322,1.3029778427333762,0.13924266620717096,Fresno
9,64,0.4,0.0005,8,1,1.5507894965849496,1.4940482800857204,-0.05674121649922914,0.17397753940089308,1.3029778427333762,0.13352302218426404,Fresno
9,64,0.1,0.0005,8,2,1.1198122214005009,1.4944464218885058,0.374634200488005,0.09674271673007041,1.3029778427333762,0.07424739973100719,Fresno
9,64,0.2,0.0005,8,1,1.2933978767729282,1.495613629554637,0.20221575278170878,0.046565991267818754,1.3029778427333762,0.03573812979822665,Fresno
9,16,0.1,0.001,8,1,1.2094787171946457,1.496253873950178,0.28677515675553233,0.21360970861888623,1.3029778427333762,0.16393963244284918,Fresno
3,16,0.0,0.0001,6,1,2.9049456422638644,1.4967028297233156,-1.4082428125405488,0.2859562666300373,1.228971728227436,0.23267928794625428,Fresno
9,32,0.2,0.005,4,2,1.3931345955674848,1.498009116603509,0.10487452103602424,0.7371070928864536,1.3029778427333762,0.5657096143247965,Fresno
9,8,0.3,0.005,6,2,0.8683273205608997,1.4997453590753536,0.6314180385144539,0.2273725840574453,1.3029778427333762,0.17450226442873729,Fresno
3,8,0.1,0.0001,4,1,2.967461754026581,1.4999417755584186,-1.4675199784681623,0.33119728230427586,1.228971728227436,0.26949137616205915,Fresno
9,16,0.4,0.0005,4,1,1.5350176230199923,1.5007791647534663,-0.03423845826652605,0.12759180900975847,1.3029778427333762,0.09792323769842273,Fresno
9,16,0.3,0.0005,8,2,1.5889318556441765,1.5008065156571777,-0.08812533998699879,0.08324562024457835,1.3029778427333762,0.06388874585153832,Fresno
9,64,0.1,0.001,6,1,1.528967724467732,1.5016957982771095,-0.027271926190622464,1.0478238450500608,1.3029778427333762,0.8041762574043043,Fresno
9,8,0.3,0.001,4,2,1.4132839412969485,1.5017067111789473,0.08842276988199882,0.12973906867709128,1.3029778427333762,0.09957120099980037,Fresno
9,32,0.0,0.005,4,2,1.2262352122016087,1.5017381457145484,0.27550293351293975,0.5048406379219887,1.3029778427333762,0.38745143728840253,Fresno
9,8,0.1,0.0005,6,2,2.3239474097046475,1.5020586301431254,-0.8218887795615222,0.1777269024314387,1.3029778427333762,0.13640055617415925,Fresno
9,64,0.3,0.0005,6,1,1.2640482678175706,1.50267200971035,0.23862374189277946,0.11695052161656212,1.3029778427333762,0.08975633950246174,Fresno
3,16,0.4,0.005,4,1,1.4308826077554602,1.5031002680404515,0.07221766028499133,0.6535598085120807,1.228971728227436,0.5317940140532929,Fresno
9,16,0.0,0.005,6,2,1.0419683622756133,1.5036325207254864,0.4616641584498731,0.9378780000182714,1.3029778427333762,0.7197958163669143,Fresno
3,8,0.0,0.0001,8,1,2.9185915095423893,1.5047631984874794,-1.41382831105491,0.2507707674443844,1.228971728227436,0.20404925653259315,Fresno
9,16,0.4,0.0005,6,2,1.8483718593444847,1.5054268682934338,-0.3429449910510509,0.059421599347107126,1.3029778427333762,0.04560445880066002,Fresno
6,64,0.1,0.001,6,2,1.3853903327999721,1.5057174249747913,0.12032709217481918,0.8228435786616011,1.2611728899944865,0.6524431227388644,Fresno
3,64,0.3,0.005,8,1,1.175646247513221,1.5068240936853934,0.3311778461721724,0.8611471513091813,1.228971728227436,0.7007054202550506,Fresno
3,32,0.2,0.005,4,2,1.0499284745691813,1.5094482575754213,0.4595197830062401,0.9106761285224858,1.228971728227436,0.7410065728981149,Fresno
9,8,0.0,0.005,8,2,0.9901040837694232,1.5113316621254995,0.5212275783560764,0.12328882830802682,1.3029778427333762,0.09462081722693957,Fresno
3,32,0.3,0.005,6,1,1.0538577824653113,1.5131772593824828,0.45931947691717157,0.9779318361299956,1.228971728227436,0.7957317598676424,Fresno
9,8,0.0,0.005,4,2,0.6469083070371051,1.516105723009975,0.8691974159728699,0.23846234042821834,1.3029778427333762,0.1830133503482868,Fresno
9,8,0.4,0.005,4,2,0.961465565921606,1.5166864639303295,0.5552208980087234,0.11992881964051089,1.3029778427333762,0.09204210210430377,Fresno
3,32,0.0,0.005,4,1,1.4398753693665873,1.5168154296897256,0.07694006032313827,0.6419038416035822,1.228971728227436,0.5223096893607223,Fresno
9,8,0.4,0.001,6,2,1.5285282272506524,1.5169075408689685,-0.011620686381683898,0.2568289543195718,1.3029778427333762,0.19710922618668492,Fresno
6,16,0.0,0.001,4,2,1.1176158572102193,1.51862984503183,0.4010139878216108,0.8198322302627423,1.2611728899944865,0.6500553863525613,Fresno
9,32,0.4,0.001,6,2,1.5240710893200546,1.5190850651083745,-0.004986024211680151,0.1703951361245887,1.3029778427333762,0.13077362525761388,Fresno
9,16,0.4,0.001,4,1,1.8040317487434798,1.5209420008547445,-0.2830897478887353,0.1809582441652402,1.3029778427333762,0.13888052293017314,Fresno
3,64,0.0,0.001,4,1,1.3802063167519907,1.5232893555364577,0.14308303878446704,0.8830617097918488,1.228971728227436,0.7185370415847578,Fresno
3,8,0.0,0.0001,4,1,2.9622662848200725,1.5242656423764345,-1.438000642443638,0.24664884015007352,1.228971728227436,0.20069529223899948,Fresno
9,64,0.1,0.001,4,2,0.8082921638951289,1.5247060980768659,0.7164139341817369,1.1405403627788262,1.3029778427333762,0.8753336590791214,Fresno
9,16,0.1,0.0001,4,1,2.4056808627675577,1.5250255177491103,-0.8806553450184473,0.047900401251378635,1.3029778427333762,0.03676225311007098,Fresno
9,16,0.0,0.0005,4,2,1.3479114274596673,1.5256486593153842,0.17773723185571688,0.08507718178022758,1.3029778427333762,0.06529441943675217,Fresno
9,8,0.3,0.0005,6,2,2.4358505678085445,1.5277772679253288,-0.9080732998832157,0.014800437061816416,1.3029778427333762,0.01135893226761875,Fresno
3,8,0.1,0.005,6,1,1.3111982880315591,1.5294038669403305,0.21820557890877135,0.6753504248146621,1.228971728227436,0.5495247850727454,Fresno
9,32,0.1,0.0005,4,2,1.424269633000618,1.5313627406971093,0.10709310769649139,0.15994137273736067,1.3029778427333762,0.12275064662790963,Fresno
9,64,0.2,0.0005,6,1,1.8893348832116,1.531783750424627,-0.3575511327869729,0.20979785151120814,1.3029778427333762,0.1610141359511501,Fresno
3,64,0.1,0.005,4,1,1.0943713998331177,1.5339656954155336,0.4395942955824159,0.7608632290100882,1.228971728227436,0.6191055591713996,Fresno
9,64,0.4,0.0005,8,2,1.3367941172883164,1.5344342589908362,0.19764014170251976,0.07364990944353514,1.3029778427333762,0.056524299207600465,Fresno
3,16,0.1,0.005,4,1,1.7372231563206508,1.5376188996351852,-0.19960425668546566,0.9665839031225733,1.228971728227436,0.7864980787773626,Fresno
3,8,0.4,0.005,6,2,1.3499800891801457,1.537964371411442,0.18798428223129626,0.7279040140386656,1.228971728227436,0.5922870293269742,Fresno
9,8,0.1,0.0001,4,2,2.3865674959547754,1.5394202208884078,-0.8471472750663676,0.11604604398649233,1.3029778427333762,0.08906217756017393,Fresno
9,8,0.2,0.001,4,2,1.467564259510379,1.5408920667031776,0.07332780719279852,0.04623301586312933,1.3029778427333762,0.035482580245679456,Fresno
6,64,0.1,0.0005,4,1,0.9004255404657125,1.5409546971776165,0.6405291567119039,0.951923251542945,1.2611728899944865,0.7547920345378709,Fresno
9,32,0.1,0.0005,6,2,1.3677073432353921,1.5411799467146972,0.17347260347930504,0.0708235140777072,1.3029778427333762,0.05435511775790003,Fresno
9,32,0.4,0.0005,8,2,1.4907282901679395,1.5421784033703414,0.05145011320240189,0.04090657440495621,1.3029778427333762,0.031394681523626476,Fresno
9,8,0.1,0.005,4,2,1.1551654438517274,1.5429593254671412,0.38779388161541384,0.20956345476331759,1.3029778427333762,0.16083424283232406,Fresno
9,32,0.4,0.0005,8,1,1.4482399584229169,1.5440664484699063,0.0958264900469894,0.09205223958810523,1.3029778427333762,0.07064758629739919,Fresno
9,32,0.0,0.0001,6,2,2.0809083363172243,1.5441940099775282,-0.5367143263396961,0.0453380096355419,1.3029778427333762,0.034795687346787264,Fresno
3,16,0.0,0.005,8,2,1.2367280177145406,1.5478294346340147,0.3111014169194741,0.89672349533622,1.228971728227436,0.7296534775698847,Fresno
9,16,0.2,0.001,8,1,1.3931483345032833,1.5490296321317145,0.15588129762843117,0.17042102184546865,1.3029778427333762,0.13079349184323874,Fresno
3,64,0.0,0.005,6,2,0.5068742756303617,1.5492968211449933,1.0424225455146316,1.0368721955354037,1.228971728227436,0.8436908447282996,Fresno
9,16,0.1,0.0005,4,1,1.3829102335806878,1.5508006122399904,0.16789037865930267,0.22327399270449894,1.3029778427333762,0.17135670721469567,Fresno
9,64,0.2,0.0001,8,2,1.8545290586858791,1.5518043106027968,-0.30272474808308236,0.07028420344802382,1.3029778427333762,0.053941211540928576,Fresno
9,32,0.1,0.0005,4,1,1.1840263894214607,1.553468380150465,0.3694419907290043,0.1575339421110735,1.3029778427333762,0.12090300920282733,Fresno
9,8,0.1,0.005,6,2,1.7910221358334177,1.554043401501922,-0.23697873433149574,0.2658148954067764,1.3029778427333762,0.2040056911859315,Fresno
3,64,0.2,0.005,4,2,0.8824135928260529,1.5543437152864374,0.6719301224603845,0.8831854255473436,1.228971728227436,0.7186377076559564,Fresno
3,64,0.1,0.005,8,2,0.8192811424823613,1.5553584579410944,0.7360773154587331,0.8796958259422055,1.228971728227436,0.7157982610478792,Fresno
6,64,0.1,0.001,8,1,1.0825242436601263,1.5562228250292982,0.47369858136917187,0.6054612439647641,1.2611728899944865,0.48007790903863384,Fresno
9,8,0.1,0.001,8,1,1.3190579960419329,1.5571299421855804,0.23807194614364757,0.16887708143277994,1.3029778427333762,0.1296085596348369,Fresno
3,8,0.2,0.005,4,1,1.3163055301289421,1.557212824124282,0.24090729399533983,0.7736869512077347,1.228971728227436,0.6295400727595538,Fresno
3,64,0.0,0.001,4,2,1.3734974208497548,1.5594564183004822,0.18595899745072741,0.9595126401141094,1.228971728227436,0.7807442743194986,Fresno
9,64,0.1,0.0001,8,2,2.10999271208854,1.560288858486911,-0.5497038536016288,0.050440996614528257,1.3029778427333762,0.03871209084316703,Fresno
3,8,0.0,0.005,4,2,1.7515223828681075,1.5609135814273396,-0.19060880144076786,0.9336821626128684,1.228971728227436,0.7597263152339004,Fresno
3,16,0.1,0.005,6,2,1.2957713830654092,1.5609220863857953,0.26515070332038615,0.7746386150870902,1.228971728227436,0.63031443058854,Fresno
9,16,0.0,0.0005,4,1,1.2572451437431202,1.5629074534893606,0.3056623097462403,0.15243456687116974,1.3029778427333762,0.11698937761780642,Fresno
9,32,0.2,0.0005,4,2,1.7865334621748887,1.5642289903523272,-0.22230447182256152,0.17583665408102153,1.3029778427333762,0.13494984205729305,Fresno
9,32,0.1,0.0001,6,1,2.0308673395700483,1.5644301756101593,-0.466437163959889,0.06311633194434518,1.3029778427333762,0.048440065421174204,Fresno
3,32,0.4,0.005,6,1,1.478781578658791,1.5665394222956992,0.0877578436369082,0.8424614657673558,1.228971728227436,0.6855010952794255,Fresno
3,32,0.2,0.005,6,1,1.5319899082285524,1.5670371326107648,0.035047224382212416,1.0676658980674107,1.228971728227436,0.8687473222897658,Fresno
6,32,0.0,0.001,4,1,15.198908225670841,1.5671602118141217,-13.63174801385672,0.5095844685529924,1.2611728899944865,0.40405599628391964,Fresno
9,8,0.4,0.001,6,1,1.6258207265980276,1.5684646122062573,-0.05735611439177024,0.20365730233466509,1.3029778427333762,0.15630143173228062,Fresno
9,32,0.3,0.0005,4,2,1.7825514456453202,1.5692207477086575,-0.2133306979366627,0.066871025973559,1.3029778427333762,0.051321690807326015,Fresno
9,32,0.3,0.0005,6,1,1.5422926168833024,1.5700721408276164,0.027779523944313933,0.050344952875413004,1.3029778427333762,0.03863837988971461,Fresno
9,32,0.1,0.001,4,2,1.2198272211216838,1.5710172784397045,0.35119005731802067,0.9657400188028445,1.3029778427333762,0.7411791567974195,Fresno
9,16,0.1,0.0005,4,2,1.4473284565481732,1.5713931005586275,0.12406464401045425,0.1578162304291434,1.3029778427333762,0.12111965779715624,Fresno
9,8,0.1,0.005,8,2,1.0054864034366833,1.5721699583714224,0.5666835549347391,0.41702314792586487,1.3029778427333762,0.32005390594443045,Fresno
9,8,0.0,0.0005,4,2,1.6695379139517863,1.5735163014613869,-0.09602161249039942,0.10875101017922985,1.3029778427333762,0.0834634378364354,Fresno
9,32,0.4,0.0001,6,2,2.208656155731821,1.5747854494995117,-0.6338707062323095,0.10010960366146125,1.3029778427333762,0.07683139373379684,Fresno
9,64,0.2,0.0005,8,2,1.375575257216057,1.574953992147867,0.19937873493181013,0.17327683647973702,1.3029778427333762,0.13298525178005965,Fresno
9,32,0.0,0.0001,4,1,1.9149069812024055,1.5795170894226598,-0.33538989177974576,0.1447383399348811,1.3029778427333762,0.11108273309640493,Fresno
9,32,0.3,0.0005,8,2,1.4318864521302905,1.580202520017742,0.14831606788745155,0.030773795825703797,1.3029778427333762,0.023618049990126296,Fresno
3,64,0.0,0.005,8,2,0.8006745417341586,1.5805823455642738,0.7799078038301152,1.0171029760936434,1.228971728227436,0.8276048608218401,Fresno
3,32,0.0,0.005,6,2,1.2441898902886401,1.5811513435672728,0.3369614532786327,1.2330018079266747,1.228971728227436,1.0032792289738441,Fresno
9,16,0.0,0.001,8,1,1.301074310834676,1.5864767890456373,0.2854024782109612,0.1467890793167879,1.3029778427333762,0.11265661970801819,Fresno
9,32,0.2,0.0005,6,2,1.365038130390103,1.5868881047819101,0.2218499743918072,0.04812676980134957,1.3029778427333762,0.03693598480568912,Fresno
9,32,0.4,0.001,8,2,1.7339540590704419,1.5886147553957735,-0.1453393036746684,0.10171922331761091,1.3029778427333762,0.0780667329723928,Fresno
9,16,0.1,0.0005,6,2,1.6067394262297552,1.5894416103144229,-0.017297815915332304,0.08341111020562265,1.3029778427333762,0.06401575488854323,Fresno
6,32,0.1,0.005,4,2,0.5140277452597537,1.5896346654286282,1.0756069201688745,0.8101600517276992,1.2611728899944865,0.642386193165983,Fresno
9,16,0.0,0.0005,6,2,1.7032873541146831,1.5897490396245622,-0.11353831449012097,0.04863200315309198,1.3029778427333762,0.03732373764013681,Fresno
9,16,0.1,0.0005,6,1,1.5071398002701422,1.5928245724018506,0.08568477213170844,0.025813515313970314,1.3029778427333762,0.01981116981990955,Fresno
9,16,0.3,0.0005,8,1,1.4145024043255134,1.592872028352543,0.1783696240270296,0.04212674810146673,1.3029778427333762,0.032331131597060456,Fresno
9,8,0.0,0.0005,6,2,1.5947706460621518,1.5978829878213379,0.003112341759186066,0.09519159548762055,1.3029778427333762,0.073056956431376,Fresno
3,16,0.4,0.005,6,1,1.3693620424458794,1.5987282972885213,0.22936625484264184,0.7471465165073067,1.228971728227436,0.6079444297591183,Fresno
9,8,0.0,0.001,6,2,1.4679884676599075,1.601932253915149,0.1339437862552415,0.2796402858576602,1.3029778427333762,0.21461630174081325,Fresno
9,32,0.4,0.0005,4,1,1.6952606445445397,1.603674121078169,-0.09158652346637064,0.07781222890461932,1.3029778427333762,0.05971876600862641,Fresno
9,8,0.0,0.001,6,1,1.2120277071340604,1.608474804746522,0.39644709761246166,0.22466127602278585,1.3029778427333762,0.17242140937062542,Fresno
9,16,0.0,0.0005,8,1,1.6094189096671938,1.6093376863787774,-8.122328841642101e-05,0.03632592765283216,1.3029778427333762,0.027879159922342137,Fresno
9,64,0.0,0.0001,8,1,1.9333965842699012,1.6093442551035981,-0.3240523291663031,0.1320958395195234,1.3029778427333762,0.10137995842079234,Fresno
9,8,0.1,0.001,8,2,1.8043985895883985,1.6100084830025354,-0.1943901065858631,0.09058740320080745,1.3029778427333762,0.06952336427361952,Fresno
3,32,0.1,0.005,8,1,1.2283230321826235,1.6153856216048734,0.3870625894222499,0.90613084603068,1.228971728227436,0.7373081294047389,Fresno
9,8,0.0,0.0005,4,1,1.5045953661170113,1.6170035357060195,0.11240816958900823,0.03492908290690502,1.3029778427333762,0.026807119631160475,Fresno
9,8,0.4,0.0005,4,1,1.499343225025319,1.6183809736519192,0.11903774862660033,0.04247884146055943,1.3029778427333762,0.032601353658821754,Fresno
9,32,0.2,0.0005,8,1,1.505493940681803,1.6195875513450522,0.11409361066324908,0.06702520802485273,1.3029778427333762,0.05144002133163508,Fresno
9,32,0.1,0.0005,8,1,1.337565285050648,1.6223036599706957,0.2847383749200476,0.08010338891268612,1.3029778427333762,0.06147716890154163,Fresno
3,8,0.2,0.0001,6,2,3.0128636141989036,1.6259696341491627,-1.3868939800497408,0.34864425406686994,1.228971728227436,0.2836877741441007,Fresno
9,16,0.4,0.0005,6,1,1.6386838169693851,1.6270738116626364,-0.011610005306748716,0.06146450608945543,1.3029778427333762,0.047172334074780345,Fresno
9,16,0.3,0.001,8,2,1.6580991308865125,1.627565843135961,-0.03053328775055153,0.07237037514718665,1.3029778427333762,0.05554229149082741,Fresno
9,32,0.2,0.0001,4,1,1.9324463139935584,1.6278464602411844,-0.304599853752374,0.10590970016894878,1.3029778427333762,0.08128280980340562,Fresno
3,8,0.2,0.0001,4,1,3.13983210702081,1.628640359402186,-1.511191747618624,0.2854046816692028,1.228971728227436,0.23223046967959643,Fresno
3,8,0.0,0.0001,6,1,3.1076488152863555,1.6319173067030293,-1.4757315085833262,0.5854623983691682,1.228971728227436,0.47638394352129587,Fresno
9,8,0.4,0.005,8,2,1.1120511973521785,1.6330219221681936,0.5209707248160151,0.28413390063891986,1.3029778427333762,0.21806502867528899,Fresno
9,16,0.2,0.0005,4,2,1.5139248546428095,1.6344478875606112,0.12052303291780175,0.09610402274678727,1.3029778427333762,0.0737572194974406,Fresno
9,16,0.3,0.0005,4,1,1.6107376644343838,1.6353525631610908,0.02461489872670697,0.07177455810246398,1.3029778427333762,0.05508501813959929,Fresno
9,8,0.4,0.0005,4,2,1.4013527832306405,1.6398978826830948,0.23854509945245428,0.05679521376063254,1.3029778427333762,0.04358877940816554,Fresno
9,64,0.1,0.0001,8,1,2.1235885046082403,1.641765056148387,-0.48182344845985337,0.06297859336594529,1.3029778427333762,0.048334354814376056,Fresno
9,16,0.1,0.0005,8,2,1.4796969481657813,1.64178319182706,0.16208624366127866,0.07198910319531457,1.3029778427333762,0.05524967565395925,Fresno
9,16,0.4,0.001,8,2,1.5371621126289066,1.642710029165757,0.10554791653685047,0.13636607884267976,1.3029778427333762,0.1046572507761238,Fresno
9,8,0.1,0.001,6,2,1.4165344727041052,1.6428502709088872,0.2263157982047821,0.24278041741005507,1.3029778427333762,0.18632735680351425,Fresno
9,64,0.0,0.0001,8,2,1.9177829541178353,1.6432718839574056,-0.27451107016042964,0.09670623788766632,1.3029778427333762,0.0742194032131788,Fresno
9,16,0.1,0.0001,4,2,2.292669053983707,1.6465738945837833,-0.6460951593999236,0.12630218618189107,1.3029778427333762,0.09693348730852965,Fresno
9,8,0.3,0.0005,8,1,1.7026862832517877,1.6505016303629345,-0.05218465288885321,0.0405126089408944,1.3029778427333762,0.031092323761935492,Fresno
3,32,0.1,0.005,6,1,1.0018954063377712,1.6509454071807599,0.6490500008429887,0.9171929388049223,1.228971728227436,0.7463092256221412,Fresno
9,32,0.0,0.0005,8,2,1.3245510863220886,1.6520501082439605,0.32749902192187186,0.059556762063699795,1.3029778427333762,0.04570819250368994,Fresno
6,8,0.0,0.005,8,1,0.7486494586351848,1.6528286189464465,0.9041791603112617,0.7194952958772827,1.2611728899944865,0.5704969569084443,Fresno
9,8,0.3,0.001,6,2,1.5936670126119161,1.6535041679310885,0.05983715531917233,0.18239382097511295,1.3029778427333762,0.13998228902533652,Fresno
9,16,0.0,0.0005,6,1,1.5296295213615683,1.6547021763544767,0.12507265499290843,0.26756046745189505,1.3029778427333762,0.20534537017959484,Fresno
9,64,0.2,0.0001,6,1,1.8251273511700972,1.655797008176013,-0.16933034299408423,0.061996896029666564,1.3029778427333762,0.04758092885110769,Fresno
9,64,0.3,0.0001,8,1,1.8510705021885132,1.6605680241605263,-0.19050247802798692,0.06892450297803558,1.3029778427333762,0.05289767846968627,Fresno
9,8,0.2,0.0005,6,2,1.9609658218747543,1.6623670498121321,-0.2985987720626222,0.05606280847853591,1.3029778427333762,0.04302667830554034,Fresno
9,64,0.3,0.0005,8,1,1.745057617417038,1.665294991147149,-0.07976262626988895,0.0506721766727011,1.3029778427333762,0.03888951524026028,Fresno
9,64,0.2,0.0001,4,2,1.69802151727006,1.6663624877919712,-0.03165902947808874,0.1470081867042247,1.3029778427333762,0.11282477865919202,Fresno
9,32,0.1,0.0001,4,1,1.8034717936380067,1.6693695437265255,-0.13410224991148123,0.04221317026611405,1.3029778427333762,0.03239745825420915,Fresno
9,8,0.1,0.0005,8,2,1.5518814067995015,1.6694939850816202,0.11761257828211868,0.13647108914274692,1.3029778427333762,0.10473784332084955,Fresno
9,32,0.4,0.0001,4,2,2.218522921130409,1.670411978240016,-0.548110942890393,0.05248028585274102,1.3029778427333762,0.040277189781407416,Fresno
9,32,0.2,0.0005,6,1,1.38742578851059,1.6704161970540994,0.2829904085435093,0.154388606399769,1.3029778427333762,0.11848904972619784,Fresno
9,64,0.4,0.0005,6,1,1.6742377652600093,1.6723404369376749,-0.0018973283223344684,0.045546558838372914,1.3029778427333762,0.034955743178890684,Fresno
6,32,0.2,0.001,4,1,1.048236549149852,1.6744061202904155,0.6261695711405635,0.9147078230522123,1.2611728899944865,0.7252834486921227,Fresno
9,8,0.2,0.0005,4,1,1.527806141603742,1.675044744162219,0.14723860255847687,0.14518557768913568,1.3029778427333762,0.11142597588963336,Fresno
3,16,0.2,0.0001,6,2,3.1684977274761703,1.6787721441644523,-1.489725583311718,0.4404471687477986,1.228971728227436,0.35838673797896237,Fresno
9,8,0.3,0.001,8,2,1.4555031971010082,1.680103238709438,0.22460004160842972,0.3043186381292927,1.3029778427333762,0.2335562648485991,Fresno
9,16,0.0,0.0005,8,2,1.3988646265615186,1.6815690452107124,0.2827044186491938,0.09470935305429554,1.3029778427333762,0.0726868485005202,Fresno
9,64,0.0,0.0005,4,1,0.9816405774605191,1.6846092400160448,0.7029686625555257,1.0994188400691887,1.3029778427333762,0.8437740105870387,Fresno
9,64,0.3,0.0001,6,1,1.9590225616340218,1.6884356188113143,-0.27058694282270745,0.07440336443826681,1.3029778427333762,0.057102555391259795,Fresno
6,8,0.1,0.0001,4,1,3.1677406814795677,1.691598853588128,-1.4761418278914398,0.3131333829097554,1.2611728899944865,0.24828743576237539,Fresno
9,8,0.1,0.001,4,1,1.2507564479793247,1.691908688845385,0.4411522408660602,0.11383928473498256,1.3029778427333762,0.08736854994876309,Fresno
9,16,0.3,0.0005,6,1,1.5199258489035676,1.6964639733956206,0.17653812449205297,0.05980420900065488,1.3029778427333762,0.04589810128712404,Fresno
9,64,0.4,0.0001,6,2,1.9834113371495936,1.6997192743936125,-0.28369206275598113,0.07688005881765854,1.3029778427333762,0.059003350860042394,Fresno
3,64,0.1,0.005,8,1,1.062514419692742,1.701345491706971,0.638831072014229,1.1954948096127702,1.228971728227436,0.9727602207229372,Fresno
9,32,0.3,0.0001,4,1,1.9206369238304728,1.7040435425694085,-0.2165933812610643,0.049148790825633164,1.3029778427333762,0.037720358101047395,Fresno
9,8,0.1,0.0005,6,1,1.7728217048144908,1.7048899563520736,-0.06793174846241712,0.10967998339545364,1.3029778427333762,0.08417639947381443,Fresno
9,32,0.2,0.0001,4,2,2.0623669306756742,1.7050744388372976,-0.35729249183837664,0.06388827864870235,1.3029778427333762,0.04903251348824017,Fresno
9,64,0.3,0.0001,4,1,1.8132672825439662,1.707666843646421,-0.10560043889754511,0.0559970856016156,1.3029778427333762,0.04297623778785476,Fresno
6,8,0.3,0.0001,6,2,3.407003749103065,1.7111482922892662,-1.6958554568137987,0.234289927757614,1.2611728899944865,0.18577145894615468,Fresno
9,32,0.0,0.0001,6,1,2.208186654747867,1.7124860651145177,-0.4957005896333493,0.022079010930983054,1.3029778427333762,0.01694503943725235,Fresno
9,8,0.3,0.0005,6,1,1.7377412923557805,1.7134038575919004,-0.02433743476388006,0.08200142175766913,1.3029778427333762,0.06293385740593041,Fresno
9,8,0.3,0.0005,4,1,1.7452768784632446,1.7172566636154853,-0.028020214847759295,0.11931208201102574,1.3029778427333762,0.09156877277416615,Fresno
9,16,0.4,0.0005,4,2,2.010638405966624,1.7174255388342494,-0.2932128671323746,0.20754225390035103,1.3029778427333762,0.1592830262293414,Fresno
9,64,0.1,0.0001,4,1,1.6904097793499084,1.7192838747804933,0.028874095430584834,0.03744391400774645,1.3029778427333762,0.028737183994776854,Fresno
9,64,0.1,0.0001,4,2,1.5989922702185202,1.720949968391364,0.12195769817284385,0.053256505820102926,1.3029778427333762,0.04087291746142196,Fresno
3,16,0.3,0.0001,8,2,3.2482848984700254,1.7212183248010184,-1.527066573669007,0.23784157443157813,1.228971728227436,0.19352892256896792,Fresno
9,16,0.2,0.0005,6,1,1.5311628502831516,1.722103633068709,0.19094078278555737,0.07061387433222781,1.3029778427333762,0.05419422496402134,Fresno
3,16,0.1,0.005,6,1,1.2829202542924367,1.7364546131306449,0.45353435883820814,1.0895214694586972,1.228971728227436,0.8865309465093474,Fresno
9,64,0.4,0.0001,4,1,1.6608154758214286,1.7378794487510367,0.0770639729296081,0.03673747335210173,1.3029778427333762,0.028195010035653528,Fresno
9,64,0.4,0.0001,8,1,1.9125070921697034,1.740888670623028,-0.1716184215466754,0.08977684972616894,1.3029778427333762,0.06890128656204605,Fresno
9,64,0.2,0.0001,4,1,1.7278893851967123,1.751759256897463,0.02386987170075061,0.04521532986973148,1.3029778427333762,0.03470153396843582,Fresno
9,64,0.1,0.0001,6,1,1.7188997471907888,1.752142162039977,0.03324241484918833,0.091554608208554,1.3029778427333762,0.07026566776952362,Fresno
3,16,0.0,0.005,6,1,1.011257093029446,1.7533941207342905,0.7421370277048445,1.0059426948385664,1.228971728227436,0.8185238697796998,Fresno
9,64,0.3,0.0001,4,2,1.6946852353760087,1.7558330817594863,0.06114784638347759,0.06471828495290881,1.3029778427333762,0.04966952071659432,Fresno
9,8,0.1,0.001,6,1,1.2478177520634686,1.7602886362682986,0.51247088420483,0.10516462491391533,1.3029778427333762,0.08071098484169296,Fresno
9,8,0.3,0.0005,4,2,1.8430989937747129,1.7630283925848689,-0.08007060118984399,0.26388340402338617,1.3029778427333762,0.2025233241647561,Fresno
9,16,0.2,0.0005,8,2,1.6831969861413483,1.7634642517022039,0.08026726556085562,0.14350542725616666,1.3029778427333762,0.11013650620115085,Fresno
9,16,0.1,0.0005,8,1,1.4862467818396423,1.764340613601179,0.2780938317615367,0.058523511391375516,1.3029778427333762,0.04491520075936623,Fresno
9,64,0.2,0.0001,8,1,2.0026681871564835,1.7653830026431876,-0.23728518451329594,0.05629557413758318,1.3029778427333762,0.04320531960811151,Fresno
9,16,0.0,0.0001,4,1,2.1460675786053427,1.766709740524835,-0.3793578380805076,0.14742133804656915,1.3029778427333762,0.11314186105982423,Fresno
6,32,0.1,0.001,4,2,0.9022625526203478,1.7675146618403237,0.8652521092199759,1.0631135771292552,1.2611728899944865,0.8429562556914008,Fresno
3,64,0.0,0.005,4,1,1.1160201950982287,1.7694065918246928,0.6533863967264641,1.0405816874061384,1.228971728227436,0.8467092151151311,Fresno
9,64,0.2,0.0001,6,2,1.7914902165032955,1.7836442161155472,-0.007846000387748298,0.04095819190080296,1.3029778427333762,0.03143429654558146,Fresno
9,64,0.0,0.0001,6,2,1.8523061382483006,1.7846180502462086,-0.06768808800209203,0.08944617878242607,1.3029778427333762,0.06864750562049973,Fresno
9,64,0.1,0.0001,6,2,1.894123612463021,1.7924245388231386,-0.1016990736398824,0.10478261785575174,1.3029778427333762,0.08041780483077104,Fresno
9,8,0.2,0.0005,6,1,1.738972863420055,1.796879304740655,0.05790644132060008,0.15955250021940595,1.3029778427333762,0.12245219756361937,Fresno
9,8,0.1,0.0005,4,2,1.8531803667652667,1.8002049815634875,-0.052975385201779135,0.3160836237078769,1.3029778427333762,0.24258557079128779,Fresno
9,64,0.4,0.0001,8,2,2.05176365949372,1.8072701457629479,-0.244493513730772,0.15307889943968006,1.3029778427333762,0.1174838853119347,Fresno
9,64,0.0,0.0001,4,2,1.6238048465408197,1.8080694533715191,0.18426460683069945,0.0367420541395614,1.3029778427333762,0.02819852566524402,Fresno
9,16,0.2,0.0005,6,2,1.6916249279290252,1.811907645380131,0.12028271745110586,0.032717766301860275,1.3029778427333762,0.02510999437505799,Fresno
3,16,0.0,0.0001,8,2,3.20092402754985,1.8166137784837666,-1.3843102490660835,0.4273462904548658,1.228971728227436,0.3477267056999217,Fresno
9,64,0.4,0.0001,6,1,1.9197994983295963,1.817202425383362,-0.10259707294623421,0.07908212861671163,1.3029778427333762,0.060693379444437666,Fresno
9,64,0.3,0.0001,6,2,1.8741642243505974,1.841055148315898,-0.03310907603469948,0.12684143709215437,1.3029778427333762,0.097347347692473,Fresno
9,32,0.3,0.0001,4,2,2.128595292764919,1.8444105050881847,-0.2841847876767345,0.05093819420048127,1.3029778427333762,0.0390936764462729,Fresno
3,64,0.1,0.005,6,1,2.9645828312622995,1.8453320530598485,-1.119250778202451,1.3252386729215362,1.228971728227436,1.0783312931314926,Fresno
9,32,0.0,0.0001,4,2,1.893500978530846,1.8541663688770602,-0.03933460965378588,0.09196905178769742,1.3029778427333762,0.07058374192669731,Fresno
9,64,0.0,0.0001,4,1,1.633231810292642,1.8581519785321998,0.22492016823955785,0.07186050370223282,1.3029778427333762,0.05515097904618581,Fresno
9,64,0.0,0.0001,6,1,1.874202356864408,1.858884108556875,-0.015318248307532922,0.03563852532101933,1.3029778427333762,0.02735159735813859,Fresno
3,8,0.0,0.005,8,2,1.3321077080276653,1.869025830187624,0.5369181221599586,1.1924371203300466,1.228971728227436,0.9702722145202772,Fresno
9,16,0.2,0.0005,8,1,1.829941637293782,1.8739966145956124,0.04405497730183039,0.11079024464664342,1.3029778427333762,0.08502849473957941,Fresno
9,64,0.4,0.0001,4,2,1.7633042435690616,1.8770212944192923,0.11371705085023076,0.023044087468744118,1.3029778427333762,0.01768570939042403,Fresno
3,8,0.0,0.005,4,1,1.2382613482356732,1.9284228624305104,0.6901615141948372,1.16256427845174,1.228971728227436,0.9459650305613813,Fresno
9,16,0.4,0.0005,8,2,1.8629052194353435,1.9475366767376014,0.08463145730225796,0.15696892126103934,1.3029778427333762,0.12046937109210638,Fresno
6,64,0.2,0.001,4,2,1.6445865802951698,1.9694547217132603,0.3248681414180905,1.4449922448635872,1.2611728899944865,1.1457527007814958,Fresno
6,64,0.0,0.0005,4,1,0.9807275298107521,2.0042229617284946,1.0234954319177425,1.3647360935590704,1.2611728899944865,1.0821165792463527,Fresno
3,32,0.0,0.005,8,1,6.829415761646661,2.021181937031015,-4.808233824615646,1.4163714961491178,1.228971728227436,1.152485011345193,Fresno
6,64,0.0,0.0005,6,2,0.8185038333671841,2.0773866909075562,1.258882857540372,1.1673451826716927,1.2611728899944865,0.9256028193539714,Fresno
3,16,0.0,0.005,8,1,1.137110041406324,2.0967692219061806,0.9596591804998567,1.3730710166268267,1.228971728227436,1.1172519148241329,Fresno
3,16,0.0,0.005,6,2,1.1944841306487155,2.16578227034392,0.9712981396952043,1.4120287649459655,1.228971728227436,1.1489513814793408,Fresno
3,32,0.0,0.005,6,1,1.1170235898180467,2.212613183743703,1.0955895939256564,1.5056163094728723,1.228971728227436,1.2251024778612645,Fresno
6,8,0.0,0.0001,4,1,2.910278009718611,2.2303627172774476,-0.6799152924411636,0.2422822100864297,1.2611728899944865,0.1921086410979615,Fresno
6,64,0.0,0.001,8,2,0.8479146345858245,2.4600416820448707,1.6121270474590461,1.6397072666258385,1.2611728899944865,1.3001447142056843,Fresno
6,64,0.0,0.001,4,1,2.093945007811306,2.8786255788588946,0.7846805710475886,1.742845996516276,1.2611728899944865,1.3819247228854523,Fresno
6,32,0.0,0.001,6,1,0.8801048697676519,3.1400968832416485,2.2599920134739966,2.2639963670600975,1.2611728899944865,1.7951514697322706,Fresno
