seq_length,hidden_size,dropout,lr,batch_size,num_layers,train_rmse,test_rmse,rmse_gap,test_pred_std,test_actual_std,test_std_ratio,county
12,64,0.4,0.005,4,2,3.5478874579670223,0.16126035987101525,-3.386627098096007,0.5478606424028556,0.3211675795005199,1.7058404315120752,Kern
12,8,0.1,0.001,8,1,5.850273337296654,0.24038218866840597,-5.609891148628249,0.17015686901917668,0.3211675795005199,0.5298071159106558,Kern
12,16,0.4,0.001,8,1,6.753102732075735,0.2692839072892747,-6.483818824786461,0.03041126734298578,0.3211675795005199,0.09468971740635033,Kern
12,16,0.1,0.0001,8,1,11.52823958187214,0.35139873074221906,-11.176840851129922,0.006391712073560865,0.3211675795005199,0.019901485957895444,Kern
12,64,0.2,0.0001,4,2,5.6517133274787446,0.35891091305475,-5.292802414423995,0.28371790015874077,0.3211675795005199,0.8833952063280457,Kern
12,8,0.4,0.0001,8,2,11.011438006783901,0.4542081880014471,-10.557229818782455,0.2650578487994493,0.3211675795005199,0.8252945369257617,Kern
12,16,0.1,0.005,4,1,6.094371006046354,0.4719863584397121,-5.622384647606642,0.2586322808726483,0.3211675795005199,0.8052876360524105,Kern
12,16,0.1,0.0001,8,2,11.27818429370672,0.5999593223133931,-10.678224971393327,0.05401603250434672,0.3211675795005199,0.1681864420697522,Kern
12,8,0.1,0.005,4,1,3.9692194081997987,0.6047359011316357,-3.364483507068163,0.8256566142093282,0.3211675795005199,2.5707968889431188,Kern
12,8,0.3,0.0005,4,2,6.965106693978055,0.6252006494059298,-6.339906044572126,0.13009349628339714,0.3211675795005199,0.40506422374798434,Kern
12,64,0.4,0.005,6,1,3.434816976750272,0.6428232217253255,-2.7919937550249463,1.010194922592317,0.3211675795005199,3.1453826197630943,Kern
12,8,0.4,0.001,4,2,6.935708210298556,0.7037828276132363,-6.23192538268532,0.6182556225401279,0.3211675795005199,1.9250250087559884,Kern
12,32,0.0,0.005,8,1,4.8874429543218,0.7039522081047195,-4.183490746217081,1.1743862793972402,0.3211675795005199,3.6566152823508737,Kern
12,64,0.1,0.005,4,2,3.3367549536798036,0.7153456635112712,-2.6214092901685326,1.1941787118364742,0.3211675795005199,3.7182417779953445,Kern
12,32,0.0,0.005,6,1,2.5479840093326995,0.7820251294102163,-1.7659588799224832,1.3851375231314815,0.3211675795005199,4.312818639059548,Kern
12,32,0.0,0.005,4,2,3.1367344800238293,0.782374947250315,-2.3543595327735143,0.6498036807607258,0.3211675795005199,2.02325428292389,Kern
9,64,0.2,0.0001,6,2,6.296803067310252,0.8255864882840165,-5.471216579026236,1.3146756597821168,1.7517647756513988,0.750486411221079,Kern
12,16,0.3,0.005,4,2,2.3749045440808176,0.829758052796301,-1.5451464912845165,1.4945368027717716,0.3211675795005199,4.653448536418516,Kern
12,8,0.0,0.0005,8,2,8.130210744773118,0.8955345738278911,-7.234676170945226,0.8210875292518756,0.3211675795005199,2.556570406417832,Kern
12,16,0.2,0.0001,8,1,11.205967068097996,0.9690362481426068,-10.23693081995539,0.10449175681487376,0.3211675795005199,0.32534964138466105,Kern
12,16,0.4,0.005,6,2,3.116255857147596,0.9757516930880932,-2.140504164059503,0.8526250371919999,0.3211675795005199,2.6547668308177403,Kern
12,64,0.2,0.005,4,1,4.689543642143785,0.9768008412725425,-3.712742800871242,0.4036009051861418,0.3211675795005199,1.2566676431469896,Kern
12,16,0.4,0.005,4,1,3.643831614930858,0.9819428027587459,-2.661888812172112,0.4742142934776025,0.3211675795005199,1.4765322646049799,Kern
12,8,0.3,0.005,6,1,3.153253577906705,1.0309865741221367,-2.122267003784568,0.8003915517865636,0.3211675795005199,2.4921305974635835,Kern
12,8,0.1,0.001,6,2,6.266820883648572,1.035583394126313,-5.231237489522259,1.1758008736580254,0.3211675795005199,3.6610198186461784,Kern
12,16,0.1,0.0001,6,2,10.583273735078537,1.0562873711933571,-9.526986363885179,0.3238981311528702,0.3211675795005199,1.008501952957384,Kern
9,32,0.0,0.0001,4,1,8.368957760427188,1.058285692092691,-7.310672068334497,0.7362273629591926,1.7517647756513988,0.42027752423862064,Kern
9,8,0.3,0.005,4,2,4.353719475296691,1.1196262382360886,-3.234093237060602,0.5713240294262102,1.7517647756513988,0.3261419782880163,Kern
9,64,0.1,0.0001,8,2,8.719799826747012,1.1262369737758742,-7.593562852971138,0.8773715185696112,1.7517647756513988,0.5008500746016873,Kern
12,16,0.3,0.0001,8,1,11.06044784566986,1.1263329260753292,-9.93411491959453,0.01134232393935028,0.3211675795005199,0.03531590566205304,Kern
9,8,0.4,0.0005,6,2,8.517681686096871,1.1501593886377641,-7.367522297459107,0.7931275363114475,1.7517647756513988,0.4527591531326007,Kern
9,8,0.3,0.001,8,2,5.161720518582251,1.1532469622967756,-4.008473556285475,0.8850176809910835,1.7517647756513988,0.5052149085838235,Kern
12,8,0.0,0.005,8,2,3.1564639574633495,1.1727008322913075,-1.983763125172042,0.7317820955753617,0.3211675795005199,2.278505497701324,Kern
9,16,0.4,0.0005,6,2,6.440230489908573,1.174613835757583,-5.26561665415099,2.1972479705745203,1.7517647756513988,1.254305373138621,Kern
9,16,0.2,0.0001,4,1,9.616296569271572,1.1801815580085673,-8.436115011263006,0.5064443200598086,1.7517647756513988,0.28910520813017593,Kern
12,8,0.0,0.005,4,2,3.3869153397564022,1.1834140996037148,-2.2035012401526872,1.1641960147605086,0.3211675795005199,3.6248864738186444,Kern
12,8,0.0,0.0005,4,2,7.19784243274127,1.198042703791182,-5.999799728950088,0.7715945823575509,0.3211675795005199,2.402467221497062,Kern
12,16,0.3,0.0005,4,1,5.673719478826926,1.1981643791518375,-4.475555099675089,1.3475267646335458,0.3211675795005199,4.19571230299528,Kern
12,16,0.2,0.0001,4,2,10.041935969841328,1.2043695292562595,-8.837566440585068,0.06150044156543134,0.3211675795005199,0.1914901923197755,Kern
9,32,0.2,0.0001,8,1,10.3938659064237,1.2082765516949068,-9.185589354728794,1.0659666697363188,1.7517647756513988,0.6085101633236895,Kern
9,8,0.1,0.005,8,2,4.664896678930425,1.2112756434565553,-3.45362103547387,0.48485957172614363,1.7517647756513988,0.27678349197645397,Kern
12,16,0.0,0.005,6,2,1.8062887505268446,1.2116406071294723,-0.5946481433973723,0.8494002738792427,0.3211675795005199,2.6447260810080233,Kern
12,64,0.1,0.005,6,1,2.0174863406615224,1.2124144335612363,-0.8050719071002861,1.2667234732045138,0.3211675795005199,3.9441199985830555,Kern
9,64,0.3,0.0001,8,1,8.829476139345358,1.2132264261092585,-7.616249713236099,1.0188065655472727,1.7517647756513988,0.581588681144948,Kern
9,64,0.4,0.0001,4,2,5.942670624836125,1.2183151142098954,-4.724355510626229,1.866432373456281,1.7517647756513988,1.065458330592498,Kern
9,8,0.3,0.0001,6,2,11.004886907442298,1.248464353282372,-9.756422554159926,0.7919227616165175,1.7517647756513988,0.45207140400573403,Kern
12,16,0.2,0.0001,8,2,10.739208163924534,1.284134908282418,-9.455073255642116,0.02710182396846954,0.3211675795005199,0.0843853044277331,Kern
9,8,0.2,0.005,4,2,3.2547771254423368,1.2991467133896124,-1.9556304120527244,0.39273902106838904,1.7517647756513988,0.22419620860474712,Kern
6,16,0.2,0.0005,4,2,7.88451258840584,1.3033291063308852,-6.581183482074954,5.109957892405097,4.662766479788639,1.0959068858701948,Kern
6,16,0.1,0.0005,8,1,8.610524704046066,1.3047336118166082,-7.305791092229457,3.9329630395297266,4.662766479788639,0.8434827385368023,Kern
9,64,0.0,0.0001,6,1,8.062963409176517,1.3130116561939462,-6.74995175298257,0.885402613431305,1.7517647756513988,0.5054346483831229,Kern
9,64,0.1,0.0001,8,1,7.945168225189039,1.341641324694141,-6.603526900494898,1.6835514045138031,1.7517647756513988,0.9610601993568284,Kern
9,32,0.1,0.0001,4,1,9.148212481665864,1.3559533907924097,-7.792259090873454,0.5007337114670037,1.7517647756513988,0.2858452906617011,Kern
12,8,0.1,0.001,4,1,4.711768823660327,1.3768680518246061,-3.334900771835721,1.0913773374603817,0.3211675795005199,3.3981553778176887,Kern
6,64,0.4,0.0001,4,2,9.321071517963512,1.3794458022804321,-7.94162571568308,3.7116753956188635,4.662766479788639,0.796024294098278,Kern
12,16,0.4,0.0005,6,1,7.166435455192272,1.410076609156504,-5.756358846035768,1.1819377751323468,0.3211675795005199,3.6801279163061773,Kern
9,8,0.1,0.001,6,1,7.9834331764972655,1.4171834872691846,-6.566249689228081,0.4024085304001287,1.7517647756513988,0.22971607603566063,Kern
6,64,0.2,0.0001,4,1,8.489432154850098,1.4181166671016816,-7.071315487748416,4.471351471131922,4.662766479788639,0.9589481889160804,Kern
12,64,0.0,0.005,4,2,1.2816169474916594,1.4199264410900179,0.13830949359835842,1.1815678650337011,0.3211675795005199,3.6789761496825943,Kern
9,8,0.0,0.0005,8,1,8.493630074079856,1.4338231454286168,-7.0598069286512395,1.25243828358988,1.7517647756513988,0.7149580246150099,Kern
12,8,0.1,0.0001,4,2,10.14984083054068,1.4351937546433926,-8.714647075897288,1.2893647690158543,0.3211675795005199,4.014616827206145,Kern
9,16,0.2,0.0001,4,2,9.237288505192485,1.4401192278227926,-7.797169277369692,0.2860835872065897,1.7517647756513988,0.16331164502392093,Kern
9,8,0.1,0.0005,8,1,9.704256621969112,1.4646497315014484,-8.239606890467662,0.27840400567405094,1.7517647756513988,0.15892773364536092,Kern
9,8,0.3,0.001,4,1,4.909365485021412,1.4812799512167756,-3.4280855338046363,1.3451348798175764,1.7517647756513988,0.7678741452700943,Kern
6,8,0.1,0.001,4,1,5.7313452659556425,1.4851302720984834,-4.246214993857159,4.87821498221678,4.662766479788639,1.0462061532272806,Kern
9,16,0.3,0.0001,4,1,10.090026289054556,1.4929620966928665,-8.597064192361689,0.36031879651166376,1.7517647756513988,0.2056890294404271,Kern
9,16,0.0,0.0001,8,2,10.44057742979129,1.4931567186485046,-8.947420711142785,0.7763600493372055,1.7517647756513988,0.44318738458964263,Kern
9,8,0.3,0.001,8,1,6.1352861081112895,1.5037212202135755,-4.631564887897714,1.0685947345243612,1.7517647756513988,0.6100104017258831,Kern
9,64,0.2,0.0001,8,2,9.179939056215774,1.5061895093603888,-7.673749546855386,0.47522023262094004,1.7517647756513988,0.2712808473068127,Kern
12,32,0.3,0.005,4,1,1.993912174203239,1.510696989121611,-0.483215185081628,2.061782537372451,0.3211675795005199,6.419647152987662,Kern
9,32,0.2,0.0001,4,1,9.142208989044601,1.5137154517730833,-7.628493537271518,0.3915783544551528,1.7517647756513988,0.22353363870417092,Kern
9,8,0.3,0.0001,4,1,11.123623808307912,1.5184902000816622,-9.60513360822625,0.5129674284237573,1.7517647756513988,0.2928289434481915,Kern
9,16,0.4,0.0001,4,1,10.726097702605719,1.5238495235660825,-9.202248179039636,0.11190215318526425,1.7517647756513988,0.06387966851522808,Kern
12,64,0.0,0.0001,8,2,7.514352687091179,1.5283042364230144,-5.986048450668164,0.19206286505142026,0.3211675795005199,0.5980144862383575,Kern
12,8,0.1,0.005,6,1,3.4478791976630094,1.5416764469097577,-1.9062027507532517,1.480094128107265,0.3211675795005199,4.608479256869915,Kern
9,64,0.0,0.0001,8,2,9.060574244243432,1.5525307361137668,-7.508043508129665,0.5345324276192065,1.7517647756513988,0.30513938574911637,Kern
9,32,0.3,0.0001,4,2,8.622911739484561,1.5560935269736513,-7.06681821251091,0.3518090357200587,1.7517647756513988,0.20083120782539854,Kern
9,32,0.4,0.0001,8,1,10.57164107940816,1.5581839969020452,-9.013457082506115,0.8369240130299713,1.7517647756513988,0.47776049881968813,Kern
9,16,0.4,0.001,4,1,5.973647630625623,1.5776453974367233,-4.3960022331889,0.8778582497873171,1.7517647756513988,0.5011279265281967,Kern
9,16,0.1,0.001,4,2,3.8576838268119498,1.579189913472267,-2.278493913339683,1.8122687160684492,1.7517647756513988,1.0345388497691146,Kern
12,32,0.2,0.0001,8,2,10.047871453049256,1.595800424869257,-8.452071028179999,0.38013713235034186,0.3211675795005199,1.1836099177305863,Kern
12,32,0.4,0.0001,8,2,9.982572340516807,1.6016956701888319,-8.380876670327975,0.3112060835848506,0.3211675795005199,0.9689834947501195,Kern
9,64,0.4,0.005,4,2,3.6359171848893426,1.6206503835219286,-2.0152668013674138,2.6537858260144334,1.7517647756513988,1.5149213312772631,Kern
9,32,0.1,0.0001,6,2,9.801489397072329,1.6250387102049104,-8.176450686867419,0.5769972234440502,1.7517647756513988,0.32938053753791924,Kern
12,8,0.3,0.005,4,1,2.5813372940724606,1.6271170940350097,-0.9542202000374509,1.7094503284512919,0.3211675795005199,5.322611737803145,Kern
12,16,0.3,0.005,4,1,2.5008960108329976,1.6473911051657153,-0.8535049056672823,0.43205380954895384,0.3211675795005199,1.3452597245988662,Kern
6,64,0.0,0.0001,6,2,9.031600304128103,1.6478862189751553,-7.383714085152948,3.128943053600897,4.662766479788639,0.6710486289981932,Kern
9,32,0.4,0.0001,8,2,10.270220291578216,1.6501300664924388,-8.620090225085777,0.19228011611271384,1.7517647756513988,0.10976366164299309,Kern
9,8,0.4,0.001,6,2,5.514539378891936,1.663087011250241,-3.851452367641695,1.0584962387618229,1.7517647756513988,0.6042456461474504,Kern
6,64,0.1,0.0001,6,1,9.228812916230567,1.6702663079021012,-7.558546608328466,3.577030984895302,4.662766479788639,0.7671477867056828,Kern
9,16,0.3,0.0001,8,1,10.534193746208173,1.6780855117242557,-8.856108234483917,0.395941898108616,1.7517647756513988,0.22602458024730168,Kern
9,8,0.4,0.0001,4,2,10.64372699382465,1.6938678223203376,-8.949859171504313,0.315347405748887,1.7517647756513988,0.1800169806654687,Kern
6,16,0.2,0.0001,4,2,10.231251039776076,1.701470316084144,-8.529780723691932,3.6041230470759453,4.662766479788639,0.7729580845831505,Kern
12,64,0.1,0.0001,8,2,8.219868397090444,1.7126646886896613,-6.507203708400783,0.33369301247930355,0.3211675795005199,1.0389996804729271,Kern
12,64,0.0,0.0001,4,2,6.247775730131296,1.722265111531337,-4.5255106185999585,0.7822837403241379,0.3211675795005199,2.4357494039116476,Kern
9,8,0.3,0.0005,6,1,9.352085584296093,1.7235704931190265,-7.628515091177066,0.5282974688798372,1.7517647756513988,0.3015801414795478,Kern
9,32,0.4,0.0001,4,1,9.060452170574283,1.7551445521060725,-7.305307618468211,0.666517366680501,1.7517647756513988,0.38048337079540523,Kern
6,16,0.1,0.0005,6,2,8.043181023160837,1.7567354669388906,-6.286445556221947,3.3976370552642434,4.662766479788639,0.7286740757856389,Kern
12,16,0.2,0.0005,6,2,5.532356309526969,1.7762875962246336,-3.756068713302336,0.4422658407571225,0.3211675795005199,1.3770563063835233,Kern
9,8,0.0,0.0001,4,1,10.354386215016262,1.7829126072087884,-8.571473607807475,0.7291825182323051,1.7517647756513988,0.41625595420547057,Kern
9,16,0.2,0.0001,6,1,10.187430411983772,1.7972506712198641,-8.390179740763909,0.5741231890580603,1.7517647756513988,0.3277398866777481,Kern
6,64,0.4,0.0001,4,1,8.73414227535555,1.8169259332129497,-6.9172163421426,4.1863566615087295,4.662766479788639,0.897826790094471,Kern
9,64,0.2,0.0001,8,1,9.063146061935116,1.8201167772402107,-7.243029284694906,0.5310566713987486,1.7517647756513988,0.3031552402355354,Kern
9,32,0.3,0.0001,8,1,9.989502658796177,1.8258597269927332,-8.163642931803443,0.5924721192965476,1.7517647756513988,0.3382144266922111,Kern
12,8,0.2,0.0001,6,1,10.385632137354278,1.826511586200344,-8.559120551153935,0.7358510965780775,0.3211675795005199,2.291174899167823,Kern
12,8,0.1,0.0001,4,1,10.214805950498338,1.8283190742732311,-8.386486876225106,0.33210160864546584,0.3211675795005199,1.0340446229409288,Kern
12,8,0.0,0.001,4,1,3.974406735117746,1.8459961846456465,-2.1284105504720996,2.4260020682225854,0.3211675795005199,7.553695400997529,Kern
12,8,0.3,0.001,6,1,7.858705719372653,1.8471900210930001,-6.011515698279652,0.46351675929664143,0.3211675795005199,1.4432240016800673,Kern
12,8,0.1,0.001,4,2,5.435481697975857,1.849300790030554,-3.5861809079453026,1.2926053624532001,0.3211675795005199,4.024706866314032,Kern
9,8,0.2,0.0005,8,2,9.526704133831238,1.8523208458099905,-7.6743832880212475,0.27752286445697466,1.7517647756513988,0.15842473162743953,Kern
6,16,0.1,0.0005,8,2,9.034770277970406,1.881182805180172,-7.1535874727902335,3.189498290493236,4.662766479788639,0.6840356051109415,Kern
6,64,0.3,0.0001,4,1,8.878845516200427,1.888360305398968,-6.990485210801459,3.492423642304494,4.662766479788639,0.7490024768434906,Kern
6,32,0.0,0.0001,4,1,9.774837701434347,1.8942489347080191,-7.880588766726328,3.060771721614214,4.662766479788639,0.6564282673990909,Kern
12,64,0.3,0.005,4,2,2.8944265078509672,1.8950352563649087,-0.9993912514860586,1.2721500605198648,0.3211675795005199,3.9610164341566287,Kern
12,32,0.3,0.0005,8,1,5.13473596218781,1.9092480054110537,-3.2254879567767567,0.6196246347377982,0.3211675795005199,1.929287618947837,Kern
12,8,0.4,0.0001,8,1,10.115953776861094,1.911389412454547,-8.204564364406547,0.3130653110114731,0.3211675795005199,0.9747724583482323,Kern
9,8,0.2,0.001,4,1,4.128126851506273,1.9164098085688335,-2.211717042937439,1.5314277963011613,1.7517647756513988,0.8742199966497759,Kern
9,8,0.1,0.005,8,1,4.703873884908549,1.9212754318537753,-2.7825984530547734,2.301491459508693,1.7517647756513988,1.3138130709660358,Kern
12,32,0.1,0.005,4,1,2.6544452223059554,1.9357214972385324,-0.718723725067423,0.8365440079972534,0.3211675795005199,2.604696306203283,Kern
9,32,0.2,0.0001,8,2,9.965287544133366,1.940016886465404,-8.025270657667962,0.49069904544281634,1.7517647756513988,0.2801169724744285,Kern
9,8,0.0,0.0001,4,2,10.58474628099028,1.9402854283162903,-8.64446085267399,0.5785062994685918,1.7517647756513988,0.3302419979608692,Kern
12,8,0.4,0.0005,4,1,8.299681071618727,1.9657840638028956,-6.333897007815831,0.22913061234090257,0.3211675795005199,0.7134300812592812,Kern
9,16,0.1,0.0001,8,1,10.438191123570862,1.9670916432310173,-8.471099480339845,0.22153422316037483,1.7517647756513988,0.12646345344967716,Kern
6,16,0.2,0.0005,6,2,8.043275644852168,1.9747787290225771,-6.0684969158295905,3.289483870440353,4.662766479788639,0.7054790079449709,Kern
9,8,0.1,0.0005,6,2,8.522505202162272,1.9873620320815764,-6.535143170080695,0.5251034330691622,1.7517647756513988,0.29975681687851097,Kern
6,16,0.0,0.0005,6,2,7.264005864672413,1.990399908541769,-5.273605956130644,4.046880804710166,4.662766479788639,0.867914106840197,Kern
9,16,0.2,0.0005,8,1,5.788703478564898,1.9906553338330932,-3.798048144731805,1.0237383990759086,1.7517647756513988,0.584404032610616,Kern
12,16,0.1,0.001,4,2,4.796379338657563,1.9944458252154027,-2.801933513442161,0.8012638084202369,0.3211675795005199,2.494846490004885,Kern
9,64,0.0,0.0001,8,1,8.774282658051659,2.00035992698149,-6.773922731070169,1.00808787528334,1.7517647756513988,0.575469885737644,Kern
9,64,0.3,0.0001,8,2,9.195482744759016,2.0032726138150343,-7.192210130943981,0.583714885479005,1.7517647756513988,0.33321533438297896,Kern
12,16,0.0,0.0001,8,1,10.522828434379507,2.0040295375494006,-8.518798896830106,0.5833534554885277,0.3211675795005199,1.8163522494884432,Kern
9,16,0.3,0.001,6,2,4.442150793366227,2.0081976993043953,-2.4339530940618315,0.6921483960529823,1.7517647756513988,0.39511491820904143,Kern
9,8,0.0,0.0005,6,1,9.75675493835788,2.016701138758949,-7.740053799598931,0.8297694586744367,1.7517647756513988,0.4736763007270109,Kern
9,64,0.0,0.0001,4,2,5.769630533370069,2.0195761021444056,-3.7500544312256636,2.689838465757924,1.7517647756513988,1.5355020851801864,Kern
12,16,0.4,0.0005,8,2,6.957482712603119,2.0246585775032417,-4.932824135099878,0.19077853932099262,0.3211675795005199,0.5940155591597744,Kern
9,32,0.4,0.0001,6,2,10.14179599638509,2.029177696516666,-8.112618299868425,0.7288809113608763,1.7517647756513988,0.41608378104865124,Kern
9,16,0.4,0.0005,8,1,9.474529688893291,2.0302267945734673,-7.444302894319824,0.6920523642979184,1.7517647756513988,0.3950600982032971,Kern
9,8,0.1,0.0001,4,2,10.658696102551287,2.030368509531982,-8.628327593019305,1.231514269287345,1.7517647756513988,0.7030134903982203,Kern
9,16,0.0,0.0001,4,1,10.170911204209423,2.035369200488239,-8.135542003721184,0.31080093449089297,1.7517647756513988,0.1774216143690415,Kern
12,16,0.0,0.0005,8,2,5.16087482136163,2.040578231069575,-3.120296590292055,1.1658664538076788,0.3211675795005199,3.6300876184975936,Kern
9,32,0.4,0.0001,4,2,9.4401212047626,2.042111972969512,-7.398009231793088,0.6307304240804366,1.7517647756513988,0.3600542908769801,Kern
6,32,0.2,0.0001,6,1,10.034734509849768,2.042330132092099,-7.992404377757669,2.6545225325122406,4.662766479788639,0.5693020536238754,Kern
9,16,0.1,0.0001,4,2,10.471042996377712,2.059851101098462,-8.411191895279249,0.8256868508685803,1.7517647756513988,0.4713457322268318,Kern
9,32,0.1,0.0001,8,2,10.323426013541395,2.062675724737797,-8.260750288803598,0.46965276747736956,1.7517647756513988,0.26810264369126147,Kern
12,8,0.2,0.0001,8,2,11.005308724615986,2.0628053578282954,-8.94250336678769,0.28534264412989213,0.3211675795005199,0.8884540730221191,Kern
6,32,0.1,0.0001,4,1,9.646775027387896,2.0670379169771484,-7.579737110410748,2.7211079597031573,4.662766479788639,0.5835822942234293,Kern
6,16,0.2,0.001,8,1,7.787015758340973,2.0733397050089497,-5.713676053332024,4.7408429389136515,4.662766479788639,1.016744664238161,Kern
9,32,0.3,0.0001,8,2,10.41868755960371,2.074706813796422,-8.343980745807286,0.758404864805479,1.7517647756513988,0.43293761545323,Kern
12,8,0.2,0.0001,4,1,11.191932737940263,2.08026401502049,-9.111668722919774,0.25948578080414003,0.3211675795005199,0.8079451269885104,Kern
6,64,0.0,0.0001,4,2,7.85482270042076,2.095518290696977,-5.759304409723783,4.160152531098626,4.662766479788639,0.8922069224635937,Kern
12,16,0.2,0.0001,4,1,9.954463046950673,2.095527121396855,-7.858935925553818,0.41108260181173545,0.3211675795005199,1.279962947851248,Kern
12,64,0.0,0.005,8,1,2.719479626159371,2.0960134620639956,-0.6234661640953756,1.3104265284027632,0.3211675795005199,4.080195549129646,Kern
6,8,0.2,0.0005,4,2,8.542418414535005,2.09636218657056,-6.446056227964445,3.7024285092452627,4.662766479788639,0.7940411610347453,Kern
9,16,0.4,0.0001,4,2,10.69504384909556,2.0969494308805467,-8.598094418215013,0.5946467326376869,1.7517647756513988,0.33945581102152583,Kern
9,32,0.1,0.0001,6,1,9.911277480529222,2.1058892080059004,-7.805388272523322,0.5258909172478524,1.7517647756513988,0.30020635450458716,Kern
12,16,0.0,0.005,4,1,6.624959685015424,2.114589676690511,-4.510370008324914,0.21717936625088274,0.3211675795005199,0.6762182116533689,Kern
9,16,0.1,0.0001,6,2,10.501870135246977,2.1152130104278815,-8.386657124819095,1.1642208943726369,1.7517647756513988,0.6645988722656659,Kern
9,64,0.0,0.005,4,1,4.13736812365352,2.115443031938748,-2.0219250917147717,3.1620545946439167,1.7517647756513988,1.805068031161945,Kern
6,16,0.4,0.001,8,2,5.870884638928958,2.121778270692145,-3.749106368236813,2.7315195181353165,4.662766479788639,0.5858152086267754,Kern
12,8,0.3,0.005,8,2,2.9227480096982803,2.123191635185757,-0.7995563745125231,1.6049811763289736,0.3211675795005199,4.997332479277771,Kern
6,8,0.4,0.001,8,2,8.186074907084882,2.1237050180089123,-6.062369889075969,4.9912448942275836,4.662766479788639,1.0704471081412241,Kern
9,32,0.2,0.0001,6,2,9.50480632682688,2.1327806597848875,-7.372025667041993,0.18865916282513498,1.7517647756513988,0.10769662996276513,Kern
9,64,0.2,0.0001,4,2,5.456086258650243,2.1335306314041236,-3.32255562724612,2.7785984133038593,1.7517647756513988,1.5861709585241714,Kern
12,8,0.4,0.005,6,1,3.4335561616307966,2.1363071865329712,-1.2972489750978253,1.0900004152323874,0.3211675795005199,3.3938681386444953,Kern
6,16,0.4,0.0001,4,2,10.351576483662937,2.1421436833379195,-8.209432800325018,2.829071234707342,4.662766479788639,0.6067366330632931,Kern
9,8,0.1,0.0005,6,1,9.290114360837581,2.142483339859694,-7.147631020977887,1.0954756810074717,1.7517647756513988,0.6253554679452417,Kern
6,64,0.2,0.0001,4,2,8.390483846027607,2.1524117801054503,-6.2380720659221565,4.442618749797416,4.662766479788639,0.9527860271481573,Kern
12,8,0.0,0.0001,6,2,10.695767834309516,2.1603201836356356,-8.53544765067388,0.6113952259746341,0.3211675795005199,1.9036642083409432,Kern
6,64,0.3,0.0001,4,2,8.284327528783331,2.1727701543019884,-6.111557374481343,3.376269928511169,4.662766479788639,0.724091575923016,Kern
6,8,0.2,0.001,8,1,6.455337579066711,2.174386360155075,-4.280951218911636,3.9588756166715853,4.662766479788639,0.8490400782093294,Kern
9,16,0.3,0.0001,8,2,10.88691125076771,2.1784903616231013,-8.708420889144609,0.22916623226429825,1.7517647756513988,0.13082020796946447,Kern
12,8,0.2,0.0001,6,2,11.5876954921143,2.180148382255929,-9.40754710985837,0.14183473337436148,0.3211675795005199,0.4416222010793959,Kern
9,32,0.3,0.0001,6,1,10.056398893753862,2.1802544538128656,-7.876144439940996,0.3674334921594696,1.7517647756513988,0.20975047407425942,Kern
9,16,0.4,0.0001,6,1,10.691511411016966,2.180762940838521,-8.510748470178445,0.3734395371685881,1.7517647756513988,0.21317904227736484,Kern
6,64,0.2,0.0001,6,1,9.071701022154524,2.1818699320607506,-6.889831090093773,3.242242643285785,4.662766479788639,0.695347420322185,Kern
6,8,0.0,0.001,6,2,8.909112160488743,2.1992583201933145,-6.709853840295429,2.6130697142998356,4.662766479788639,0.5604118768603409,Kern
12,8,0.3,0.005,6,2,3.7468186279674907,2.2024377517495775,-1.5443808762179132,1.5041401440580726,0.3211675795005199,4.68334987733604,Kern
12,8,0.3,0.005,8,1,4.525491085503069,2.220680575190059,-2.3048105103130103,1.0436264473280854,0.3211675795005199,3.2494763293080022,Kern
12,16,0.3,0.001,8,2,6.349658082898525,2.231672663533099,-4.117985419365427,0.07899651096302203,0.3211675795005199,0.24596664173226163,Kern
9,32,0.0,0.0001,8,2,9.672574613722741,2.232352787427751,-7.44022182629499,0.6702914006323093,1.7517647756513988,0.3826377890165416,Kern
6,8,0.0,0.0005,4,1,8.612920528342636,2.2346587781365725,-6.378261750206064,3.4930920437247033,4.662766479788639,0.7491458255235299,Kern
9,16,0.0,0.0001,4,2,10.196625502526702,2.2352920322732763,-7.961333470253425,0.8411597520259019,1.7517647756513988,0.48017848270360053,Kern
9,8,0.1,0.005,6,2,4.375553947967733,2.240647166362813,-2.13490678160492,1.1154680336464755,1.7517647756513988,0.6367681604008081,Kern
9,16,0.3,0.0005,6,2,6.906458244539133,2.241522783769577,-4.664935460769556,1.992478834680089,1.7517647756513988,1.1374123183514637,Kern
12,32,0.0,0.0001,8,1,10.148776192592576,2.2503772786916736,-7.898398913900903,0.03490855335408591,0.3211675795005199,0.10869264390999778,Kern
12,64,0.0,0.005,4,1,4.835596925919523,2.253278687485733,-2.58231823843379,0.27292424289476924,0.3211675795005199,0.849787650793462,Kern
6,32,0.4,0.0001,4,2,9.886589580386444,2.2568109997221066,-7.629778580664337,2.402235401477923,4.662766479788639,0.5151953055960923,Kern
9,8,0.4,0.0001,4,1,10.15382179696856,2.2570941510465206,-7.896727645922039,0.43414785878556894,1.7517647756513988,0.24783456364689707,Kern
9,16,0.0,0.0001,6,2,10.439491997534926,2.257109435166159,-8.182382562368767,0.9883188472404475,1.7517647756513988,0.5641846787751159,Kern
6,64,0.0,0.0001,8,2,9.486065640337381,2.2762195861591628,-7.209846054178218,3.2386395102666596,4.662766479788639,0.694574674563901,Kern
6,64,0.0,0.0001,6,1,9.346582430352466,2.280847703772913,-7.065734726579553,2.4484553597192464,4.662766479788639,0.5251078668280711,Kern
9,32,0.0,0.0001,6,2,9.656414611332746,2.2863116113025246,-7.3701030000302215,0.5319435056736168,1.7517647756513988,0.3036614921519997,Kern
6,8,0.4,0.0005,4,2,8.755483760695162,2.2878236536115835,-6.467660107083578,3.6368382302345297,4.662766479788639,0.7799743448441763,Kern
9,16,0.1,0.0001,4,1,9.566185037528975,2.2922134304128328,-7.273971607116142,1.0120796935778198,1.7517647756513988,0.5777486267820833,Kern
9,32,0.2,0.0001,6,1,9.433598939542627,2.2993383824928375,-7.134260557049789,0.5406866355390398,1.7517647756513988,0.30865253317928143,Kern
12,8,0.3,0.001,6,2,7.53773467752612,2.302482633315778,-5.235252044210342,0.23900061656952626,0.3211675795005199,0.744161714396018,Kern
12,32,0.2,0.0001,8,1,10.537383509208082,2.304643897099826,-8.232739612108256,0.41697660453608537,0.3211675795005199,1.2983147464154625,Kern
6,16,0.0,0.0005,8,1,8.195869715050895,2.3067579988060705,-5.889111716244825,2.761029753964522,4.662766479788639,0.5921441200052717,Kern
6,16,0.4,0.0005,6,1,8.81069095325321,2.307048329572944,-6.503642623680267,3.2136109110928905,4.662766479788639,0.6892069171859025,Kern
9,16,0.4,0.0005,8,2,7.56815671778455,2.328820577069509,-5.239336140715041,0.4975201067530309,1.7517647756513988,0.28401079509549254,Kern
12,8,0.1,0.0001,6,2,10.67877437296924,2.345770682265651,-8.333003690703588,0.23133610213168856,0.3211675795005199,0.7202971809653473,Kern
12,16,0.3,0.0001,6,2,10.563545925233099,2.354363179140343,-8.209182746092756,0.05892299081873298,0.3211675795005199,0.1834649403603255,Kern
9,8,0.0,0.001,6,1,8.978233305567603,2.3549297673527194,-6.623303538214883,0.4993960282774265,1.7517647756513988,0.2850816703354049,Kern
6,64,0.4,0.0001,6,1,9.626713853130019,2.37169743285167,-7.2550164202783485,2.3865068999037735,4.662766479788639,0.5118220932247829,Kern
6,16,0.3,0.0005,6,2,8.341289427952942,2.3731044109196064,-5.968185017033336,4.127386277277325,4.662766479788639,0.8851797093352224,Kern
9,64,0.4,0.0001,6,1,8.58154136704688,2.374449561901291,-6.207091805145589,0.8760155787861926,1.7517647756513988,0.5000760324458766,Kern
12,32,0.4,0.005,4,2,2.8812931240957984,2.3804631396692946,-0.5008299844265038,1.5385290393210544,0.3211675795005199,4.790424493386836,Kern
6,8,0.0,0.0005,8,2,9.83932483609748,2.399500323255229,-7.439824512842252,2.1594117639391293,4.662766479788639,0.46311814526834605,Kern
9,16,0.4,0.001,8,1,5.903216753154041,2.4050038610657487,-3.4982128920882922,2.3796579593018268,1.7517647756513988,1.358434643953235,Kern
12,16,0.0,0.0001,8,2,11.061251436558306,2.412214959123935,-8.649036477434372,0.6393766530382656,0.3211675795005199,1.990788279541244,Kern
6,8,0.0,0.0005,8,1,9.503092888431294,2.414168276516203,-7.088924611915091,2.899285291688512,4.662766479788639,0.6217950875849857,Kern
12,16,0.1,0.005,6,1,2.6030108175514783,2.4220845028394162,-0.1809263147120621,0.6412693684587368,0.3211675795005199,1.9966815126733513,Kern
9,16,0.2,0.0001,6,2,10.41953825805806,2.4399706801616503,-7.979567577896409,0.5252688986808454,1.7517647756513988,0.2998512734025735,Kern
6,64,0.1,0.0001,6,2,9.229654912972352,2.4409959534019157,-6.788658959570436,2.5343102428939686,4.662766479788639,0.54352073042458,Kern
12,8,0.4,0.0005,6,2,7.9045533513361415,2.442864312718677,-5.461689038617465,1.015654177176632,0.3211675795005199,3.1623807694294,Kern
9,8,0.0,0.001,8,1,5.067830629849284,2.4445484902936587,-2.623282139555625,1.5106812830973737,1.7517647756513988,0.8623767894497265,Kern
9,32,0.2,0.005,4,1,5.488051244642059,2.4451510833706127,-3.0429001612714464,1.7203511484461629,1.7517647756513988,0.9820674398515893,Kern
12,32,0.0,0.005,8,2,1.6487518934169514,2.448624658107447,0.7998727646904955,1.5537609489402808,0.3211675795005199,4.83785116591373,Kern
12,32,0.3,0.0001,4,1,8.886991331316924,2.462951366622714,-6.42403996469421,0.10464731047314062,0.3211675795005199,0.3258339793695497,Kern
9,32,0.2,0.0001,4,2,9.421634709784632,2.472191154107112,-6.9494435556775205,0.4002118386282913,1.7517647756513988,0.22846208817018335,Kern
9,16,0.1,0.001,6,1,4.195058754791643,2.4759471738284433,-1.7191115809631996,2.433467480221984,1.7517647756513988,1.3891519649475152,Kern
12,16,0.1,0.005,8,2,3.3831705947988566,2.4929720640969175,-0.8901985307019391,1.6557824947790454,0.3211675795005199,5.155509461304033,Kern
6,16,0.1,0.005,6,2,2.719209144481742,2.500255942293311,-0.21895320218843084,2.791862440099463,4.662766479788639,0.5987566506281519,Kern
6,64,0.4,0.0001,6,2,9.623493412364537,2.506264936069048,-7.117228476295489,2.6655643743346276,4.662766479788639,0.5716701417257029,Kern
6,8,0.0,0.001,4,1,5.489742811297054,2.5078568038609377,-2.9818860074361164,2.689145583267229,4.662766479788639,0.5767274846217748,Kern
6,64,0.3,0.0001,8,1,9.89971827728599,2.5258006002472486,-7.373917677038741,2.157111366133392,4.662766479788639,0.46262479055806655,Kern
6,8,0.0,0.0001,4,1,10.782992793034339,2.5336192341757173,-8.249373558858622,2.2605788182926467,4.662766479788639,0.4848149329569509,Kern
12,16,0.4,0.0001,6,1,10.820010387328638,2.5340165584852663,-8.285993828843372,0.23439250572241405,0.3211675795005199,0.7298137193266565,Kern
6,64,0.2,0.0001,8,1,10.167338430177853,2.5356476519511046,-7.631690778226749,2.293207435997082,4.662766479788639,0.49181262796180875,Kern
12,32,0.1,0.005,6,1,1.7499684152615054,2.536317119097894,0.7863487038363888,1.2994717953595258,0.3211675795005199,4.046086461717168,Kern
6,64,0.0,0.0001,8,1,9.906825736235769,2.540908173559895,-7.3659175626758735,2.2392499428470987,4.662766479788639,0.4802406366592485,Kern
9,8,0.0,0.0001,6,2,10.390720677252435,2.5539595179174945,-7.836761159334941,0.7636837336370212,1.7517647756513988,0.43595107302750924,Kern
6,8,0.3,0.001,8,1,8.738081391696774,2.5625237662283764,-6.1755576254683975,2.6381341671820375,4.662766479788639,0.5657873236022798,Kern
9,16,0.0,0.0005,8,2,6.407752007909611,2.569995267357389,-3.837756740552222,0.6904779946488606,1.7517647756513988,0.3941613647255262,Kern
9,8,0.0,0.005,8,2,2.175971544956741,2.5739189085039325,0.3979473635471913,0.9976142305891917,1.7517647756513988,0.569490975304162,Kern
6,16,0.0,0.001,8,2,5.921112096683614,2.577173125749582,-3.343938970934032,5.003703143686173,4.662766479788639,1.07311896604202,Kern
9,8,0.4,0.0001,6,2,9.929621473688801,2.5797910583247385,-7.349830415364062,0.779242172427606,1.7517647756513988,0.4448326529101731,Kern
6,32,0.4,0.0001,6,2,10.357582155742268,2.585278285701219,-7.772303870041049,2.2254544243306773,4.662766479788639,0.47728198141107775,Kern
12,64,0.2,0.005,4,2,3.0178429241816964,2.6008640402139993,-0.4169788839676971,0.6868513643612882,0.3211675795005199,2.1386074068543284,Kern
12,16,0.3,0.0001,6,1,10.610924978348653,2.604818713433774,-8.006106264914878,0.2033582347807474,0.3211675795005199,0.6331841934264048,Kern
6,16,0.0,0.0001,6,1,10.61960468418552,2.6144056534604894,-8.00519903072503,2.1162472846313722,4.662766479788639,0.4538608771862195,Kern
9,16,0.1,0.0001,8,2,11.352371001473326,2.6168680972138034,-8.735502904259523,0.5922925975957424,1.7517647756513988,0.33811194620892904,Kern
12,8,0.1,0.005,6,2,3.281820338704338,2.6184989481687637,-0.6633213905355744,1.4710935175172213,0.3211675795005199,4.580454601940418,Kern
12,8,0.0,0.0001,6,1,10.147467807775994,2.623498044362133,-7.523969763413861,0.3686967903370939,0.3211675795005199,1.1479888191407472,Kern
9,32,0.1,0.0001,8,1,10.30391489682773,2.6323524802764804,-7.671562416551248,0.9151813025615357,1.7517647756513988,0.5224338993922417,Kern
12,8,0.2,0.0005,6,2,7.344130275865555,2.633422101725131,-4.710708174140424,0.39683210908322186,0.3211675795005199,1.2355920535328488,Kern
9,8,0.0,0.0001,6,1,10.165781010641487,2.635245442679488,-7.530535567961999,0.7648585671603122,1.7517647756513988,0.4366217301497556,Kern
6,64,0.3,0.0001,6,1,9.391572805619882,2.636173864105134,-6.755398941514748,2.128604376329337,4.662766479788639,0.45651104029250594,Kern
9,8,0.2,0.0005,8,1,9.867216646384893,2.641212186857673,-7.22600445952722,0.9466274425524379,1.7517647756513988,0.5403850195585944,Kern
9,16,0.1,0.0005,6,1,6.74131639457167,2.644992404592592,-4.096323989979078,1.1347994954824039,1.7517647756513988,0.6478035814257228,Kern
6,8,0.2,0.0005,4,1,8.312714292135675,2.6453288613905204,-5.6673854307451546,2.1483483950930924,4.662766479788639,0.46074544037437537,Kern
6,64,0.3,0.0001,8,2,9.984779705244412,2.6512378925765194,-7.333541812667892,2.2434143453286692,4.662766479788639,0.48113375504714584,Kern
9,64,0.4,0.0001,8,1,9.281266091422484,2.651299526114108,-6.629966565308376,0.9312099172289289,1.7517647756513988,0.5315838805370748,Kern
12,8,0.3,0.005,4,2,4.441571441266848,2.653459662033916,-1.7881117792329317,1.9892271698435608,0.3211675795005199,6.193735908640619,Kern
9,8,0.0,0.0005,8,2,9.89284076418805,2.6567587723326094,-7.23608199185544,0.41871109531099554,1.7517647756513988,0.23902244247107698,Kern
6,32,0.2,0.0001,4,2,9.561292711617762,2.6596358997887584,-6.901656811829003,2.284641829078111,4.662766479788639,0.4899756054653788,Kern
9,64,0.3,0.0001,6,1,8.954675793381977,2.660259339308017,-6.29441645407396,0.6332427436395642,1.7517647756513988,0.36148845577973854,Kern
9,16,0.3,0.0001,4,2,9.622957456234843,2.665305674033101,-6.957651782201742,1.414177459260595,1.7517647756513988,0.8072873018780327,Kern
6,32,0.1,0.0001,4,2,9.67403738300235,2.670811673101128,-7.003225709901222,2.2174699807084606,4.662766479788639,0.47556959807452714,Kern
12,16,0.3,0.005,8,1,3.450605745278015,2.678499501696185,-0.7721062435818298,1.599747562737023,0.3211675795005199,4.981036894274795,Kern
6,64,0.1,0.0001,8,1,9.826963680127104,2.6877696451816764,-7.139194034945428,2.0648493021017758,4.662766479788639,0.44283781121189125,Kern
9,16,0.0,0.0001,8,1,10.414346848457289,2.689370001455061,-7.724976847002227,0.7816020229714828,1.7517647756513988,0.4461797804336155,Kern
12,16,0.1,0.005,6,2,2.6778131431994545,2.6905033772948346,0.01269023409538006,1.4599608847860526,0.3211675795005199,4.545791599066709,Kern
12,64,0.2,0.005,8,1,3.6724689506548898,2.6978226719337868,-0.974646278721103,0.8806684479195402,0.3211675795005199,2.7420838967904437,Kern
9,8,0.2,0.001,8,1,4.737692152596655,2.7112324114404824,-2.026459741156173,1.2493724185460442,1.7517647756513988,0.7132078666677503,Kern
12,32,0.0,0.001,4,2,4.838142142028909,2.7132008843651594,-2.1249412576637496,1.5927370334344253,0.3211675795005199,4.95920863466808,Kern
6,64,0.2,0.0001,6,2,9.193211446634272,2.714738515594857,-6.478472931039415,2.5585748002625697,4.662766479788639,0.5487246276117497,Kern
6,16,0.4,0.0005,8,1,9.60382463808744,2.7166343806877253,-6.887190257399714,2.2181581392809115,4.662766479788639,0.47571718397131907,Kern
9,8,0.1,0.0001,6,2,9.847972798358253,2.7173863907887577,-7.130586407569496,0.13707540064569584,1.7517647756513988,0.07824988979740385,Kern
9,8,0.4,0.001,8,2,8.757178035554738,2.7241732438591724,-6.033004791695565,0.4540874959711851,1.7517647756513988,0.2592171633330915,Kern
12,16,0.1,0.0001,6,1,10.80423690289448,2.724869750002588,-8.079367152891892,0.6081183972982225,0.3211675795005199,1.8934613457683642,Kern
6,16,0.3,0.0001,6,1,10.83882121685523,2.7248771676628385,-8.11394404919239,2.1350825046386652,4.662766479788639,0.45790037178431625,Kern
9,32,0.1,0.0001,4,2,8.993145756383871,2.7275711794259125,-6.265574576957959,1.0431812115988954,1.7517647756513988,0.5955030184980089,Kern
6,32,0.3,0.0001,4,1,9.43575924460322,2.729189660279915,-6.706569584323305,3.663589984383471,4.662766479788639,0.7857116585751771,Kern
9,8,0.4,0.005,4,2,3.462007414741601,2.729521135714923,-0.732486279026678,1.324029489020592,1.7517647756513988,0.7558260717556944,Kern
6,16,0.4,0.0001,4,1,11.229086982003688,2.7393920886433163,-8.489694893360372,2.5048048804623213,4.662766479788639,0.5371928642190683,Kern
9,8,0.3,0.001,6,2,8.589628498969454,2.743488363157699,-5.846140135811755,0.7649547771685532,1.7517647756513988,0.4366766519118428,Kern
12,16,0.2,0.0001,6,2,10.482467849188058,2.7520621411985458,-7.7304057079895125,0.0041592330808819964,0.3211675795005199,0.012950351611923094,Kern
9,32,0.0,0.0001,6,1,9.198408917812099,2.7533131331609932,-6.445095784651105,0.6300448069843282,1.7517647756513988,0.35966290437027665,Kern
12,8,0.4,0.001,6,1,5.5872324535480455,2.761019544831846,-2.8262129087161996,1.3949668325520856,0.3211675795005199,4.3434235632424025,Kern
6,16,0.4,0.0001,8,2,11.29679773467232,2.7614054265745107,-8.535392308097808,2.6205551604992543,4.662766479788639,0.5620172427374152,Kern
9,16,0.1,0.0001,6,1,9.962752971460864,2.761534768790288,-7.201218202670576,0.23994717615367236,1.7517647756513988,0.13697454103930554,Kern
12,8,0.2,0.005,8,1,3.758437237503842,2.7700140660217487,-0.9884231714820935,0.04412717810320556,0.3211675795005199,0.13739611629490184,Kern
9,8,0.3,0.0001,6,1,12.219635002468847,2.771753332345318,-9.447881670123529,1.022489041502088,1.7517647756513988,0.5836908332181029,Kern
9,64,0.0,0.0001,6,2,7.357886784545926,2.7786282677808023,-4.579258516765123,0.691422411207196,1.7517647756513988,0.3947004876554209,Kern
12,16,0.4,0.0005,6,2,6.382072613945338,2.7875372265765854,-3.5945353873687527,0.7396609302764536,0.3211675795005199,2.303037347128172,Kern
9,32,0.3,0.0001,4,1,9.466121790386627,2.79855649806636,-6.667565292320266,0.3930110233933381,1.7517647756513988,0.22435148192039414,Kern
12,16,0.4,0.0001,4,1,9.898616179171285,2.8016601367123957,-7.0969560424588884,0.22538920325417147,0.3211675795005199,0.7017806828593876,Kern
12,64,0.3,0.005,6,2,2.68131583939798,2.8030928622616718,0.12177702286369163,1.4957004891863246,0.3211675795005199,4.657071836181097,Kern
12,16,0.1,0.0001,4,1,10.001627721818222,2.8136048919615226,-7.188022829856699,0.15015140199368485,0.3211675795005199,0.46751730740444114,Kern
12,16,0.4,0.0001,8,1,11.179047895916733,2.815778205773133,-8.3632696901436,0.2591198465727659,0.3211675795005199,0.8068057397815473,Kern
6,64,0.4,0.0001,8,1,9.942816888141286,2.8245462114676254,-7.11827067667366,1.9796129974670105,4.662766479788639,0.4245576110336852,Kern
12,16,0.1,0.0005,6,1,6.208188315040585,2.8270863589516213,-3.381101956088964,1.5295615140880707,0.3211675795005199,4.762502854325602,Kern
9,8,0.2,0.0001,6,1,10.59382328292368,2.8324103274402126,-7.7614129554834665,0.8791168984155123,1.7517647756513988,0.5018464297460316,Kern
12,64,0.2,0.0001,6,1,7.368202741435416,2.8370710437487956,-4.531131697686621,0.4651203655156837,0.3211675795005199,1.4482170530382903,Kern
9,16,0.0,0.0005,6,1,4.832488213251615,2.842417682092874,-1.9900705311587412,4.023239245787383,1.7517647756513988,2.29667778557274,Kern
6,16,0.2,0.0001,6,1,10.853432782230897,2.8429541546996875,-8.01047862753121,2.279789580276901,4.662766479788639,0.48893496814797444,Kern
9,8,0.1,0.0005,4,1,9.704986581899165,2.8444080829664826,-6.860578498932682,0.3616160205725241,1.7517647756513988,0.20642955355581696,Kern
6,8,0.3,0.001,8,2,9.334611844742794,2.8473438070796777,-6.4872680376631155,3.0407923063662414,4.662766479788639,0.6521433830209913,Kern
6,16,0.4,0.0005,8,2,9.169590856459116,2.850788516212179,-6.318802340246938,2.2630767858201843,4.662766479788639,0.4853506594485874,Kern
6,8,0.4,0.001,4,2,7.748469520663295,2.85420708493056,-4.894262435732735,5.6635988960810035,4.662766479788639,1.2146434784222204,Kern
9,8,0.2,0.0001,8,1,10.897655612341946,2.85430697007988,-8.043348642262066,0.25255180197171406,1.7517647756513988,0.14416992822441127,Kern
6,8,0.1,0.0005,6,2,9.706485870795621,2.8584643066714888,-6.848021564124132,2.0498271456416264,4.662766479788639,0.43961608511317607,Kern
6,32,0.1,0.0001,6,2,10.149323723532442,2.862072604761892,-7.28725111877055,2.566515184413529,4.662766479788639,0.5504275617358106,Kern
12,8,0.1,0.0005,6,1,8.09226458210993,2.868223060966688,-5.224041521143242,0.7079436318189806,0.3211675795005199,2.2042811199062347,Kern
12,32,0.1,0.0001,6,1,9.146043469662738,2.8731044500113976,-6.27293901965134,0.6040690477618668,0.3211675795005199,1.8808531318799846,Kern
12,32,0.1,0.0001,8,1,10.287253302652369,2.874315548709547,-7.412937753942822,0.10044714007115434,0.3211675795005199,0.3127561637054706,Kern
9,8,0.3,0.001,4,2,5.755736503093524,2.8837977683956377,-2.871938734697886,1.1866657298147716,1.7517647756513988,0.677411571638382,Kern
6,64,0.3,0.0001,6,2,9.405284635789874,2.8862309097254877,-6.519053726064387,2.0419502468530424,4.662766479788639,0.4379267663744557,Kern
12,16,0.0,0.0001,4,2,9.118748027738887,2.891943315343661,-6.226804712395226,0.2128677622678631,0.3211675795005199,0.6627934320111489,Kern
6,32,0.2,0.0001,4,1,9.854137964076333,2.892081021909405,-6.962056942166928,2.3902846377463423,4.662766479788639,0.5126322855985472,Kern
6,8,0.0,0.005,6,1,4.896522855272993,2.893948831534668,-2.0025740237383247,2.576107402974632,4.662766479788639,0.5524847564511542,Kern
6,32,0.3,0.0001,8,1,10.361815267592425,2.894024972650734,-7.4677902949416906,2.124881479271831,4.662766479788639,0.4557126093452038,Kern
6,32,0.1,0.0001,6,1,9.600639146913748,2.8984680713881406,-6.702171075525607,2.0633658225352765,4.662766479788639,0.44251965683445676,Kern
6,32,0.3,0.0001,6,2,10.419132699113344,2.9004238233418205,-7.518708875771524,2.0717576398382893,4.662766479788639,0.4443194075488424,Kern
9,16,0.3,0.0001,6,1,10.663310974806326,2.9019732233479507,-7.761337751458375,0.9264645036295286,1.7517647756513988,0.5288749474283841,Kern
6,8,0.1,0.001,8,2,9.34026814149771,2.902572481164007,-6.437695660333702,2.395918561007272,4.662766479788639,0.513840564693233,Kern
12,8,0.1,0.0005,8,1,9.733035827375975,2.9054310862703407,-6.827604741105635,0.3189875519029159,0.3211675795005199,0.9932121803794942,Kern
9,16,0.3,0.0005,4,2,4.652372776445837,2.9081260845131705,-1.7442466919326667,2.287237583043307,1.7517647756513988,1.3056762042682308,Kern
6,8,0.2,0.0001,6,2,10.706411260264632,2.908451057809798,-7.797960202454834,1.830159504554414,4.662766479788639,0.39250507450619193,Kern
6,32,0.0,0.0001,8,1,10.814028324660436,2.9245748344745377,-7.889453490185899,2.173902684159492,4.662766479788639,0.4662259398111729,Kern
6,32,0.2,0.0001,6,2,9.877876210971635,2.9261846794795616,-6.951691531492074,1.765282093918582,4.662766479788639,0.37859114359906815,Kern
6,32,0.1,0.0001,8,2,10.409174516505722,2.933565043351902,-7.4756094731538205,1.8113889536546164,4.662766479788639,0.3884794491652788,Kern
9,8,0.2,0.0001,4,1,10.001390620073247,2.9340607125421942,-7.067329907531052,0.9878293220742607,1.7517647756513988,0.5639052319150175,Kern
9,32,0.0,0.0001,8,1,10.024647002775971,2.9449835195071525,-7.079663483268819,0.4387121206249171,1.7517647756513988,0.25044008574825966,Kern
3,8,0.4,0.0001,6,2,11.046630950131602,2.950085514353965,-8.096545435777637,2.993990106999526,4.913045119423532,0.6093960129050928,Kern
6,64,0.1,0.0001,8,2,9.739440154710241,2.9568268012140466,-6.7826133534961945,2.072382239864867,4.662766479788639,0.4444533623649982,Kern
9,64,0.3,0.0001,6,2,8.229455629436776,2.956873301777719,-5.272582327659057,0.6339745463284433,1.7517647756513988,0.36190620746595276,Kern
12,8,0.4,0.005,6,2,4.129082496888889,2.962416029433789,-1.1666664674550997,0.6565481578593098,0.3211675795005199,2.044254151930198,Kern
6,16,0.2,0.0005,8,1,9.92970603826674,2.974647752913137,-6.955058285353603,2.1436681134507367,4.662766479788639,0.45974168398583587,Kern
12,64,0.1,0.0001,6,2,7.632789141701254,2.979359582261876,-4.6534295594393775,0.602795616178156,0.3211675795005199,1.8768881252448466,Kern
9,64,0.4,0.0001,6,2,9.069811996364747,2.9858628631202837,-6.083949133244463,0.6919449026320702,1.7517647756513988,0.39499875339984986,Kern
9,64,0.0,0.0001,4,1,5.363829059399719,2.9940487613805478,-2.369780298019171,3.5427431383296897,1.7517647756513988,2.0223851898222525,Kern
12,64,0.3,0.0001,4,2,6.022305575298479,3.000835737830507,-3.0214698374679725,0.16011972722879259,0.3211675795005199,0.49855507669177235,Kern
3,8,0.3,0.001,4,2,9.62771434234172,3.0061015593903497,-6.62161278295137,2.6282780878809606,4.913045119423532,0.5349590781265504,Kern
9,8,0.1,0.0005,8,2,8.946472153186392,3.008859358930323,-5.937612794256069,1.1435999492386928,1.7517647756513988,0.6528273459622693,Kern
12,64,0.3,0.005,8,1,2.433701264990379,3.011383574184666,0.5776823091942869,1.2456673412907036,0.3211675795005199,3.878558798580998,Kern
12,16,0.4,0.005,4,2,2.378016013583645,3.0205610329998747,0.6425450194162297,1.5092288590370415,0.3211675795005199,4.699194300321955,Kern
9,8,0.4,0.0005,4,1,9.437211572890732,3.022136852543525,-6.4150747203472065,0.5238694190855231,1.7517647756513988,0.2990523764189292,Kern
12,32,0.0,0.0001,6,2,9.916252135150927,3.027661244480246,-6.888590890670681,0.27467829704202246,0.3211675795005199,0.8552491427347754,Kern
3,16,0.3,0.001,8,2,9.33100149601527,3.0296547251170707,-6.301346770898199,3.984635311195166,4.913045119423532,0.811031695076861,Kern
9,8,0.2,0.0001,6,2,10.22752795281167,3.046629932710464,-7.180898020101206,1.1676844670539974,1.7517647756513988,0.6665760627706369,Kern
6,64,0.4,0.0001,8,2,10.125912045558964,3.0479789637389247,-7.077933081820039,1.5661471774944173,4.662766479788639,0.33588368284860154,Kern
6,32,0.1,0.0001,8,1,10.09280996267248,3.0611176057189797,-7.031692356953499,1.7066528185549814,4.662766479788639,0.36601721873756443,Kern
6,32,0.0,0.0001,6,1,9.82135105347943,3.063555234236306,-6.757795819243125,2.4334582176855726,4.662766479788639,0.5218915054471869,Kern
9,64,0.2,0.0001,6,1,8.60634384900654,3.064165167026548,-5.542178681979992,0.37048146343034594,1.7517647756513988,0.2114904173093567,Kern
9,16,0.0,0.001,6,1,3.8494470582301004,3.0911672886369255,-0.7582797695931749,1.2597087936823987,1.7517647756513988,0.719108416376264,Kern
9,64,0.1,0.0001,6,2,8.272165231261063,3.0936856315284347,-5.178479599732628,0.7836946137827906,1.7517647756513988,0.44737434196401826,Kern
12,8,0.2,0.005,6,1,3.3437370915535274,3.1079497791054576,-0.23578731244806983,0.22145659169613033,0.3211675795005199,0.6895359489290289,Kern
3,16,0.2,0.0001,8,1,11.189034702662525,3.1126797255810685,-8.076354977081456,2.8929311316012147,4.913045119423532,0.5888264938101473,Kern
6,8,0.3,0.0005,8,2,9.424488865392115,3.1138729566981422,-6.310615908693974,1.483893250740637,4.662766479788639,0.31824309820634666,Kern
9,8,0.0,0.0005,6,2,9.466746356775413,3.1243095326002024,-6.342436824175211,0.9361848402914992,1.7517647756513988,0.5344238297880926,Kern
12,64,0.3,0.0001,6,2,9.104708381145521,3.1302143508986524,-5.974494030246868,0.02064960938870257,0.3211675795005199,0.06429543548827955,Kern
12,32,0.1,0.0001,8,2,10.085791001264454,3.132522930956396,-6.953268070308058,0.4299131027772857,0.3211675795005199,1.3385943358476189,Kern
9,16,0.4,0.0005,6,1,6.714959971599067,3.138185489445716,-3.5767744821533514,1.3546456298027432,1.7517647756513988,0.7733033844678229,Kern
12,64,0.3,0.0001,6,1,7.51427755200513,3.141634456741349,-4.372643095263781,0.46894154574101865,0.3211675795005199,1.4601148299909879,Kern
6,8,0.2,0.0005,8,1,9.743342738133382,3.1429811141154063,-6.600361624017976,1.5069120129749423,4.662766479788639,0.32317981599697226,Kern
9,16,0.4,0.0001,6,2,10.484615744842932,3.1476654817119245,-7.3369502631310075,0.8441058064520751,1.7517647756513988,0.48186024641247394,Kern
6,16,0.3,0.0001,4,1,10.457725042849823,3.1570438540899977,-7.3006811887598255,1.6216281526277212,4.662766479788639,0.3477824076450916,Kern
12,16,0.0,0.005,4,2,1.3728303713856918,3.157124882415122,1.7842945110294302,0.7078119519564211,0.3211675795005199,2.2038711163100926,Kern
9,32,0.4,0.0001,6,1,10.06699092159368,3.1599866660086193,-6.907004255585061,0.4815801210123261,1.7517647756513988,0.27491140803036707,Kern
6,16,0.1,0.0001,4,2,10.079052589213177,3.160622109831143,-6.9184304793820335,2.4034439800506497,4.662766479788639,0.5154545033444602,Kern
12,64,0.2,0.0001,8,2,9.348996007265255,3.1608131867667777,-6.1881828204984775,0.006761873260772125,0.3211675795005199,0.02105403438070616,Kern
3,64,0.4,0.0001,6,1,10.509852592894422,3.170418259168411,-7.339434333726011,4.140617171771804,4.913045119423532,0.8427802047658866,Kern
3,8,0.0,0.0001,4,2,10.955876768144316,3.171365033821703,-7.784511734322614,3.309515302970271,4.913045119423532,0.6736179339949946,Kern
6,8,0.1,0.001,8,1,8.760799060689985,3.1809739978748435,-5.579825062815141,1.5774731455759259,4.662766479788639,0.3383127060756069,Kern
3,16,0.4,0.001,8,1,9.337473861705204,3.1812742259326643,-6.1561996357725395,3.3794252173766037,4.913045119423532,0.6878473808465911,Kern
9,64,0.1,0.0001,6,1,7.582102176747207,3.203738394673643,-4.3783637820735635,0.7639242927545913,1.7517647756513988,0.4360883968970799,Kern
12,16,0.2,0.0005,8,2,9.01618381082313,3.2108193157053933,-5.805364495117736,0.05595214152681754,0.3211675795005199,0.17421478722676292,Kern
12,64,0.3,0.005,6,1,2.8787650766740214,3.212125722104767,0.3333606454307456,2.3901107840428324,0.3211675795005199,7.441942887759515,Kern
9,8,0.0,0.005,6,2,3.1102642937839535,3.2176669852927064,0.10740269150875292,1.6953922294502823,1.7517647756513988,0.9678195685946739,Kern
3,8,0.0,0.0005,6,2,9.799821198467008,3.218160626042617,-6.581660572424391,2.794952568649608,4.913045119423532,0.5688839611099585,Kern
6,32,0.2,0.0001,8,1,10.188928865888471,3.2270338526949014,-6.961895013193569,1.973146745892234,4.662766479788639,0.4231708266852077,Kern
6,16,0.3,0.0001,8,1,10.199915257011961,3.2295291228547427,-6.970386134157218,1.7565046332985021,4.662766479788639,0.37670868590831164,Kern
9,8,0.2,0.0005,4,2,6.741503637366089,3.2351305820105307,-3.506373055355558,3.162616487540023,1.7517647756513988,1.8053887893504394,Kern
9,8,0.0,0.0001,8,1,11.217478780852034,3.235434082701881,-7.982044698150153,0.2183268684790538,1.7517647756513988,0.12463252573272478,Kern
3,8,0.0,0.001,8,1,9.347201980514367,3.246217678105248,-6.100984302409119,3.9259871544940768,4.913045119423532,0.7990944636296622,Kern
9,32,0.1,0.001,8,1,3.674672017389215,3.249683323088996,-0.424988694300219,3.3541616988248317,1.7517647756513988,1.9147329284421633,Kern
3,8,0.4,0.0005,8,2,10.439525453924954,3.249954603884771,-7.189570850040184,3.358841675571319,4.913045119423532,0.68365781179014,Kern
12,8,0.2,0.005,8,2,3.4241215397593185,3.252024994599493,-0.17209654515982553,1.1896729080444024,0.3211675795005199,3.7042123301940464,Kern
12,16,0.3,0.0001,4,2,9.566197175940008,3.253285606439167,-6.312911569500841,0.4536408144740918,0.3211675795005199,1.4124738716765697,Kern
9,16,0.4,0.0001,8,2,11.19783768137377,3.255877570094867,-7.9419601112789024,0.5035994771055905,1.7517647756513988,0.2874812212834486,Kern
12,16,0.2,0.005,6,2,2.1106700900856383,3.256103901376106,1.1454338112904678,1.8981571489765563,0.3211675795005199,5.910176711885341,Kern
6,64,0.0,0.005,8,2,2.1602210595775913,3.256153886904441,1.0959328273268496,4.90647961178616,4.662766479788639,1.0522679257161875,Kern
6,8,0.4,0.0005,4,1,9.495007954129353,3.264070408531494,-6.230937545597858,1.6104921804240464,4.662766479788639,0.3453941318753431,Kern
9,8,0.0,0.0001,8,2,10.18021873559409,3.2692315386497754,-6.9109871969443155,0.44588149963036766,1.7517647756513988,0.25453274653531344,Kern
12,32,0.0,0.0001,8,2,9.813704732961536,3.2697617471596447,-6.543942985801891,0.628961603674847,0.3211675795005199,1.958359572448155,Kern
12,8,0.3,0.0005,8,1,10.12390554449899,3.270752429549763,-6.853153114949228,0.2848447515292328,0.3211675795005199,0.8869038150495252,Kern
3,16,0.3,0.0005,4,2,9.446461172975331,3.273271195124871,-6.17318997785046,4.302441950234163,4.913045119423532,0.8757179805299624,Kern
12,8,0.4,0.005,4,1,3.7555519995701694,3.2930436451027516,-0.4625083544674178,1.8320075849274002,0.3211675795005199,5.70421082905236,Kern
9,64,0.4,0.0001,4,1,4.934154596044781,3.305264752549019,-1.6288898434957622,3.06583177698901,1.7517647756513988,1.7501389567837222,Kern
9,16,0.4,0.005,6,1,3.6066356681692247,3.310325487615913,-0.2963101805533115,1.2136713249343742,1.7517647756513988,0.6928277938931996,Kern
12,8,0.0,0.001,6,2,6.480784815057399,3.3187262434275215,-3.1620585716298777,0.6952205098331996,0.3211675795005199,2.164665907170354,Kern
3,8,0.1,0.001,8,2,9.299314775080068,3.319309881288105,-5.980004893791964,3.807266315323595,4.913045119423532,0.7749300531093672,Kern
3,16,0.4,0.0001,4,1,10.199407577236377,3.3263797582139545,-6.873027819022422,2.693008036454079,4.913045119423532,0.5481341960014527,Kern
6,16,0.3,0.0001,4,2,10.168796498684435,3.331325980324398,-6.837470518360036,1.7822499038018944,4.662766479788639,0.38223014417026585,Kern
9,8,0.2,0.005,8,1,3.80634595598165,3.332576087443061,-0.47376986853858893,0.753015769858461,1.7517647756513988,0.4298612349814203,Kern
6,8,0.3,0.0005,6,1,9.886781519338024,3.340860807959944,-6.545920711378081,2.2139502687880204,4.662766479788639,0.4748147432183603,Kern
6,8,0.3,0.005,8,2,4.8186006485339785,3.3423971171754654,-1.4762035313585131,1.5722468252483812,4.662766479788639,0.3371918435254022,Kern
6,64,0.2,0.0001,8,2,9.658075092442525,3.3441077208808183,-6.313967371561707,1.645834617240437,4.662766479788639,0.3529738459720252,Kern
12,32,0.2,0.0001,6,2,9.371219151134664,3.345460949666675,-6.025758201467989,0.5669801611483691,0.3211675795005199,1.7653717166288614,Kern
12,64,0.3,0.0001,8,1,9.191803850023655,3.3535940455339945,-5.838209804489661,0.051945586956386125,0.3211675795005199,0.16173982142647134,Kern
3,16,0.1,0.0005,6,2,9.27466439161768,3.3555440634881837,-5.919120328129496,4.286531948192069,4.913045119423532,0.8724796626119782,Kern
6,16,0.0,0.0001,4,2,9.776008867004967,3.356525554023977,-6.41948331298099,1.5276338111877854,4.662766479788639,0.32762391550370595,Kern
3,16,0.4,0.0005,8,1,10.256206128406728,3.3584287448557393,-6.897777383550988,2.71108524259137,4.913045119423532,0.5518136261100474,Kern
9,8,0.4,0.001,8,1,9.282160998739744,3.3611910724154836,-5.920969926324261,0.6582566579147806,1.7517647756513988,0.375767721251277,Kern
6,16,0.2,0.0005,8,2,8.731870496068154,3.3708373004505137,-5.36103319561764,2.9138567686865375,4.662766479788639,0.6249201587334525,Kern
6,8,0.4,0.0001,8,1,11.432649424141685,3.372449158409566,-8.060200265732119,1.918074266931312,4.662766479788639,0.4113597100016593,Kern
12,16,0.1,0.0001,4,2,10.245242594097183,3.3735507718065794,-6.871691822290604,0.23669240136960748,0.3211675795005199,0.7369747648181417,Kern
12,32,0.3,0.0001,8,2,10.193290696091966,3.3751532385028797,-6.818137457589086,0.6842684437485667,0.3211675795005199,2.130565123705019,Kern
12,64,0.2,0.0001,6,2,7.430517600627574,3.37865257987519,-4.051865020752384,0.12729379678441277,0.3211675795005199,0.3963469693372544,Kern
9,16,0.1,0.0005,8,2,8.585355674543536,3.3789804301700395,-5.206375244373496,0.3219086304628586,1.7517647756513988,0.18376247481238225,Kern
12,64,0.0,0.0001,8,1,9.01272107950806,3.3828975115241304,-5.629823567983929,0.05357405110066129,0.3211675795005199,0.16681027139781576,Kern
6,16,0.0,0.005,8,1,3.245023982112322,3.386577622500138,0.14155364038781615,3.951651894785528,4.662766479788639,0.8474908430251593,Kern
9,16,0.3,0.0005,8,2,8.838261444241455,3.3872511977622515,-5.451010246479203,0.8204729153554802,1.7517647756513988,0.4683693420256067,Kern
6,16,0.0,0.0001,4,1,9.839133856155998,3.3894593669550384,-6.44967448920096,2.286395388678397,4.662766479788639,0.4903516825449167,Kern
12,16,0.3,0.0001,8,2,11.175163681504047,3.398604783082707,-7.7765588984213405,0.2554563801661504,0.3211675795005199,0.7953990267742355,Kern
3,8,0.0,0.001,6,2,9.34923945360956,3.416789585621696,-5.932449867987863,3.135269382010188,4.913045119423532,0.6381519619298881,Kern
6,16,0.4,0.0005,6,2,6.551379758499162,3.4169425503295288,-3.1344372081696332,5.520783897295405,4.662766479788639,1.1840146662342952,Kern
9,8,0.1,0.001,4,1,4.605908943072196,3.418459281852733,-1.1874496612194627,1.2285744409721575,1.7517647756513988,0.7013352808828506,Kern
3,8,0.3,0.0005,6,1,10.447016671180208,3.4233718337142696,-7.023644837465938,3.1275058336650305,4.913045119423532,0.6365717712016441,Kern
12,8,0.3,0.0005,8,2,10.219421342323281,3.424409630852308,-6.795011711470973,0.46934376940523714,0.3211675795005199,1.4613672094025212,Kern
3,16,0.4,0.0005,8,2,10.306961677627662,3.428607258307681,-6.878354419319981,3.3332927570879565,4.913045119423532,0.6784575911810607,Kern
9,64,0.1,0.0001,4,1,5.679468630708749,3.4371261238057826,-2.2423425069029665,3.282521711721421,1.7517647756513988,1.8738370341422157,Kern
12,64,0.1,0.0001,8,1,9.1661797708142,3.4392726276440855,-5.726907143170115,0.43802442133321395,0.3211675795005199,1.3638500561433688,Kern
6,32,0.3,0.0001,6,1,10.144050269346755,3.4493792895824047,-6.69467097976435,1.3420139621612903,4.662766479788639,0.28781496306504356,Kern
12,32,0.0,0.0001,6,1,9.603391990088367,3.4515015462770524,-6.151890443811315,0.5417284734010878,0.3211675795005199,1.6867470690646433,Kern
6,8,0.2,0.001,6,2,7.812221127091411,3.453325432132207,-4.358895694959204,2.0381851520161973,4.662766479788639,0.43711928548233614,Kern
9,16,0.0,0.0001,6,1,9.800677566976692,3.4546197712888764,-6.346057795687815,1.0488080463327245,1.7517647756513988,0.5987151134162532,Kern
12,8,0.4,0.0005,8,2,7.684138059705354,3.455349565673515,-4.228788494031839,0.9998249727728545,0.3211675795005199,3.113094336382842,Kern
6,32,0.4,0.0005,6,1,7.000429688149184,3.4563644076976776,-3.5440652804515067,5.938363334322957,4.662766479788639,1.273570821113079,Kern
6,8,0.1,0.0005,8,2,9.833272273523452,3.4572358380362007,-6.376036435487251,1.3246976790238083,4.662766479788639,0.2841012271933156,Kern
3,16,0.4,0.0001,8,1,11.01885954602629,3.46056496635252,-7.55829457967377,2.2397417498251553,4.913045119423532,0.4558764870630689,Kern
12,8,0.4,0.0001,4,2,10.006564861890094,3.4622139013524023,-6.544350960537692,0.18374494787442885,0.3211675795005199,0.5721154923550789,Kern
12,8,0.0,0.0001,4,1,10.282065979910607,3.464152595559449,-6.817913384351158,0.13673484043033723,0.3211675795005199,0.4257429739421002,Kern
12,64,0.1,0.0001,6,1,6.837110649033563,3.4654841994617147,-3.371626449571848,0.3749963848008117,0.3211675795005199,1.167603484087673,Kern
12,32,0.2,0.005,4,1,4.2288019138413535,3.4657746025345153,-0.7630273113068382,0.4188393162461681,0.3211675795005199,1.3041145588155174,Kern
12,8,0.0,0.0005,6,1,9.152838884517042,3.4708285475013088,-5.682010337015733,0.019135956949258497,0.3211675795005199,0.05958246775412,Kern
6,16,0.1,0.0001,4,1,10.13076785562452,3.4709264976829504,-6.659841357941569,1.1693098582154986,4.662766479788639,0.2507759853048663,Kern
12,16,0.0,0.001,4,2,2.7703085282188047,3.4723164913414144,0.7020079631226097,2.5037230384326734,0.3211675795005199,7.795690468902452,Kern
3,16,0.4,0.0005,4,2,9.638601352064976,3.47414462730499,-6.164456724759986,2.886953798343082,4.913045119423532,0.5876098688631258,Kern
12,16,0.4,0.001,6,2,5.520109885395607,3.476397270232319,-2.043712615163288,1.3819543476175633,0.3211675795005199,4.302907378655031,Kern
3,16,0.3,0.0005,6,2,9.960410151948249,3.4818268595201523,-6.478583292428096,3.1735447429599746,4.913045119423532,0.6459425195208344,Kern
3,8,0.1,0.0005,6,2,10.368977359611257,3.4825399908610306,-6.886437368750227,2.8717498962713797,4.913045119423532,0.5845152703601334,Kern
6,16,0.1,0.0001,8,2,10.782019913826442,3.4830088018216863,-7.299011112004756,1.4745423256156678,4.662766479788639,0.3162376524767563,Kern
12,8,0.1,0.001,8,2,9.648614112364289,3.4835732119711564,-6.165040900393132,0.13249526074106213,0.3211675795005199,0.4125424519720169,Kern
9,16,0.4,0.0001,8,1,11.105825979934847,3.4881972057505957,-7.617628774184252,0.5529764131104494,1.7517647756513988,0.3156681883301504,Kern
6,8,0.0,0.0005,6,1,9.891500473668861,3.4997213431896235,-6.391779130479238,1.4745001781371905,4.662766479788639,0.3162286133197108,Kern
3,8,0.3,0.0005,8,2,10.87173532425083,3.501564700280629,-7.370170623970201,2.1004250750427746,4.913045119423532,0.42752000520793637,Kern
6,8,0.2,0.001,8,2,6.61528737700268,3.5023516310810168,-3.1129357459216633,2.8028681504163777,4.662766479788639,0.6011169897883093,Kern
6,32,0.4,0.0001,8,1,10.62167460870401,3.5103968336531413,-7.111277775050869,1.691388394378012,4.662766479788639,0.36274353470403303,Kern
12,32,0.2,0.005,8,2,2.188309516508676,3.511904677271001,1.3235951607623249,0.4095989829007153,0.3211675795005199,1.275343493691748,Kern
12,64,0.2,0.0001,8,1,8.829978061031612,3.512786172492464,-5.317191888539148,0.054172256873652465,0.3211675795005199,0.16867286840689588,Kern
6,16,0.4,0.001,6,2,6.402084039667197,3.5129523696916216,-2.8891316699755754,5.708112426796012,4.662766479788639,1.2241900707527515,Kern
6,64,0.1,0.0001,4,2,8.37886997930038,3.5144192159155616,-4.864450763384818,4.653133154867417,4.662766479788639,0.9979339894110121,Kern
6,8,0.3,0.0005,6,2,9.426701007722928,3.519100136872655,-5.907600870850272,1.7040348743008735,4.662766479788639,0.36545576144274694,Kern
6,16,0.4,0.0005,4,1,6.641473467299609,3.5226615149380547,-3.1188119523615545,4.77083636443754,4.662766479788639,1.0231772028724457,Kern
9,8,0.2,0.0005,4,1,5.873907257461528,3.525515320259286,-2.3483919372022415,1.6506821579681947,1.7517647756513988,0.9422966946885799,Kern
6,16,0.4,0.0001,8,1,10.74907099916776,3.5255554028898684,-7.223515596277892,1.4036589824515058,4.662766479788639,0.3010356595244146,Kern
3,16,0.4,0.0001,8,2,11.585470669781136,3.535187031732094,-8.050283638049041,2.0911700149348467,4.913045119423532,0.42563623254089156,Kern
9,8,0.3,0.001,6,1,6.994098774656655,3.536673588792978,-3.4574251858636775,2.359419947573195,1.7517647756513988,1.3468817162942655,Kern
3,8,0.4,0.001,6,1,9.768501395641866,3.543456129604223,-6.225045266037643,2.298511327769082,4.913045119423532,0.4678384325602888,Kern
6,16,0.4,0.0001,6,1,11.271530630993869,3.544675331000506,-7.726855299993363,1.3353129930902357,4.662766479788639,0.2863778400394533,Kern
3,8,0.4,0.0001,4,2,11.511590916778307,3.5456761756266406,-7.965914741151666,2.6848609014262936,4.913045119423532,0.5464759301337985,Kern
12,64,0.0,0.005,6,2,3.3338660701676903,3.547321831450431,0.21345576128274057,1.4935808664580574,0.3211675795005199,4.650472095536156,Kern
12,32,0.3,0.005,8,2,2.4451526281980525,3.5525477614752106,1.107395133277158,1.3228262455140336,0.3211675795005199,4.1188037957358405,Kern
12,32,0.4,0.0001,8,1,10.327148222833715,3.554543667993437,-6.772604554840278,0.29610168369115,0.3211675795005199,0.9219538415167795,Kern
12,8,0.0,0.0001,4,2,9.992431812869288,3.5550991885167016,-6.437332624352587,1.4665304668426642,0.3211675795005199,4.566246907995551,Kern
3,16,0.0,0.0005,6,1,9.332701454906287,3.555630260666803,-5.777071194239484,3.764663015851322,4.913045119423532,0.766258587971821,Kern
3,64,0.1,0.0001,4,1,9.930230765118015,3.5598250416099724,-6.370405723508043,4.030156673270583,4.913045119423532,0.8202971019617785,Kern
9,16,0.4,0.001,8,2,5.676718097864332,3.561031914781576,-2.115686183082756,3.1976111750721583,1.7517647756513988,1.825365608166837,Kern
6,16,0.2,0.0001,8,1,10.79630559635918,3.562146682368125,-7.234158913991054,0.953765557928521,4.662766479788639,0.20454928679416834,Kern
12,16,0.1,0.0005,8,2,8.345499531609988,3.5658201537432674,-4.779679377866721,0.016537542648426013,0.3211675795005199,0.051491942848481825,Kern
3,16,0.4,0.0001,6,2,10.705792753466906,3.568475463695167,-7.1373172897717385,2.588458553748109,4.913045119423532,0.5268542199042177,Kern
6,8,0.4,0.0005,6,2,10.457342245023874,3.5694765706615073,-6.8878656743623665,0.956505891143523,4.662766479788639,0.20513699223189086,Kern
9,8,0.4,0.0005,8,2,10.108886271313873,3.570125410497711,-6.538760860816161,0.7404122875084717,1.7517647756513988,0.42266650054836685,Kern
6,32,0.4,0.0001,4,1,9.877637335262882,3.570672203324235,-6.3069651319386475,1.6629920422261135,4.662766479788639,0.35665351233748604,Kern
3,8,0.1,0.0005,6,1,10.16714270835797,3.5742247166542134,-6.592917991703756,2.059790995311488,4.913045119423532,0.4192493545740471,Kern
9,64,0.3,0.0001,4,2,5.74348015019633,3.5792325891172765,-2.1642475610790535,2.692998648361341,1.7517647756513988,1.53730608457973,Kern
3,64,0.0,0.0001,6,2,10.677089070889648,3.580723829876567,-7.096365241013082,4.297605204268695,4.913045119423532,0.8747335104410666,Kern
6,16,0.0,0.0001,6,2,10.440469533045269,3.580928882540705,-6.859540650504563,1.801545467347379,4.662766479788639,0.38636836632424326,Kern
3,16,0.3,0.0001,6,2,10.662535284663957,3.5818640710904295,-7.0806712135735275,2.274453216317689,4.913045119423532,0.46294165044927577,Kern
6,8,0.2,0.0001,8,2,10.533999239451903,3.585813336265441,-6.948185903186462,1.5183882576649912,4.662766479788639,0.3256410682899606,Kern
12,16,0.0,0.0001,6,2,10.490808013743699,3.58637562687717,-6.904432386866529,0.43990122793393344,0.3211675795005199,1.369693754948953,Kern
12,16,0.4,0.0001,6,2,10.539526277721578,3.5892935304884297,-6.950232747233148,0.29371274131318775,0.3211675795005199,0.9145155366241203,Kern
6,8,0.4,0.001,6,1,6.902087705123903,3.589935870327488,-3.312151834796415,5.317836968730789,4.662766479788639,1.1404896624743353,Kern
6,8,0.3,0.0001,6,1,11.193478233259269,3.594183934626766,-7.599294298632502,2.210932095104372,4.662766479788639,0.4741674507372269,Kern
12,32,0.1,0.0001,4,2,6.552727986540472,3.5961615690851825,-2.95656641745529,0.6246297536325334,0.3211675795005199,1.9448717538798845,Kern
9,8,0.1,0.0001,4,1,10.508623752906397,3.596386902549556,-6.912236850356841,0.9106386239278703,1.7517647756513988,0.5198406981264061,Kern
12,8,0.2,0.0001,4,2,10.520400838473167,3.6018113600970416,-6.918589478376125,0.7479655497131744,0.3211675795005199,2.328894936644636,Kern
6,8,0.4,0.0001,4,1,11.282459817637484,3.6026567635507507,-7.679803054086733,0.9780710318600491,4.662766479788639,0.20976195915013626,Kern
6,8,0.3,0.0001,8,1,10.55699370339694,3.6030937793961333,-6.953899924000806,1.2586986651212846,4.662766479788639,0.26994675169285787,Kern
6,8,0.1,0.0005,8,1,10.17460495275434,3.603239625462725,-6.571365327291614,1.1600957552614002,4.662766479788639,0.24879988313589896,Kern
3,8,0.3,0.0005,4,2,10.165929151701217,3.603609544312936,-6.562319607388281,2.1508035490420867,4.913045119423532,0.4377740274639386,Kern
3,8,0.2,0.0005,4,2,9.813625118903097,3.6106071492944465,-6.20301796960865,2.3174037082670966,4.913045119423532,0.4716837830585621,Kern
12,64,0.3,0.0001,8,2,9.181717577267634,3.6110326553866945,-5.5706849218809396,0.27835537934360544,0.3211675795005199,0.8666982507278723,Kern
3,32,0.2,0.0001,8,2,10.699517296846288,3.6132847365394,-7.086232560306888,2.8461335930263765,4.913045119423532,0.5793013342731779,Kern
3,8,0.2,0.001,4,1,9.336373666389141,3.622163617294674,-5.714210049094467,3.401533954420093,4.913045119423532,0.6923473877681809,Kern
3,64,0.2,0.0001,8,1,10.54040020269846,3.622499214233074,-6.917900988465387,2.9539253105596797,4.913045119423532,0.6012412340528792,Kern
3,32,0.3,0.0001,6,2,10.577397010355964,3.6238947519637557,-6.953502258392209,2.7539333179921517,4.913045119423532,0.5605349128801167,Kern
3,32,0.4,0.0001,8,1,11.094106489710772,3.6277218741912516,-7.4663846155195195,2.4848093744560815,4.913045119423532,0.5057574913432984,Kern
6,32,0.0,0.005,4,1,2.712042276916366,3.6392700651138297,0.9272277881974635,4.4563405777723,4.662766479788639,0.955728878357705,Kern
6,16,0.2,0.0005,6,1,7.483600658997016,3.6410322778771897,-3.8425683811198263,3.739104581858759,4.662766479788639,0.8019068932717066,Kern
6,8,0.3,0.0005,4,2,9.618839635148172,3.6419324298210674,-5.976907205327104,0.8547921544574281,4.662766479788639,0.1833229603418131,Kern
6,8,0.0,0.005,8,1,4.4570319087026045,3.656661192186021,-0.8003707165165834,2.4499388277264877,4.662766479788639,0.5254260187264498,Kern
12,64,0.4,0.0001,8,1,9.198852482170615,3.656854453327829,-5.5419980288427855,0.3645147854986792,0.3211675795005199,1.1349675644894572,Kern
9,16,0.2,0.0001,8,2,10.823427817134306,3.65852403078059,-7.164903786353715,0.6497637843326168,1.7517647756513988,0.3709195397487087,Kern
6,8,0.2,0.0001,4,2,10.444452229397347,3.6587899762360387,-6.785662253161309,1.3690727015086095,4.662766479788639,0.2936181143625852,Kern
12,32,0.2,0.0001,4,2,8.14941388224755,3.661402560742229,-4.488011321505322,0.4863910742226349,0.3211675795005199,1.5144463677780637,Kern
3,16,0.4,0.0005,6,1,10.100619183966499,3.6671372088967957,-6.433481975069704,3.1951453895598,4.913045119423532,0.6503391098379939,Kern
3,32,0.0,0.0001,8,1,10.877071610552605,3.6723912318707486,-7.204680378681856,2.4412180125465586,4.913045119423532,0.4968849162193318,Kern
12,16,0.0,0.0005,6,2,6.420564174110054,3.6724086440067714,-2.7481555301032827,0.7122580952958,0.3211675795005199,2.2177148029807503,Kern
9,8,0.4,0.0005,8,1,10.358764176535566,3.6730826817511804,-6.685681494784385,0.48642870565819457,1.7517647756513988,0.27767923662999483,Kern
12,32,0.3,0.0001,6,2,9.838899561984539,3.674544500461324,-6.1643550615232146,0.34905638281133977,0.3211675795005199,1.0868356742426883,Kern
6,32,0.4,0.0001,8,2,10.140314792655337,3.676462754648341,-6.463852038006996,1.4791081450154193,4.662766479788639,0.3172168607256666,Kern
3,64,0.4,0.0001,8,1,10.770095549383765,3.6784918293567976,-7.091603720026967,2.614608420740672,4.913045119423532,0.5321767574256381,Kern
3,32,0.1,0.0005,8,1,9.168116392833761,3.6789920505021505,-5.4891243423316105,4.237938570280576,4.913045119423532,0.8625889783763743,Kern
6,16,0.1,0.001,6,2,5.527777550340793,3.682006193863028,-1.8457713564777647,4.537454464574521,4.662766479788639,0.9731249643838484,Kern
3,16,0.3,0.0005,4,1,9.078013448468646,3.6828694640746504,-5.395143984393995,3.591772914728456,4.913045119423532,0.7310685791442302,Kern
6,16,0.1,0.0001,6,1,10.193732174876653,3.6837214615623135,-6.510010713314339,0.8769267060762381,4.662766479788639,0.18807004594319485,Kern
6,32,0.2,0.0001,8,2,10.304210565715238,3.6867355629408327,-6.617475002774405,1.3854514199534518,4.662766479788639,0.2971307754653529,Kern
6,16,0.2,0.0001,6,2,10.277656090898121,3.688682455862567,-6.588973635035554,0.8857397790241238,4.662766479788639,0.18996014123020677,Kern
12,32,0.1,0.005,8,2,2.412430480790289,3.6894878492495478,1.2770573684592588,1.193313648262232,0.3211675795005199,3.715548282046633,Kern
9,8,0.3,0.0005,6,2,9.69838085571872,3.6921680450510954,-6.006212810667623,0.6335643372913007,1.7517647756513988,0.3616720384480319,Kern
9,16,0.0,0.005,8,1,2.4593360636278407,3.695904118218924,1.2365680545910833,1.892215347769215,1.7517647756513988,1.0801766162158326,Kern
3,32,0.4,0.0001,6,2,11.131190755017753,3.698420356768678,-7.432770398249075,3.7220575250800705,4.913045119423532,0.7575866768178174,Kern
3,8,0.3,0.0001,4,1,11.088622245771276,3.7001893164558384,-7.388432929315438,2.620770370570482,4.913045119423532,0.5334309591844311,Kern
12,32,0.3,0.0001,6,1,10.634885147526072,3.7011273756131593,-6.933757771912912,0.7181550414073823,0.3211675795005199,2.2360757661911506,Kern
3,64,0.0,0.0001,6,1,10.29646295241396,3.701533968082749,-6.59492898433121,3.1074730656361558,4.913045119423532,0.6324943065047138,Kern
3,64,0.0,0.0001,4,1,10.038951986270716,3.707793282233518,-6.331158704037198,3.1976793788874236,4.913045119423532,0.6508548774049567,Kern
3,8,0.2,0.0001,4,2,11.664254245906049,3.7219882077120796,-7.942266038193969,3.1632402211189707,4.913045119423532,0.6438451396697384,Kern
3,16,0.1,0.0005,8,2,9.986560378055723,3.7237191178208664,-6.262841260234856,3.2186456910316394,4.913045119423532,0.6551223554424219,Kern
3,8,0.4,0.0005,4,1,10.267281256359396,3.7239742836017307,-6.543306972757666,3.5696589134944756,4.913045119423532,0.7265675007505974,Kern
12,16,0.4,0.0001,4,2,10.153804708731576,3.7265398640972833,-6.427264844634292,0.505995462138025,0.3211675795005199,1.5754873606014332,Kern
6,8,0.4,0.0005,8,1,9.990701274289398,3.736395580519887,-6.254305693769511,0.8279715407996168,4.662766479788639,0.17757087865938945,Kern
3,8,0.0,0.001,8,2,9.882953005227609,3.7366008987864405,-6.146352106441169,3.5706027055959266,4.913045119423532,0.7267595999637146,Kern
9,8,0.3,0.005,6,2,4.232292007523186,3.739689552806116,-0.49260245471707,1.0889997843624681,1.7517647756513988,0.6216586835738379,Kern
12,32,0.1,0.0001,4,1,8.708533406114105,3.7454328437433215,-4.963100562370784,0.49203583755712466,0.3211675795005199,1.5320221247808987,Kern
3,32,0.4,0.0005,8,1,9.704581233146884,3.750286205778266,-5.954295027368618,3.18315349982105,4.913045119423532,0.6478982835383654,Kern
3,16,0.2,0.0005,6,1,9.787822890608957,3.750381424185545,-6.037441466423413,3.906066636419844,4.913045119423532,0.7950398462610005,Kern
9,16,0.2,0.0001,8,1,10.009866047140152,3.7508604240353898,-6.259005623104763,0.1694347782226876,1.7517647756513988,0.09672233428696658,Kern
9,64,0.4,0.0001,8,2,9.239612970575777,3.7512153022752988,-5.488397668300479,0.5690588343151065,1.7517647756513988,0.324848885092749,Kern
3,16,0.3,0.0001,6,1,10.679249837954108,3.7530385516743325,-6.926211286279775,2.2361722054385713,4.913045119423532,0.45514994287309757,Kern
9,16,0.2,0.0005,6,2,8.556980831535359,3.754475624277556,-4.802505207257803,1.0525460054425075,1.7517647756513988,0.6008489382092498,Kern
9,8,0.1,0.001,4,2,4.018145967736961,3.755099252262192,-0.2630467154747693,2.2274796405484905,1.7517647756513988,1.2715632095754383,Kern
6,8,0.2,0.0005,8,2,10.158631669320263,3.7571595455509,-6.401472123769363,0.7757035986441579,4.662766479788639,0.16636123683365767,Kern
3,16,0.3,0.0005,6,1,9.300555790775519,3.7665180985156574,-5.5340376922598615,2.45013713727459,4.913045119423532,0.4987003126814506,Kern
12,32,0.1,0.0005,4,1,3.874650334169707,3.770953408135418,-0.10369692603428904,1.7204015745029797,0.3211675795005199,5.356709967981668,Kern
3,64,0.1,0.0001,8,2,10.72245643132091,3.7774895208777237,-6.944966910443187,3.580652265139754,4.913045119423532,0.7288050848513044,Kern
9,8,0.2,0.0005,6,2,10.108070789560884,3.788120983647457,-6.319949805913427,0.7984097185760778,1.7517647756513988,0.4557745021897628,Kern
6,16,0.0,0.001,4,2,4.284647693030953,3.788523612200964,-0.4961240808299894,1.9065711261796254,4.662766479788639,0.40889268944604096,Kern
6,16,0.2,0.0001,4,1,10.222045969106887,3.78893147107114,-6.433114498035747,2.3749212267724427,4.662766479788639,0.509337372366136,Kern
3,8,0.3,0.001,8,2,9.89654147295675,3.7899475356359176,-6.106593937320833,1.6220076701105148,4.913045119423532,0.33014304381166193,Kern
6,8,0.1,0.0005,6,1,9.738297797524494,3.790673267599891,-5.947624529924603,0.6478045511349088,4.662766479788639,0.13893137345455772,Kern
6,8,0.4,0.0005,6,1,9.440192636880727,3.79171715561657,-5.648475481264157,1.0440226416298757,4.662766479788639,0.22390626812544145,Kern
6,8,0.0,0.0005,4,2,9.034521962207013,3.7954707050476064,-5.239051257159407,1.7070822008228252,4.662766479788639,0.36610930618601484,Kern
3,8,0.3,0.0001,6,2,11.123079314400771,3.7980060289907978,-7.325073285409973,1.4761474767976184,4.913045119423532,0.30045469579787226,Kern
3,8,0.4,0.001,8,1,9.603140738473082,3.798226973901694,-5.8049137645713875,2.016526275807565,4.913045119423532,0.4104432641652948,Kern
12,8,0.2,0.005,4,2,2.3939630636049767,3.8092127850190582,1.4152497214140816,0.8092789767658044,0.3211675795005199,2.51980283322618,Kern
3,32,0.4,0.0001,8,2,11.182608574328041,3.8117123377646127,-7.3708962365634285,2.934454182583184,4.913045119423532,0.5972780854346185,Kern
3,32,0.2,0.0001,4,2,10.14771217167017,3.8142660317772905,-6.33344613989288,3.076949841492206,4.913045119423532,0.6262816169400939,Kern
6,64,0.1,0.0001,4,1,7.957872654181649,3.8151932549189533,-4.142679399262696,4.792048250642812,4.662766479788639,1.0277264090780789,Kern
6,16,0.0,0.0005,8,2,7.364798041289281,3.8255493413254595,-3.5392486999638213,5.465514716184215,4.662766479788639,1.1721613638330788,Kern
3,8,0.2,0.0005,6,1,10.092632575987562,3.827812808902771,-6.2648197670847905,2.299874368522251,4.913045119423532,0.4681158655412684,Kern
12,32,0.4,0.005,4,1,2.4322979976928756,3.834797995903695,1.4024999982108195,1.1778552806255649,0.3211675795005199,3.667416500935015,Kern
6,16,0.2,0.0005,4,1,6.832337408954255,3.8379718404107894,-2.994365568543466,6.233227713981606,4.662766479788639,1.336808896821304,Kern
9,16,0.3,0.005,8,1,3.073475259257292,3.8404760909588838,0.767000831701592,0.38078141548748623,1.7517647756513988,0.21737017479752188,Kern
9,32,0.0,0.0001,4,2,8.85792225037208,3.8430431357457016,-5.014879114626379,0.5717366983681142,1.7517647756513988,0.32637755154970066,Kern
3,16,0.0,0.0005,8,2,9.930475972760593,3.846182849287581,-6.084293123473012,3.2593281438135087,4.913045119423532,0.6634028519151762,Kern
12,64,0.4,0.0001,4,1,6.601632848644869,3.8554969723438712,-2.746135876300998,0.4363282572637163,0.3211675795005199,1.3585688130237006,Kern
3,16,0.3,0.0005,8,1,9.852310017599251,3.8586959038362365,-5.993614113763014,2.457626785255336,4.913045119423532,0.5002247537966229,Kern
6,8,0.1,0.0001,6,1,10.619048111415895,3.8602596735507855,-6.758788437865109,0.7851865218897908,4.662766479788639,0.16839499153416385,Kern
9,8,0.0,0.005,4,1,3.132949094242459,3.8634494921157394,0.7305003978732802,0.9984246909958671,1.7517647756513988,0.5699536289765844,Kern
6,16,0.2,0.001,4,1,5.026052961091968,3.8647064861006113,-1.1613464749913565,3.332834349889767,4.662766479788639,0.7147761665389778,Kern
6,8,0.0,0.0001,8,1,11.144861560498212,3.8648836546680028,-7.27997790583021,0.9178287378477885,4.662766479788639,0.19684209831786242,Kern
3,8,0.1,0.0005,4,1,9.961919122163877,3.8676879787653906,-6.094231143398487,3.0200239938675195,4.913045119423532,0.6146949438603714,Kern
3,16,0.4,0.001,8,2,9.30767703908052,3.872552984301705,-5.435124054778815,2.3392433830277883,4.913045119423532,0.47612902510902677,Kern
9,8,0.3,0.0001,4,2,10.29568991549089,3.8732228920314733,-6.422467023459417,0.795567807711476,1.7517647756513988,0.45415218913489214,Kern
9,8,0.2,0.0001,8,2,10.324569860383345,3.8821689092086156,-6.442400951174729,1.1015983151194007,1.7517647756513988,0.6288505913756418,Kern
3,8,0.4,0.0005,6,2,10.373875069335579,3.8830828568818823,-6.490792212453696,3.535557054297867,4.913045119423532,0.7196264166840602,Kern
12,32,0.4,0.0001,4,1,8.442558895931795,3.8831043385579718,-4.559454557373822,0.2925920177799536,0.3211675795005199,0.9110260077776,Kern
12,8,0.4,0.001,8,1,8.28848003229583,3.8852645234940115,-4.403215508801818,0.04331156053611304,0.3211675795005199,0.13485657737767684,Kern
6,8,0.2,0.0001,4,1,10.794590453410958,3.8942443783279463,-6.900346075083012,1.2928371573740498,4.662766479788639,0.27726826187372217,Kern
6,8,0.1,0.0001,4,1,10.478330942828984,3.896946581362726,-6.581384361466258,1.335357039483129,4.662766479788639,0.28638728644709227,Kern
12,64,0.0,0.0001,6,1,7.389105338963234,3.897766423887366,-3.4913389150758682,0.29779451826613285,0.3211675795005199,0.9272247177914507,Kern
3,64,0.3,0.0001,8,2,10.699749604402333,3.9007847369517354,-6.798964867450598,2.6348039234040304,4.913045119423532,0.536287345090204,Kern
12,16,0.3,0.0005,8,2,8.256886440222948,3.9048261236453348,-4.352060316577613,0.2787282225287326,0.3211675795005199,0.8678591499248179,Kern
3,16,0.0,0.0005,8,1,9.917879968800431,3.9049501604732573,-6.012929808327174,3.2029804036975595,4.913045119423532,0.6519338466961563,Kern
6,8,0.3,0.0001,4,2,10.976538677997231,3.904966344220364,-7.071572333776867,1.4774983046901067,4.662766479788639,0.31687160639386797,Kern
3,16,0.3,0.0005,8,2,9.93012228937938,3.9055659726508223,-6.024556316728558,2.4523330111743498,4.913045119423532,0.49914726031705814,Kern
12,32,0.3,0.005,4,2,2.6302104224842577,3.9105311856086162,1.2803207631243585,1.9849175560750554,0.3211675795005199,6.180317325808542,Kern
6,16,0.0,0.0001,8,2,10.368872363182327,3.915434150668395,-6.453438212513932,0.9733294084741508,4.662766479788639,0.2087450471073712,Kern
6,8,0.1,0.0005,4,1,9.589854068426934,3.917009695515046,-5.672844372911888,1.088755142156651,4.662766479788639,0.2334998218066464,Kern
3,64,0.2,0.0001,6,2,10.456476342815888,3.9214522377818146,-6.535024105034074,2.6328104110842703,4.913045119423532,0.5358815860810147,Kern
9,8,0.2,0.001,6,1,5.720910836499587,3.9222156777898816,-1.7986951587097053,0.2783933510174839,1.7517647756513988,0.15892165140377512,Kern
6,8,0.4,0.0001,6,2,10.899231247313756,3.9229982373659706,-6.976233009947785,1.4469296333851787,4.662766479788639,0.3103156976994412,Kern
3,32,0.4,0.0005,8,2,9.295906595985873,3.9250111831410885,-5.370895412844784,2.5575021343950484,4.913045119423532,0.5205533578928603,Kern
6,16,0.1,0.0001,8,1,10.648999487742284,3.9253161657467865,-6.723683321995497,0.863041806063315,4.662766479788639,0.18509222149646157,Kern
3,8,0.4,0.0001,4,1,11.579719312368002,3.9260189021476815,-7.6537004102203205,2.2469013265630164,4.913045119423532,0.4573337455583259,Kern
6,32,0.4,0.0001,6,1,9.990704165522684,3.932877733026047,-6.057826432496638,1.1605243468310364,4.662766479788639,0.2488918010072944,Kern
6,8,0.3,0.0005,8,1,10.251658037968799,3.9334599239393784,-6.31819811402942,2.137446074927732,4.662766479788639,0.45840727477834614,Kern
3,64,0.4,0.0001,6,2,10.519670245982482,3.9530330769747666,-6.566637169007715,3.3518178220426913,4.913045119423532,0.6822281783636406,Kern
6,8,0.3,0.0001,4,1,10.029656207633698,3.9531095349977505,-6.076546672635947,0.830555737966889,4.662766479788639,0.17812509838677096,Kern
9,16,0.4,0.005,8,2,3.352500591280764,3.959125964744567,0.6066253734638032,1.6505717772321318,1.7517647756513988,0.942233683525439,Kern
9,8,0.2,0.001,6,2,5.8007693904885596,3.960585225201526,-1.8401841652870337,1.5970472825714475,1.7517647756513988,0.9116790705975811,Kern
3,32,0.1,0.0001,6,2,10.906953270024136,3.965846807999696,-6.94110646202444,2.1099587379393547,4.913045119423532,0.42946048461833075,Kern
3,64,0.3,0.0001,6,1,10.451837307358502,3.9665432831701786,-6.485294024188324,2.7495690718046926,4.913045119423532,0.5596466152802828,Kern
12,16,0.1,0.0005,4,2,5.610731917220327,3.9697694188090127,-1.640962498411314,1.2123591636356374,0.3211675795005199,3.774849147355096,Kern
6,16,0.3,0.0001,8,2,10.564436387112071,3.970353758069686,-6.594082629042385,1.1890474845565575,4.662766479788639,0.2550090144360943,Kern
3,64,0.1,0.0001,8,1,10.637594515259554,3.9712214408310604,-6.666373074428494,2.6727446040429053,4.913045119423532,0.544009781932658,Kern
6,16,0.3,0.0001,6,2,10.906794080715558,3.972385633678434,-6.934408447037125,1.0730739323248202,4.662766479788639,0.23013675185669222,Kern
3,64,0.2,0.0001,8,2,10.290308054888968,3.978810324338091,-6.311497730550877,2.77044859172217,4.913045119423532,0.5638964276491802,Kern
6,32,0.0,0.005,4,2,3.0816623287494784,3.9890269300019403,0.9073646012524619,2.649177481317136,4.662766479788639,0.5681557274635856,Kern
12,8,0.4,0.0001,4,1,10.181088788547553,3.9893306591925133,-6.1917581293550406,0.02682977170444122,0.3211675795005199,0.08353823180461398,Kern
6,8,0.3,0.0005,4,1,7.705305349989772,3.9953836833494187,-3.7099216666403536,3.1780266492187508,4.662766479788639,0.6815753400892617,Kern
6,8,0.2,0.0005,6,1,9.191717452930884,3.995827140382928,-5.195890312547956,2.162089004782363,4.662766479788639,0.46369231960344054,Kern
6,16,0.3,0.001,6,2,6.371166851687936,3.9992810306570163,-2.3718858210309195,5.506536194487718,4.662766479788639,1.180959033302763,Kern
3,64,0.1,0.0001,4,2,10.051301678210608,4.014396395084503,-6.036905283126105,3.437504704950719,4.913045119423532,0.6996688655189993,Kern
3,64,0.4,0.0001,8,2,10.460109435064119,4.014905605309994,-6.445203829754125,2.276742005123503,4.913045119423532,0.4634075099620992,Kern
12,16,0.0,0.005,6,1,2.163458432008976,4.016950181706813,1.8534917496978367,2.129123144707777,0.3211675795005199,6.629321515014036,Kern
3,64,0.1,0.0001,6,1,10.392218789111617,4.017583923001038,-6.374634866110578,2.4119427134144216,4.913045119423532,0.49092622900589705,Kern
6,8,0.4,0.001,8,1,9.625514385910375,4.017849539079466,-5.607664846830908,0.7060950435872917,4.662766479788639,0.1514326412544895,Kern
3,64,0.3,0.0001,8,1,10.709961203125705,4.024802831708263,-6.685158371417441,3.2287062337636523,4.913045119423532,0.6571700758454443,Kern
3,8,0.2,0.0001,6,2,11.920343971318731,4.030043235305555,-7.8903007360131765,1.5103955240224431,4.913045119423532,0.3074255349398591,Kern
12,64,0.4,0.0001,4,2,6.568394817464693,4.031592032472333,-2.53680278499236,0.1852116346887752,0.3211675795005199,0.5766822260728075,Kern
12,32,0.3,0.005,6,1,1.7151758701966249,4.031828607078882,2.3166527368822574,1.6997651537391223,0.3211675795005199,5.292455597114126,Kern
9,8,0.1,0.005,6,1,3.5559358854479055,4.031908418769428,0.4759725333215221,0.9851651188942295,1.7517647756513988,0.5623843638070032,Kern
3,64,0.4,0.0001,4,2,9.92137532435131,4.03790482038283,-5.883470503968479,2.582201912062944,4.913045119423532,0.5255807445883836,Kern
3,32,0.3,0.0001,8,1,10.63652537972946,4.039742885839686,-6.596782493889773,2.535432139863147,4.913045119423532,0.5160612366125878,Kern
9,8,0.3,0.0005,4,2,9.51240812931716,4.0461967974263615,-5.466211331890799,0.9675171397470994,1.7517647756513988,0.55230996375488,Kern
6,32,0.0,0.0001,4,2,8.826618812266165,4.047481481862807,-4.779137330403358,2.673438843275473,4.662766479788639,0.5733589393472389,Kern
3,32,0.1,0.0001,4,1,10.439566267161155,4.053453594035715,-6.38611267312544,2.936117400082601,4.913045119423532,0.5976166163169916,Kern
6,16,0.1,0.0001,6,2,10.393871122178899,4.0564914473706395,-6.337379674808259,1.181747976277648,4.662766479788639,0.25344352572664464,Kern
3,32,0.0,0.0005,8,2,9.111984842667662,4.063572999997917,-5.048411842669744,3.674651451544938,4.913045119423532,0.7479376562241098,Kern
3,16,0.1,0.0001,8,2,10.688645720976572,4.063766977574962,-6.62487874340161,3.2494784742585487,4.913045119423532,0.6613980525869512,Kern
3,32,0.3,0.0001,4,1,10.510345537218718,4.064111687384114,-6.446233849834605,2.0323422758404464,4.913045119423532,0.41366244893735266,Kern
3,16,0.4,0.0001,4,2,10.190536539887821,4.066494316403552,-6.1240422234842695,1.5187682848950768,4.913045119423532,0.30912972463669947,Kern
3,8,0.2,0.0001,6,1,11.672626845043098,4.073691120472577,-7.598935724570521,2.3162149991572387,4.913045119423532,0.4714418334975539,Kern
3,32,0.3,0.0001,6,1,10.62544159815946,4.076009674341764,-6.549431923817696,2.955825881048404,4.913045119423532,0.6016280757045487,Kern
3,16,0.4,0.0005,6,2,10.26950820356835,4.090615018448084,-6.178893185120266,1.7421301581674116,4.913045119423532,0.3545927456029191,Kern
6,8,0.2,0.0005,6,2,8.689466819543375,4.095300674845753,-4.594166144697621,2.1721444500252516,4.662766479788639,0.46584886020792404,Kern
12,8,0.3,0.0005,6,2,10.357097993619313,4.104884103084589,-6.2522138905347235,0.25356339243999704,0.3211675795005199,0.7895049457804523,Kern
3,8,0.1,0.0001,6,1,11.115774547024209,4.108023041438291,-7.007751505585918,3.1374406915611734,4.913045119423532,0.6385939097439639,Kern
12,8,0.3,0.001,8,2,8.830025599145921,4.109029630339565,-4.720995968806356,0.36419251663123603,0.3211675795005199,1.1339641354760295,Kern
3,64,0.2,0.0001,6,1,10.366375294821424,4.1102684503170925,-6.256106844504331,2.761304411297828,4.913045119423532,0.5620352234057691,Kern
6,32,0.3,0.0001,8,2,10.120309657964926,4.110594571029089,-6.009715086935837,1.6007316386411,4.662766479788639,0.3433008377279191,Kern
3,8,0.0,0.0005,4,1,9.657848874189746,4.111654454827242,-5.546194419362504,2.81167379083721,4.913045119423532,0.572287394577625,Kern
3,16,0.1,0.0001,4,1,10.467330106779025,4.127735011762255,-6.3395950950167705,1.567053604964086,4.913045119423532,0.31895770685451286,Kern
3,8,0.1,0.0005,4,2,9.188001716498839,4.127811502068008,-5.060190214430831,4.50815397959217,4.913045119423532,0.9175885565897531,Kern
3,64,0.0,0.0001,8,1,10.3970436934209,4.131544888086507,-6.265498805334392,2.3100557513332465,4.913045119423532,0.4701881817043632,Kern
3,8,0.3,0.001,8,1,8.851678945444096,4.136423178570021,-4.715255766874075,2.395803093774605,4.913045119423532,0.4876411747783245,Kern
12,32,0.0,0.0001,4,1,8.8721364715166,4.1380790167149035,-4.734057454801696,0.38349627912182027,0.3211675795005199,1.1940690891597279,Kern
3,16,0.0,0.0001,8,1,10.346391138372187,4.1394701146941575,-6.20692102367803,2.3045602316654974,4.913045119423532,0.46906962497749277,Kern
12,32,0.3,0.0005,4,2,4.605252303702703,4.140953187495299,-0.46429911620740416,1.7170970131059846,0.3211675795005199,5.346420755720161,Kern
12,32,0.0,0.005,6,2,1.4890057182533878,4.1410027895130375,2.6519970712596495,2.5550866514567008,0.3211675795005199,7.955618233416878,Kern
3,8,0.0,0.0001,6,2,10.33685949893862,4.141093021912559,-6.195766477026062,1.8607910810902168,4.913045119423532,0.3787449607848404,Kern
3,32,0.0,0.0001,8,2,10.708263033924684,4.143790857112559,-6.564472176812125,2.151841706403409,4.913045119423532,0.43798533375893234,Kern
12,8,0.0,0.005,6,1,2.426416521760835,4.153566246685508,1.727149724924673,2.53691579181915,0.3211675795005199,7.899040730588572,Kern
6,8,0.2,0.001,6,1,7.269901076273603,4.153725832253129,-3.116175244020474,4.466044967716357,4.662766479788639,0.9578101299035677,Kern
6,64,0.0,0.005,4,1,2.1563462030070197,4.15724293575616,2.00089673274914,3.635861512932229,4.662766479788639,0.7797648732125743,Kern
12,8,0.1,0.0001,8,1,9.994859235169189,4.160744751110925,-5.834114484058264,0.5812574924548822,0.3211675795005199,1.8098261765986916,Kern
3,32,0.2,0.0001,4,1,10.306634867338866,4.16476241014228,-6.141872457196587,2.247759538027805,4.913045119423532,0.4575084257096226,Kern
3,16,0.2,0.0005,4,2,9.395281295596382,4.1665684318511085,-5.228712863745273,4.261994093191768,4.913045119423532,0.8674852336165488,Kern
12,16,0.0,0.0001,6,1,10.689433247107063,4.171784534829117,-6.517648712277946,0.511698320927718,0.3211675795005199,1.5932440058972073,Kern
3,32,0.4,0.0001,4,1,10.440673193585353,4.175616866438047,-6.265056327147305,2.3307114930803583,4.913045119423532,0.47439244631928607,Kern
12,16,0.2,0.005,8,2,2.3820758020447887,4.1796059507638725,1.7975301487190838,1.2142170268121106,0.3211675795005199,3.780633863170318,Kern
9,16,0.3,0.0001,6,2,10.472747372047309,4.180572276109845,-6.292175095937464,0.5545646612728377,1.7517647756513988,0.3165748443974855,Kern
3,32,0.0,0.0001,4,1,10.39849728159598,4.182148384764573,-6.2163488968314065,1.635705528242445,4.913045119423532,0.33293110250010677,Kern
6,8,0.2,0.0001,6,1,10.973020723915273,4.1862060596681605,-6.786814664247112,1.6803226826171735,4.662766479788639,0.3603703273369465,Kern
3,8,0.1,0.001,6,2,8.89705905412495,4.186702967176695,-4.710356086948256,4.792085811438167,4.913045119423532,0.9753799720855082,Kern
3,32,0.1,0.0001,8,2,10.533641687029181,4.19487287713059,-6.338768809898592,1.3855194653862302,4.913045119423532,0.282008292557427,Kern
3,8,0.3,0.0001,8,1,11.861453232006822,4.1965604769602205,-7.664892755046601,1.8707778031188875,4.913045119423532,0.3807776557399892,Kern
6,8,0.4,0.0001,6,1,11.859094741436131,4.200335294949722,-7.658759446486409,1.7679046779514753,4.662766479788639,0.37915359596383086,Kern
6,8,0.3,0.0001,6,2,10.426974026516794,4.203200417542576,-6.223773608974217,0.7395515211973063,4.662766479788639,0.15860788319616423,Kern
3,64,0.4,0.0001,4,1,10.21468091141176,4.204376639225404,-6.010304272186356,2.5693606787251313,4.913045119423532,0.5229670431006759,Kern
3,16,0.4,0.0001,6,1,10.803772050831252,4.210303403022149,-6.593468647809104,2.357506361057064,4.913045119423532,0.47984626718300527,Kern
6,8,0.1,0.001,6,2,6.5817691774034,4.212133330137742,-2.3696358472656582,4.042177844789622,4.662766479788639,0.8669054867557623,Kern
6,8,0.4,0.005,4,1,5.337501892577142,4.220719521244775,-1.1167823713323664,0.7892954545590147,4.662766479788639,0.16927621359129125,Kern
12,8,0.0,0.0005,8,1,9.753317024007025,4.232772789441142,-5.520544234565882,0.02786898926126647,0.3211675795005199,0.08677398043914752,Kern
3,64,0.3,0.0001,6,2,10.363902282539094,4.243155747003776,-6.120746535535318,2.3882185494702455,4.913045119423532,0.4860974184886918,Kern
6,32,0.0,0.0001,6,2,9.8777545842056,4.2453160961798275,-5.632438488025773,0.6747397018638825,4.662766479788639,0.14470801932471392,Kern
3,32,0.2,0.0001,6,2,10.692595771922308,4.245859701023578,-6.44673607089873,2.3706794331112504,4.913045119423532,0.48252751104174924,Kern
12,16,0.1,0.001,6,2,4.648542200757492,4.247032303599458,-0.401509897158034,1.2822423980725914,0.3211675795005199,3.9924403330707787,Kern
9,8,0.2,0.005,6,2,3.3053828303560064,4.248210413038439,0.9428275826824328,1.0920490476650064,1.7517647756513988,0.6233993643689546,Kern
3,8,0.1,0.0001,8,1,12.241100043508574,4.249100539866272,-7.991999503642302,1.3380792382172424,4.913045119423532,0.27235232034145146,Kern
6,32,0.0,0.0001,8,2,10.256070237669311,4.254093619505939,-6.001976618163372,0.5540684822786449,4.662766479788639,0.11882827173102622,Kern
12,8,0.3,0.0001,6,1,11.10952725796611,4.257515424422832,-6.852011833543279,0.049485448935835535,0.3211675795005199,0.15407983898248806,Kern
6,16,0.2,0.0001,8,2,10.262061989766952,4.268658607246358,-5.993403382520594,1.023662010226409,4.662766479788639,0.21953962624197537,Kern
9,32,0.3,0.0001,6,2,9.605356842816953,4.269900477262201,-5.335456365554752,0.8979396675887494,1.7517647756513988,0.5125914620899076,Kern
12,64,0.0,0.001,6,2,4.329210980218262,4.276594841799085,-0.052616138419177005,2.8558905263188907,0.3211675795005199,8.892213002197714,Kern
3,64,0.0,0.0001,8,2,10.34704842812209,4.278053930689898,-6.068994497432191,2.2857684296361063,4.913045119423532,0.4652447461960832,Kern
12,8,0.0,0.0005,6,2,8.764860916314875,4.279719370625429,-4.485141545689446,0.4022026239451676,0.3211675795005199,1.2523138997114014,Kern
3,16,0.0,0.0001,4,1,10.353470637586373,4.287686957743259,-6.065783679843114,1.6540685807577995,4.913045119423532,0.33666871371046525,Kern
9,64,0.3,0.005,4,1,3.5984160800426093,4.2928682656748425,0.6944521856322332,2.8923322460903025,1.7517647756513988,1.6510962466492,Kern
3,8,0.0,0.005,4,1,2.63051391902958,4.296322869068544,1.6658089500389641,4.156067056761222,4.913045119423532,0.8459248705716894,Kern
3,8,0.2,0.0005,8,2,9.813809930557985,4.296885729210734,-5.516924201347251,1.4390927191729346,4.913045119423532,0.2929125795086916,Kern
3,64,0.1,0.0001,6,2,10.1673481891549,4.2991548667193715,-5.868193322435529,2.8735647340476205,4.913045119423532,0.5848846619965069,Kern
12,16,0.4,0.005,8,2,2.636133676679362,4.300548599457474,1.664414922778112,1.8494098287144032,0.3211675795005199,5.75839513935562,Kern
3,16,0.3,0.0001,4,1,11.034700033453555,4.300582884429389,-6.734117149024167,2.99391227647154,4.913045119423532,0.6093801712984936,Kern
3,32,0.1,0.0005,8,2,9.046704013097331,4.304033130314489,-4.742670882782842,4.0528198192759,4.913045119423532,0.8249099531476386,Kern
12,64,0.0,0.0001,6,2,6.77501569774415,4.307693685176463,-2.4673220125676876,0.18846484135410205,0.3211675795005199,0.586811538223138,Kern
9,16,0.2,0.001,4,1,4.507501658714427,4.310424610070934,-0.19707704864349385,5.037237878587747,1.7517647756513988,2.875521844372419,Kern
6,8,0.1,0.0001,4,2,11.142876584558797,4.31126121825621,-6.831615366302588,1.3065163298432358,4.662766479788639,0.2802019649721896,Kern
3,8,0.0,0.0001,6,1,12.004405429400926,4.3160081480198205,-7.688397281381105,1.1656437836773932,4.913045119423532,0.23725485016798767,Kern
6,8,0.0,0.0001,4,2,10.639318421432199,4.333024143794876,-6.306294277637322,1.9067059887227282,4.662766479788639,0.4089216127351843,Kern
3,8,0.0,0.0005,8,2,10.662905898425189,4.346834445101655,-6.316071453323533,2.34352695783602,4.913045119423532,0.4770009028760957,Kern
3,8,0.3,0.0001,4,2,10.500105960154677,4.34893067852546,-6.151175281629217,1.6700982736808299,4.913045119423532,0.3399313934810331,Kern
3,16,0.4,0.0005,4,1,9.38710571187099,4.349220187783111,-5.03788552408788,2.9250533636407647,4.913045119423532,0.5953646450501097,Kern
12,32,0.4,0.0001,6,1,9.92913984403227,4.350496345732614,-5.578643498299655,0.5453607377789326,0.3211675795005199,1.6980566302086846,Kern
6,8,0.2,0.0001,8,1,10.934724736363412,4.354069956156932,-6.58065478020648,0.4322361831618067,4.662766479788639,0.092699513268655,Kern
3,8,0.0,0.0001,8,2,10.458834850142628,4.360419899385961,-6.098414950756667,1.0914867827036685,4.913045119423532,0.22216095235692385,Kern
3,16,0.2,0.0001,8,2,11.297935228094452,4.364237241241892,-6.93369798685256,2.979846067367966,4.913045119423532,0.6065171385435199,Kern
3,16,0.2,0.0001,4,1,10.733965542435739,4.3668078583466805,-6.367157684089058,1.6026480510975658,4.913045119423532,0.32620259170052385,Kern
3,8,0.1,0.0005,8,2,10.078559090605507,4.367351808255064,-5.711207282350443,2.188589238393459,4.913045119423532,0.4454649174177044,Kern
3,32,0.1,0.0001,8,1,10.309326286589481,4.372991569660924,-5.936334716928558,2.192885904872646,4.913045119423532,0.4463394598602723,Kern
3,64,0.2,0.0001,4,2,9.812079202652617,4.404259960680308,-5.407819241972309,2.9280888184661333,4.913045119423532,0.5959824807816335,Kern
12,16,0.0,0.005,8,2,2.008368798576175,4.407236038099377,2.3988672395232022,0.2043138687023121,0.3211675795005199,0.6361596927686823,Kern
3,64,0.0,0.0001,4,2,9.92907242491318,4.407609800282254,-5.521462624630926,4.108333895655431,4.913045119423532,0.8362092746539805,Kern
3,8,0.4,0.0005,4,2,10.18067353918915,4.409922052167171,-5.77075148702198,1.1173178620617779,4.913045119423532,0.22741860392132476,Kern
12,32,0.1,0.005,6,2,2.711437382010585,4.417191098159062,1.705753716148477,1.8655018045237128,0.3211675795005199,5.808499747779471,Kern
12,8,0.4,0.0005,6,1,9.511515930024865,4.420493357968599,-5.091022572056266,0.07883478323609726,0.3211675795005199,0.24546307992450914,Kern
3,32,0.2,0.0005,8,2,9.065992438497611,4.426712333300744,-4.6392801051968675,3.8723530535652215,4.913045119423532,0.7881777918659906,Kern
6,64,0.0,0.0005,4,2,3.98921901075619,4.427734063109908,0.43851505235371757,0.8192421104625831,4.662766479788639,0.17569872178109144,Kern
3,32,0.2,0.0001,6,1,10.740468625325539,4.432770097980317,-6.307698527345222,3.0861778164289957,4.913045119423532,0.6281598766980405,Kern
3,8,0.2,0.001,6,2,9.198246325505336,4.434664588223297,-4.763581737282038,2.5976702508287195,4.913045119423532,0.5287291664713055,Kern
9,16,0.3,0.001,4,2,3.745835928180503,4.436604794081112,0.6907688659006088,1.963031010771462,1.7517647756513988,1.1206019427131724,Kern
9,16,0.2,0.0005,4,2,4.579784188253175,4.4434186335417705,-0.13636555471140444,1.8199337014690524,1.7517647756513988,1.0389144289034495,Kern
12,8,0.4,0.0001,6,1,10.89281543413339,4.45314488665882,-6.439670547474569,0.054835936727452066,0.3211675795005199,0.17073932808763875,Kern
9,64,0.1,0.005,4,1,4.781962563536179,4.456009719726331,-0.3259528438098478,3.3969687936480177,1.7517647756513988,1.9391694826063877,Kern
3,16,0.3,0.001,6,1,8.786841706992831,4.459564154500088,-4.327277552492744,3.1623220621060715,4.913045119423532,0.6436582578091854,Kern
3,8,0.3,0.0005,8,1,9.988823193764137,4.460469713400933,-5.528353480363204,1.170496092268606,4.913045119423532,0.23824248786991503,Kern
12,8,0.3,0.001,8,1,5.139314322398729,4.4613493924102325,-0.6779649299884962,0.2304896552105371,0.3211675795005199,0.717661650559483,Kern
3,8,0.1,0.0001,6,2,11.519376160182007,4.468099985032334,-7.051276175149673,0.8498935423954213,4.913045119423532,0.17298712341057085,Kern
6,32,0.3,0.0005,8,2,6.933842252879011,4.4691950649896945,-2.464647187889317,5.6260455825825,4.662766479788639,1.2065896087589456,Kern
3,32,0.3,0.0001,4,2,10.33180361355122,4.470993736234188,-5.860809877317031,1.8511162503961136,4.913045119423532,0.37677574811552167,Kern
12,64,0.4,0.005,4,1,1.8617700176380392,4.471406308908119,2.6096362912700792,1.7507655807762383,0.3211675795005199,5.4512525314635765,Kern
6,8,0.0,0.0005,6,2,9.870096318765802,4.472406017780166,-5.397690300985635,1.4240474072034597,4.662766479788639,0.3054082621070938,Kern
12,32,0.3,0.0001,8,1,9.94915839822776,4.48706536177124,-5.462093036456521,0.3177197477816851,0.3211675795005199,0.9892646956327383,Kern
12,32,0.3,0.001,6,1,4.469132040936453,4.488612812429816,0.019480771493362248,1.4062249249153294,0.3211675795005199,4.378477202158112,Kern
3,8,0.3,0.0005,4,1,9.388257842533925,4.496871540676815,-4.89138630185711,2.1624819090991396,4.913045119423532,0.4401510380089635,Kern
12,16,0.0,0.0001,4,1,10.885012949090184,4.497172169094411,-6.387840779995773,0.6822211101285652,0.3211675795005199,2.124190465269116,Kern
6,8,0.1,0.0001,8,1,10.59531823168247,4.500706533963227,-6.094611697719243,0.9016580938657933,4.662766479788639,0.19337406189526032,Kern
12,16,0.2,0.0001,6,1,10.188954922467651,4.503439279016134,-5.6855156434515175,0.4693580927513041,0.3211675795005199,1.461411807135858,Kern
3,8,0.2,0.0005,6,2,10.405177448528962,4.503895886124531,-5.901281562404431,1.2950424537036347,4.913045119423532,0.2635926237647879,Kern
9,8,0.3,0.0005,8,1,9.875921188453114,4.510780496902492,-5.365140691550622,0.41540386364449966,1.7517647756513988,0.23713449968762532,Kern
9,8,0.2,0.0001,4,2,10.675699205432965,4.513044912311682,-6.162654293121283,0.48817635016105,1.7517647756513988,0.27867688456032585,Kern
12,16,0.4,0.001,8,2,4.988528719092794,4.521507355867391,-0.46702136322540255,1.5237578773108527,0.3211675795005199,4.744432422726486,Kern
3,16,0.3,0.0001,4,2,10.425509354113489,4.522441255611329,-5.9030680985021595,2.03437357114154,4.913045119423532,0.4140758982853065,Kern
12,8,0.3,0.001,4,1,8.566535173584496,4.522812033990546,-4.04372313959395,0.656246237600222,0.3211675795005199,2.0433140811436097,Kern
3,8,0.4,0.001,6,2,9.630457716016181,4.526767344932624,-5.103690371083557,1.7270257477436433,4.913045119423532,0.35151839760557346,Kern
3,16,0.1,0.0005,8,1,9.44227368515828,4.533383494583661,-4.90889019057462,4.349066285229026,4.913045119423532,0.8852078862526953,Kern
9,16,0.1,0.005,4,2,2.2761284389591325,4.534929885539423,2.2588014465802906,2.4740750647113603,1.7517647756513988,1.4123329222619905,Kern
9,8,0.4,0.005,6,2,3.273060790611426,4.535085430970164,1.2620246403587378,2.106914003554807,1.7517647756513988,1.2027379662154383,Kern
12,32,0.3,0.005,6,2,2.7044017499189543,4.538030887457417,1.8336291375384626,1.4565206923081997,0.3211675795005199,4.535080080540452,Kern
3,64,0.3,0.0001,4,1,10.258002621942087,4.538453654125535,-5.719548967816552,1.9177069523939634,4.913045119423532,0.39032960328664273,Kern
6,8,0.1,0.0001,8,2,10.101061897466444,4.5449621774599,-5.556099720006544,1.2666733769040004,4.662766479788639,0.2716570478908946,Kern
3,32,0.3,0.0001,8,2,10.51573863809496,4.549977583122607,-5.965761054972353,2.082854776356418,4.913045119423532,0.4239437509177217,Kern
12,16,0.1,0.005,8,1,2.8965493549303627,4.550751262849933,1.6542019079195702,1.6764565831821558,0.3211675795005199,5.219881115613795,Kern
3,16,0.2,0.0001,4,2,10.394512306797516,4.555474420251156,-5.83903788654636,1.5466481265398502,4.913045119423532,0.31480438077501816,Kern
3,16,0.0,0.0001,4,2,11.101945463394399,4.564323460492858,-6.537622002901541,3.9937222257164535,4.913045119423532,0.8128812434323937,Kern
6,16,0.4,0.005,6,1,3.2398946498218377,4.568637901068897,1.328743251247059,1.7683055928478275,4.662766479788639,0.37923957815875525,Kern
6,32,0.4,0.005,4,1,5.307934536321038,4.56894351316856,-0.7389910231524777,1.2790617355672524,4.662766479788639,0.27431391666546245,Kern
3,8,0.4,0.0005,8,1,9.859352596108575,4.572841986978538,-5.286510609130037,1.6542082029246126,4.913045119423532,0.3366971323720935,Kern
3,32,0.4,0.0001,4,2,10.229785266402898,4.5817900952073725,-5.647995171195525,1.6803848849290646,4.913045119423532,0.34202512781446454,Kern
3,16,0.0,0.0001,6,2,10.985051652442827,4.585304057259001,-6.399747595183826,3.840328025138717,4.913045119423532,0.7816594254256144,Kern
9,8,0.4,0.0001,8,1,11.06997714731935,4.587424908909291,-6.482552238410058,0.7979784677778424,1.7517647756513988,0.45552832142152866,Kern
6,8,0.0,0.0001,6,2,10.457080751743478,4.587757221924154,-5.869323529819324,0.9360816705425276,4.662766479788639,0.2007567126940828,Kern
12,8,0.3,0.0005,6,1,9.631941807862317,4.604176256698827,-5.0277655511634896,0.3887111613553903,0.3211675795005199,1.2103063514689567,Kern
9,8,0.4,0.0005,6,1,8.40996874954758,4.605832587977062,-3.8041361615705185,1.436843288805958,1.7517647756513988,0.8202261563751695,Kern
12,64,0.3,0.0005,4,1,6.024454065718419,4.6080218069915375,-1.4164322587268812,0.957404312298331,0.3211675795005199,2.9810117004564627,Kern
12,64,0.4,0.005,6,2,2.076162689537434,4.611423951149628,2.535261261612194,2.1580178681186717,0.3211675795005199,6.719289261621061,Kern
6,32,0.3,0.0001,4,2,9.827855316281516,4.612190019640655,-5.215665296640861,1.4331970701183976,4.662766479788639,0.30737054414600745,Kern
3,8,0.1,0.001,6,1,9.376465774133404,4.6140905695629435,-4.762375204570461,2.551620294857403,4.913045119423532,0.5193561697143126,Kern
6,8,0.0,0.0001,6,1,10.564787293793893,4.615915734631777,-5.948871559162116,0.6319589745402208,4.662766479788639,0.13553305259431891,Kern
3,64,0.3,0.0001,4,2,9.89650631565873,4.616538732204202,-5.279967583454527,2.809112294484177,4.913045119423532,0.5717660282374492,Kern
3,16,0.1,0.0005,4,2,8.307130053229915,4.623790582986395,-3.6833394702435207,5.093924935954838,4.913045119423532,1.0368162335444886,Kern
3,8,0.3,0.0001,8,2,11.60669451822666,4.628744205370858,-6.9779503128558025,2.971832273132818,4.913045119423532,0.6048860128281329,Kern
3,8,0.1,0.0005,8,1,9.606906616601066,4.645917293787409,-4.960989322813656,2.1711043509812216,4.913045119423532,0.4419060477172997,Kern
3,16,0.0,0.0001,8,2,10.651213161486076,4.647299881576041,-6.003913279910035,0.9859801668976849,4.913045119423532,0.20068616162299238,Kern
6,64,0.0,0.005,4,2,5.818247864363741,4.650469913230818,-1.1677779511329227,6.326304385647728,4.662766479788639,1.3567705809565864,Kern
6,32,0.3,0.001,8,2,5.232670834456056,4.6601681217402575,-0.5725027127157984,4.18907781580155,4.662766479788639,0.8984103823255244,Kern
9,8,0.4,0.001,4,2,5.393685264848899,4.664101094742884,-0.7295841701060146,2.0733880595328014,1.7517647756513988,1.1835995838892275,Kern
6,8,0.0,0.0001,8,2,12.30907247668864,4.668362135639035,-7.640710341049604,2.6231610685861635,4.662766479788639,0.5625761186961845,Kern
6,32,0.3,0.001,6,2,5.297673076700352,4.6764022890658605,-0.6212707876344918,4.016267043060999,4.662766479788639,0.8613485278471538,Kern
3,32,0.1,0.0001,4,2,10.408390026488657,4.681761295723595,-5.7266287307650625,4.210467485078249,4.913045119423532,0.8569975204242132,Kern
3,16,0.2,0.001,8,2,8.866555379811986,4.687510281005698,-4.179045098806288,3.885926110749285,4.913045119423532,0.7909404486000806,Kern
3,16,0.2,0.0001,6,2,10.710880696343127,4.687822902656044,-6.023057793687083,1.5339517063188977,4.913045119423532,0.31222015451363955,Kern
12,32,0.1,0.0001,6,2,10.510759349261088,4.688533742135664,-5.822225607125424,0.31037006923283256,0.3211675795005199,0.9663804476015928,Kern
3,16,0.2,0.0005,8,2,9.686747540039558,4.695762301092076,-4.9909852389474825,2.0644004450734097,4.913045119423532,0.4201875608493566,Kern
3,8,0.3,0.0001,6,1,11.129698375939359,4.714331310905767,-6.415367065033592,1.7530690090240235,4.913045119423532,0.35681923662645265,Kern
3,16,0.0,0.001,8,2,8.831607860692174,4.7159127898074,-4.115695070884773,3.6702888001447027,4.913045119423532,0.7470496832268768,Kern
3,16,0.0,0.0001,6,1,10.888003245476698,4.723194168616159,-6.164809076860539,3.0626470504637755,4.913045119423532,0.623370430358093,Kern
3,16,0.3,0.001,6,2,7.811283486548044,4.725113135916697,-3.086170350631347,4.6811217994796035,4.913045119423532,0.9527943842756443,Kern
3,8,0.4,0.0001,8,1,12.282151456544895,4.729205273494036,-7.552946183050859,1.2048525273764485,4.913045119423532,0.2452353882550582,Kern
3,16,0.1,0.0001,4,2,10.851805073790993,4.729824883923325,-6.121980189867669,2.349133419979589,4.913045119423532,0.4781420408073156,Kern
6,16,0.0,0.005,4,1,3.3321604411483836,4.738135943768437,1.4059755026200538,2.0134557752775444,4.662766479788639,0.4318157008302105,Kern
12,8,0.3,0.0001,8,1,10.384295604213714,4.738678113779005,-5.6456174904347085,0.1851663188368475,0.3211675795005199,0.5765411288549683,Kern
12,64,0.4,0.0001,6,1,7.803409866293453,4.7407473089394,-3.062662557354053,0.033030725061981465,0.3211675795005199,0.10284576392595692,Kern
9,8,0.0,0.005,6,1,3.0816993234449295,4.742057035535623,1.6603577120906938,2.4219624408837874,1.7517647756513988,1.3825842798917873,Kern
6,8,0.3,0.0001,8,2,11.014782532442394,4.749690344770236,-6.265092187672159,0.442012652571056,4.662766479788639,0.09479622333372617,Kern
3,8,0.2,0.0001,8,2,12.618742577434018,4.751037147703285,-7.867705429730733,0.5479938703859988,4.913045119423532,0.111538538129749,Kern
12,32,0.3,0.0005,8,2,6.030883002067864,4.751804357990827,-1.2790786440770372,0.25748373531099183,0.3211675795005199,0.8017114794445653,Kern
6,8,0.4,0.0001,8,2,11.753057167783433,4.754928972078304,-6.99812819570513,0.4516342832609411,4.662766479788639,0.09685972591992502,Kern
3,64,0.2,0.0001,4,1,9.899711841247344,4.772218450225899,-5.127493391021445,2.501625083645129,4.913045119423532,0.5091801566720916,Kern
6,64,0.1,0.005,6,1,5.221456729108322,4.774284042723195,-0.44717268638512664,3.152237189764582,4.662766479788639,0.6760444048459985,Kern
6,16,0.1,0.005,6,1,4.181975751304927,4.7744018531386025,0.5924261018336754,1.4150825590040215,4.662766479788639,0.3034856163476938,Kern
12,8,0.4,0.001,6,2,5.290378081665924,4.785918392628405,-0.5044596890375193,1.847282451583348,0.3211675795005199,5.7517712542973465,Kern
12,8,0.3,0.0001,4,1,10.104013992881855,4.793423373650039,-5.310590619231816,0.558683675536186,0.3211675795005199,1.7395394529082027,Kern
9,8,0.1,0.001,8,1,6.125403829659967,4.807323668202029,-1.3180801614579378,1.3687535447241936,1.7517647756513988,0.7813569285951755,Kern
9,16,0.0,0.005,4,1,1.3013302576623913,4.80936288776656,3.508032630104169,3.2423071943178767,1.7517647756513988,1.8508804603130666,Kern
3,16,0.4,0.001,6,1,8.012019828266148,4.821709937735683,-3.1903098905304645,4.178004328399665,4.913045119423532,0.8503899774667423,Kern
9,64,0.4,0.005,4,1,2.5966899252786795,4.823293638845862,2.2266037135671826,3.1766332040077296,1.7517647756513988,1.8133902725761166,Kern
3,16,0.0,0.0005,6,2,8.730149420504084,4.8397358587931585,-3.8904135617109254,3.500497141554703,4.913045119423532,0.7124903306333631,Kern
3,8,0.4,0.0005,6,1,9.863454582651674,4.857578977010206,-5.005875605641467,1.6983751895665335,4.913045119423532,0.3456868700130747,Kern
3,32,0.2,0.0001,8,1,10.677041548337089,4.864141457088948,-5.8129000912481406,1.887784175134029,4.913045119423532,0.3842391285336966,Kern
3,32,0.3,0.0005,8,2,8.6305872820704,4.8684467756371,-3.7621405064332993,3.9432941349414934,4.913045119423532,0.8026171221900312,Kern
6,64,0.0,0.0001,4,1,7.625310603032331,4.873515777232469,-2.7517948257998626,5.701820839348173,4.662766479788639,1.2228407457382755,Kern
3,32,0.0,0.0001,6,2,11.146355581920723,4.879802564769585,-6.266553017151138,3.595063960805372,4.913045119423532,0.7317384378564786,Kern
6,32,0.2,0.001,4,1,4.271026339662249,4.8847910380911115,0.613764698428862,1.043543248757945,4.662766479788639,0.22380345515507105,Kern
12,8,0.1,0.005,8,1,2.9284395691190497,4.892728624903947,1.9642890557848975,2.6084242881313604,0.3211675795005199,8.121692395564908,Kern
6,32,0.1,0.001,4,2,4.2809638535805785,4.894293795084473,0.6133299415038946,0.6931821962713489,4.662766479788639,0.1486632880449914,Kern
3,32,0.0,0.0005,8,1,8.606876739323912,4.899314878561907,-3.707561860762005,4.653976306600772,4.913045119423532,0.9472691973052434,Kern
6,8,0.1,0.0001,6,2,11.65046750026018,4.915981844095531,-6.73448565616465,2.760309839341361,4.662766479788639,0.5919897235485155,Kern
12,32,0.4,0.0001,4,2,9.085804116035918,4.916604265769947,-4.169199850265971,0.4684641684199215,0.3211675795005199,1.4586284491992543,Kern
6,16,0.4,0.0001,6,2,10.630949648256397,4.918539153656009,-5.712410494600388,1.523511605177697,4.662766479788639,0.3267398467801367,Kern
3,16,0.3,0.0001,8,1,11.162034039562835,4.918892052194797,-6.243141987368038,2.4270953665706343,4.913045119423532,0.4940103963171858,Kern
6,16,0.1,0.001,8,1,5.834981231072438,4.9326615761424835,-0.9023196549299541,3.9319354477331445,4.662766479788639,0.8432623561091093,Kern
9,16,0.4,0.0005,4,2,5.585517116264503,4.944130108340261,-0.6413870079242425,3.0955326582419525,1.7517647756513988,1.76709379094055,Kern
12,8,0.1,0.0001,6,1,10.68643041861141,4.956031868011071,-5.730398550600339,0.44619458840713444,0.3211675795005199,1.3892890094979595,Kern
3,8,0.3,0.0005,6,2,10.06141747817168,4.962352911881137,-5.099064566290544,1.576579903741801,4.913045119423532,0.32089668737395755,Kern
12,32,0.2,0.0001,4,1,9.065435139400972,4.963800665043568,-4.101634474357404,0.2906884456797423,0.3211675795005199,0.905098970860699,Kern
3,8,0.2,0.001,8,2,8.401732634222496,4.964367212662559,-3.437365421559937,2.0998515562886704,4.913045119423532,0.42740327134122774,Kern
3,32,0.2,0.0005,6,2,8.667087219310586,4.9651148332777035,-3.7019723860328826,4.488949657613211,4.913045119423532,0.9136797135988685,Kern
3,16,0.3,0.0001,8,2,10.916259193198254,4.984172495420238,-5.932086697778016,1.835180053819409,4.913045119423532,0.37353209856838,Kern
12,8,0.1,0.0005,8,2,9.213415516545414,4.987297747184691,-4.226117769360723,0.5012956297900647,0.3211675795005199,1.560853777861639,Kern
9,8,0.3,0.0001,8,1,11.723523880761634,4.988059808509382,-6.7354640722522525,0.3874617242713864,1.7517647756513988,0.22118364843094168,Kern
6,8,0.1,0.005,6,1,4.234625807416243,4.988963161077274,0.7543373536610316,1.234981851067147,4.662766479788639,0.26486032625059286,Kern
12,8,0.3,0.0001,4,2,11.20513938294936,4.9966900636729585,-6.208449319276402,0.745976348731812,0.3211675795005199,2.32270128227748,Kern
6,16,0.4,0.005,4,1,5.623224864070019,4.997164320027381,-0.6260605440426374,1.2879760169718613,4.662766479788639,0.2762257176195203,Kern
6,16,0.3,0.0005,6,1,7.61609311451604,4.99935487869184,-2.616738235824201,3.6858153648987875,4.662766479788639,0.7904782237916972,Kern
6,16,0.2,0.005,6,1,2.921625757937249,5.004286304189978,2.0826605462527286,1.9964604232888994,4.662766479788639,0.4281707934426513,Kern
12,16,0.4,0.0001,8,2,11.414550373782106,5.014637698267087,-6.399912675515019,0.7152213326324736,0.3211675795005199,2.226941255231261,Kern
12,16,0.0,0.001,6,1,4.55846641928079,5.025840400531028,0.46737398125023866,1.4329156152827927,0.3211675795005199,4.461582384844897,Kern
3,16,0.2,0.0005,4,1,9.177148171741734,5.031188327946396,-4.145959843795339,3.4032787600396346,4.913045119423532,0.6927025250765365,Kern
6,32,0.0,0.001,4,1,3.816064944049719,5.033997994811936,1.217933050762217,4.706259840648876,4.662766479788639,1.0093278016492495,Kern
6,8,0.4,0.0005,8,2,9.086939866714845,5.034272997000513,-4.052666869714332,1.0361586278408175,4.662766479788639,0.22221971276755556,Kern
6,16,0.0,0.0001,8,1,10.760413330767854,5.0381041554370904,-5.722309175330763,1.0979857576044472,4.662766479788639,0.23547946532682,Kern
6,8,0.4,0.0001,4,2,10.27748352515282,5.0384282612018865,-5.239055263950933,0.5067768187388882,4.662766479788639,0.10868586727119567,Kern
6,32,0.2,0.005,6,2,2.024190399200153,5.039254982488668,3.015064583288515,3.560342670165641,4.662766479788639,0.7635687280498401,Kern
3,16,0.1,0.0001,6,1,11.351702976074716,5.0399894134254195,-6.311713562649296,2.858318542241682,4.913045119423532,0.5817814558513683,Kern
6,16,0.1,0.0005,4,2,6.397780887333242,5.049475163051532,-1.3483057242817091,7.043919956285809,4.662766479788639,1.5106739715185364,Kern
6,64,0.1,0.005,4,1,2.121350076267817,5.053073259958237,2.9317231836904196,2.419121193444387,4.662766479788639,0.5188167161985012,Kern
3,16,0.1,0.0001,8,1,11.279420658548348,5.056629753944697,-6.222790904603651,1.8579225010093692,4.913045119423532,0.378161090697935,Kern
6,32,0.3,0.005,4,1,2.5311631340078367,5.065673126372449,2.534509992364612,2.3020440541078506,4.662766479788639,0.4937077728611023,Kern
9,8,0.3,0.005,4,1,4.685377563364055,5.077972183164669,0.3925946198006143,1.3375097573645631,1.7517647756513988,0.7635213220149414,Kern
9,8,0.0,0.001,6,2,5.297133790446975,5.082272030724061,-0.21486175972291388,1.5056585950100747,1.7517647756513988,0.8595095733958866,Kern
12,16,0.3,0.005,8,2,3.5131270344590426,5.085771089707241,1.5726440552481984,2.680620473843787,0.3211675795005199,8.346485277289478,Kern
12,32,0.2,0.005,6,2,2.5684092695911347,5.087597689182058,2.519188419590923,2.455077312335744,0.3211675795005199,7.644225223959039,Kern
12,8,0.2,0.005,6,2,2.7687293493387344,5.087622571595555,2.318893222256821,3.104348846770643,0.3211675795005199,9.665822595165206,Kern
3,32,0.0,0.005,6,2,8.396407539252106,5.088073601810641,-3.308333937441465,2.873110829590924,4.913045119423532,0.5847922743945894,Kern
12,8,0.0,0.005,4,1,2.6908176971130713,5.090640740638204,2.3998230435251324,0.6200254175523241,0.3211675795005199,1.930535512073131,Kern
12,8,0.0,0.0001,8,2,11.257077838433625,5.092009956637061,-6.165067881796564,0.3469240763191793,0.3211675795005199,1.0801964409319147,Kern
3,16,0.1,0.0001,6,2,10.769110172509258,5.097245980317413,-5.671864192191845,2.4355772094816133,4.913045119423532,0.4957367885453879,Kern
9,32,0.0,0.001,8,2,3.4577732579997167,5.112810596044875,1.6550373380451586,3.569151144861201,1.7517647756513988,2.0374602768993353,Kern
3,8,0.1,0.0001,4,1,10.398656611888912,5.116685175669512,-5.2819714362194,0.8390112864644508,4.913045119423532,0.1707721517043376,Kern
12,8,0.2,0.001,4,1,6.81548830852586,5.125776358029418,-1.6897119504964424,1.1545535226238648,0.3211675795005199,3.59486323127455,Kern
12,8,0.2,0.0005,4,1,8.17714068069081,5.134489988609149,-3.0426506920816614,0.5253742868398265,0.3211675795005199,1.6358260309365256,Kern
3,8,0.4,0.0001,6,1,10.779941726836302,5.13626205784261,-5.643679668993692,0.6223222668471793,4.913045119423532,0.12666732173634077,Kern
3,8,0.4,0.0001,8,2,10.626664197513586,5.137703664023791,-5.488960533489795,0.7991510248986626,4.913045119423532,0.16265900383028242,Kern
9,32,0.3,0.005,6,1,2.506621776023804,5.139209943308262,2.632588167284458,2.6016122013302723,1.7517647756513988,1.485137866391254,Kern
12,64,0.4,0.0001,6,2,7.757081089587732,5.144164008325926,-2.6129170812618066,0.5727327810694215,0.3211675795005199,1.7832833001392483,Kern
12,16,0.3,0.0005,4,2,6.200794084970537,5.147193150082566,-1.0536009348879718,0.5784137846912915,0.3211675795005199,1.8009718963254047,Kern
6,16,0.3,0.005,6,2,3.060057425792596,5.147395048272997,2.087337622480401,0.6707137176207093,4.662766479788639,0.14384458679798875,Kern
3,32,0.0,0.0001,4,2,10.201860726580914,5.156647067960531,-5.0452136586203835,2.483307549852897,4.913045119423532,0.5054518103314862,Kern
9,8,0.4,0.005,8,2,3.820199219890489,5.1603009769075125,1.3401017570170235,1.287480606892429,1.7517647756513988,0.7349620364490292,Kern
12,8,0.0,0.001,8,1,8.125958402334621,5.1644535557387,-2.961504846595921,0.7980651541044115,0.3211675795005199,2.484887034194308,Kern
9,8,0.0,0.001,4,2,3.7892867155078416,5.166484217577088,1.3771975020692468,1.4856880821254126,1.7517647756513988,0.8481093482273927,Kern
12,64,0.4,0.0001,8,2,7.8165267910462,5.173707325510131,-2.6428194655360686,0.2715672749197343,0.3211675795005199,0.8455625419666456,Kern
6,64,0.0,0.001,4,1,2.400341760652058,5.18033997734301,2.7799982166909523,1.7048162414784336,4.662766479788639,0.36562333731877394,Kern
6,8,0.1,0.005,8,2,4.35776691071933,5.183702813951759,0.8259359032324287,2.3051829901518532,4.662766479788639,0.4943809646363303,Kern
3,32,0.0,0.0001,6,1,10.810977453635745,5.201951159500678,-5.6090262941350675,2.260955748224294,4.913045119423532,0.46019437910018246,Kern
9,8,0.2,0.0005,6,1,6.363406787625245,5.202860839495643,-1.1605459481296023,1.9422970100233221,1.7517647756513988,1.1087658782846992,Kern
9,16,0.0,0.001,4,1,3.769294649714498,5.204999998702808,1.4357053489883103,1.1089423075660454,1.7517647756513988,0.6330429307517512,Kern
12,8,0.0,0.0001,8,1,9.950047488517345,5.207218453883925,-4.74282903463342,0.5568374801114332,0.3211675795005199,1.7337910662633735,Kern
6,16,0.0,0.005,4,2,2.790516298851833,5.228684046335191,2.4381677474833583,2.1478001425333773,4.662766479788639,0.46062785941421114,Kern
3,8,0.1,0.001,4,1,7.829334435146841,5.246072618031458,-2.5832618171153827,4.256839913818494,4.913045119423532,0.8664361532095938,Kern
12,16,0.0,0.0005,4,2,4.891620734138028,5.251917824840082,0.36029709070205396,0.5502201864386138,0.3211675795005199,1.713187200570857,Kern
12,16,0.2,0.005,6,1,2.681788181029901,5.25558611683738,2.573797935807479,2.0422533619296006,0.3211675795005199,6.358840344675247,Kern
3,8,0.1,0.0001,4,2,10.46963122624583,5.256554257588699,-5.213076968657131,1.8999471858593653,4.913045119423532,0.3867147847570132,Kern
3,32,0.1,0.0001,6,1,10.51750587376736,5.304689187010001,-5.2128166867573595,1.9867982350941962,4.913045119423532,0.40439242604132963,Kern
3,32,0.4,0.0001,6,1,10.69525856801301,5.3093935030559,-5.38586506495711,1.577656242298423,4.913045119423532,0.3211157650600889,Kern
3,8,0.2,0.0001,4,1,10.643238181095505,5.309711264041356,-5.333526917054149,0.7123820307367205,4.913045119423532,0.14499806401539972,Kern
6,16,0.3,0.001,6,1,5.856174033452044,5.3169543226894875,-0.5392197107625565,5.211021464244053,4.662766479788639,1.117581480186043,Kern
6,8,0.1,0.005,4,1,4.812977571375159,5.317499655835415,0.5045220844602563,1.0897778227327795,4.662766479788639,0.2337191509496694,Kern
12,64,0.1,0.005,4,1,2.1421971595240987,5.332163139403648,3.1899659798795494,1.1724732393323591,0.3211675795005199,3.6506587656070097,Kern
3,16,0.2,0.0001,6,1,11.877623062190345,5.34441878183886,-6.533204280351485,3.009603679405633,4.913045119423532,0.6125739956075882,Kern
9,8,0.4,0.0001,6,1,11.714630217479963,5.3462870624393295,-6.368343155040633,0.8030527483824708,1.7517647756513988,0.45842498921343666,Kern
9,64,0.1,0.0001,4,2,4.977442672815693,5.349779750835812,0.37233707802011917,2.909037005182152,1.7517647756513988,1.6606322067986659,Kern
12,8,0.2,0.0005,4,2,7.432637139608301,5.37028366663387,-2.062353472974431,0.25611998059199215,0.3211675795005199,0.7974652391449666,Kern
12,8,0.3,0.0005,4,1,9.620851145687212,5.3739412262746376,-4.246909919412574,0.45432567666725626,0.3211675795005199,1.4146062855217951,Kern
3,64,0.1,0.0005,8,2,8.012785991215656,5.374755159575386,-2.63803083164027,5.542322280339829,4.913045119423532,1.1280829191713455,Kern
6,16,0.1,0.005,8,1,3.8853859807822744,5.377821983436952,1.492436002654678,2.1163530539960083,4.662766479788639,0.4538835610081725,Kern
3,32,0.1,0.0005,6,2,8.148051741463622,5.383230826578311,-2.764820914885311,5.632329539478233,4.913045119423532,1.1464029746462205,Kern
12,8,0.1,0.0005,6,2,8.813077970822327,5.403205671358643,-3.409872299463684,0.8864165404671094,0.3211675795005199,2.759981383692791,Kern
6,64,0.3,0.005,6,1,4.111165448885225,5.403329157023872,1.2921637081386477,2.1926360142242056,4.662766479788639,0.4702435825873907,Kern
12,8,0.4,0.001,4,1,6.653878898715075,5.4259274927391195,-1.227951405975956,2.0061928241473974,0.3211675795005199,6.246560836767617,Kern
12,32,0.3,0.0001,4,2,9.677894292917502,5.454855550873226,-4.223038742044276,0.6295110474086284,0.3211675795005199,1.9600703420552117,Kern
9,8,0.1,0.0005,4,2,5.363999638257464,5.47312513241734,0.10912549415987538,3.243583222025246,1.7517647756513988,1.8516088844286243,Kern
12,32,0.4,0.005,8,2,2.858587589146252,5.482056803791823,2.623469214645571,1.9183160837207254,0.3211675795005199,5.972944363512943,Kern
12,16,0.4,0.0005,8,1,9.468296350799019,5.501668170017703,-3.966628180781316,0.3367082361451352,0.3211675795005199,1.0483879994013845,Kern
6,32,0.2,0.0005,8,1,7.108530772020352,5.504801863674883,-1.6037289083454684,6.277738995491394,4.662766479788639,1.3463550067761405,Kern
6,16,0.4,0.0005,4,2,6.348896693238553,5.509712415775603,-0.8391842774629499,5.775507768109123,4.662766479788639,1.2386440095475089,Kern
3,8,0.1,0.001,8,1,7.959055660317104,5.515417294004793,-2.443638366312311,3.813973808654271,4.913045119423532,0.7762952946586781,Kern
9,8,0.1,0.001,6,2,5.210058492513095,5.530542815056622,0.32048432254352655,1.5837138509034598,1.7517647756513988,0.904067642480453,Kern
12,8,0.2,0.0005,6,1,9.499989316655151,5.537161623504055,-3.9628276931510964,0.6564580023041893,0.3211675795005199,2.043973440049937,Kern
9,16,0.1,0.001,8,1,4.267643177480565,5.541513742264553,1.273870564783988,2.7222557270937364,1.7517647756513988,1.5540075727812588,Kern
12,64,0.1,0.005,6,2,2.189335500915123,5.548331517249775,3.3589960163346517,2.094728557987481,0.3211675795005199,6.5222291778180255,Kern
12,64,0.3,0.001,6,1,5.816133874115628,5.551573997547151,-0.2645598765684767,2.9521638302705195,0.3211675795005199,9.191973345696123,Kern
6,8,0.0,0.005,4,1,2.6590924578735,5.557323294186026,2.898230836312526,1.410060009839196,4.662766479788639,0.3024084555705894,Kern
3,16,0.3,0.001,8,1,8.782431991724819,5.565890366192556,-3.2165416255322627,3.3467573926397147,4.913045119423532,0.6811981798026727,Kern
12,16,0.4,0.005,6,1,3.0075417256205323,5.571531412868873,2.5639896872483403,1.7350028763032121,0.3211675795005199,5.402173155215387,Kern
3,8,0.1,0.0001,8,2,13.473696407367521,5.575424116535023,-7.898272290832498,1.3132775882084986,4.913045119423532,0.2673041985746288,Kern
9,16,0.2,0.005,6,1,2.9120405250827437,5.5813638474644485,2.6693233223817048,1.71440439320767,1.7517647756513988,0.9786727173859081,Kern
3,8,0.4,0.001,8,2,8.266887708323582,5.581516043262728,-2.6853716650608535,4.091617461042015,4.913045119423532,0.8328068156479909,Kern
12,32,0.0,0.005,4,1,1.8723288489731331,5.582121515562461,3.709792666589328,1.28918774615789,0.3211675795005199,4.014065641877166,Kern
6,16,0.3,0.0005,8,2,7.260635543290753,5.593174815524087,-1.6674607277666658,6.013933012877282,4.662766479788639,1.289777868770707,Kern
3,16,0.4,0.001,6,2,8.564726145784089,5.608755681514232,-2.955970464269857,2.686970788996548,4.913045119423532,0.5469053761329636,Kern
9,32,0.4,0.005,6,1,4.346304511926343,5.6140496065739365,1.2677450946475934,0.9130937063439807,1.7517647756513988,0.5212421890401605,Kern
12,32,0.2,0.005,4,2,2.221372583379606,5.618904492780174,3.3975319094005676,1.3125061272325456,0.3211675795005199,4.086670669791006,Kern
6,16,0.4,0.005,6,2,3.59143974326497,5.625268745395163,2.033829002130193,1.96777825446247,4.662766479788639,0.4220194734160628,Kern
9,64,0.3,0.005,4,2,3.1137189042845894,5.628675557314715,2.5149566530301253,4.161760834400237,1.7517647756513988,2.375753235963244,Kern
6,16,0.3,0.005,4,1,6.189433679231451,5.648346662373599,-0.5410870168578521,0.8089856156454497,4.662766479788639,0.17349906308885552,Kern
6,8,0.4,0.005,6,2,4.444199489643114,5.6525798032807,1.2083803136375861,2.018019865459423,4.662766479788639,0.4327945382224887,Kern
9,16,0.3,0.005,4,2,2.7385911148165074,5.657698451345226,2.9191073365287186,1.8762964904211852,1.7517647756513988,1.0710892903549103,Kern
12,16,0.3,0.0001,4,1,9.915976183513388,5.66522322202261,-4.250752961490778,0.2926651262427435,0.3211675795005199,0.9112536411610928,Kern
6,16,0.3,0.001,8,1,6.497544662207345,5.677660633192886,-0.8198840290144593,6.428106589072444,4.662766479788639,1.3786035858617194,Kern
12,16,0.2,0.005,4,1,3.564263853049189,5.685723742220791,2.121459889171602,1.5448507076930194,0.3211675795005199,4.810107888522162,Kern
9,32,0.0,0.0005,4,2,3.888511422332918,5.695037785899918,1.806526363567,3.025056776664866,1.7517647756513988,1.7268624296546835,Kern
6,32,0.2,0.001,8,1,5.242542356198538,5.699092110803428,0.45654975460489045,4.172008594206531,4.662766479788639,0.89474963249621,Kern
12,32,0.1,0.0005,6,2,4.696325220860599,5.699916879781815,1.0035916589212164,0.9743181814161149,0.3211675795005199,3.0336753881925924,Kern
12,32,0.0,0.0001,4,2,9.0617093621631,5.702749311364702,-3.358960050798398,0.3770599515571662,0.3211675795005199,1.1740286866550174,Kern
12,64,0.3,0.0001,4,1,5.7637643665912,5.717798906581583,-0.045965460009616876,0.9175369539974353,0.3211675795005199,2.8568791265431885,Kern
6,8,0.0,0.001,6,1,5.715295939767039,5.723941014688842,0.008645074921803442,1.6076626931935667,4.662766479788639,0.3447873060257655,Kern
6,8,0.2,0.005,6,2,4.9881401589550585,5.731025288465854,0.7428851295107952,3.747633917551544,4.662766479788639,0.8037361368612701,Kern
3,8,0.2,0.0001,8,1,10.689304008957263,5.733053277064791,-4.956250731892473,0.943843123572533,4.913045119423532,0.1921095981474068,Kern
6,16,0.3,0.0005,4,2,7.102161030468971,5.7514650548058714,-1.3506959756630996,4.359994072352209,4.662766479788639,0.9350659294758089,Kern
3,32,0.0,0.0005,6,1,7.979204248709292,5.762879910056835,-2.2163243386524565,3.9201080975446407,4.913045119423532,0.7978978418184369,Kern
12,64,0.3,0.005,4,1,3.17651454197751,5.770576546952187,2.5940620049746768,2.0306956614026195,0.3211675795005199,6.322853834003915,Kern
9,8,0.3,0.0005,8,2,10.365591488106713,5.783745935069671,-4.581845553037041,1.2985955896462276,1.7517647756513988,0.7413070565729015,Kern
6,64,0.2,0.005,4,2,3.608683985692527,5.8032817803676435,2.1945977946751167,2.558734404200782,4.662766479788639,0.5487588570630645,Kern
6,64,0.0,0.005,8,1,2.1761520520019606,5.813367225059071,3.6372151730571107,2.4397066324751697,4.662766479788639,0.523231571439486,Kern
3,16,0.0,0.0005,4,2,7.732477029140146,5.817846239892516,-1.9146307892476297,5.060978321049566,4.913045119423532,1.030110287617996,Kern
9,32,0.4,0.005,4,1,2.531203080675285,5.821806229759475,3.29060314908419,2.2351506342487952,1.7517647756513988,1.2759422185650742,Kern
12,8,0.2,0.001,8,1,6.2452271713778,5.82251063083076,-0.42271654054703944,0.29167947299889124,0.3211675795005199,0.90818467247694,Kern
9,8,0.0,0.005,4,2,2.567581500739898,5.840160659934621,3.2725791591947226,2.8984082876104926,1.7517647756513988,1.6545647725635488,Kern
9,8,0.3,0.005,8,2,4.910685365273204,5.840422068689516,0.929736703416312,1.370798954380878,1.7517647756513988,0.7825245566266981,Kern
12,64,0.3,0.005,8,2,2.830310024321896,5.849324645517765,3.019014621195869,1.7302471508850643,0.3211675795005199,5.3873655416152095,Kern
9,16,0.2,0.001,8,1,4.41478862027788,5.854937849056515,1.440149228778635,1.3565700758976338,1.7517647756513988,0.7744019600994598,Kern
12,32,0.2,0.0001,6,1,9.870375768005724,5.872941883362299,-3.997433884643425,0.2689138153902364,0.3211675795005199,0.8373006260733148,Kern
9,8,0.1,0.005,4,2,2.732813291633095,5.890157643759734,3.1573443521266387,3.3536753322012536,1.7517647756513988,1.9144552846452685,Kern
6,8,0.0,0.005,4,2,3.7993101496591466,5.899475778514599,2.1001656288554527,2.6465913854525085,4.662766479788639,0.5676011005321625,Kern
6,32,0.1,0.005,4,1,2.0619017054368887,5.916137173531458,3.854235468094569,2.373030570969804,4.662766479788639,0.5089318929558257,Kern
9,8,0.4,0.001,4,1,5.066246564763363,5.93939908496071,0.8731525201973476,2.50951718383368,1.7517647756513988,1.4325651586986095,Kern
3,64,0.3,0.0005,8,1,8.169864021957729,5.9501654158630535,-2.219698606094675,5.289576371231705,4.913045119423532,1.0766390787496682,Kern
3,32,0.3,0.0005,6,2,8.62647943170625,5.9559312067017185,-2.6705482250045307,3.773785459272813,4.913045119423532,0.7681153678709971,Kern
12,64,0.1,0.005,8,2,1.7917477662889696,5.970388204325094,4.178640438036124,3.144306554414885,0.3211675795005199,9.79023648434538,Kern
6,8,0.1,0.005,4,2,4.582462387792608,5.972064397162464,1.389602009369856,2.4449108764417247,4.662766479788639,0.5243476993839399,Kern
12,8,0.4,0.001,8,2,9.95730373413504,5.997410936714332,-3.959892797420708,0.44925722927079575,0.3211675795005199,1.3988249684774565,Kern
6,8,0.2,0.005,6,1,5.192959683621616,6.000761319198014,0.8078016355763973,1.6794496469671636,4.662766479788639,0.36018309178616476,Kern
9,16,0.4,0.001,6,1,4.627256409819954,6.006239559011037,1.3789831491910833,1.9570438052802694,1.7517647756513988,1.1171841291034847,Kern
6,64,0.4,0.005,8,2,3.3274683310575135,6.013750816189216,2.686282485131702,2.363408755300577,4.662766479788639,0.5068683506980408,Kern
6,32,0.1,0.005,4,2,1.7737422572177317,6.028491860947735,4.254749603730003,2.6997197697755677,4.662766479788639,0.5789952770480465,Kern
6,16,0.0,0.001,6,1,5.063846918536427,6.0418229959296275,0.9779760773932002,4.787477423939622,4.662766479788639,1.0267461269380656,Kern
6,8,0.2,0.005,4,2,3.258362259870967,6.046836904031749,2.788474644160782,0.5385127567309529,4.662766479788639,0.11549211376233524,Kern
9,8,0.0,0.001,8,2,5.163044410229073,6.052580321590228,0.889535911361155,1.3977356550645477,1.7517647756513988,0.7979014502930598,Kern
12,8,0.1,0.001,6,1,4.307716485379331,6.060179571248791,1.7524630858694605,1.6513099872059538,0.3211675795005199,5.1415836859189605,Kern
6,16,0.1,0.005,4,2,5.199649607812623,6.062256415300191,0.8626068074875679,3.013725687361416,4.662766479788639,0.6463385418130627,Kern
9,32,0.1,0.0005,6,1,4.133819317051384,6.072194565183529,1.9383752481321448,1.234037871795424,1.7517647756513988,0.7044540962050931,Kern
6,8,0.2,0.001,4,1,6.035926576471661,6.093880448893869,0.05795387242220773,7.374893561032008,4.662766479788639,1.581656210534976,Kern
12,32,0.4,0.0001,6,2,10.268780171396221,6.094584479823322,-4.1741956915728995,0.17921120750588876,0.3211675795005199,0.5579990601311571,Kern
3,8,0.0,0.0001,8,1,10.797988195365637,6.095867949300605,-4.702120246065031,1.400482093661374,4.913045119423532,0.2850537822509756,Kern
3,32,0.4,0.0005,6,2,8.258315484303575,6.104162506210035,-2.1541529780935393,4.830413804307842,4.913045119423532,0.9831812423645346,Kern
12,32,0.4,0.005,6,1,2.9815525744570834,6.106825513183377,3.125272938726294,2.787761629029783,0.3211675795005199,8.680084189585115,Kern
3,8,0.2,0.0005,4,1,8.613214682498207,6.11485833700972,-2.498356345488487,3.693285259527975,4.913045119423532,0.7517303769360302,Kern
9,32,0.2,0.005,4,2,1.8569346934329019,6.128246534149556,4.2713118407166535,2.4187676168995793,1.7517647756513988,1.3807605053596044,Kern
6,8,0.3,0.005,6,2,4.048303317648103,6.137643753436267,2.0893404357881638,2.258112308910139,4.662766479788639,0.48428595313495054,Kern
9,16,0.1,0.005,8,1,3.081478172190782,6.138705430606427,3.057227258415645,1.9043504256278383,1.7517647756513988,1.0871039605872312,Kern
3,32,0.4,0.0005,6,1,8.14997350760647,6.144099458068903,-2.0058740495375673,4.89424896544574,4.913045119423532,0.9961742354240791,Kern
12,32,0.1,0.001,6,2,3.4430117417823123,6.146307351396736,2.7032956096144236,2.117878122637063,0.3211675795005199,6.594308572274913,Kern
6,32,0.2,0.005,4,2,2.460176163669431,6.14656044542591,3.6863842817564794,1.9000776949994405,4.662766479788639,0.40750007602473165,Kern
12,32,0.1,0.005,4,2,3.0780535028084173,6.153564032060376,3.0755105292519587,1.9412393705414581,0.3211675795005199,6.044319210427389,Kern
3,8,0.0,0.0005,8,1,9.482365168385213,6.154522794052861,-3.327842374332352,1.1261464043040668,4.913045119423532,0.22921556324648656,Kern
12,16,0.1,0.005,4,2,2.0310801510041316,6.164971362951959,4.133891211947827,1.5687405460100727,0.3211675795005199,4.884492228168794,Kern
6,16,0.0,0.001,6,2,5.763665614904586,6.168726422727188,0.40506080782260145,5.258219974533151,4.662766479788639,1.1277039065382284,Kern
6,32,0.2,0.0005,6,2,6.370790139206252,6.178139301401415,-0.1926508378048375,7.843410206967274,4.662766479788639,1.6821366115943281,Kern
3,32,0.1,0.0005,6,1,7.529312463348552,6.18201949257662,-1.3472929707719326,4.617053564375661,4.913045119423532,0.9397539513981503,Kern
9,32,0.0,0.005,4,2,3.376628549380701,6.18403825327138,2.807409703890679,4.165592156435105,1.7517647756513988,2.3779403572526556,Kern
6,8,0.4,0.001,6,2,6.737181859196257,6.189079446715809,-0.5481024124804481,3.3957639770984804,4.662766479788639,0.7282723661624181,Kern
3,16,0.2,0.0005,6,2,8.662537423724235,6.29491449728762,-2.3676229264366144,4.014615066385518,4.913045119423532,0.8171337671038057,Kern
6,8,0.3,0.001,6,1,6.556034697479544,6.297408996086321,-0.25862570139322294,2.4525620862787836,4.662766479788639,0.5259886157519853,Kern
3,8,0.0,0.0005,6,1,8.376832323910888,6.300022830206658,-2.0768094937042294,1.6206834420349232,4.913045119423532,0.329873510753568,Kern
9,16,0.0,0.005,6,1,1.9649649435484373,6.313453358900017,4.34848841535158,3.338709080150265,1.7517647756513988,1.9059117562794674,Kern
9,16,0.3,0.005,8,2,3.3830158480555554,6.3269111484478735,2.943895300392318,1.6238766123716708,1.7517647756513988,0.9269946712838929,Kern
6,16,0.3,0.005,6,1,4.702786664868046,6.335509019450082,1.632722354582036,3.0266364970570114,4.662766479788639,0.6491074580244061,Kern
6,32,0.1,0.0005,8,1,6.534899478730379,6.339272740600888,-0.19562673812949072,5.793813369706439,4.662766479788639,1.2425699195575135,Kern
9,64,0.2,0.005,4,1,2.1406927233498103,6.353068021124817,4.212375297775006,4.215052405910466,1.7517647756513988,2.4061748840354933,Kern
6,64,0.3,0.005,4,1,1.9269585676745946,6.356174742166328,4.429216174491733,2.896153467280371,4.662766479788639,0.6211234210064177,Kern
6,16,0.4,0.001,4,2,5.985650622340718,6.358784937260165,0.3731343149194464,4.980978636897835,4.662766479788639,1.0682453557321663,Kern
9,8,0.4,0.0001,8,2,13.022226523750826,6.385610802554481,-6.636615721196344,0.5099086333627129,1.7517647756513988,0.291082821421102,Kern
9,64,0.3,0.005,6,2,2.500541065997269,6.390465228835047,3.8899241628377776,3.6873920237703146,1.7517647756513988,2.1049584253680105,Kern
12,32,0.0,0.001,6,2,2.636134265589955,6.392526504627543,3.7563922390375875,1.8353088614767483,0.3211675795005199,5.7144898134831115,Kern
6,8,0.3,0.005,4,2,4.051018071363458,6.4012314220865285,2.3502133507230702,0.7026785681780294,4.662766479788639,0.15069992701197457,Kern
3,16,0.2,0.001,6,1,8.207804975957535,6.404972360639755,-1.8028326153177794,4.586736154055279,4.913045119423532,0.9335831531287585,Kern
6,8,0.3,0.005,6,1,3.0487595497309767,6.433672380065284,3.384912830334307,1.9104600923030095,4.662766479788639,0.40972673638796725,Kern
9,32,0.1,0.001,4,2,3.6151397405597536,6.442508950653435,2.8273692100936816,1.845696009941262,1.7517647756513988,1.0536209173717028,Kern
9,8,0.4,0.0005,4,2,5.738132763239377,6.4799799103000515,0.7418471470606747,0.5244540548762571,1.7517647756513988,0.29938611745474636,Kern
12,16,0.1,0.0005,4,1,5.830099785217979,6.487495153216785,0.6573953679988058,0.47831176715645474,0.3211675795005199,1.4892903197151022,Kern
12,32,0.1,0.001,8,2,2.9292025918692643,6.491503850598543,3.562301258729279,2.181244056272982,0.3211675795005199,6.79160723403419,Kern
6,32,0.1,0.005,6,1,1.7986687660922154,6.5164409346531595,4.717772168560944,2.494469080472185,4.662766479788639,0.5349761973465286,Kern
12,8,0.0,0.001,6,1,8.381257791539518,6.529495308823323,-1.851762482716195,0.5356050277214246,0.3211675795005199,1.6676808678958133,Kern
3,32,0.3,0.0005,6,1,7.884019877749975,6.5322131753429415,-1.3518067024070337,4.818649867048016,4.913045119423532,0.9807868134566223,Kern
3,8,0.0,0.001,4,1,6.502619705848243,6.555114734981652,0.05249502913340898,3.786228625389959,4.913045119423532,0.7706480468541296,Kern
9,8,0.4,0.005,8,1,4.043122778410466,6.559838655074174,2.5167158766637074,1.3809975247991007,1.7517647756513988,0.7883464401124134,Kern
12,8,0.2,0.0001,8,1,11.459545932186415,6.584880036253043,-4.874665895933372,0.058949220843459674,0.3211675795005199,0.18354661119636534,Kern
12,8,0.2,0.005,4,1,2.4398450629578305,6.588340777424063,4.148495714466232,2.737746039716171,0.3211675795005199,8.524353684683604,Kern
12,8,0.1,0.005,4,2,3.00924489509273,6.610413624707974,3.6011687296152437,0.18977391700031762,0.3211675795005199,0.5908875276123892,Kern
12,8,0.4,0.0005,8,1,9.649364767284068,6.61420597732495,-3.0351587899591177,0.765312299217232,0.3211675795005199,2.3829064577671457,Kern
9,16,0.1,0.0005,4,1,4.89768498835758,6.621107908121969,1.7234229197643893,1.4239127109277996,1.7517647756513988,0.8128446985117129,Kern
12,64,0.1,0.0001,4,2,5.977329461467051,6.6260297546672255,0.6487002932001742,0.3585193076483887,0.3211675795005199,1.116299808984326,Kern
12,8,0.0,0.005,8,1,3.419090709316807,6.62741713016238,3.208326420845573,2.440394806873202,0.3211675795005199,7.5985091978103965,Kern
6,32,0.2,0.005,8,1,2.691469252927722,6.630665114388228,3.9391958614605063,3.7600864579533355,4.662766479788639,0.8064067703694607,Kern
3,8,0.0,0.0001,4,1,10.9705346714196,6.632881001757525,-4.337653669662075,4.282179984520033,4.913045119423532,0.8715938649923245,Kern
12,16,0.2,0.001,8,2,4.8529540935263515,6.644901394523164,1.7919473009968128,1.037164819491759,0.3211675795005199,3.229357150882909,Kern
6,32,0.3,0.005,8,1,2.634364130762152,6.660955144823029,4.026591014060877,3.3427930720633054,4.662766479788639,0.7169119634348132,Kern
9,8,0.1,0.0001,6,1,12.347669252416964,6.687551722086082,-5.660117530330882,0.7759326630779328,1.7517647756513988,0.44294340990467745,Kern
3,32,0.0,0.0005,6,2,7.715431952326649,6.7049034277689845,-1.0105285245576647,5.4906482740860145,4.913045119423532,1.1175652045976439,Kern
12,8,0.2,0.0005,8,1,10.280768297850111,6.710085989413284,-3.570682308436827,0.41826297089136644,0.3211675795005199,1.3023200272638022,Kern
9,32,0.3,0.0005,8,2,5.375206251857382,6.718855134543901,1.3436488826865185,3.4135540573257495,1.7517647756513988,1.9486372284523243,Kern
3,16,0.0,0.001,8,1,6.983795958236861,6.7206509241685755,-0.2631450340682857,4.298033462638553,4.913045119423532,0.8748206780447517,Kern
3,8,0.3,0.001,6,2,8.408197531696732,6.756450890212561,-1.6517466414841717,3.5950390390730838,4.913045119423532,0.7317333652931941,Kern
6,16,0.4,0.001,6,1,5.440342056759163,6.762209022137437,1.3218669653782742,4.969279678955274,4.662766479788639,1.065736339251656,Kern
6,16,0.1,0.0005,6,1,5.990821478519142,6.770020702590763,0.779199224071621,6.6638353696213395,4.662766479788639,1.4291591480093613,Kern
12,32,0.4,0.001,8,2,4.316575168039873,6.773912620050151,2.457337452010278,2.554166699454576,0.3211675795005199,7.9527538347015545,Kern
12,32,0.4,0.005,8,1,2.3071287822808544,6.776138571314644,4.469009789033789,1.4039527541196961,0.3211675795005199,4.371402481854254,Kern
9,32,0.3,0.005,6,2,2.0981641201971657,6.776419637040542,4.678255516843376,2.6418410169042206,1.7517647756513988,1.5081026023724244,Kern
6,16,0.3,0.001,8,2,6.232269563701205,6.787731352588417,0.5554617888872118,5.41240142013571,4.662766479788639,1.1607704232233076,Kern
6,64,0.2,0.005,4,1,2.6565757173941,6.792515728760035,4.1359400113659355,2.983234415435464,4.662766479788639,0.6397992325729109,Kern
6,32,0.3,0.005,6,2,2.258748489751548,6.80597792810928,4.547229438357732,2.760821857114917,4.662766479788639,0.592099533416922,Kern
6,64,0.1,0.005,4,2,2.0877498860729555,6.812424437452196,4.724674551379241,2.400971199273408,4.662766479788639,0.5149241785280749,Kern
6,32,0.0,0.005,8,2,1.3029754134459641,6.815715386407502,5.512739972961539,4.368713828462189,4.662766479788639,0.936936011571444,Kern
3,16,0.3,0.001,4,2,7.595144018088822,6.821987750095062,-0.7731562679937607,5.108923796356492,4.913045119423532,1.0398690979161909,Kern
9,16,0.0,0.005,8,2,2.911175215722649,6.831049372839125,3.919874157116476,2.793008998059402,1.7517647756513988,1.594397282603661,Kern
6,32,0.2,0.005,6,1,2.1422532694792924,6.844243725214909,4.701990455735617,2.886569777626586,4.662766479788639,0.6190680554427922,Kern
9,8,0.0,0.005,8,1,2.184727529229388,6.866172450591411,4.681444921362023,2.125269261150172,1.7517647756513988,1.213216118219916,Kern
3,64,0.4,0.0005,8,1,7.841573957051823,6.890889071517074,-0.9506848855347494,5.103922805882931,4.913045119423532,1.0388511975403547,Kern
6,32,0.0,0.0005,8,2,6.052494722175305,6.893547374614914,0.8410526524396094,5.266196785223333,4.662766479788639,1.129414652878359,Kern
12,64,0.4,0.005,8,2,2.530584216366271,6.894837031395577,4.364252815029306,1.2587488060092336,0.3211675795005199,3.9192897613353157,Kern
9,16,0.3,0.005,4,1,2.6110786665896595,6.900021173393785,4.288942506804126,2.124955723270438,1.7517647756513988,1.2130371342124215,Kern
9,16,0.0,0.001,6,2,4.541572651982841,6.903298289476158,2.3617256374933167,1.212041485090083,1.7517647756513988,0.6918973950936887,Kern
12,8,0.3,0.0001,6,2,11.262575212790454,6.912879414265388,-4.349695798525065,0.36810369281146277,0.3211675795005199,1.1461421273714425,Kern
12,8,0.2,0.001,8,2,8.430716928199312,6.919439473700257,-1.5112774544990542,0.44563234487356734,0.3211675795005199,1.3875383859311552,Kern
3,8,0.1,0.005,4,2,2.9914772314073743,6.929019725576281,3.937542494168907,3.687711296133365,4.913045119423532,0.7505958537922118,Kern
3,8,0.2,0.0005,8,1,9.659275974918456,6.9291647289444445,-2.730111245974012,1.9850984077276985,4.913045119423532,0.4040464435955798,Kern
9,16,0.2,0.0005,4,1,4.832831930610411,6.934603124909381,2.10177119429897,0.7461080188575118,1.7517647756513988,0.42591792529911404,Kern
6,16,0.2,0.005,4,2,4.291525489504159,6.999954811046271,2.708429321542112,2.1559767426996697,4.662766479788639,0.4623814535952054,Kern
6,16,0.0,0.0005,4,1,6.38360699446842,7.002732458394115,0.6191254639256947,4.168087842414925,4.662766479788639,0.8939087686424011,Kern
6,16,0.1,0.0005,4,1,5.793890339469007,7.017837543572416,1.2239472041034087,5.031493507241827,4.662766479788639,1.079079025091967,Kern
12,8,0.0,0.0005,4,1,6.597951803732902,7.024218351421862,0.42626654768896,1.5785747158251708,0.3211675795005199,4.915112285866997,Kern
3,16,0.4,0.001,4,1,6.189963049367861,7.025792532340272,0.8358294829724118,3.6723170543828254,4.913045119423532,0.7474625135976186,Kern
9,32,0.4,0.0005,4,1,4.2092444848079635,7.030740006629131,2.8214955218211673,3.2476577450726953,1.7517647756513988,1.8539348377210316,Kern
6,8,0.4,0.005,8,2,5.029874557406997,7.038415521492292,2.0085409640852943,2.6201275575448393,4.662766479788639,0.561925536889338,Kern
12,8,0.4,0.0001,6,2,12.907786190527242,7.043943173860456,-5.863843016666785,0.014409611606050074,0.3211675795005199,0.044866333110147406,Kern
3,8,0.3,0.001,6,1,8.214480381319927,7.068090624458244,-1.1463897568616828,3.2922098815697782,4.913045119423532,0.6700955927626545,Kern
9,32,0.4,0.0005,6,2,5.123408743104352,7.0686330670308255,1.9452243239264737,1.8792754946113999,1.7517647756513988,1.0727898635320978,Kern
6,8,0.1,0.005,8,1,3.932491827120403,7.077056775228006,3.144564948107603,4.709427782732195,4.662766479788639,1.010007214203374,Kern
9,16,0.2,0.005,8,2,2.5781754782954893,7.087712701676915,4.509537223381425,2.8676031872625565,1.7517647756513988,1.636979591735557,Kern
9,8,0.3,0.005,6,1,3.5375635881573686,7.113930738044518,3.576367149887149,0.66112082544012,1.7517647756513988,0.3774027395854448,Kern
3,16,0.1,0.001,8,1,7.485181211960656,7.123212646221688,-0.36196856573896774,2.9658530669660275,4.913045119423532,0.603669006669742,Kern
12,8,0.0,0.001,8,2,9.167825331315251,7.136783051920435,-2.031042279394816,0.1221244552009278,0.3211675795005199,0.38025150418624404,Kern
9,16,0.2,0.005,4,1,1.5914560207337942,7.1502064335179005,5.558750412784106,3.9762309155283266,1.7517647756513988,2.269842943981879,Kern
9,32,0.1,0.0005,4,1,4.208133602836671,7.151829623257146,2.9436960204204743,3.1257066188636626,1.7517647756513988,1.7843186838263485,Kern
12,16,0.3,0.005,6,1,2.2942248701841312,7.16012092817208,4.865896057987948,2.843070294291055,0.3211675795005199,8.852295423817687,Kern
6,32,0.3,0.0005,8,1,6.25358608272883,7.164746072559281,0.911159989830451,6.962651397030066,4.662766479788639,1.493244713671717,Kern
9,64,0.1,0.005,4,2,3.1267078073567136,7.192907036091625,4.066199228734911,4.9503391536012025,1.7517647756513988,2.8259154553215655,Kern
6,8,0.1,0.001,4,2,5.266485899172883,7.194737412474351,1.9282515133014675,5.371183131795139,4.662766479788639,1.1519305448980177,Kern
12,64,0.2,0.001,4,2,4.26997510284709,7.201278524141347,2.931303421294257,2.5863277638315565,0.3211675795005199,8.052891788934039,Kern
9,32,0.3,0.005,4,2,2.5300951525412083,7.202387903468931,4.672292750927722,3.5079008831921583,1.7517647756513988,2.0024953874801685,Kern
6,16,0.4,0.005,8,1,3.7609163972686024,7.217409357774045,3.4564929605054426,2.855198242802774,4.662766479788639,0.6123399606604788,Kern
9,32,0.3,0.005,8,2,3.0678274786421285,7.221417897582124,4.153590418939995,2.0747558316722885,1.7517647756513988,1.184380380579798,Kern
12,64,0.3,0.0005,4,2,3.853879249814516,7.221702564846163,3.3678233150316474,1.0567549022870284,0.3211675795005199,3.290353602721964,Kern
12,8,0.1,0.005,8,2,2.6349474414234013,7.235966349220685,4.601018907797283,2.7061269114714146,0.3211675795005199,8.425903124094859,Kern
3,32,0.3,0.0005,8,1,8.497086294317443,7.26391585211393,-1.2331704422035124,4.29354349893915,4.913045119423532,0.8739067919333355,Kern
3,16,0.2,0.001,4,2,6.966228940751174,7.272260681461701,0.30603174071052663,5.425862845819784,4.913045119423532,1.104378794399597,Kern
3,8,0.4,0.005,8,2,6.804548831611355,7.279534637150969,0.4749858055396139,3.955286503092093,4.913045119423532,0.8050580458654903,Kern
3,8,0.3,0.005,4,1,5.298630983720311,7.314005792942119,2.0153748092218082,2.958376594276197,4.913045119423532,0.602147247250055,Kern
12,64,0.0,0.001,4,2,2.769061880301369,7.319406501670156,4.550344621368787,3.281904824014575,0.3211675795005199,10.218667865288882,Kern
9,32,0.0,0.005,8,2,1.7826752618002997,7.324357574548102,5.5416823127478025,3.3317200383973034,1.7517647756513988,1.9019220415357385,Kern
9,16,0.4,0.005,4,2,2.4505482113687904,7.327565690009433,4.877017478640642,1.6514495349461522,1.7517647756513988,0.9427347540608333,Kern
12,8,0.0,0.005,6,2,2.485025204441604,7.3297230370490825,4.844697832607478,0.6020142383320248,0.3211675795005199,1.874455196468703,Kern
12,8,0.2,0.0005,8,2,10.209674825306124,7.35593705080189,-2.853737774504234,0.4313124651763189,0.3211675795005199,1.3429514456194378,Kern
12,8,0.1,0.0001,8,2,10.926742853294183,7.36269983934164,-3.564043013952543,0.15388227801780235,0.3211675795005199,0.4791339096465472,Kern
9,64,0.4,0.005,6,1,3.1188778047258148,7.369674881771415,4.2507970770456005,3.9917743431575534,1.7517647756513988,2.278715954699569,Kern
9,16,0.4,0.005,6,2,3.519102436893557,7.417667265330449,3.898564828436892,0.9855195178844627,1.7517647756513988,0.5625866734978698,Kern
12,8,0.1,0.0005,4,1,5.753427700901199,7.426866846892399,1.6734391459912006,0.5019551775749421,0.3211675795005199,1.562907371770162,Kern
9,16,0.1,0.005,8,2,2.6257549706842047,7.4270175159917855,4.801262545307581,1.8098896214234923,1.7517647756513988,1.033180736694788,Kern
3,8,0.0,0.0005,4,2,8.725547668997095,7.434232928289317,-1.2913147407077776,1.1989117706989374,4.913045119423532,0.24402620809629583,Kern
9,32,0.3,0.005,4,1,2.4626506721312977,7.444914091105821,4.982263418974524,3.234889317205131,1.7517647756513988,1.8466459436611449,Kern
3,8,0.4,0.001,4,1,8.91044474832385,7.449339381479448,-1.461105366844401,1.946810064523948,4.913045119423532,0.39625324359984204,Kern
12,8,0.4,0.005,8,1,4.129527084167344,7.450344059797725,3.3208169756303816,1.1416794766293226,0.3211675795005199,3.5547780956124635,Kern
6,16,0.2,0.001,8,2,5.58422233539048,7.453305880498361,1.8690835451078804,6.003119403472411,4.662766479788639,1.2874587285238719,Kern
6,16,0.1,0.005,8,2,2.9735219890923994,7.457891206616259,4.484369217523859,2.9261296684160887,4.662766479788639,0.6275522656130806,Kern
3,32,0.2,0.0005,6,1,7.953993458180014,7.459248695769351,-0.49474476241066245,4.551991468523413,4.913045119423532,0.926511228347424,Kern
12,16,0.2,0.001,6,2,3.7886416689001954,7.488040536171624,3.699398867271429,1.4642206441852301,0.3211675795005199,4.559054953374769,Kern
6,8,0.0,0.001,8,1,6.45604459111051,7.515613458591571,1.0595688674810608,5.105902955365531,4.662766479788639,1.0950372439833143,Kern
6,8,0.1,0.005,6,2,3.917519816844981,7.548802343601866,3.6312825267568853,3.724055253932333,4.662766479788639,0.7986793398457182,Kern
9,16,0.1,0.001,8,2,4.31457398557038,7.584283359377293,3.269709373806913,1.486908264432838,1.7517647756513988,0.8488058928345142,Kern
9,16,0.3,0.001,4,1,3.7106668241806626,7.599185658722884,3.888518834542221,2.47654084452448,1.7517647756513988,1.4137405198158361,Kern
6,32,0.3,0.0005,6,1,5.990049220652184,7.603218933432628,1.6131697127804445,5.600526966335719,4.662766479788639,1.2011167598917776,Kern
12,8,0.1,0.0005,4,2,9.282594235850409,7.603720804222901,-1.6788734316275082,0.8628482084789979,0.3211675795005199,2.6865980987897355,Kern
6,32,0.1,0.001,8,1,5.452667979796977,7.60383258610394,2.1511646063069634,5.144926497891536,4.662766479788639,1.1034064262477827,Kern
9,16,0.0,0.0005,4,2,4.674658362160616,7.612672075306247,2.938013713145631,2.198803859631333,1.7517647756513988,1.2551935569167394,Kern
9,16,0.3,0.001,8,1,4.32373019543052,7.615406318702968,3.291676123272448,2.9485466130805826,1.7517647756513988,1.6831863809935081,Kern
12,32,0.1,0.0005,8,1,4.916234138881565,7.617902525193136,2.701668386311571,2.0785814355661714,0.3211675795005199,6.471952862735345,Kern
12,64,0.2,0.005,6,2,2.3284015059635697,7.63653244127377,5.308130935310201,2.008996831207608,0.3211675795005199,6.255291503370302,Kern
6,64,0.3,0.005,6,2,4.157411333110183,7.638172922241738,3.4807615891315553,3.511853593924529,4.662766479788639,0.753169520529735,Kern
6,8,0.1,0.001,6,1,5.4178486753611,7.657419102811492,2.239570427450392,5.103179472414931,4.662766479788639,1.0944531523367766,Kern
9,32,0.2,0.0005,8,1,4.435969053077719,7.662153461699514,3.226184408621795,5.192886570513637,1.7517647756513988,2.9643743513352967,Kern
3,32,0.1,0.001,8,2,6.495453866135771,7.687878235053258,1.1924243689174876,3.566458457466032,4.913045119423532,0.725916080714622,Kern
12,64,0.0,0.005,6,1,1.4009825435372516,7.694785999213147,6.293803455675896,3.0720795845550577,0.3211675795005199,9.5653477518894,Kern
6,8,0.2,0.001,4,2,6.847480517177609,7.6968799938674195,0.8493994766898103,6.16862511409102,4.662766479788639,1.3229539031881008,Kern
6,8,0.2,0.005,8,1,4.388105191391721,7.732214394147096,3.3441092027553756,1.8451115758978274,4.662766479788639,0.3957117698035492,Kern
12,16,0.0,0.005,8,1,1.6846143578170374,7.746582055508775,6.061967697691738,4.384700130072105,0.3211675795005199,13.652374678948586,Kern
6,32,0.2,0.0005,8,2,5.914657037091753,7.753282112051586,1.8386250749598334,8.261986585494359,4.662766479788639,1.771906575486249,Kern
3,8,0.0,0.001,4,2,6.531389260287347,7.7543949158082315,1.2230056555208844,5.327709546326776,4.913045119423532,1.0844006958665788,Kern
6,8,0.2,0.005,4,1,3.330493448380621,7.758321800420663,4.427828352040041,1.8539116709345163,4.662766479788639,0.39759908178342945,Kern
6,32,0.2,0.005,4,1,3.2656769670330603,7.764693897633229,4.499016930600169,3.1802651373748656,4.662766479788639,0.6820554173493641,Kern
9,32,0.0,0.0005,8,2,4.310263913593358,7.775107525572576,3.4648436119792176,3.0644403832320584,1.7517647756513988,1.74934467562435,Kern
6,32,0.0,0.005,6,1,3.3213771467165922,7.793778567236324,4.472401420519732,2.9647636549610783,4.662766479788639,0.6358379017718833,Kern
6,16,0.0,0.005,6,1,2.727012090668478,7.79452882984704,5.067516739178561,3.658214288630321,4.662766479788639,0.7845587602311465,Kern
6,16,0.3,0.001,4,1,5.28336188989996,7.797558869473883,2.5141969795739225,4.026769458084249,4.662766479788639,0.8636009278051558,Kern
9,32,0.1,0.005,4,2,1.930580993875689,7.797983695904233,5.867402702028544,4.112093161894543,1.7517647756513988,2.347400301142286,Kern
9,64,0.2,0.0001,4,1,4.73813145952446,7.81217081831512,3.0740393587906594,1.7104979962192284,1.7517647756513988,0.9764427393416304,Kern
9,8,0.3,0.005,8,1,3.603803765734287,7.814226379838624,4.210422614104337,1.558458410168739,1.7517647756513988,0.8896505009293967,Kern
9,32,0.0,0.005,6,2,1.4785590722396242,7.817980351786078,6.339421279546453,4.006447768901425,1.7517647756513988,2.28709232231914,Kern
3,16,0.0,0.005,4,2,2.2277295284825462,7.819943923977542,5.592214395494995,4.417331533919242,4.913045119423532,0.899102578247347,Kern
12,16,0.4,0.0005,4,1,6.294612583801301,7.831820523514209,1.537207939712908,0.17979073813586088,0.3211675795005199,0.5598035094808499,Kern
3,32,0.4,0.0005,4,2,7.033867936599524,7.8331022983124114,0.7992343617128874,5.960229075936402,4.913045119423532,1.2131435659674423,Kern
9,64,0.3,0.005,8,1,2.871454324847657,7.839610474745936,4.968156149898279,4.869824920161784,1.7517647756513988,2.779953671777037,Kern
12,8,0.0,0.001,4,2,5.021792773412164,7.841320191815593,2.819527418403429,1.4770041161910634,0.3211675795005199,4.598858074305325,Kern
9,64,0.2,0.005,4,2,2.4979484939265366,7.843742357687661,5.3457938637611235,5.57981560296629,1.7517647756513988,3.185253911097407,Kern
12,32,0.2,0.005,6,1,2.707874021656435,7.867893734829762,5.160019713173327,1.7255951578056925,0.3211675795005199,5.372880913102561,Kern
12,16,0.2,0.001,8,1,3.7823242123344323,7.889437441083047,4.107113228748615,3.429453207626934,0.3211675795005199,10.678080312341685,Kern
3,8,0.1,0.001,4,2,6.102023025997302,7.889832610388342,1.7878095843910398,3.0083933893025048,4.913045119423532,0.6123276534564966,Kern
3,64,0.2,0.005,4,2,4.856552681966113,7.892471020381577,3.035918338415464,4.473114652052593,4.913045119423532,0.9104566604463511,Kern
3,16,0.4,0.005,6,2,5.947406536129894,7.906401359731311,1.958994823601417,2.769655625374791,4.913045119423532,0.5637350274730972,Kern
6,32,0.4,0.005,4,2,2.0540926506974384,7.90962441270626,5.855531762008821,2.6762141012964493,4.662766479788639,0.5739541349318787,Kern
3,32,0.1,0.0005,4,2,6.676601680884622,7.913285685463946,1.236684004579324,6.1218961646864045,4.913045119423532,1.246049245606096,Kern
6,32,0.2,0.001,6,2,4.5150756935182494,7.925585737654371,3.410510044136122,5.752840853067748,4.662766479788639,1.2337827506490358,Kern
3,8,0.1,0.005,8,1,3.963300039664356,7.936367794626511,3.973067754962155,2.5851986606382598,4.913045119423532,0.526190702059254,Kern
9,8,0.2,0.005,6,1,3.448888384148931,7.939873804920111,4.49098542077118,2.3017047974810803,1.7517647756513988,1.3139348555659733,Kern
3,16,0.1,0.0005,6,1,8.270753050342913,7.946091836528817,-0.3246612138140961,5.35466269031696,4.913045119423532,1.0898867321913066,Kern
9,16,0.2,0.001,4,2,3.6359221207184826,7.9462418865919116,4.3103197658734285,1.4426653207999218,1.7517647756513988,0.8235496802151776,Kern
12,16,0.3,0.0005,6,2,5.731736333153726,7.956061981825178,2.224325648671452,0.866961363836861,0.3211675795005199,2.6994049809920417,Kern
3,8,0.2,0.001,8,1,8.584041467074792,7.960999698199906,-0.6230417688748862,3.825790591044788,4.913045119423532,0.7787004796515453,Kern
3,16,0.0,0.0005,4,1,7.750769186343387,7.969621778808257,0.2188525924648701,5.631769705612905,4.913045119423532,1.1462890261984209,Kern
6,32,0.3,0.0005,6,2,6.307903446627974,7.979544685864492,1.6716412392365179,7.2050329195494065,4.662766479788639,1.545227055822021,Kern
12,16,0.2,0.005,4,2,2.48810117528015,7.995511330779019,5.507410155498869,2.030961809972456,0.3211675795005199,6.323682524652735,Kern
6,16,0.0,0.0005,4,2,5.881463968701624,8.005142141499094,2.1236781727974705,5.782977004500104,4.662766479788639,1.2402458989887575,Kern
9,16,0.0,0.005,4,2,2.115285116961743,8.010989559319803,5.89570444235806,4.062520098873051,1.7517647756513988,2.3191013744196285,Kern
9,8,0.2,0.005,4,1,2.979418202385285,8.045628751131002,5.066210548745717,2.262068237715592,1.7517647756513988,1.2913082105298272,Kern
9,32,0.2,0.001,4,1,3.76132700339282,8.051921647378384,4.290594643985564,1.1040205934276384,1.7517647756513988,0.6302333559693282,Kern
9,64,0.3,0.0001,4,1,5.28587797072022,8.06658539508763,2.78070742436741,2.9314767499095855,1.7517647756513988,1.6734420001221382,Kern
9,32,0.2,0.0005,8,2,4.9867579434028135,8.080451986217842,3.093694042815028,4.022990102527775,1.7517647756513988,2.2965355614208045,Kern
6,64,0.3,0.005,4,2,3.6877402500330265,8.08670696585465,4.398966715821624,4.687892903413048,4.662766479788639,1.0053887372943344,Kern
6,32,0.4,0.001,8,1,5.364670690577309,8.09047004377793,2.725799353200621,4.702943989018417,4.662766479788639,1.008616667680857,Kern
6,16,0.4,0.001,4,1,5.340407557745906,8.104279590176738,2.7638720324308315,3.4728451359528236,4.662766479788639,0.744803573373515,Kern
3,16,0.0,0.001,4,1,6.20221220512474,8.108357177868475,1.9061449727437356,4.256611163218831,4.913045119423532,0.866389593368578,Kern
6,32,0.1,0.0005,6,2,6.007306733357424,8.125774445534296,2.118467712176871,7.578008015696101,4.662766479788639,1.6252171427722044,Kern
12,64,0.2,0.005,6,1,2.324662874426547,8.143633733573763,5.818970859147216,1.107404111737702,0.3211675795005199,3.448056972188594,Kern
6,8,0.4,0.005,4,2,4.435607915906044,8.165015292216525,3.7294073763104807,2.1566156918968375,4.662766479788639,0.46251848580557614,Kern
9,16,0.4,0.005,8,1,3.1288059873437386,8.170564567208926,5.041758579865187,2.090696305338396,1.7517647756513988,1.193480046178554,Kern
6,16,0.4,0.005,4,2,5.117946465075544,8.182780093179556,3.0648336281040116,3.4819636404984777,4.662766479788639,0.7467591730341842,Kern
6,32,0.3,0.001,8,1,6.382831698825935,8.186983810407678,1.8041521115817432,4.30146692238196,4.662766479788639,0.9225139069321232,Kern
3,16,0.1,0.0005,4,1,6.9321173724235035,8.19260244573152,1.2604850733080166,4.348303621730924,4.913045119423532,0.8850526539111305,Kern
6,16,0.1,0.005,4,1,2.1004099814615187,8.206151443639914,6.105741462178395,4.667000696812048,4.662766479788639,1.0009080911604222,Kern
12,16,0.2,0.0005,8,1,6.297443827541693,8.20863039101679,1.9111865634750966,0.21382068772998125,0.3211675795005199,0.6657604981876296,Kern
9,16,0.2,0.005,4,2,2.172554685600154,8.218953872712339,6.0463991871121845,3.1887183468558673,1.7517647756513988,1.8202891114020336,Kern
3,64,0.2,0.0005,6,1,7.113362326320658,8.232903020750205,1.1195406944295474,6.783480717878893,4.913045119423532,1.380708003486609,Kern
6,16,0.2,0.005,8,1,5.495603770377279,8.246647339025108,2.7510435686478285,3.6145422364023796,4.662766479788639,0.7751926355458885,Kern
12,32,0.4,0.005,6,2,2.7713732951917476,8.26822830163946,5.4968550064477135,3.270817077167655,0.3211675795005199,10.184144620868747,Kern
9,64,0.2,0.005,6,1,2.1311438031074763,8.282421146401445,6.151277343293969,4.30229409393599,1.7517647756513988,2.4559770545312913,Kern
3,8,0.2,0.005,8,1,5.9405204581510915,8.29158707041807,2.351066612266978,3.1461458645426217,4.913045119423532,0.6403657585199976,Kern
6,8,0.3,0.001,4,2,6.282583270766357,8.299247718491042,2.0166644477246853,6.3754625469448065,4.662766479788639,1.3673132837726423,Kern
6,32,0.1,0.0005,6,1,5.970976746926973,8.303251668210967,2.332274921283994,8.079655009949647,4.662766479788639,1.7328028424695836,Kern
6,64,0.2,0.005,8,1,2.280185303433713,8.324496421423218,6.044311117989505,3.6146893101484796,4.662766479788639,0.7752241777101246,Kern
12,8,0.4,0.0005,4,2,8.537542256439783,8.328333714285755,-0.20920854215402862,0.5831056446518864,0.3211675795005199,1.8155806559265193,Kern
12,64,0.4,0.005,8,1,1.9018439297085126,8.341950191126973,6.44010626141846,2.114157071444509,0.3211675795005199,6.582722561014559,Kern
12,64,0.0,0.0001,4,1,6.188221052178665,8.364105146112205,2.17588409393354,0.5014611566843902,0.3211675795005199,1.561369168906348,Kern
3,32,0.1,0.001,8,1,6.786314268398829,8.37881922167381,1.5925049532749807,5.9525504180552185,4.913045119423532,1.211580653823439,Kern
3,32,0.0,0.001,8,2,6.433430921570259,8.398669782762179,1.9652388611919198,5.586676871172867,4.913045119423532,1.137110841723427,Kern
3,64,0.0,0.001,4,2,5.087464095810435,8.399108478070092,3.311644382259657,3.291389556134461,4.913045119423532,0.6699286239245149,Kern
9,8,0.3,0.0001,8,2,14.735704555866974,8.399354079419032,-6.336350476447942,0.6297676163133624,1.7517647756513988,0.3595046692722666,Kern
3,8,0.3,0.001,4,1,6.829504811728244,8.42773633135001,1.5982315196217662,5.319591347892939,4.913045119423532,1.0827483197461678,Kern
9,8,0.4,0.005,6,1,3.1006086077707007,8.447200961311653,5.346592353540952,1.8920401888266822,1.7517647756513988,1.0800766262257566,Kern
12,16,0.3,0.001,6,2,5.396048265595999,8.468625876760496,3.0725776111644976,1.1501474298048087,0.3211675795005199,3.581144247478276,Kern
9,16,0.0,0.001,4,2,3.865017581789254,8.469311034829353,4.604293453040099,1.8077285662123617,1.7517647756513988,1.0319470920632894,Kern
12,32,0.3,0.001,6,2,4.803127369044119,8.470580695986886,3.667453326942767,2.6548939690792928,0.3211675795005199,8.26638222079634,Kern
3,64,0.3,0.0005,8,2,7.295908512721981,8.52637086433172,1.2304623516097397,5.202931769998112,4.913045119423532,1.0590034578409477,Kern
3,32,0.3,0.0005,4,2,7.357950809859571,8.544357275082778,1.1864064652232065,5.462885565284395,4.913045119423532,1.1119143896495252,Kern
9,16,0.2,0.005,8,1,3.7773484695518293,8.545198307276124,4.767849837724294,2.627262735976411,1.7517647756513988,1.4997805484468973,Kern
6,64,0.2,0.005,6,2,2.506742262924982,8.551690497970508,6.044948235045526,3.934645902204281,4.662766479788639,0.843843653603394,Kern
3,32,0.2,0.005,4,1,3.1143161046095047,8.561215589968862,5.446899485359357,4.007422719865875,4.913045119423532,0.8156698386551929,Kern
3,16,0.1,0.005,6,2,5.137061148955005,8.567997594828498,3.430936445873493,4.519658867013802,4.913045119423532,0.9199302585570621,Kern
9,32,0.1,0.005,6,1,2.6490070609527043,8.589304073293548,5.940297012340843,2.002177928407399,1.7517647756513988,1.1429490741203443,Kern
12,16,0.4,0.005,8,1,3.6267312268208305,8.592741606340741,4.966010379519911,1.4289704171456235,0.3211675795005199,4.449298460847012,Kern
12,64,0.1,0.0005,4,1,4.329019056357419,8.59501787837416,4.265998822016741,2.7129356490213454,0.3211675795005199,8.447103076968434,Kern
6,32,0.0,0.005,6,2,4.228460653033546,8.597581692529616,4.36912103949607,4.5090880130995865,4.662766479788639,0.96704135466462,Kern
3,8,0.2,0.005,6,2,5.649440045049376,8.606289494414087,2.956849449364711,3.3720947391525713,4.913045119423532,0.6863553371047065,Kern
9,32,0.0,0.0005,6,1,4.610591648341246,8.606300696541167,3.995709048199921,3.0971308393372463,1.7517647756513988,1.7680061172514268,Kern
3,16,0.0,0.001,6,1,5.791314538886944,8.610801072097725,2.8194865332107817,4.963208719179154,4.913045119423532,1.010210286805082,Kern
3,64,0.0,0.005,4,2,2.953471166939089,8.627115951358425,5.673644784419336,4.8768050748021015,4.913045119423532,0.9926237101959116,Kern
12,64,0.2,0.0005,4,1,5.73578974163477,8.630239285631346,2.8944495439965756,1.5780153573450744,0.3211675795005199,4.913370645316085,Kern
3,8,0.0,0.005,6,1,4.114320026599226,8.642104441911492,4.527784415312266,2.7984607690885563,4.913045119423532,0.5695980193678563,Kern
3,16,0.2,0.001,8,1,7.141640433630406,8.643160157192128,1.5015197235617217,4.6607520394204105,4.913045119423532,0.9486483283034202,Kern
3,64,0.0,0.005,4,1,2.1421024566841136,8.648515330336902,6.506412873652788,5.677314825470499,4.913045119423532,1.1555592687365026,Kern
3,8,0.2,0.005,8,2,5.859076979944213,8.66907756806159,2.8100005881173775,4.277983165778698,4.913045119423532,0.8707396455338582,Kern
3,8,0.2,0.005,6,1,4.130224559246981,8.673099218214071,4.54287465896709,3.6019178792338646,4.913045119423532,0.7331334827343277,Kern
6,64,0.1,0.005,8,2,2.534429815850102,8.680228920567966,6.145799104717865,4.168298967826541,4.662766479788639,0.8939540476441549,Kern
6,16,0.2,0.005,4,1,2.5470560065440706,8.68522154099076,6.138165534446689,2.0245791567200646,4.662766479788639,0.43420127632294336,Kern
3,64,0.1,0.0005,6,2,6.977509084195812,8.685765075887655,1.7082559916918436,6.4364355898286885,4.913045119423532,1.310070523143069,Kern
12,8,0.4,0.005,4,2,3.665791521535858,8.687303568165454,5.021512046629596,0.5346425986731225,0.3211675795005199,1.6646842109798228,Kern
9,16,0.0,0.005,6,2,2.3951507686734104,8.706307248265945,6.311156479592535,2.4354183427459253,1.7517647756513988,1.390265620474249,Kern
9,16,0.3,0.005,6,2,2.656527941140863,8.709268461151298,6.052740520010435,4.111055866894588,1.7517647756513988,2.3468081582847673,Kern
3,32,0.2,0.0005,8,1,7.851837987425336,8.717766252539572,0.8659282651142366,4.187268908350111,4.913045119423532,0.852275687800201,Kern
3,16,0.4,0.005,8,1,5.103111024538683,8.742677513468049,3.6395664889293657,2.5192298476726087,4.913045119423532,0.5127634260293951,Kern
3,8,0.2,0.005,4,2,3.745160107917078,8.746438574028616,5.001278466111538,4.477909556500245,4.913045119423532,0.9114326141229612,Kern
6,8,0.4,0.001,4,1,5.9399198327036355,8.765918703041953,2.825998870338317,3.7682431342167364,4.662766479788639,0.8081560915715319,Kern
3,32,0.0,0.005,8,1,2.8166813879074897,8.77576811144422,5.95908672353673,3.671755976789967,4.913045119423532,0.7473483120018221,Kern
3,64,0.1,0.005,4,1,5.132676786182028,8.797843735817935,3.665166949635907,4.774787191063703,4.913045119423532,0.97185901513234,Kern
3,32,0.2,0.005,4,2,4.3860699827597625,8.822647342630134,4.4365773598703715,4.381293383505337,4.913045119423532,0.8917673819407977,Kern
6,8,0.3,0.005,4,1,4.002730951368704,8.830694271590273,4.827963320221569,1.2828134133210252,4.662766479788639,0.27511852006347415,Kern
6,64,0.3,0.005,8,2,4.591905525811362,8.851585325826766,4.259679800015404,3.7773195616129236,4.662766479788639,0.8101026671582635,Kern
6,8,0.3,0.005,8,1,3.7372076509799177,8.864349311502998,5.127141660523081,3.507185411116966,4.662766479788639,0.7521683589172463,Kern
3,8,0.0,0.001,6,1,6.932802777952389,8.874359574364858,1.9415567964124687,4.895642490366339,4.913045119423532,0.9964578731450293,Kern
6,8,0.4,0.005,6,1,4.606488859721122,8.880979104391812,4.27449024467069,4.083887689871864,4.662766479788639,0.8758507867751905,Kern
12,16,0.2,0.0005,4,2,4.389425772342601,8.894625977001313,4.5052002046587125,0.29059746482211485,0.3211675795005199,0.9048156892861113,Kern
3,32,0.3,0.005,4,2,3.0588846400740723,8.915362273646675,5.856477633572602,3.790696163551044,4.913045119423532,0.7715573684769705,Kern
9,32,0.4,0.005,4,2,3.036807905642725,8.921100495961678,5.884292590318953,2.3128695833280264,1.7517647756513988,1.3203083059299323,Kern
6,64,0.2,0.001,4,1,3.753184294607346,8.963961268807886,5.21077697420054,4.689108074547386,4.662766479788639,1.0056493489161271,Kern
3,64,0.3,0.005,4,2,3.7688939375722788,8.989682191558568,5.2207882539862895,4.93769485307013,4.913045119423532,1.0050172007476883,Kern
6,32,0.0,0.0005,6,1,5.538950458349438,8.99276805710906,3.4538175987596222,8.15681256604656,4.662766479788639,1.7493504342118167,Kern
9,16,0.4,0.005,4,1,3.238537085327264,9.006239787309307,5.767702701982042,2.410492402996552,1.7517647756513988,1.3760365755157988,Kern
3,32,0.2,0.001,8,1,6.599284035515201,9.017835336671757,2.4185513011565556,4.707019821210616,4.913045119423532,0.9580656612742262,Kern
3,32,0.1,0.005,6,2,6.807674861488708,9.020334640377461,2.212659778888753,4.1116537044999495,4.913045119423532,0.8368849877329005,Kern
6,8,0.4,0.005,8,1,4.724631092481361,9.030917637871246,4.306286545389885,3.1605087140180754,4.662766479788639,0.6778183569170164,Kern
3,16,0.3,0.001,4,1,6.265172815591667,9.032016854675074,2.7668440390834075,3.931753472058119,4.913045119423532,0.8002681384940035,Kern
6,64,0.1,0.005,6,2,2.3288893271975213,9.034195687779299,6.705306360581778,4.850655702651048,4.662766479788639,1.0402956535946717,Kern
3,16,0.2,0.0005,8,1,8.866822510836494,9.036516991882909,0.16969448104641494,3.5716537604369654,4.913045119423532,0.7269735314085701,Kern
9,32,0.2,0.001,8,2,4.364815003812258,9.039938085670933,4.675123081858675,2.818764296534602,1.7517647756513988,1.6090997693948015,Kern
6,32,0.4,0.005,6,2,3.112134500502787,9.043426937456571,5.931292436953784,4.469135382482513,4.662766479788639,0.9584729155651598,Kern
3,32,0.3,0.001,8,2,6.680454622870875,9.052318011536945,2.3718633886660703,5.56408670948641,4.913045119423532,1.1325128457479476,Kern
3,8,0.0,0.005,6,2,5.008213541942258,9.056132836087652,4.0479192941453945,4.6952874924243915,4.913045119423532,0.9556776659472871,Kern
6,16,0.3,0.005,4,2,3.3516577126353457,9.070549007921661,5.718891295286316,2.9455560561424172,4.662766479788639,0.6317185449690241,Kern
3,8,0.3,0.005,4,2,5.029355874456269,9.073926587406255,4.044570712949986,3.476032204637472,4.913045119423532,0.7075107433666983,Kern
6,16,0.0,0.0005,6,1,6.383648624958392,9.082727906788483,2.699079281830091,8.245850002635553,4.662766479788639,1.768445843980875,Kern
12,16,0.2,0.0005,4,1,4.441781575256945,9.09982004495208,4.658038469695136,1.2495437108250635,0.3211675795005199,3.890628415135659,Kern
9,32,0.4,0.0005,4,2,4.837357631379036,9.110320585549797,4.272962954170761,2.2810108033568364,1.7517647756513988,1.3021216290347177,Kern
9,32,0.3,0.0005,8,1,4.6543207729016345,9.125354999592497,4.471034226690863,3.885550677036383,1.7517647756513988,2.2180778669850407,Kern
12,16,0.3,0.005,6,2,2.1373820757778947,9.142081498710576,7.004699422932681,1.84058916082688,0.3211675795005199,5.730930761097886,Kern
9,8,0.1,0.0001,8,1,13.841275465094247,9.151597066202193,-4.689678398892054,0.12011014499168231,1.7517647756513988,0.06856522443032856,Kern
3,16,0.4,0.005,4,1,4.043237204180934,9.18539571721678,5.142158513035846,3.668016973138195,4.913045119423532,0.7465872761145289,Kern
3,8,0.1,0.005,6,1,4.014912574975516,9.185617202705346,5.1707046277298305,5.55567441063898,4.913045119423532,1.1308006085014035,Kern
9,16,0.1,0.0005,8,1,5.184061607760078,9.191875744358919,4.007814136598841,2.152635947706798,1.7517647756513988,1.2288384705682498,Kern
6,32,0.4,0.005,6,1,2.559210971005708,9.199821629660162,6.640610658654454,4.500756798642717,4.662766479788639,0.965254601136863,Kern
3,64,0.0,0.005,6,2,3.172598655261442,9.20121008613452,6.028611430873077,5.268742497132123,4.913045119423532,1.0723985571193626,Kern
9,32,0.0,0.005,4,1,1.01783777551995,9.208743005572295,8.190905230052344,4.739271217969956,1.7517647756513988,2.7054267124463927,Kern
6,32,0.0,0.0005,4,2,5.291198162265818,9.234040700138664,3.9428425378728456,5.377618017252209,4.662766479788639,1.1533106023134947,Kern
3,32,0.0,0.005,4,2,2.409102051816104,9.242478814179801,6.833376762363697,6.338735127309085,4.913045119423532,1.2901845949366806,Kern
3,32,0.3,0.005,4,1,3.9595414389011023,9.248195892418726,5.2886544535176245,4.6024198068954645,4.913045119423532,0.9367753999856377,Kern
6,64,0.1,0.001,4,1,2.8683185549264785,9.24826310116034,6.379944546233862,3.220097052593712,4.662766479788639,0.6905979672264604,Kern
9,16,0.3,0.0005,6,1,5.572117825132256,9.25069855340959,3.6785807282773337,1.7925028718223421,1.7517647756513988,1.0232554602862105,Kern
6,8,0.2,0.005,8,2,5.464191060216297,9.251241778873673,3.787050718657376,5.360165134752714,4.662766479788639,1.1495675706658353,Kern
9,16,0.0,0.0005,8,1,5.094697287707725,9.251435783621268,4.156738495913543,2.7955788712118492,1.7517647756513988,1.5958643021419958,Kern
3,8,0.4,0.005,4,1,4.736726818163597,9.25154758351914,4.514820765355542,3.148800983396277,4.913045119423532,0.6409061807610142,Kern
12,16,0.0,0.001,6,2,4.608391422727992,9.252901156260357,4.644509733532365,1.2554874613356806,0.3211675795005199,3.909135110362683,Kern
6,16,0.1,0.001,4,1,5.012984435926402,9.26056821711112,4.2475837811847175,4.563159964359129,4.662766479788639,0.9786378932204162,Kern
12,8,0.3,0.0001,8,2,12.988154938864085,9.262804098493802,-3.7253508403702824,0.47463458283032095,0.3211675795005199,1.4778408940543535,Kern
9,32,0.2,0.005,6,1,2.087902414398995,9.29607905835735,7.208176643958355,4.136237571254414,1.7517647756513988,2.3611832072124765,Kern
6,8,0.1,0.0005,4,2,6.405449207491552,9.2971398132649,2.8916906057733485,3.801017679612196,4.662766479788639,0.8151850829519763,Kern
3,32,0.3,0.0005,4,1,7.252833906002217,9.338911870847856,2.0860779648456385,5.766261675443011,4.913045119423532,1.1736634887895332,Kern
3,16,0.2,0.001,4,1,6.060908962521408,9.353432088336703,3.292523125815295,3.4671644954096683,4.913045119423532,0.7057058120029,Kern
3,64,0.1,0.0005,8,1,6.825553154646981,9.366034017082807,2.5404808624358264,5.320819578321562,4.913045119423532,1.0829983134667154,Kern
12,64,0.1,0.001,4,1,3.224629013978499,9.36629094553222,6.141661931553722,4.075011326242255,0.3211675795005199,12.688115446084927,Kern
12,16,0.2,0.005,8,1,2.429822589755391,9.368311712206566,6.938489122451175,1.7567333663835518,0.3211675795005199,5.4698340633124465,Kern
9,32,0.3,0.001,6,2,3.8143281154292676,9.370051925228381,5.5557238097991135,2.244812509008835,1.7517647756513988,1.2814577277786026,Kern
3,8,0.1,0.005,4,1,3.4195270167714433,9.376778429873557,5.957251413102114,4.495482624066565,4.913045119423532,0.915009431990325,Kern
6,64,0.4,0.0005,4,1,5.238646061957796,9.387263026137335,4.1486169641795385,5.85451968714512,4.662766479788639,1.2555892971527287,Kern
3,64,0.2,0.005,6,2,2.6698445052232525,9.40832990775165,6.738485402528397,5.070124956027367,4.913045119423532,1.0319719914606171,Kern
12,8,0.2,0.001,6,2,5.937591530031669,9.40835218835363,3.4707606583219617,0.697045731920478,0.3211675795005199,2.1703489904072018,Kern
9,32,0.1,0.005,8,1,3.296966319536072,9.417134795980012,6.12016847644394,5.058378010199699,1.7517647756513988,2.887589749781746,Kern
3,64,0.0,0.0005,8,2,6.933858276584655,9.44407987935926,2.510221602774605,5.765744422602932,4.913045119423532,1.1735582072731812,Kern
6,32,0.2,0.0005,4,2,5.834882204363813,9.451190029446865,3.6163078250830516,7.186843676217294,4.662766479788639,1.5413261005820458,Kern
3,64,0.4,0.0005,8,2,7.57677858929262,9.457375720147342,1.8805971308547216,5.943452361671906,4.913045119423532,1.2097288376560393,Kern
6,64,0.4,0.005,4,1,3.487989422802922,9.460265912669707,5.972276489866784,4.133948440094085,4.662766479788639,0.8865870632838287,Kern
12,64,0.3,0.001,4,1,4.244259259715573,9.476275673494069,5.232016413778496,3.5907175950467907,0.3211675795005199,11.1801994479987,Kern
3,32,0.0,0.001,8,1,6.674709425134685,9.476532958505798,2.8018235333711132,5.5725819515984405,4.913045119423532,1.1342419652462494,Kern
6,16,0.4,0.005,8,2,4.144180323875297,9.488667630817853,5.344487306942556,4.454159727167952,4.662766479788639,0.9552611623325081,Kern
12,32,0.3,0.005,8,1,2.113168801576723,9.489424421125058,7.376255619548335,2.776383025215445,0.3211675795005199,8.64465532147821,Kern
9,32,0.2,0.0005,4,2,4.126470696797842,9.496500692376054,5.3700299955782125,1.921158234958591,1.7517647756513988,1.0966987472642853,Kern
3,16,0.3,0.005,6,2,4.469484367816407,9.513803082081093,5.044318714264686,2.1227445086559715,4.913045119423532,0.4320628972577077,Kern
6,64,0.2,0.005,6,1,2.8946205012585104,9.546303230099406,6.651682728840896,4.289855024300575,4.662766479788639,0.9200235617407614,Kern
6,8,0.0,0.001,8,2,5.792946068255141,9.55332504802115,3.76037897976601,5.0149500141210535,4.662766479788639,1.075531025595856,Kern
9,32,0.0,0.005,6,1,2.085959029342667,9.555593968337972,7.469634938995305,4.501727410178885,1.7517647756513988,2.569824141203493,Kern
6,32,0.3,0.005,6,1,2.6205092940087344,9.563885835271162,6.9433765412624275,4.383992192800364,4.662766479788639,0.9402126852810113,Kern
3,32,0.1,0.005,6,1,2.888545281249975,9.61950692354443,6.730961642294455,4.498953558783855,4.913045119423532,0.9157159051923659,Kern
3,16,0.1,0.001,4,2,6.174157743268451,9.631842647455464,3.457684904187013,4.518720676128327,4.913045119423532,0.9197392994140724,Kern
3,32,0.4,0.005,4,2,3.9980868700903613,9.647838433919386,5.6497515638290245,5.009136267270778,4.913045119423532,1.0195583686922298,Kern
6,32,0.1,0.005,8,2,2.460396146608428,9.663553814567463,7.203157667959035,4.7887693368386985,4.662766479788639,1.0270231969789256,Kern
9,32,0.2,0.001,8,1,3.9553297247407855,9.676367434203833,5.721037709463047,2.974359488183832,1.7517647756513988,1.6979217355696672,Kern
3,32,0.4,0.005,8,2,4.468124903564525,9.703131277797079,5.235006374232554,3.613931326754323,4.913045119423532,0.7355786968995638,Kern
3,8,0.2,0.005,4,1,3.5435753346728127,9.705182322671059,6.161606987998246,4.923877272410288,4.913045119423532,1.0022047737652422,Kern
12,16,0.2,0.0005,6,1,6.385173033798542,9.708236831530336,3.323063797731794,0.3685635673305172,0.3211675795005199,1.1475740107507353,Kern
3,64,0.0,0.005,6,1,2.4866156352408266,9.713638175787825,7.227022540546998,5.3389493630383935,4.913045119423532,1.0866884454065089,Kern
3,16,0.2,0.005,4,2,3.4067142185024726,9.723717081755161,6.317002863252689,5.277179887022661,4.913045119423532,1.0741159013906745,Kern
3,8,0.0,0.005,8,2,3.6624528702944286,9.732608612329082,6.070155742034654,4.153147799218086,4.913045119423532,0.8453306856065251,Kern
12,8,0.2,0.001,6,1,5.875629270475299,9.74639494590751,3.87076567543221,1.285183580459141,0.3211675795005199,4.001598114161646,Kern
6,16,0.3,0.0005,4,1,6.258093786660479,9.750025777528734,3.491931990868255,7.644408369052003,4.662766479788639,1.6394576915201897,Kern
3,32,0.0,0.001,4,2,6.084631650530107,9.75800528489694,3.6733736343668335,2.640086999428183,4.913045119423532,0.5373626610899017,Kern
6,64,0.2,0.005,8,2,5.2692480894867995,9.772567186693449,4.503319097206649,4.76500753687402,4.662766479788639,1.0219271236354122,Kern
9,8,0.4,0.005,4,1,3.5073583238957324,9.77298072713286,6.265622403237127,2.1747638317322324,1.7517647756513988,1.2414702373059991,Kern
3,8,0.2,0.001,6,1,7.032825354231158,9.774432800872416,2.7416074466412583,4.456904618157506,4.913045119423532,0.9071572741185112,Kern
3,16,0.2,0.005,4,1,2.8494026336772422,9.788760453197735,6.9393578195204935,5.975454217944966,4.913045119423532,1.2162424876419802,Kern
3,16,0.4,0.005,6,1,5.6846315722589855,9.789833239844738,4.105201667585752,3.789681384065586,4.913045119423532,0.7713508205091031,Kern
12,16,0.4,0.0005,4,2,5.957693381342466,9.805989727682057,3.848296346339591,0.0778716091744142,0.3211675795005199,0.24246410330557086,Kern
3,64,0.3,0.0005,6,1,7.26282262999704,9.819881817776393,2.5570591877793527,6.675280551227223,4.913045119423532,1.3586849680734179,Kern
3,16,0.4,0.001,4,2,6.251614615872178,9.821167715866341,3.569553099994163,3.3938762972319982,4.913045119423532,0.6907887501001041,Kern
9,8,0.0,0.0005,4,1,5.84593992894192,9.833997065610692,3.988057136668772,1.510786784140843,1.7517647756513988,0.8624370150262056,Kern
12,64,0.2,0.005,8,2,2.368969580131023,9.843168230888638,7.474198650757615,1.3584423888410557,0.3211675795005199,4.229699619599545,Kern
12,8,0.4,0.005,8,2,3.9268033646952323,9.851997803137063,5.925194438441832,1.3298648720268635,0.3211675795005199,4.140719539920781,Kern
12,16,0.3,0.001,8,1,5.481318149982767,9.860603385363197,4.37928523538043,0.9612719543647549,0.3211675795005199,2.993054142823899,Kern
3,32,0.4,0.001,8,1,7.042004193060771,9.86646745162046,2.824463258559689,6.413924886429091,4.913045119423532,1.3054887000878315,Kern
6,64,0.0,0.005,6,1,2.247922493445364,9.868292534643405,7.620370041198042,5.331217055711792,4.662766479788639,1.1433592222172477,Kern
3,32,0.1,0.005,4,1,2.4753599686676826,9.868505007129347,7.393145038461665,5.162094971487327,4.913045119423532,1.0506915458763417,Kern
6,32,0.3,0.005,4,2,3.656343968777114,9.873110372935876,6.216766404158762,3.357271311000625,4.662766479788639,0.7200170382868517,Kern
3,64,0.4,0.0005,6,2,6.88482879888075,9.878292747881305,2.9934639490005557,5.342459077062716,4.913045119423532,1.0874028117392027,Kern
9,16,0.1,0.005,6,2,2.6667978054858104,9.879521339857597,7.212723534371786,3.3227565590743584,1.7517647756513988,1.8968052133819062,Kern
3,64,0.4,0.005,4,1,3.1228618273422994,9.905579671973618,6.782717844631318,4.808394423194743,4.913045119423532,0.978699422927126,Kern
3,16,0.4,0.005,8,2,5.105978850675472,9.933950601868315,4.827971751192843,2.253623710565266,4.913045119423532,0.4587020179512809,Kern
3,8,0.3,0.005,6,2,5.961986741371003,9.937724260909452,3.9757375195384483,3.19333464421287,4.913045119423532,0.6499705511736796,Kern
6,64,0.4,0.005,6,2,3.143098513788986,9.950739538925642,6.807641025136656,5.849858959960463,4.662766479788639,1.254589734510066,Kern
6,64,0.3,0.005,8,1,3.0011543038676387,9.961854793762232,6.9607004898945934,3.7626253311308058,4.662766479788639,0.8069512696894408,Kern
3,32,0.1,0.001,6,1,6.301086015916754,9.978649835184049,3.677563819267295,5.133834767379846,4.913045119423532,1.0449394708555455,Kern
9,32,0.3,0.0005,4,1,4.211541053547497,10.00881441435634,5.797273360808844,2.618860830793141,1.7517647756513988,1.4949842965185267,Kern
3,32,0.3,0.001,6,2,6.226356565674026,10.024060436009691,3.797703870335665,3.190055367408663,4.913045119423532,0.6493030879763151,Kern
3,8,0.1,0.005,8,2,3.6314370407016163,10.035603920190123,6.404166879488507,4.559998325163579,4.913045119423532,0.9281409419864279,Kern
3,32,0.1,0.005,4,2,3.108299381634063,10.039570644080316,6.931271262446252,6.005879302978022,4.913045119423532,1.2224352019960112,Kern
9,32,0.4,0.005,6,2,2.3383048187184867,10.040941158453732,7.702636339735245,3.154992726678253,1.7517647756513988,1.8010367433635945,Kern
3,32,0.3,0.001,4,1,6.3308439285174245,10.093705792104801,3.7628618635873767,3.973253691704778,4.913045119423532,0.808715083034079,Kern
3,64,0.1,0.005,4,2,4.99679711743101,10.111580202174778,5.1147830847437685,5.692306479768621,4.913045119423532,1.1586106663796572,Kern
9,64,0.0,0.005,4,2,1.2584416167271855,10.125333832698333,8.866892215971147,5.774942630519341,1.7517647756513988,3.2966427403884246,Kern
3,8,0.4,0.005,8,1,6.137923266809982,10.139810854736862,4.00188758792688,3.6405232646397114,4.913045119423532,0.7409912134222104,Kern
12,64,0.0,0.005,8,2,1.751215880498248,10.155778510934352,8.404562630436104,1.0278684341119686,0.3211675795005199,3.2004115599417307,Kern
3,64,0.2,0.005,4,1,3.547905050320303,10.18576173385456,6.637856683534258,5.397255696890994,4.913045119423532,1.0985561023148667,Kern
9,64,0.0,0.001,6,2,4.7445324987385895,10.193698173822805,5.449165675084215,2.648334459811513,1.7517647756513988,1.5118094030785167,Kern
9,64,0.1,0.005,6,1,1.782904954306496,10.195191838088418,8.412286883781922,5.225890517045338,1.7517647756513988,2.9832147498810593,Kern
3,32,0.2,0.001,6,1,6.145727571629137,10.196289152214838,4.050561580585701,3.3158453242031163,4.913045119423532,0.6749063449659869,Kern
9,32,0.4,0.001,8,1,5.442360083555999,10.200677997435033,4.758317913879034,3.4851006293107005,1.7517647756513988,1.9894797964611177,Kern
3,64,0.0,0.005,8,1,2.0883779637861832,10.222587994700387,8.134210030914204,6.039612325814285,4.913045119423532,1.2293012132001218,Kern
6,32,0.3,0.001,6,1,5.350350311063682,10.242825077862463,4.892474766798781,6.566901200376606,4.662766479788639,1.4083701658321695,Kern
3,8,0.4,0.001,4,2,6.998047914476579,10.244701851498435,3.246653937021857,3.5701507503968415,4.913045119423532,0.7266676091132137,Kern
3,8,0.4,0.005,6,1,4.990852216050528,10.254747995275105,5.263895779224577,4.239644313013252,4.913045119423532,0.8629361648343069,Kern
9,16,0.2,0.001,6,1,4.4618345755366695,10.264802778435731,5.802968202899062,2.230936664332341,1.7517647756513988,1.2735366616232826,Kern
3,16,0.1,0.005,4,2,3.345680633310475,10.29706325858956,6.951382625279085,6.0311032542527165,4.913045119423532,1.2275692788590493,Kern
3,32,0.3,0.005,6,1,3.3947194945085224,10.298646604596282,6.90392711008776,5.596879408759379,4.913045119423532,1.1391874637243478,Kern
9,16,0.2,0.0005,6,1,5.0481783577577275,10.31891390570839,5.270735547950663,2.4365077874687278,1.7517647756513988,1.390887533152221,Kern
6,64,0.2,0.0005,8,2,5.870525034019912,10.325324180527918,4.454799146508006,8.302634673420672,4.662766479788639,1.780624165805753,Kern
12,16,0.0,0.001,4,1,4.514527278001228,10.325704545854945,5.811177267853717,1.7557913739580622,0.3211675795005199,5.466901038668569,Kern
3,16,0.0,0.001,6,2,6.486698182875819,10.328257277477785,3.8415590946019664,6.092861989435053,4.913045119423532,1.2401396366882855,Kern
6,64,0.2,0.0005,6,1,5.184547911269829,10.349880907701992,5.165332996432164,7.562421832312989,4.662766479788639,1.621874452665232,Kern
3,16,0.0,0.005,6,2,1.7754852552067262,10.369624593234294,8.594139338027567,5.5899341535554505,4.913045119423532,1.1377738281816026,Kern
3,32,0.2,0.0005,4,1,6.920971976186322,10.376455574286831,3.4554835981005096,5.897001256396219,4.913045119423532,1.2002741910679093,Kern
9,8,0.1,0.0001,8,2,15.747384826102508,10.382791227240912,-5.364593598861596,0.12736592213323966,1.7517647756513988,0.07270720584382015,Kern
3,64,0.4,0.005,8,2,3.5965841695014746,10.3838933961554,6.787309226653926,5.2292840994750875,4.913045119423532,1.0643672045268457,Kern
3,64,0.2,0.0005,8,1,6.868968433601576,10.398273628644366,3.5293051950427907,6.503932359485232,4.913045119423532,1.3238087991034704,Kern
12,32,0.2,0.001,4,2,3.3358701347344146,10.410663017004747,7.074792882270333,3.631832995449404,0.3211675795005199,11.308217974857966,Kern
3,32,0.0,0.0005,4,2,6.6570223187482105,10.41537822566864,3.7583559069204293,6.312478053741947,4.913045119423532,1.284840236615335,Kern
3,32,0.4,0.005,4,1,3.094525707230997,10.442998033231138,7.348472326000142,4.917275394628567,4.913045119423532,1.0008610291788917,Kern
3,32,0.1,0.001,4,1,5.992266890959737,10.447624972981409,4.455358082021672,3.074079434592315,4.913045119423532,0.6256973750228879,Kern
12,32,0.1,0.005,8,1,2.1094112989459717,10.456187397463014,8.346776098517042,3.0799958255333504,0.3211675795005199,9.589996070971306,Kern
9,32,0.1,0.001,6,2,4.368706649109294,10.45879692739912,6.090090278289827,4.07512462894626,1.7517647756513988,2.326296706948519,Kern
6,32,0.1,0.005,8,1,4.792755022201179,10.461678676478725,5.668923654277545,4.272470157927428,4.662766479788639,0.9162951171685306,Kern
9,32,0.3,0.005,8,1,3.2208100570820344,10.464572506437815,7.24376244935578,0.974073074507185,1.7517647756513988,0.5560524381162837,Kern
3,16,0.1,0.001,6,2,6.942627481162713,10.480984432451306,3.538356951288593,7.0939461467416525,4.913045119423532,1.443900060818903,Kern
9,32,0.3,0.001,4,1,4.250095379343339,10.53367045466223,6.2835750753188915,2.5093191550239964,1.7517647756513988,1.432452113378578,Kern
6,32,0.2,0.005,8,2,3.418712383992365,10.557309700400621,7.138597316408256,3.9061984200842392,4.662766479788639,0.8377426656505659,Kern
9,64,0.4,0.001,8,1,3.8859960986657693,10.561160970915003,6.675164872249233,3.213657551282295,1.7517647756513988,1.8345257285398304,Kern
6,64,0.4,0.005,6,1,3.7832692474516794,10.562087086971808,6.778817839520128,4.401264799039184,4.662766479788639,0.9439170539886639,Kern
6,16,0.2,0.001,6,1,5.482986040018675,10.581357795504847,5.098371755486172,5.611034212472756,4.662766479788639,1.2033701959543772,Kern
9,8,0.2,0.001,8,2,5.525136866997442,10.617360598083279,5.092223731085837,0.87691617005822,1.7517647756513988,0.5005901375840465,Kern
3,16,0.3,0.005,4,1,5.471363900156503,10.639049338591382,5.167685438434879,6.004625766144423,4.913045119423532,1.2221800574159944,Kern
6,64,0.4,0.005,4,2,2.349283481067514,10.642493200426152,8.293209719358638,5.2329569978828205,4.662766479788639,1.1222858834054303,Kern
6,32,0.1,0.005,6,2,3.226376534225326,10.651445800821135,7.425069266595809,6.063799552587016,4.662766479788639,1.30047249393066,Kern
3,64,0.4,0.0005,4,2,6.914053386459582,10.66271912487448,3.748665738414898,6.934944709179829,4.913045119423532,1.4115369471700547,Kern
12,32,0.4,0.001,8,1,4.123919743277317,10.692578957105729,6.568659213828412,1.6929187831186945,0.3211675795005199,5.27113846843297,Kern
6,64,0.1,0.005,8,1,4.264647906515641,10.719170397191373,6.454522490675732,3.708533802774331,4.662766479788639,0.7953505325324457,Kern
6,32,0.0,0.001,4,2,3.2935429493327417,10.73373608901825,7.440193139685507,5.112731677575373,4.662766479788639,1.0965017655799763,Kern
9,32,0.4,0.001,8,2,4.922199125504188,10.74039624930241,5.818197123798222,3.1468268593146105,1.7517647756513988,1.796375234308758,Kern
6,32,0.3,0.0005,4,1,5.615441588677547,10.753813062515137,5.13837147383759,7.753974081277304,4.662766479788639,1.662955696985449,Kern
9,32,0.0,0.0005,8,1,4.9197682989738105,10.767522627276842,5.847754328303031,5.269691144972538,1.7517647756513988,3.0082184652976527,Kern
6,8,0.3,0.001,6,2,6.005301612398514,10.800138186759115,4.794836574360601,5.0500962105136065,4.662766479788639,1.083068652999008,Kern
9,64,0.0,0.005,8,1,1.4519311377439819,10.805990183890856,9.354059046146874,6.687043274815755,1.7517647756513988,3.8173180370801547,Kern
3,16,0.1,0.001,4,1,6.424494521197341,10.829128346365296,4.404633825167955,6.41594051982028,4.913045119423532,1.3058989616144803,Kern
6,32,0.2,0.0005,6,1,5.815289020707701,10.833522415020722,5.018233394313021,9.075015734645651,4.662766479788639,1.9462728348036462,Kern
9,16,0.2,0.0005,8,2,5.474064836232458,10.84461863396003,5.370553797727572,1.0085814227896768,1.7517647756513988,0.5757516287622765,Kern
3,8,0.0,0.005,8,1,3.428761400947195,10.844928450868837,7.416167049921642,7.556052816168531,4.913045119423532,1.5379571391062483,Kern
3,64,0.1,0.001,4,1,5.581277139552598,10.85367438426911,5.272397244716513,2.9075573817770395,4.913045119423532,0.5918035171877671,Kern
3,32,0.1,0.001,4,2,6.17119022116584,10.8858310609933,4.714640839827461,4.804112361066357,4.913045119423532,0.9778278530505423,Kern
3,32,0.4,0.001,8,2,6.702167208712887,10.886024576482352,4.183857367769465,6.62537830396956,4.913045119423532,1.348527876891744,Kern
12,64,0.4,0.0005,4,2,5.09122809618808,10.8876266377304,5.796398541542319,3.326969327905263,0.3211675795005199,10.358982476000127,Kern
6,16,0.3,0.0005,8,1,6.516784303002067,10.90806965031586,4.391285347313792,6.150803151186052,4.662766479788639,1.3191317167281484,Kern
9,16,0.0,0.0005,6,2,5.773061584678454,10.913538468812881,5.140476884134427,1.8831900415581952,1.7517647756513988,1.075024494003726,Kern
12,16,0.0,0.001,8,2,3.9941143968257067,10.960950123750292,6.966835726924586,0.03036379435685438,0.3211675795005199,0.09454190365066169,Kern
3,8,0.4,0.005,4,2,5.059700373553853,10.974877800780211,5.915177427226358,3.9564345953772633,4.913045119423532,0.8052917282879519,Kern
3,32,0.3,0.005,6,2,4.305522060059566,10.988131779786865,6.682609719727299,5.449732103915559,4.913045119423532,1.109237137344873,Kern
9,32,0.2,0.005,8,2,3.133557767455493,10.991480051713209,7.857922284257716,1.6361829852128056,1.7517647756513988,0.934019799892589,Kern
9,64,0.4,0.005,6,2,2.0223328527281375,11.008122133752236,8.985789281024099,3.8036105537270344,1.7517647756513988,2.1713021100750534,Kern
3,64,0.3,0.001,6,1,6.2889151563299395,11.011064176185656,4.722149019855716,2.2606860451742667,4.913045119423532,0.4601394838074523,Kern
3,16,0.3,0.005,6,1,4.804508921640956,11.01127828679276,6.206769365151803,4.441111721823568,4.913045119423532,0.9039427918676762,Kern
3,8,0.3,0.005,8,2,4.930149782865026,11.017576037268636,6.08742625440361,3.879301665116566,4.913045119423532,0.7895921105588668,Kern
12,16,0.1,0.001,8,1,5.308240584099945,11.037319833850349,5.729079249750404,1.246737754206681,0.3211675795005199,3.8818916783120163,Kern
12,16,0.4,0.001,4,1,4.064387962755952,11.053673040257014,6.989285077501061,1.7386593961576697,0.3211675795005199,5.4135582391648445,Kern
6,32,0.2,0.0005,4,1,5.857123543132281,11.060791958673548,5.203668415541267,8.68422069101946,4.662766479788639,1.8624609936316416,Kern
3,64,0.3,0.001,8,1,6.564345460801698,11.071129221954264,4.506783761152566,5.976480027343209,4.913045119423532,1.2164512806355938,Kern
6,32,0.3,0.005,8,2,3.3778652626607837,11.111749989857115,7.733884727196331,3.9824346794384033,4.662766479788639,0.8540926715289687,Kern
9,16,0.2,0.005,6,2,3.6756690493170447,11.133163408623565,7.45749435930652,0.9657031930561668,1.7517647756513988,0.5512744670282956,Kern
3,16,0.2,0.001,6,2,6.94040281575438,11.134674379088382,4.194271563334002,5.4065557091802905,4.913045119423532,1.1004490245378948,Kern
9,64,0.4,0.005,8,1,2.436790373173077,11.138963141636005,8.702172768462928,4.323994928972958,1.7517647756513988,2.4683650391160925,Kern
6,32,0.2,0.001,4,2,3.9161007020013265,11.15406163161709,7.237960929615763,6.025812259749635,4.662766479788639,1.292325550908306,Kern
3,32,0.0,0.005,8,2,2.839092664716606,11.169397145376124,8.330304480659517,6.364988076545023,4.913045119423532,1.2955281137926642,Kern
3,32,0.4,0.005,6,1,3.8151448169285183,11.180562761141989,7.365417944213471,5.979302645689231,4.913045119423532,1.2170257956822523,Kern
3,32,0.2,0.001,8,2,6.417957822281463,11.183424458669068,4.765466636387605,5.919476958232114,4.913045119423532,1.2048488899134455,Kern
3,64,0.0,0.0005,6,1,6.757931349079906,11.186308338570068,4.428376989490163,7.007750335358988,4.913045119423532,1.426355786486495,Kern
6,32,0.1,0.001,6,2,5.049262664060343,11.191575574784926,6.142312910724582,6.748461743845634,4.662766479788639,1.4473085394899594,Kern
9,64,0.1,0.005,8,1,1.7762216683949008,11.192082445684704,9.415860777289804,5.486035418461814,1.7517647756513988,3.131719220933539,Kern
6,32,0.4,0.0005,8,2,6.274231654773274,11.193369679813081,4.919138025039807,8.86966397623716,4.662766479788639,1.9022320793211198,Kern
9,64,0.1,0.0005,8,1,4.073722381381707,11.206146663827258,7.132424282445552,3.4167664480016846,1.7517647756513988,1.9504710309814,Kern
12,16,0.3,0.001,4,2,4.056006509253529,11.21258128477179,7.156574775518261,2.2542609307734116,0.3211675795005199,7.018955444628752,Kern
9,8,0.1,0.005,4,1,2.5315070734486502,11.215658206466513,8.684151133017863,3.425312875135078,1.7517647756513988,1.9553497836839229,Kern
3,64,0.4,0.001,8,2,6.545181992612318,11.231220919605706,4.686038926993388,5.881055084840895,4.913045119423532,1.197028511216063,Kern
9,32,0.2,0.0005,4,1,4.077476092107789,11.252810157969815,7.175334065862026,3.5022443771242986,1.7517647756513988,1.999266354594885,Kern
3,16,0.1,0.005,8,1,2.9533593972073318,11.270562647730666,8.317203250523335,5.65722398752906,4.913045119423532,1.151469984503795,Kern
3,16,0.3,0.005,4,2,3.968545323137432,11.276779720154234,7.308234397016802,6.354201863639637,4.913045119423532,1.2933326906603295,Kern
9,16,0.2,0.001,6,2,4.280657719170401,11.276883410020629,6.996225690850228,1.9009650925556263,1.7517647756513988,1.085171433389935,Kern
3,32,0.2,0.001,4,1,5.848377438755595,11.308583951430215,5.46020651267462,3.2328289704490922,4.913045119423532,0.6580092166604026,Kern
3,32,0.4,0.005,6,2,3.7264274865126543,11.31597495591641,7.5895474694037555,5.586602308298724,4.913045119423532,1.1370956652142905,Kern
3,64,0.2,0.0005,8,2,6.927215925265733,11.32604985062507,4.398833925359337,6.778726364287969,4.913045119423532,1.3797403035214433,Kern
6,32,0.1,0.0005,8,2,6.111604858427495,11.326628948196847,5.215024089769352,6.245679242610283,4.662766479788639,1.3394793133396201,Kern
3,64,0.0,0.001,4,1,5.267496915957718,11.32766662252364,6.060169706565922,3.095727147363598,4.913045119423532,0.6301035451770556,Kern
6,64,0.0,0.005,6,2,1.3844132243750102,11.328979126367186,9.944565901992176,6.302524102977717,4.662766479788639,1.3516705437205185,Kern
9,64,0.1,0.0005,4,1,4.679748539833058,11.337415451212754,6.657666911379696,3.915496688404404,1.7517647756513988,2.2351726343786167,Kern
9,16,0.1,0.001,4,1,3.447798364547647,11.346273112052867,7.89847474750522,3.7424528043340892,1.7517647756513988,2.136390031556861,Kern
9,64,0.1,0.001,6,2,4.285198073240225,11.357501649112782,7.072303575872557,2.4210599296868316,1.7517647756513988,1.3820690787589067,Kern
6,32,0.0,0.001,6,1,5.179079342439267,11.379508950753387,6.20042960831412,7.888497244717265,4.662766479788639,1.6918062010849078,Kern
3,8,0.2,0.001,4,2,6.374028508419908,11.387273840209264,5.013245331789356,3.8276651367208565,4.913045119423532,0.7790820242192225,Kern
6,16,0.2,0.005,6,2,4.451529042042763,11.3992215583574,6.947692516314637,4.002419061026552,4.662766479788639,0.8583786210129872,Kern
3,64,0.2,0.005,8,1,2.9182858751076908,11.442551157284486,8.524265282176795,5.624871153196312,4.913045119423532,1.1448848965295686,Kern
3,32,0.1,0.001,6,2,6.544233890818667,11.469646125037906,4.925412234219239,5.02428323802419,4.913045119423532,1.0226413794086446,Kern
3,64,0.2,0.005,6,1,5.294019331374813,11.485072060429562,6.191052729054749,5.644979658912356,4.913045119423532,1.1489777768567908,Kern
12,32,0.0,0.0005,4,2,4.159084387541325,11.487753636958313,7.328669249416988,1.892677799337735,0.3211675795005199,5.893115993467427,Kern
9,32,0.2,0.001,6,2,3.412673720586858,11.538403280287632,8.125729559700774,3.9194234970716915,1.7517647756513988,2.237414264488931,Kern
6,32,0.4,0.0005,4,1,5.5975599065711155,11.5422682589066,5.944708352335484,7.138194419587101,4.662766479788639,1.5308925399821165,Kern
12,32,0.4,0.001,4,1,4.192183758838311,11.550413439687489,7.358229680849178,1.6831081685182088,0.3211675795005199,5.2405917531768935,Kern
9,16,0.1,0.0005,6,2,5.068282911425408,11.567800381240309,6.499517469814901,5.313987693897698,1.7517647756513988,3.033505278653452,Kern
3,32,0.1,0.0005,4,1,6.4341900512216395,11.569394782223174,5.135204731001535,6.520909208702422,4.913045119423532,1.3272642628341154,Kern
12,64,0.1,0.005,8,1,2.0350080616732136,11.574209935569423,9.539201873896209,2.676050767841417,0.3211675795005199,8.332256861054326,Kern
9,32,0.4,0.001,4,1,3.8144113261634756,11.582372365226401,7.767961039062926,2.757776337022677,1.7517647756513988,1.5742846159223576,Kern
12,32,0.2,0.005,8,1,2.0583671906322754,11.609545725750804,9.55117853511853,1.6995079628657428,0.3211675795005199,5.291654797501103,Kern
3,64,0.1,0.001,8,2,6.123426198938892,11.622654558906483,5.49922835996759,3.1066157857380072,4.913045119423532,0.6323198159642628,Kern
3,64,0.1,0.0005,4,2,6.632618538737897,11.625953763561881,4.993335224823984,6.6695610874002655,4.913045119423532,1.3575208298072445,Kern
3,32,0.4,0.001,4,2,6.3242546317732655,11.63961037969058,5.315355747917315,5.933590978732656,4.913045119423532,1.2077216541884455,Kern
12,32,0.1,0.001,6,1,4.843335185090063,11.648493287589927,6.805158102499864,3.4040883007688807,0.3211675795005199,10.599103141303745,Kern
9,64,0.1,0.001,4,2,3.2732810100145215,11.665699051302921,8.3924180412884,3.8431087793030554,1.7517647756513988,2.1938497866381543,Kern
6,8,0.0,0.001,4,2,4.9774625302009285,11.666663471962503,6.689200941761574,6.604943083026681,4.662766479788639,1.4165288164562084,Kern
3,64,0.0,0.0005,6,2,6.7475095257504565,11.667792874286395,4.920283348535938,6.774820122692731,4.913045119423532,1.3789452280641072,Kern
3,16,0.3,0.005,8,2,4.1454707507028115,11.668233636106383,7.522762885403571,4.808435948156936,4.913045119423532,0.9787078749077579,Kern
3,32,0.2,0.0005,4,2,6.531527187218253,11.67065573867571,5.139128551457458,7.218773254663628,4.913045119423532,1.4693073397849512,Kern
9,64,0.3,0.005,8,2,3.4477987381505235,11.685813753948453,8.23801501579793,5.613100129178621,1.7517647756513988,3.2042544793671706,Kern
9,8,0.2,0.005,8,2,3.342660664451599,11.688638298448435,8.345977633996835,2.7948026264236314,1.7517647756513988,1.5954211805545502,Kern
6,64,0.1,0.001,6,2,3.765592433534915,11.714121703086336,7.948529269551422,7.17012893976575,4.662766479788639,1.5377413753928266,Kern
9,16,0.1,0.005,4,1,4.407182227897852,11.743309907083525,7.336127679185672,3.710942881559923,1.7517647756513988,2.1184025008037954,Kern
6,64,0.4,0.001,4,1,4.237054038350285,11.768377410495095,7.53132337214481,4.521268021765081,4.662766479788639,0.9696535396664404,Kern
9,16,0.1,0.001,6,2,3.788190297936413,11.771498438085924,7.983308140149511,1.7178239224819765,1.7517647756513988,0.9806247655842941,Kern
3,64,0.3,0.001,8,2,6.442091045730444,11.774954976588646,5.332863930858202,5.655369988991601,4.913045119423532,1.1510926220956768,Kern
3,64,0.3,0.001,4,2,5.995725473324746,11.775442606106623,5.779717132781877,2.7485462017131312,4.913045119423532,0.5594384205524312,Kern
9,32,0.4,0.0005,8,1,4.710538653967388,11.777150885946977,7.0666122319795885,2.5693519302788173,1.7517647756513988,1.4667219971490728,Kern
3,32,0.0,0.001,6,1,6.142700756195816,11.80341216300048,5.660711406804665,5.217483281981336,4.913045119423532,1.061965269025155,Kern
3,32,0.4,0.001,4,1,6.520013365054975,11.844269052674203,5.324255687619228,4.57117405658561,4.913045119423532,0.9304156476222154,Kern
3,64,0.1,0.005,6,2,4.019271074099954,11.851108318337843,7.831837244237889,6.013534300400539,4.913045119423532,1.223993298296054,Kern
9,32,0.3,0.001,6,1,3.380351365924256,11.855995695216256,8.475644329292,3.525217257206699,1.7517647756513988,2.0123804897811333,Kern
9,32,0.3,0.001,8,2,4.2220414820369125,11.860845761164157,7.638804279127244,5.761971332696535,1.7517647756513988,3.2892380374265313,Kern
6,16,0.2,0.005,8,2,5.04810454988801,11.864439441218083,6.816334891330073,4.973988433732552,4.662766479788639,1.0667462021297753,Kern
3,64,0.0,0.0005,8,1,6.702891322182714,11.881053606666324,5.1781622844836095,5.630112128902773,4.913045119423532,1.1459516434409172,Kern
9,16,0.1,0.005,6,1,3.0165351525110577,11.901279652848906,8.884744500337849,2.6685136149603332,1.7517647756513988,1.523328732288294,Kern
3,64,0.2,0.001,8,1,6.393698868418137,11.907712798078007,5.51401392965987,4.8391437869490055,4.913045119423532,0.9849581408926288,Kern
3,16,0.4,0.005,4,2,4.036918572516849,11.928431951677041,7.891513379160192,5.403065177840315,4.913045119423532,1.0997385626440734,Kern
9,16,0.0,0.0005,4,1,4.208779861454806,11.951712396138797,7.742932534683991,2.706546239832849,1.7517647756513988,1.5450397664414801,Kern
9,8,0.3,0.0005,4,1,5.950620024573434,11.974733954797568,6.024113930224134,1.0141789326621897,1.7517647756513988,0.5789469834984348,Kern
6,32,0.0,0.0005,8,1,5.836410008598365,11.97748291904264,6.141072910444275,6.145915852615064,4.662766479788639,1.3180835624634706,Kern
3,32,0.3,0.001,8,1,6.656703643103988,11.994305421570285,5.337601778466297,5.418154873343121,4.913045119423532,1.1028099155700113,Kern
3,32,0.0,0.005,6,1,6.115033145437351,11.997832982720205,5.882799837282853,7.922610469749799,4.913045119423532,1.612566194116164,Kern
3,32,0.3,0.001,6,1,6.517136703153814,12.032308804566426,5.515172101412612,5.985827020318307,4.913045119423532,1.2183537652959004,Kern
3,64,0.0,0.001,6,1,5.98599949451847,12.043835986258012,6.0578364917395415,3.7100938455838013,4.913045119423532,0.7551515924240325,Kern
9,16,0.3,0.005,6,1,3.0519483295723964,12.053047826097895,9.001099496525498,1.535671843139597,1.7517647756513988,0.8766427230896643,Kern
3,64,0.0,0.001,6,2,6.062503638509427,12.05703536214324,5.994531723633814,3.139281268250537,4.913045119423532,0.6389685402724089,Kern
9,16,0.4,0.001,6,2,4.4655462998070075,12.05827300053695,7.592726700729942,2.6145799525863254,1.7517647756513988,1.492540544785236,Kern
9,64,0.3,0.005,6,1,1.8364345000262456,12.07400415490231,10.237569654876065,5.211956816105433,1.7517647756513988,2.975260656310064,Kern
3,64,0.3,0.001,6,2,6.439245669817455,12.078917330808714,5.639671660991259,4.156420558661559,4.913045119423532,0.8459968222618824,Kern
3,32,0.2,0.001,4,2,6.1365411828678065,12.08858681949962,5.952045636631813,4.726387190072341,4.913045119423532,0.9620076907876856,Kern
3,64,0.4,0.005,6,1,3.238571544270179,12.10436579259212,8.86579424832194,6.017830934305117,4.913045119423532,1.2248678341083938,Kern
12,16,0.3,0.0005,6,1,6.304615988653009,12.12421448937263,5.8195985007196205,0.7757685315869666,0.3211675795005199,2.415463393887523,Kern
3,64,0.4,0.005,4,2,3.3258326570675014,12.150010493753365,8.824177836685864,6.004208535514463,4.913045119423532,1.2220951343957864,Kern
3,16,0.2,0.005,6,1,4.058082952480221,12.158270052504792,8.10018710002457,6.1022855184390075,4.913045119423532,1.2420576994731558,Kern
9,16,0.4,0.0005,4,1,4.863935403249156,12.165339955704722,7.3014045524555655,1.840411788762834,1.7517647756513988,1.0506044043946892,Kern
9,32,0.4,0.001,6,2,3.9260166875853364,12.2061669939436,8.280150306358264,2.8132745873488885,1.7517647756513988,1.6059659529931833,Kern
12,16,0.2,0.001,6,1,4.9836892749270705,12.219127888772958,7.235438613845887,1.8404592542321132,0.3211675795005199,5.730526278818046,Kern
3,8,0.3,0.005,8,1,4.954460023902946,12.22155564278021,7.2670956188772635,4.1999676948918205,4.913045119423532,0.8548603957019267,Kern
12,32,0.4,0.001,6,1,3.786922990977802,12.222615337798727,8.435692346820925,2.5531629259974187,0.3211675795005199,7.949628446208985,Kern
3,64,0.1,0.0005,4,1,6.461047046558565,12.244669954420294,5.783622907861729,6.860873965060942,4.913045119423532,1.396460606058093,Kern
3,64,0.1,0.001,6,2,6.2076875026109075,12.276459860202063,6.068772357591156,3.5925093705094664,4.913045119423532,0.7312184771734787,Kern
6,16,0.3,0.005,8,1,3.293047921715417,12.284467666211635,8.991419744496218,6.185953641225266,4.662766479788639,1.3266702649680353,Kern
3,64,0.3,0.005,4,1,3.5149911742389883,12.293592423934387,8.778601249695399,6.432890325415466,4.913045119423532,1.3093489208929274,Kern
3,32,0.2,0.005,8,1,3.9134290541557912,12.335169320289946,8.421740266134154,5.861499847338638,4.913045119423532,1.1930482429655342,Kern
3,64,0.1,0.005,6,1,7.561202638194937,12.381120253801285,4.819917615606348,6.46003243153873,4.913045119423532,1.3148734185239301,Kern
3,64,0.3,0.0005,6,2,6.870885205475187,12.383723355311858,5.5128381498366705,6.494365975822627,4.913045119423532,1.3218616597163753,Kern
3,64,0.0,0.005,8,2,2.83569965929098,12.389465046717415,9.553765387426434,6.2963506098927065,4.913045119423532,1.2815576606451935,Kern
6,16,0.2,0.001,4,2,5.023738401084576,12.395374774547982,7.371636373463406,7.615145397710804,4.662766479788639,1.6331818097088138,Kern
6,16,0.2,0.001,6,2,5.372222447994571,12.40878189153828,7.03655944354371,8.420179476895095,4.662766479788639,1.8058334067111117,Kern
3,64,0.4,0.005,6,2,3.5524694922712756,12.412985975999838,8.860516483728563,7.191481548235756,4.913045119423532,1.463752392544598,Kern
12,32,0.2,0.001,4,1,3.2907121082565993,12.41503752269571,9.124325414439111,5.26078244924159,0.3211675795005199,16.38017902499114,Kern
3,64,0.3,0.005,8,1,3.6381913840699744,12.451902893310503,8.813711509240528,6.083987812080287,4.913045119423532,1.23833338880351,Kern
3,64,0.0,0.001,8,1,6.273325058481246,12.501678278698256,6.228353220217009,5.510875459934399,4.913045119423532,1.1216822410499283,Kern
9,32,0.2,0.005,8,1,1.960087045425504,12.530735479638127,10.570648434212622,6.395509601949307,1.7517647756513988,3.650895194859206,Kern
12,32,0.3,0.001,4,1,4.049584843976462,12.557910540977494,8.50832569700103,4.172153960679016,0.3211675795005199,12.99058257115352,Kern
3,32,0.4,0.005,8,1,4.259494268699499,12.55958125224554,8.300086983546041,6.54886641379421,4.913045119423532,1.3329546655094866,Kern
6,32,0.4,0.0005,4,2,5.901646794589351,12.566558959349655,6.664912164760303,8.733884495206597,4.662766479788639,1.8731121391270062,Kern
3,32,0.0,0.001,6,2,6.240109826304169,12.590333006306393,6.3502231800022235,4.312068991330149,4.913045119423532,0.8776774661161878,Kern
6,32,0.0,0.005,8,1,2.41023437907678,12.609036896994374,10.198802517917594,5.456098361942363,4.662766479788639,1.1701418858509265,Kern
6,64,0.1,0.0005,8,2,5.964733328532113,12.620466520854718,6.655733192322605,8.086698259188537,4.662766479788639,1.7343133725957265,Kern
3,64,0.0,0.001,8,2,6.352046633392736,12.642673587509499,6.290626954116763,4.7962534838693625,4.913045119423532,0.9762282591111492,Kern
3,16,0.0,0.005,4,1,1.3844578469796363,12.6512529414339,11.266795094454263,7.42249675738979,4.913045119423532,1.5107731716212496,Kern
12,32,0.2,0.001,6,2,3.8368128667657095,12.656445092171287,8.819632225405577,0.7781622904400942,0.3211675795005199,2.4229166955465833,Kern
3,64,0.0,0.0005,4,1,6.187648183123444,12.663513313537056,6.475865130413612,5.084359664576765,4.913045119423532,1.0348693205515145,Kern
6,32,0.0,0.0005,4,1,5.589363707133092,12.664909995455858,7.075546288322766,9.54208111361134,4.662766479788639,2.0464419899586908,Kern
3,32,0.3,0.005,8,2,4.708429814345404,12.707706386788033,7.9992765724426285,5.980033372229375,4.913045119423532,1.2171745275832186,Kern
6,16,0.0,0.001,8,1,5.752823323072629,12.713895614662958,6.9610722915903285,6.682419935433389,4.662766479788639,1.43314488606693,Kern
12,32,0.0,0.0005,8,1,4.543875667320543,12.720806788226389,8.176931120905845,1.5730719492111809,0.3211675795005199,4.897978655434723,Kern
3,16,0.1,0.001,6,1,6.970041863333074,12.72953720450326,5.759495341170186,7.227918725223598,4.913045119423532,1.4711688066222524,Kern
12,64,0.1,0.001,6,2,2.969954891464953,12.733994388711775,9.764039497246822,2.995802121632145,0.3211675795005199,9.327847245015263,Kern
9,64,0.0,0.005,6,2,1.7188239388724584,12.74043800185235,11.021614062979893,10.51099981487992,1.7517647756513988,6.000234712432424,Kern
3,64,0.2,0.005,8,2,3.5548850107902252,12.743120607885606,9.188235597095382,5.5570889081502655,4.913045119423532,1.131088514978324,Kern
6,32,0.0,0.0005,6,2,5.546894543164582,12.743719201675912,7.19682465851133,9.003407348128663,4.662766479788639,1.930915345461775,Kern
9,64,0.3,0.001,6,2,3.4450252907181564,12.762897087322154,9.317871796603997,3.376348156393472,1.7517647756513988,1.927398132056838,Kern
12,16,0.0,0.0005,4,1,4.637656990109024,12.777682376322065,8.140025386213042,1.484706324746211,0.3211675795005199,4.622839973621334,Kern
3,64,0.4,0.0005,6,1,6.827575072387608,12.821883716008845,5.9943086436212365,6.94000169097696,4.913045119423532,1.4125662440061733,Kern
9,8,0.0,0.001,4,1,4.725797580973094,12.857183645745062,8.131386064771968,1.0815610416914314,1.7517647756513988,0.6174122557574832,Kern
3,32,0.3,0.001,4,2,6.448493122746528,12.88597407450395,6.437480951757423,4.491725764979602,4.913045119423532,0.9142447618121274,Kern
9,64,0.3,0.0005,8,1,4.327506795356755,12.928110651403374,8.600603856046618,4.843934765460112,1.7517647756513988,2.7651742019181094,Kern
6,64,0.4,0.0005,6,2,5.879864159441899,12.942036307880329,7.06217214843843,8.507877146022032,4.662766479788639,1.8246414833126474,Kern
3,16,0.2,0.005,6,2,3.0712742317800936,12.946868911798129,9.875594680018036,4.676448521417823,4.913045119423532,0.9518431864038185,Kern
12,64,0.4,0.001,4,1,3.7358955099755935,12.968292144722346,9.232396634746753,3.3715093794099467,0.3211675795005199,10.497664131147113,Kern
6,64,0.3,0.0005,8,2,5.898791160612343,12.998341017418937,7.099549856806594,8.541108247565603,4.662766479788639,1.8317683899865318,Kern
12,32,0.4,0.001,6,2,3.571782211356868,12.998907993085037,9.427125781728169,4.870920132304499,0.3211675795005199,15.166288390253332,Kern
3,64,0.3,0.0005,4,2,6.68301262457973,13.014042179066482,6.3310295544867525,7.4596885260228945,4.913045119423532,1.518343175097519,Kern
3,64,0.2,0.001,8,2,6.321788857590185,13.021551066692359,6.699762209102174,5.319465698726621,4.913045119423532,1.0827227451456372,Kern
9,8,0.2,0.001,4,2,4.301784199459837,13.024570907989787,8.72278670852995,2.1904155153316753,1.7517647756513988,1.2504050462580873,Kern
6,16,0.4,0.001,8,1,6.323741616316786,13.027674404195428,6.703932787878642,6.10708953050217,4.662766479788639,1.309756677065887,Kern
9,64,0.0,0.0005,8,2,4.118615413384686,13.032336543909953,8.913721130525268,5.536587799698463,1.7517647756513988,3.1605771942980567,Kern
9,16,0.3,0.0005,4,1,4.486954657782668,13.04600778253175,8.559053124749083,2.9933937173167906,1.7517647756513988,1.708787480444507,Kern
3,64,0.1,0.005,8,1,4.6518003698829045,13.049927740550682,8.398127370667778,6.394498707301988,4.913045119423532,1.3015347003473645,Kern
3,16,0.3,0.005,8,1,5.517633206790275,13.0501136516432,7.532480444852925,4.423047623888905,4.913045119423532,0.9002660297994333,Kern
9,64,0.1,0.001,4,1,4.393963925686246,13.093390128319346,8.699426202633099,3.5679174548055377,1.7517647756513988,2.0367560213549774,Kern
6,64,0.4,0.005,8,1,3.8325801739619902,13.108993606624638,9.276413432662649,6.170016574816781,4.662766479788639,1.3232523227490616,Kern
6,16,0.0,0.005,6,2,6.063748612978065,13.12533004020134,7.061581427223276,5.292673022062827,4.662766479788639,1.1350928778021803,Kern
3,64,0.4,0.001,8,1,6.494205021735175,13.145232511638222,6.651027489903046,5.995554677330365,4.913045119423532,1.2203337302210342,Kern
12,64,0.4,0.001,6,1,4.347224010452662,13.155621153345358,8.808397142892696,2.788300601939101,0.3211675795005199,8.681762356821533,Kern
9,32,0.1,0.005,6,2,3.193612425180389,13.167784737592017,9.974172312411628,4.711354432441495,1.7517647756513988,2.6894903345054213,Kern
3,64,0.3,0.0005,4,1,6.470164292812812,13.175656554751054,6.705492261938242,6.673151117767895,4.913045119423532,1.358251543708779,Kern
6,32,0.4,0.0005,6,2,5.790552521176802,13.181108604273291,7.390556083096489,9.566574559931876,4.662766479788639,2.0516949758044767,Kern
6,16,0.3,0.005,8,2,4.790250691310303,13.218491723986984,8.42824103267668,8.03615417232176,4.662766479788639,1.723473437315702,Kern
12,64,0.1,0.001,8,2,3.807274887353401,13.257885755211747,9.450610867858346,1.3538999334688966,0.3211675795005199,4.215556051997786,Kern
3,32,0.4,0.001,6,1,6.60483152877985,13.26483890214124,6.660007373361389,6.174389700505354,4.913045119423532,1.2567337670267154,Kern
9,64,0.2,0.001,8,2,3.1087534989978503,13.26581354250511,10.157060043507261,3.8628243777101297,1.7517647756513988,2.2051044931381996,Kern
12,32,0.4,0.0005,8,1,5.655417181623973,13.270344512237601,7.614927330613629,0.2577667819093344,0.3211675795005199,0.8025927844591709,Kern
6,32,0.3,0.0005,4,2,5.377289808849656,13.283410306766193,7.906120497916537,8.280478163238298,4.662766479788639,1.77587237086204,Kern
12,16,0.3,0.001,4,1,4.091620704656791,13.29702614434433,9.205405439687539,2.035309937312946,0.3211675795005199,6.337221024856438,Kern
3,64,0.2,0.001,4,2,6.310693987446668,13.303348543596044,6.992654556149376,3.400766862949104,4.913045119423532,0.6921912541580995,Kern
12,16,0.1,0.0005,6,2,5.794230264791546,13.304370754633355,7.51014048984181,0.8748365134477852,0.3211675795005199,2.72392535637729,Kern
3,64,0.4,0.001,6,1,6.456995595158059,13.308079476768674,6.851083881610615,4.668072906162897,4.913045119423532,0.9501384157267055,Kern
9,8,0.4,0.001,6,1,4.7614222820416225,13.33105246785867,8.569630185817047,2.651259817289205,1.7517647756513988,1.5134793518743554,Kern
3,16,0.1,0.005,4,1,4.348424985778095,13.336000818685877,8.987575832907782,9.05031215133428,4.913045119423532,1.8420983181192911,Kern
6,32,0.4,0.005,8,1,4.217241185916929,13.357909313705578,9.140668127788649,4.205036620795317,4.662766479788639,0.9018329867091971,Kern
3,64,0.4,0.0005,4,1,6.7453344881399095,13.360530788637258,6.615196300497348,6.987923765388371,4.913045119423532,1.4223202912918278,Kern
12,32,0.2,0.001,8,2,4.644611161758384,13.364418562166401,8.719807400408017,2.6321853192783236,0.3211675795005199,8.19567567614359,Kern
9,16,0.3,0.001,8,2,4.162176964340493,13.374247007220143,9.212070042879649,3.9269936970404293,1.7517647756513988,2.241735735084732,Kern
9,32,0.2,0.0005,6,2,4.473082012379014,13.389950470018343,8.916868457639328,2.9794604116649337,1.7517647756513988,1.7008336125248396,Kern
6,32,0.4,0.001,8,2,5.363572521339943,13.404812000023785,8.041239478683842,6.565891644205335,4.662766479788639,1.4081536514140345,Kern
12,16,0.0,0.0005,8,1,5.507264444214516,13.41058012737538,7.903315683160865,0.7086502279445113,0.3211675795005199,2.2064812053775937,Kern
3,16,0.2,0.005,8,2,4.002978802343977,13.412121469868769,9.409142667524792,5.000039546531687,4.913045119423532,1.017706824381528,Kern
3,64,0.2,0.001,4,1,6.360651446974801,13.412718866926566,7.052067419951765,3.5702483505450693,4.913045119423532,0.7266874746234737,Kern
3,16,0.0,0.005,8,1,3.191636174705691,13.471220496740234,10.279584322034543,7.258321660185848,4.913045119423532,1.4773570125562976,Kern
9,32,0.1,0.005,4,1,3.750095400252167,13.482939287631618,9.73284388737945,6.040287060248863,1.7517647756513988,3.448115377250216,Kern
9,16,0.3,0.001,6,1,4.193021176450452,13.492082944786631,9.299061768336179,3.1982995440832998,1.7517647756513988,1.825758565612214,Kern
3,64,0.2,0.0005,4,2,6.343096257977279,13.49359524736339,7.150498989386111,7.204232840153874,4.913045119423532,1.4663477873777753,Kern
12,64,0.2,0.001,4,1,3.458519206673336,13.504644794359656,10.04612558768632,3.445165172890497,0.3211675795005199,10.72700170499283,Kern
9,32,0.0,0.001,4,2,2.646343899541566,13.58494613588326,10.938602236341694,4.9577866705340545,1.7517647756513988,2.8301668919507112,Kern
3,64,0.3,0.005,6,1,4.054557810759653,13.589581222829167,9.535023412069513,7.348406575701473,4.913045119423532,1.4956928741911681,Kern
9,8,0.1,0.001,8,2,5.386963539737097,13.589614240607519,8.202650700870421,1.6094001632888997,1.7517647756513988,0.9187307483622849,Kern
9,64,0.0,0.001,4,2,2.7540006310664604,13.591149658832967,10.837149027766506,2.9538984439727645,1.7517647756513988,1.6862414891715978,Kern
3,8,0.3,0.005,6,1,5.337590551370991,13.634476546857018,8.296885995486026,3.873019393377003,4.913045119423532,0.7883134185080394,Kern
6,32,0.2,0.001,8,2,4.98287467580245,13.638886840974116,8.656012165171667,9.110392913668155,4.662766479788639,1.9538599998859745,Kern
9,16,0.2,0.001,8,2,4.6378218834917275,13.818778325403503,9.180956441911775,3.594054550350347,1.7517647756513988,2.051676458110015,Kern
3,32,0.2,0.001,6,2,6.351467832185339,13.818791630621208,7.467323798435869,5.588900186371762,4.913045119423532,1.1375633747543379,Kern
9,16,0.0,0.001,8,1,4.330892297252408,13.826545343101973,9.495653045849565,2.2829923748625918,1.7517647756513988,1.3032528148727356,Kern
9,64,0.2,0.005,6,2,1.4374092469832547,13.835415535764934,12.39800628878168,9.226230455066819,1.7517647756513988,5.266820399237688,Kern
3,8,0.4,0.005,6,2,5.7684398201543,13.852766636150907,8.084326815996608,5.653826412784981,4.913045119423532,1.1507784429727297,Kern
3,64,0.1,0.001,8,1,6.509940427694912,13.896971434248837,7.387031006553925,6.891274184118069,4.913045119423532,1.4026482591974754,Kern
3,32,0.4,0.0005,4,1,6.675597481004895,13.964419590158409,7.2888221091535135,8.421262124827829,4.913045119423532,1.714061629830082,Kern
3,64,0.1,0.005,8,2,4.443332309885553,13.98403124312786,9.540698933242307,6.454612039590855,4.913045119423532,1.3137701532747579,Kern
12,16,0.3,0.001,6,1,4.081434159934805,13.987749749396704,9.906315589461899,3.6372481890977535,0.3211675795005199,11.325078934662102,Kern
6,32,0.4,0.001,4,1,5.340643842770604,13.991968485755677,8.651324642985074,7.243659168624217,4.662766479788639,1.553511032564635,Kern
3,16,0.0,0.005,6,1,3.5686942697649653,13.996591997897259,10.427897728132294,7.226503469905192,4.913045119423532,1.470880745901456,Kern
9,64,0.3,0.001,4,2,6.152845699837628,14.000799980699336,7.847954280861708,1.7642031912864309,1.7517647756513988,1.0071005056203433,Kern
3,64,0.4,0.005,8,1,3.521411858638501,14.011801861794376,10.490390003155875,7.287566194971167,4.913045119423532,1.483309438002118,Kern
9,64,0.4,0.005,8,2,2.617307696179061,14.034804615237837,11.417496919058776,5.248846946028003,1.7517647756513988,2.996319493909337,Kern
6,16,0.3,0.001,4,2,5.1889737235634605,14.047529503734943,8.858555780171482,7.768459520363801,4.662766479788639,1.6660623160171517,Kern
3,64,0.4,0.001,4,1,6.145274992885436,14.067449219250795,7.922174226365359,3.971607887514991,4.913045119423532,0.8083800964524821,Kern
3,64,0.3,0.005,6,2,3.6546132082829845,14.071686204033764,10.417072995750779,7.5498764919557,4.913045119423532,1.5367000115890568,Kern
9,64,0.2,0.001,4,1,3.819910990829124,14.097944225571311,10.278033234742187,2.735104054972247,1.7517647756513988,1.5613420779939993,Kern
6,64,0.2,0.0005,8,1,5.748677218315237,14.098281885486037,8.3496046671708,8.929339612752043,4.662766479788639,1.9150304119791148,Kern
3,64,0.2,0.001,6,1,6.126697828142502,14.110430944233023,7.983733116090521,4.899913830353999,4.913045119423532,0.9973272606397162,Kern
3,64,0.4,0.001,6,2,6.463966331207384,14.117227752500822,7.653261421293438,4.989746681037625,4.913045119423532,1.015611817060433,Kern
12,64,0.0,0.001,6,1,2.321172950527621,14.148275734127505,11.827102783599884,5.314884258659852,0.3211675795005199,16.54863254543178,Kern
12,32,0.1,0.001,8,1,3.334241054294748,14.16541331439833,10.831172260103582,1.6127744227062002,0.3211675795005199,5.021597837535123,Kern
3,64,0.2,0.0005,6,2,6.835750867261961,14.172196422160582,7.336445554898621,8.514698146822028,4.913045119423532,1.7330795748566405,Kern
3,16,0.0,0.001,4,2,5.810676605252032,14.265690553871163,8.455013948619133,6.120344846141779,4.913045119423532,1.2457334906095683,Kern
3,16,0.1,0.005,6,1,3.0781042437828914,14.29178725501052,11.21368301122763,8.776522164199427,4.913045119423532,1.7863711712114734,Kern
9,32,0.1,0.0005,8,1,4.436978493050282,14.31094014534846,9.873961652298178,3.944288716947615,1.7517647756513988,2.251608647331614,Kern
3,64,0.1,0.001,6,1,6.224827312642617,14.341276158923627,8.11644884628101,5.649937233177937,4.913045119423532,1.149986840308291,Kern
6,32,0.4,0.0005,8,1,6.176639824980048,14.372031450862732,8.195391625882685,8.996456913399147,4.662766479788639,1.9294247207951432,Kern
12,16,0.2,0.001,4,1,3.46023793606806,14.372496755300446,10.912258819232386,2.97599083185129,0.3211675795005199,9.266162034410677,Kern
6,64,0.1,0.0005,8,1,5.422547753083394,14.398140988111168,8.975593235027773,7.570928051376837,4.662766479788639,1.623698738548027,Kern
12,32,0.1,0.001,4,2,3.2586576991702105,14.470005906407652,11.21134820723744,3.802095977822864,0.3211675795005199,11.838355489479627,Kern
9,64,0.0,0.005,6,1,1.683764734230681,14.475376118328237,12.791611384097555,10.265406406750134,1.7517647756513988,5.86003700350289,Kern
12,16,0.2,0.001,4,2,3.713600874295883,14.475612803738565,10.762011929442682,3.7186191962336794,0.3211675795005199,11.578438901015101,Kern
3,64,0.3,0.005,8,2,4.928007611272421,14.481495575529182,9.55348796425676,8.50495703282053,4.913045119423532,1.731096870899173,Kern
9,64,0.0,0.001,6,1,3.9459110617507895,14.48396009129193,10.53804902954114,3.8080222776885275,1.7517647756513988,2.1738205554866825,Kern
3,64,0.2,0.0005,4,1,6.435634349589733,14.509374725784106,8.073740376194372,7.706704764761268,4.913045119423532,1.568620799815803,Kern
3,32,0.4,0.001,6,2,6.348227107588345,14.537723538633204,8.189496431044859,5.818392574820141,4.913045119423532,1.1842741992776238,Kern
6,32,0.1,0.001,4,1,4.874937024510141,14.549409127854991,9.67447210334485,6.560752160644056,4.662766479788639,1.4070514123069386,Kern
6,64,0.0,0.0005,8,2,5.280906576366355,14.564526857988916,9.28362028162256,8.172451995641394,4.662766479788639,1.752704543765153,Kern
12,64,0.4,0.001,8,1,3.7334407354207984,14.566360334569927,10.832919599149129,2.716881807658597,0.3211675795005199,8.459389991617131,Kern
12,64,0.1,0.001,4,2,2.7394960014582,14.582571059212,11.8430750577538,4.073235598371206,0.3211675795005199,12.682586469985251,Kern
12,64,0.3,0.001,4,2,5.287072118302655,14.61394832987976,9.326876211577105,2.6370567454537035,0.3211675795005199,8.210843540169455,Kern
6,64,0.3,0.0005,4,1,4.762315985019747,14.671152783424233,9.908836798404487,8.255588222806855,4.662766479788639,1.7705343509248779,Kern
9,64,0.1,0.005,6,2,1.8546975719369048,14.737037165692135,12.88233959375523,7.642152357781721,1.7517647756513988,4.362544825654441,Kern
6,8,0.3,0.001,4,1,5.742772644898543,14.745056169680169,9.002283524781625,3.572134152756379,4.662766479788639,0.7660975878247933,Kern
9,64,0.1,0.001,8,1,3.2642310381215203,14.758343093217672,11.494112055096151,4.502290245837443,1.7517647756513988,2.5701454375706656,Kern
6,32,0.4,0.001,4,2,4.939691634419732,14.816449787443377,9.876758153023644,8.65190791646577,4.662766479788639,1.8555310359136745,Kern
3,64,0.1,0.0005,6,1,6.544137293600016,14.818704706043532,8.274567412443515,8.130769451520125,4.913045119423532,1.654934822270499,Kern
9,32,0.1,0.0005,8,2,4.364775518926093,14.851839833491725,10.487064314565632,4.3269374224952,1.7517647756513988,2.4700447700726347,Kern
6,32,0.3,0.001,4,2,5.023556311489883,14.851976593744082,9.8284202822542,8.204983941014648,4.662766479788639,1.7596815059429218,Kern
9,64,0.3,0.001,6,1,3.386197313173133,14.87648210409775,11.490284790924617,3.9133260229515985,1.7517647756513988,2.233933503712801,Kern
9,64,0.1,0.005,8,2,2.1927246951834887,14.886813526159397,12.694088830975907,4.8049442564659275,1.7517647756513988,2.7429163568374615,Kern
9,32,0.3,0.0005,4,2,3.7696946276287746,14.957840149204852,11.188145521576077,4.941229934973048,1.7517647756513988,2.8207154314629017,Kern
3,32,0.2,0.005,8,2,4.725948990294154,14.977832773683707,10.251883783389552,8.490060976949488,4.913045119423532,1.7280649313364462,Kern
12,16,0.0,0.0005,6,1,4.779580865597641,14.991279200104726,10.211698334507085,1.946407313420038,0.3211675795005199,6.060410320515826,Kern
3,64,0.4,0.001,4,2,6.435423491983566,14.994890011865115,8.55946651988155,6.1765811215347215,4.913045119423532,1.2571798083261743,Kern
3,64,0.0,0.0005,4,2,6.395174892513547,15.033109830780802,8.637934938267254,6.794304201756702,4.913045119423532,1.38291101274354,Kern
12,64,0.4,0.001,6,2,3.9390006809441322,15.052076813203199,11.113076132259067,2.5126394470667255,0.3211675795005199,7.823452949311959,Kern
9,64,0.1,0.0005,8,2,4.13643546307723,15.065920445556548,10.929484982479318,4.428020981135279,1.7517647756513988,2.5277486125320143,Kern
3,16,0.1,0.001,8,2,6.531659779704158,15.078722323643515,8.547062543939358,8.774839640631267,4.913045119423532,1.786028710776598,Kern
9,64,0.3,0.001,8,1,3.29712205270162,15.101258095660102,11.804136042958483,4.274918939464294,1.7517647756513988,2.440349868249094,Kern
6,64,0.4,0.0005,8,2,5.9176436601537565,15.103802620156346,9.18615896000259,11.263575042951551,4.662766479788639,2.415642106842572,Kern
9,32,0.4,0.0005,6,1,4.489083162560936,15.114935849745851,10.625852687184915,6.035293275483327,1.7517647756513988,3.4452646607413864,Kern
9,64,0.0,0.0005,8,1,4.221079182850741,15.119144331182119,10.898065148331376,4.509013179840569,1.7517647756513988,2.5739832439340375,Kern
12,64,0.1,0.001,6,1,3.1455123346819858,15.17178375917627,12.026271424494285,4.047014783486221,0.3211675795005199,12.600944310070592,Kern
6,64,0.4,0.001,8,1,5.9936018835638585,15.173660238842333,9.180058355278474,8.235419032076383,4.662766479788639,1.7662087663565968,Kern
3,32,0.2,0.005,6,2,4.314331420838851,15.203155592496394,10.888824171657543,8.644404964938804,4.913045119423532,1.7594800688402976,Kern
6,64,0.1,0.0005,6,1,5.287563761466301,15.249287986650133,9.961724225183833,11.335924856647116,4.662766479788639,2.431158606330414,Kern
6,16,0.1,0.001,8,2,5.539097729328319,15.249296372882734,9.710198643554415,8.209380346063423,4.662766479788639,1.7606243807507922,Kern
6,64,0.1,0.001,4,2,4.803464437310168,15.249371737759565,10.445907300449399,8.095534497195407,4.662766479788639,1.7362084359760548,Kern
9,64,0.3,0.001,8,2,3.6572816095218412,15.257799779789815,11.600518170267975,4.478732480001874,1.7517647756513988,2.5566974186568197,Kern
12,16,0.4,0.001,6,1,5.65309745271411,15.306901658629847,9.653804205915737,1.80939659338711,0.3211675795005199,5.633808356998814,Kern
12,32,0.1,0.0005,8,2,5.725999055775424,15.350179225561927,9.624180169786502,0.871955963516221,0.3211675795005199,2.7149563628816074,Kern
12,64,0.2,0.0005,4,2,3.8400070022681634,15.379034217901067,11.539027215632903,1.8478508530891584,0.3211675795005199,5.753541051568585,Kern
9,32,0.2,0.001,6,1,3.2662837601334687,15.382452587238348,12.116168827104879,5.158269239385919,1.7517647756513988,2.944612947516199,Kern
9,32,0.3,0.001,8,1,4.072180827690851,15.397964579440437,11.325783751749587,3.384230491841215,1.7517647756513988,1.9318977860956128,Kern
6,64,0.0,0.0005,8,1,5.793171482444866,15.402252576404198,9.609081093959333,10.3654392177726,4.662766479788639,2.2230234481402684,Kern
9,32,0.1,0.001,6,1,3.3517955857970563,15.415173263821178,12.063377678024121,4.2264110955883,1.7517647756513988,2.412659024963381,Kern
9,32,0.2,0.005,6,2,1.7813617557031325,15.418031133159342,13.63666937745621,6.85508655132216,1.7517647756513988,3.913246028578852,Kern
9,32,0.3,0.0005,6,2,4.427696458829824,15.473802011819918,11.046105552990095,2.6056354855339716,1.7517647756513988,1.4874345698411813,Kern
9,64,0.4,0.0005,6,1,3.6613826781126284,15.478801852482833,11.817419174370205,4.546998246371695,1.7517647756513988,2.5956671292701845,Kern
3,32,0.0,0.005,4,1,4.145117678731411,15.507348251360234,11.362230572628825,11.149559251699113,4.913045119423532,2.269378558649862,Kern
12,32,0.4,0.001,4,2,3.5353637408701615,15.529957209292675,11.994593468422513,4.577483287999517,0.3211675795005199,14.252631897398931,Kern
12,32,0.1,0.0005,6,1,4.547820799534308,15.548631748583084,11.000810949048777,1.902485340230146,0.3211675795005199,5.9236531383052204,Kern
9,32,0.0,0.001,6,2,3.1505022322636433,15.59034258324595,12.439840350982308,5.006524618752824,1.7517647756513988,2.857989090967498,Kern
9,64,0.4,0.001,6,1,3.3424610323083725,15.59253237232985,12.250071340021478,4.12533422520284,1.7517647756513988,2.3549590005135377,Kern
3,32,0.0,0.0005,4,1,6.409094114649411,15.601444692733088,9.192350578083676,8.21375586513209,4.913045119423532,1.6718258565669033,Kern
9,32,0.1,0.0005,6,2,4.06151449127894,15.636066694373202,11.574552203094262,2.194538436273943,1.7517647756513988,1.2527586276290419,Kern
3,64,0.3,0.001,4,1,6.098686995238142,15.655490198959242,9.556803203721099,4.511134646239904,4.913045119423532,0.9181952407490233,Kern
3,64,0.1,0.001,4,2,6.078353725997574,15.723993160603877,9.645639434606302,4.061200602299005,4.913045119423532,0.8266157756710206,Kern
3,16,0.2,0.005,8,1,5.375899037028482,15.733467260086568,10.357568223058086,4.421884915089594,4.913045119423532,0.900029372335264,Kern
6,64,0.2,0.0005,4,1,5.0682580043188254,15.786581296018577,10.71832329169975,9.11305609856671,4.662766479788639,1.954431159713536,Kern
6,64,0.0,0.0005,6,1,5.255809023199104,15.824041696608392,10.568232673409288,10.671665175792405,4.662766479788639,2.288698184232496,Kern
9,8,0.0,0.0005,4,2,5.956301209803901,15.846527473977629,9.890226264173727,2.228855764353832,1.7517647756513988,1.2723487738386712,Kern
9,32,0.1,0.005,8,2,4.265959973634105,15.85921099421901,11.593251020584905,4.070358014269937,1.7517647756513988,2.3235756711436113,Kern
6,64,0.3,0.0005,8,1,5.944982336922512,15.928397228917165,9.983414891994652,11.456032664042187,4.662766479788639,2.456917521754485,Kern
6,64,0.4,0.001,4,2,7.488837806061938,15.93639166759204,8.447553861530103,6.841172114435725,4.662766479788639,1.4671916648817105,Kern
12,64,0.3,0.001,8,2,3.993851083451364,15.940189975866657,11.946338892415293,1.2594190489913664,0.3211675795005199,3.92137665623042,Kern
9,64,0.3,0.0005,4,2,3.7216519469470715,15.988357459050317,12.266705512103245,5.300785154305868,1.7517647756513988,3.0259685706574135,Kern
3,64,0.2,0.001,6,2,6.197674154370573,16.030784163022627,9.833110008652053,5.839490876127249,4.913045119423532,1.1885685423569692,Kern
12,64,0.2,0.0005,6,2,4.488767629258665,16.036301672367475,11.547534043108811,3.45957364696008,0.3211675795005199,10.771864496224719,Kern
12,64,0.0,0.001,8,1,4.0822136668306195,16.109925963428932,12.027712296598313,4.804958832520199,0.3211675795005199,14.960908694435705,Kern
6,8,0.0,0.005,8,2,3.753000713215012,16.124808780904154,12.371808067689141,9.79097050327945,4.662766479788639,2.099820041539646,Kern
12,16,0.1,0.001,4,1,3.333176268097372,16.127447518235307,12.794271250137935,5.17673705364819,0.3211675795005199,16.11849197761199,Kern
9,64,0.4,0.0005,6,2,4.3515177161344445,16.150479373747487,11.798961657613042,5.211946963329892,1.7517647756513988,2.9752550318245863,Kern
9,64,0.2,0.0005,8,2,4.226232147959988,16.179893055403046,11.953660907443059,5.844444677593989,1.7517647756513988,3.336318185425732,Kern
3,8,0.0,0.005,4,2,3.081899110744561,16.253391251106127,13.171492140361565,10.746774338288283,4.913045119423532,2.1873958160492624,Kern
9,64,0.3,0.0005,4,1,3.4480781504122113,16.25654030838695,12.808462157974738,5.1385483173922335,1.7517647756513988,2.9333552020313056,Kern
6,32,0.3,0.001,4,1,5.232096584495115,16.389127786058882,11.157031201563768,7.666697283855248,4.662766479788639,1.644237882614867,Kern
6,32,0.1,0.0005,4,2,5.048428950836375,16.416460327084963,11.368031376248588,9.543191947293474,4.662766479788639,2.0466802248535645,Kern
3,32,0.3,0.005,8,1,5.22930371535432,16.43357666850952,11.2042729531552,5.110328013243296,4.913045119423532,1.0401549118773232,Kern
12,64,0.1,0.0005,6,2,4.24619441433835,16.435515572692672,12.189321158354321,2.3733699474419416,0.3211675795005199,7.389817960869552,Kern
9,32,0.4,0.005,8,2,3.212121035297286,16.50965654457358,13.297535509276294,3.4992026737517095,1.7517647756513988,1.9975299894076937,Kern
12,64,0.2,0.0005,6,1,4.4062818044067225,16.514630229796566,12.108348425389844,2.579709809530234,0.3211675795005199,8.032285866282647,Kern
9,32,0.0,0.001,4,1,2.728684598823227,16.556422609928845,13.827738011105618,7.719456771715861,1.7517647756513988,4.406674274430115,Kern
6,32,0.4,0.005,8,2,3.404401432246276,16.56253631557617,13.158134883329895,8.270405035681598,4.662766479788639,1.7737120380209332,Kern
6,64,0.4,0.0005,8,1,6.0355925779539215,16.588177842614783,10.552585264660863,11.140791984539721,4.662766479788639,2.38930944383145,Kern
12,32,0.2,0.0005,8,1,5.193253187711613,16.61462359658621,11.421370408874598,0.9539189146800955,0.3211675795005199,2.9701594294281852,Kern
12,8,0.3,0.001,4,2,4.9255374678755075,16.667910266591488,11.74237279871598,3.4147397186024526,0.3211675795005199,10.632267814556684,Kern
9,64,0.2,0.0005,8,1,3.9886901368241885,16.732251985424952,12.743561848600763,4.48231598797341,1.7517647756513988,2.558743074569842,Kern
3,32,0.0,0.001,4,1,5.930015971778595,16.757984037938442,10.827968066159848,6.836453853406399,4.913045119423532,1.3914901425144146,Kern
9,32,0.0,0.0005,6,2,3.8353501391120752,16.76960849146581,12.934258352353735,5.254593885160696,1.7517647756513988,2.999600150771818,Kern
12,64,0.4,0.001,4,2,2.9615867060484367,16.813296291125674,13.851709585077238,5.9283372047752865,0.3211675795005199,18.45870375208806,Kern
9,32,0.0,0.001,6,1,2.8662303954781354,16.900350811505074,14.034120416026939,5.242035328273747,1.7517647756513988,2.9924310621695662,Kern
9,32,0.3,0.001,4,2,5.627225598929552,16.91420173070213,11.286976131772576,3.356269410154999,1.7517647756513988,1.9159361215645865,Kern
3,8,0.1,0.005,6,2,5.452954908709362,16.9379680305215,11.485013121812138,6.634401962180905,4.913045119423532,1.3503645500734476,Kern
6,16,0.0,0.005,8,2,2.301647183403313,17.0301346747459,14.728487491342586,8.263343129138278,4.662766479788639,1.7721975065568483,Kern
6,16,0.1,0.001,6,1,5.396652291727326,17.033196559182432,11.636544267455106,12.623102273107337,4.662766479788639,2.707213052127701,Kern
9,64,0.0,0.005,8,2,2.7584043670914005,17.139880156378435,14.381475789287034,6.725644086164883,1.7517647756513988,3.83935342213051,Kern
12,32,0.0,0.0005,6,2,4.850113266155769,17.202211552993308,12.352098286837538,1.8623634752433473,0.3211675795005199,5.7987281223705605,Kern
12,16,0.3,0.0005,8,1,6.368924967123516,17.238429575584526,10.86950460846101,0.5239216534100696,0.3211675795005199,1.6313030543894655,Kern
9,32,0.4,0.005,8,1,2.6271532984523844,17.24979840658789,14.622645108135504,3.7816292509739844,1.7517647756513988,2.158754019681538,Kern
12,64,0.1,0.0001,4,1,5.646696416426347,17.264188336690697,11.61749192026435,0.6015283086048966,0.3211675795005199,1.8729421865693727,Kern
3,32,0.1,0.005,8,1,3.9417907837022526,17.267505747163938,13.325714963461685,6.705820955595697,4.913045119423532,1.3649011544967287,Kern
9,16,0.3,0.0005,8,1,4.606406942176502,17.275947970703683,12.669541028527181,6.503361530741312,1.7517647756513988,3.7124627810392057,Kern
12,8,0.2,0.001,4,2,5.734921233931925,17.36631508921178,11.631393855279857,0.31098591987447327,0.3211675795005199,0.9682979843672853,Kern
9,64,0.3,0.0005,8,2,3.9988421562990633,17.388680584089343,13.38983842779028,5.971788955563041,1.7517647756513988,3.409013035635686,Kern
9,32,0.4,0.0005,8,2,5.2043293329013,17.412592753721505,12.208263420820206,2.5011067500759396,1.7517647756513988,1.4277640382087806,Kern
12,32,0.1,0.001,4,1,4.381268475962584,17.429993042758966,13.04872456679638,4.985371573087421,0.3211675795005199,15.522648895136538,Kern
12,32,0.2,0.001,6,1,4.482750114301182,17.490160899494516,13.007410785193333,2.519824689939018,0.3211675795005199,7.845825203956925,Kern
9,32,0.4,0.001,4,2,3.6539259078683837,17.510963668881892,13.857037761013508,4.013247415096817,1.7517647756513988,2.290973920059832,Kern
12,64,0.3,0.001,8,1,3.668335489784569,17.57227847258724,13.90394298280267,2.9583355258255732,0.3211675795005199,9.211189779573578,Kern
12,64,0.1,0.001,8,1,3.6439486623014377,17.590004898476575,13.946056236175139,4.505383138511314,0.3211675795005199,14.028138037837099,Kern
6,64,0.1,0.0005,4,2,4.895277182378459,17.59917466195976,12.703897479581302,9.203143425619423,4.662766479788639,1.9737517341929158,Kern
6,32,0.1,0.0005,4,1,5.032505874766535,17.630108439124122,12.597602564357587,11.329101299593582,4.662766479788639,2.4296951924787633,Kern
6,32,0.4,0.001,6,1,5.482596217222351,17.68479301829668,12.20219680107433,11.703424118033654,4.662766479788639,2.5099743186290056,Kern
6,64,0.3,0.001,4,2,9.058154156814211,17.73271745212407,8.67456329530986,9.009487656100193,4.662766479788639,1.9322193584330196,Kern
6,64,0.0,0.001,8,2,3.7164557946685366,17.745186270265666,14.02873047559713,11.058224482882446,4.662766479788639,2.3716016083618476,Kern
6,16,0.1,0.001,4,2,4.763361859277886,17.885024996123633,13.121663136845747,14.73684893037986,4.662766479788639,3.1605376323816836,Kern
9,64,0.4,0.001,4,1,3.024157290537143,17.88926994787724,14.865112657340095,4.305573402463994,1.7517647756513988,2.457849057310194,Kern
9,32,0.1,0.001,8,2,3.1822509458033075,17.94087537146377,14.75862442566046,6.045854294654617,1.7517647756513988,3.451293449148416,Kern
9,32,0.0,0.005,8,1,2.725729054082128,17.995316058955403,15.269587004873275,5.208443868484533,1.7517647756513988,2.9732552799777348,Kern
12,64,0.3,0.0005,8,1,4.450710018241571,18.043971885064778,13.593261866823207,0.4402370294752125,0.3211675795005199,1.3707393198275788,Kern
9,16,0.4,0.001,4,2,4.126070379710503,18.07563396640968,13.949563586699176,1.9928582359444817,1.7517647756513988,1.137628900663008,Kern
3,16,0.0,0.005,8,2,3.3943561214036784,18.18240907385264,14.788052952448961,10.446738481319647,4.913045119423532,2.1263265912252414,Kern
12,16,0.0,0.001,8,1,4.776299363109046,18.1958344861266,13.419535123017553,1.1835329072426222,0.3211675795005199,3.685094582346243,Kern
6,32,0.0,0.001,8,2,5.026739643086042,18.25313646345267,13.226396820366627,8.964354295306219,4.662766479788639,1.9225398342729292,Kern
6,32,0.1,0.001,8,2,4.6094365634775665,18.263403034759367,13.653966471281802,12.769867606672063,4.662766479788639,2.738689072683502,Kern
12,64,0.2,0.001,8,1,3.4203940753611577,18.27613170842872,14.855737633067564,3.2669096782084748,0.3211675795005199,10.171978389877259,Kern
9,64,0.0,0.001,8,2,2.87002391178471,18.283261940250636,15.413238028465926,6.815156492423515,1.7517647756513988,3.8904518387117815,Kern
3,32,0.2,0.005,6,1,4.457188850049769,18.28682227863757,13.829633428587801,9.07677630131581,4.913045119423532,1.8474848247232922,Kern
12,64,0.3,0.001,6,2,4.889697538994764,18.332871452600862,13.443173913606099,2.524910148691606,0.3211675795005199,7.8616594882283835,Kern
9,64,0.4,0.0005,4,1,3.6705881028872622,18.339709889386228,14.669121786498966,5.479892948582736,1.7517647756513988,3.128212774197964,Kern
12,32,0.0,0.001,8,1,2.8239398956022246,18.370560637976133,15.546620742373909,5.866540834300464,0.3211675795005199,18.266292143883618,Kern
12,32,0.3,0.0005,4,1,4.471079957703791,18.415496908046862,13.94441695034307,2.692740751343927,0.3211675795005199,8.384223449738233,Kern
6,64,0.3,0.0005,4,2,4.95866154477246,18.447981448125518,13.489319903353056,10.089285243405332,4.662766479788639,2.1637980986477956,Kern
12,64,0.0,0.0005,6,1,3.59187970399381,18.464068272959192,14.872188568965383,2.127451356208453,0.3211675795005199,6.624116168627816,Kern
9,64,0.2,0.001,4,2,3.885815196908009,18.499003494807,14.61318829789899,6.08203387100793,1.7517647756513988,3.4719466651830055,Kern
6,32,0.4,0.001,6,2,4.776723825335255,18.61910103524239,13.842377209907136,12.34101177117458,4.662766479788639,2.6467145255221944,Kern
12,32,0.3,0.001,4,2,4.123435627678711,18.66718166338328,14.543746035704567,2.541304528788949,0.3211675795005199,7.9127056745303745,Kern
12,64,0.2,0.001,6,1,3.2222569591395818,18.695035912788867,15.472778953649286,3.4411292308132237,0.3211675795005199,10.71443523709607,Kern
9,64,0.3,0.0005,6,2,3.9821219697819124,18.89654982186627,14.914427852084357,6.679226227499254,1.7517647756513988,3.8128556529603492,Kern
9,64,0.4,0.001,6,2,3.8633433695509165,18.963604055800968,15.100260686250051,3.5263887153537343,1.7517647756513988,2.01304922006006,Kern
9,64,0.0,0.0005,4,2,3.4991059419113357,18.969050444731035,15.4699445028197,6.164718112293813,1.7517647756513988,3.5191472039968636,Kern
9,64,0.2,0.001,6,2,3.412400200438701,19.193281102618297,15.780880902179597,4.7455038109095415,1.7517647756513988,2.708984606192297,Kern
6,32,0.0,0.001,8,1,4.589076872706193,19.220485323135303,14.63140845042911,11.281621154861462,4.662766479788639,2.419512365408626,Kern
6,16,0.0,0.001,4,1,4.573449601734144,19.226859232502264,14.65340963076812,11.10259648447883,4.662766479788639,2.381117847656421,Kern
12,16,0.4,0.001,4,2,3.9202357922325755,19.254282049225203,15.334046256992629,1.3692235010120866,0.3211675795005199,4.263268114239626,Kern
12,16,0.1,0.001,8,2,3.813075443422316,19.261479371723084,15.448403928300767,0.7584915889483758,0.3211675795005199,2.3616692261653016,Kern
12,64,0.2,0.001,6,2,3.415453518121795,19.339833114540145,15.92437959641835,4.402557658360511,0.3211675795005199,13.707976580971755,Kern
9,64,0.1,0.0005,6,1,3.3340321281658145,19.41196202474675,16.077929896580933,5.6486081988228065,1.7517647756513988,3.2245243638503664,Kern
9,64,0.4,0.001,8,2,3.353172578031307,19.45209079395657,16.098918215925266,5.689931820715727,1.7517647756513988,3.248114073192224,Kern
3,16,0.1,0.005,8,2,3.666561029589689,19.453552025957602,15.786990996367914,11.788909829027247,4.913045119423532,2.399511818529867,Kern
12,64,0.0,0.001,8,2,3.3131138479221147,19.470341185822424,16.15722733790031,4.524732673242371,0.3211675795005199,14.088385509767953,Kern
9,64,0.2,0.0005,4,2,3.6248248989382934,19.546113462539033,15.92128856360074,7.018077676566021,1.7517647756513988,4.006289984884717,Kern
9,32,0.1,0.001,4,1,3.23498150679938,19.596316051984186,16.361334545184807,4.1318976813829265,1.7517647756513988,2.3587057684993513,Kern
9,64,0.2,0.0005,4,1,4.976189976876235,19.668121085878685,14.69193110900245,5.118780097007981,1.7517647756513988,2.9220704561230537,Kern
9,32,0.1,0.0005,4,2,3.852068729456866,19.68020368656606,15.828134957109194,4.732955821198173,1.7517647756513988,2.701821549892856,Kern
12,16,0.1,0.0005,8,1,5.431646158446587,19.722842746609192,14.291196588162606,1.2374048919207397,0.3211675795005199,3.8528325114420108,Kern
12,16,0.1,0.001,6,1,3.735200444186055,19.792466830965477,16.05726638677942,2.524897725581488,0.3211675795005199,7.8616208071443925,Kern
9,64,0.4,0.0005,8,1,4.2571891425035755,19.82113661025599,15.563947467752415,3.405944708567333,1.7517647756513988,1.944293409656455,Kern
12,64,0.4,0.001,8,2,3.696193186114213,19.95434406980864,16.258150883694427,1.8601862508250582,0.3211675795005199,5.791949030839357,Kern
12,32,0.3,0.001,8,1,4.5315568109773645,20.068423801895708,15.536866990918345,2.703410633700638,0.3211675795005199,8.417445614856222,Kern
9,32,0.0,0.001,8,1,3.2009006561964646,20.12811844346996,16.927217787273495,6.017550747849669,1.7517647756513988,3.435136287411662,Kern
6,64,0.3,0.0005,6,2,5.382561146775303,20.163395876039083,14.78083472926378,13.074212868897785,4.662766479788639,2.803960465438199,Kern
9,64,0.3,0.001,4,1,2.917050525703133,20.193968531170317,17.276918005467184,5.7980663301066,1.7517647756513988,3.3098429713262,Kern
6,64,0.1,0.001,6,1,4.54151925712279,20.20547950419241,15.663960247069621,12.56841850773039,4.662766479788639,2.695485300885176,Kern
12,32,0.0,0.001,6,1,3.0535081026897677,20.239415982253366,17.185907879563597,5.989699714055675,0.3211675795005199,18.64976447302328,Kern
6,32,0.1,0.001,6,1,4.9508415490674995,20.266662329955892,15.315820780888393,13.672647088768581,4.662766479788639,2.9323036330544174,Kern
12,32,0.0,0.0005,6,1,4.294026103041015,20.269499925986853,15.975473822945837,1.291130038303522,0.3211675795005199,4.020113239049498,Kern
12,32,0.0,0.0005,4,1,3.871650809043375,20.336144480996197,16.464493671952823,2.507275240774534,0.3211675795005199,7.806750745744171,Kern
12,64,0.4,0.0005,8,1,5.291145629849757,20.36945003445726,15.078304404607502,1.0595536928884008,0.3211675795005199,3.2990680271533623,Kern
3,32,0.1,0.005,8,2,3.0781777976041296,20.518476083959122,17.44029828635499,11.742076880773702,4.913045119423532,2.3899794517155684,Kern
9,64,0.4,0.001,4,2,3.1812753812183807,20.530778414349648,17.349503033131267,4.158018653212728,1.7517647756513988,2.373617000984939,Kern
6,64,0.4,0.0005,6,1,5.840324930766818,20.57783600783436,14.737511077067541,13.01550979671737,4.662766479788639,2.7913707137457497,Kern
9,64,0.0,0.001,8,1,2.7748842765720925,20.608023619342788,17.833139342770696,7.333887114438354,1.7517647756513988,4.186570717927141,Kern
6,8,0.0,0.005,6,2,6.069363427186295,20.70190737755159,14.632543950365292,9.33448877552731,4.662766479788639,2.001920708658444,Kern
6,64,0.1,0.0005,4,1,4.998812896537529,20.810962410153426,15.812149513615896,12.575553589567802,4.662766479788639,2.697015525885364,Kern
6,64,0.4,0.0005,4,2,4.962068328227616,20.81431190612307,15.852243577895454,12.387444464585323,4.662766479788639,2.656672710992561,Kern
12,32,0.2,0.0005,4,2,4.566208796836424,20.827198021527614,16.26098922469119,1.985411010263022,0.3211675795005199,6.18185376416491,Kern
12,32,0.3,0.001,8,2,4.519729135781376,20.845231437534803,16.325502301753428,1.4108977928996442,0.3211675795005199,4.393026827595344,Kern
12,32,0.0,0.001,4,1,2.5596670655538194,20.98252365889501,18.422856593341187,4.668237823339616,0.3211675795005199,14.535208786016518,Kern
9,64,0.4,0.0005,8,2,4.3832605725185685,21.48922438926852,17.105963816749952,3.7839991198365324,1.7517647756513988,2.1601068661912337,Kern
12,64,0.4,0.0005,8,2,5.145618731349636,21.717441319041313,16.571822587691678,0.3996365992388039,0.3211675795005199,1.2443242243202726,Kern
9,64,0.1,0.001,8,2,3.6251487693388125,21.720117145051834,18.094968375713023,6.157592444110004,1.7517647756513988,3.515079495659048,Kern
9,64,0.0,0.001,4,1,2.9247123867200306,21.745392813731407,18.820680427011375,7.799327037908642,1.7517647756513988,4.45226844740524,Kern
6,64,0.3,0.001,6,1,4.896572194383759,21.829700677988058,16.9331284836043,14.442133352941347,4.662766479788639,3.0973314695347995,Kern
9,16,0.1,0.0005,4,2,4.695663689271144,21.917441036718742,17.2217773474476,1.802245901812056,1.7517647756513988,1.028817297197842,Kern
9,64,0.2,0.005,8,2,2.6373536440565375,22.355633139302377,19.718279495245838,10.995153183555066,1.7517647756513988,6.276615066350153,Kern
6,64,0.3,0.001,8,1,5.567680733887386,22.37696436125228,16.809283627364895,13.229394772302678,4.662766479788639,2.8372415452601354,Kern
9,64,0.2,0.0005,6,2,4.6351537454493235,22.416365897912677,17.781212152463354,7.751737481940564,1.7517647756513988,4.425101811433592,Kern
6,64,0.1,0.001,8,2,4.680251094329088,22.536927292355617,17.85667619802653,13.02210751709836,4.662766479788639,2.7927856935457442,Kern
6,64,0.0,0.0005,6,2,5.133506356906319,22.6708525000808,17.53734614317448,14.53398661011007,4.662766479788639,3.1170307741358068,Kern
12,32,0.3,0.0005,6,1,4.7949828575461755,22.917367397295713,18.12238453974954,0.7701374686012267,0.3211675795005199,2.3979302948290893,Kern
6,64,0.2,0.001,6,2,4.240835552897401,22.95084920967521,18.710013656777807,14.70402218741745,4.662766479788639,3.1534974464524286,Kern
12,64,0.1,0.0005,4,2,3.878415730580818,23.105975656693435,19.227559926112615,2.712646636456345,0.3211675795005199,8.44620319608553,Kern
6,64,0.2,0.0005,6,2,5.2903290348689245,23.123105365314252,17.832776330445327,15.262808845705015,4.662766479788639,3.2733376015855877,Kern
6,64,0.3,0.001,8,2,4.727080288570157,23.20897409364309,18.481893805072932,13.696456378730304,4.662766479788639,2.9374098913379765,Kern
6,64,0.4,0.001,6,2,4.835282354233306,23.288919398592782,18.453637044359475,14.118780766743017,4.662766479788639,3.0279836719129487,Kern
12,64,0.4,0.0005,6,2,4.462265202516817,23.354309860661235,18.892044658144417,4.215856203989316,0.3211675795005199,13.126655593773878,Kern
9,32,0.2,0.001,4,2,4.057724441095385,23.355392499182642,19.297668058087257,5.957900415486494,1.7517647756513988,3.401084722274445,Kern
6,64,0.4,0.001,6,1,4.9098571601920975,23.434232921750315,18.52437576155822,15.794117967990314,4.662766479788639,3.387284788215741,Kern
6,64,0.1,0.0005,6,2,5.143622963906857,23.436672403648704,18.293049439741846,13.385495612448503,4.662766479788639,2.87071970480822,Kern
12,32,0.4,0.0005,4,2,4.372071454816987,23.579903982827737,19.20783252801075,5.6528765363996705,0.3211675795005199,17.601018587215524,Kern
12,64,0.4,0.0005,4,1,3.466507505889166,23.636197436069935,20.16968993018077,3.7431530753157367,0.3211675795005199,11.654828551303627,Kern
12,32,0.4,0.0005,4,1,5.200253523789523,23.769635396939297,18.569381873149773,0.5156703734330003,0.3211675795005199,1.6056115447112418,Kern
6,64,0.3,0.001,4,1,6.57644273842268,23.80476604290783,17.22832330448515,12.294376021888123,4.662766479788639,2.6367127916827227,Kern
12,64,0.2,0.001,8,2,3.0604386438416293,23.831414360201023,20.770975716359395,6.074920596080757,0.3211675795005199,18.915111561162178,Kern
12,32,0.0,0.0005,8,2,5.083514560180561,23.857711241133885,18.774196680953324,0.7230721068641536,0.3211675795005199,2.251385734477546,Kern
9,64,0.0,0.0005,6,2,3.717746374031926,23.905887964528635,20.18814159049671,7.243250037719658,1.7517647756513988,4.1348302799536745,Kern
12,32,0.2,0.0005,6,1,4.5510000548306655,24.172589892617783,19.621589837787116,0.783543952019045,0.3211675795005199,2.4396732485813586,Kern
9,64,0.3,0.0005,6,1,4.02665621185743,24.270504456248805,20.243848244391373,8.425449983985652,1.7517647756513988,4.809692546108324,Kern
6,64,0.2,0.001,4,2,8.102959505765707,24.28889226119463,16.185932755428922,13.472908930974084,4.662766479788639,2.8894667981710302,Kern
9,32,0.0,0.0005,4,1,3.8713604578743483,24.45110624996355,20.579745792089202,6.117259421910761,1.7517647756513988,3.492055273023766,Kern
12,32,0.3,0.0005,6,2,5.07004814174154,24.660144773954176,19.590096632212635,3.440127451219869,0.3211675795005199,10.71131605677621,Kern
9,32,0.4,0.001,6,1,3.935946977644677,24.877893855328352,20.941946877683677,6.612402253135558,1.7517647756513988,3.774708993492986,Kern
12,64,0.3,0.0005,6,1,4.2056646880679915,24.974661010101297,20.768996322033306,4.782945334511291,0.3211675795005199,14.892366601727772,Kern
9,64,0.1,0.001,6,1,5.7366763344462655,25.244568651116392,19.507892316670127,5.806311485363277,1.7517647756513988,3.3145497421046057,Kern
9,64,0.2,0.0005,6,1,4.217640938195476,25.274263388836474,21.056622450640997,6.479591573909565,1.7517647756513988,3.6988936322801163,Kern
12,64,0.2,0.0001,4,1,5.362760949582026,25.567925337786406,20.20516438820438,1.5560590091067479,0.3211675795005199,4.845006496380277,Kern
12,32,0.2,0.0005,8,2,4.502330842772265,25.836188039749768,21.333857196977505,0.8767875159518098,0.3211675795005199,2.7300000744639,Kern
12,32,0.2,0.0005,6,2,4.882624340670683,26.214594678422266,21.331970337751585,3.2666944538980407,0.3211675795005199,10.171308259004245,Kern
9,32,0.2,0.0005,6,1,4.637650678309278,26.275786661158364,21.638135982849086,5.430224338878582,1.7517647756513988,3.0998593043745486,Kern
6,64,0.2,0.0005,4,2,5.054270769618503,26.3104732991073,21.256202529488796,14.868411615428037,4.662766479788639,3.188753217618142,Kern
9,16,0.0,0.001,8,2,3.5587744004140283,26.3445972190046,22.785822818590574,5.908393575187642,1.7517647756513988,3.3728235989849655,Kern
9,32,0.3,0.0005,6,1,4.3686919665775275,26.76819119196268,22.39949922538515,6.12381627894262,1.7517647756513988,3.4957982738666846,Kern
12,64,0.2,0.0005,8,1,4.369246531010632,26.834972559146895,22.465726028136263,0.6242985527397255,0.3211675795005199,1.9438405137611807,Kern
6,64,0.3,0.001,6,2,6.618858992294737,26.8774244119367,20.258565419641965,15.305552065757619,4.662766479788639,3.2825045243208093,Kern
12,64,0.0,0.0005,8,2,4.391753412376714,26.998954651584928,22.607201239208216,2.230387796538113,0.3211675795005199,6.944623115467676,Kern
12,64,0.4,0.0005,6,1,4.660726032923095,27.024576077274073,22.36385004435098,0.14065284317643836,0.3211675795005199,0.4379422213013586,Kern
6,64,0.2,0.001,8,1,5.190650917169548,27.05078324278614,21.86013232561659,17.302509245918188,4.662766479788639,3.7107818547032414,Kern
12,32,0.2,0.001,8,1,4.051174769775279,27.07617744804096,23.02500267826568,0.8818075470457828,0.3211675795005199,2.7456306406056634,Kern
12,32,0.4,0.0005,8,2,4.894073162669845,27.135269808791712,22.241196646121868,0.9906169404538493,0.3211675795005199,3.0844238450047095,Kern
9,64,0.1,0.0005,4,2,3.105317302354006,27.286255121730235,24.18093781937623,8.422311729979251,1.7517647756513988,4.807901064711951,Kern
12,64,0.2,0.0005,8,2,4.744598167130085,27.57138709588256,22.826788928752475,0.4894133578679385,0.3211675795005199,1.5238566689361193,Kern
9,64,0.2,0.001,6,1,3.879527416386241,27.65921714105238,23.779689724666138,7.837811851704863,1.7517647756513988,4.474237614916278,Kern
12,64,0.0,0.0005,8,1,4.450573767135165,27.855555448597478,23.404981681462314,1.0806933302764903,0.3211675795005199,3.3648892330825717,Kern
12,32,0.2,0.0005,4,1,4.1577298371960305,28.032277704588385,23.874547867392355,2.530609011969874,0.3211675795005199,7.87940369294273,Kern
12,32,0.1,0.0005,4,2,3.9882309933156126,28.174140537486238,24.185909544170627,1.6963608797329042,0.3211675795005199,5.281855915753035,Kern
12,64,0.0,0.001,4,1,2.2296336852246226,28.271382917389303,26.04174923216468,9.593837639921551,0.3211675795005199,29.871749990587144,Kern
9,64,0.0,0.0005,6,1,3.522444692094298,28.584262715537506,25.06181802344321,11.178490564932984,1.7517647756513988,6.381273741947592,Kern
9,64,0.4,0.0005,4,2,3.6219075727561845,29.224700376973082,25.602792804216897,8.604281975203508,1.7517647756513988,4.91177930667317,Kern
6,32,0.0,0.001,6,2,4.336978961805093,30.031898179917558,25.694919218112467,21.553196094653593,4.662766479788639,4.6224052154613995,Kern
6,64,0.0,0.001,6,1,3.411131372735906,30.04166481897348,26.630533446237575,18.042671968623765,4.662766479788639,3.869520819202945,Kern
12,64,0.1,0.0005,8,1,4.431205648975805,30.712589830740487,26.281384181764682,0.11851740102406737,0.3211675795005199,0.3690204385149514,Kern
9,64,0.2,0.005,8,1,3.2583031766248927,30.730835350774473,27.47253217414958,14.14252376755724,1.7517647756513988,8.073300687472896,Kern
6,64,0.0,0.001,6,2,3.230902279484967,30.890216244552906,27.659313965067938,21.313491430851357,4.662766479788639,4.570996965693528,Kern
9,64,0.0,0.0005,4,1,2.812121978375165,31.011460494764314,28.199338516389147,8.58463278257193,1.7517647756513988,4.900562508102556,Kern
6,64,0.4,0.001,8,2,4.799022592521915,31.33550931491127,26.536486722389355,18.964928569877237,4.662766479788639,4.067312539043755,Kern
6,64,0.0,0.001,4,2,2.440697773565668,31.639225399808314,29.198527626242647,18.74937026862064,4.662766479788639,4.021082837815747,Kern
12,64,0.0,0.0005,4,2,5.798908661400306,31.660778114720646,25.861869453320338,4.1657874288063,0.3211675795005199,12.970759487258759,Kern
6,64,0.3,0.0005,6,1,5.181984838351891,31.680419971306005,26.498435132954114,19.868243265882978,4.662766479788639,4.261041884041252,Kern
6,64,0.1,0.001,8,1,4.226393043174029,32.239696266874155,28.013303223700127,21.465734313228698,4.662766479788639,4.603647728505102,Kern
6,64,0.0,0.0005,4,1,4.15107268414118,33.06418254311173,28.913109858970547,20.3340110294764,4.662766479788639,4.360932746174784,Kern
12,32,0.4,0.0005,6,1,4.834309284115151,33.416109626206065,28.581800342090915,0.9090097008387636,0.3211675795005199,2.8303283359187636,Kern
12,64,0.3,0.0005,6,2,4.332771722704211,34.07087120905645,29.738099486352237,6.513578666861099,0.3211675795005199,20.280934573131642,Kern
6,32,0.2,0.001,6,1,4.729541567479635,34.51729067306965,29.787749105590017,21.79840709500235,4.662766479788639,4.6749943814450825,Kern
12,32,0.0,0.001,8,2,3.1214570506359576,35.66377511349408,32.54231806285812,8.059135108676259,0.3211675795005199,25.093239863157525,Kern
12,64,0.1,0.0005,6,1,4.135806384933032,37.525970270792364,33.39016388585933,4.418078928979498,0.3211675795005199,13.756304219281718,Kern
12,64,0.0,0.0005,6,2,3.8756198904621257,37.586002329465074,33.71038243900295,5.926845227931498,0.3211675795005199,18.454058274340557,Kern
12,32,0.4,0.0005,6,2,5.05402185559715,37.77549124476705,32.721469389169904,4.054767609490013,0.3211675795005199,12.625083813864373,Kern
9,64,0.1,0.0005,6,2,3.650349772027256,39.196707476585225,35.54635770455797,13.21023848805537,1.7517647756513988,7.541102933265173,Kern
6,64,0.2,0.001,8,2,4.397846223599514,39.508002598606105,35.11015637500659,27.582354107316956,4.662766479788639,5.915448313115448,Kern
12,64,0.0,0.0005,4,1,3.5535934149018362,41.0388855634311,37.48529214852927,7.39348794055411,0.3211675795005199,23.020654675208714,Kern
6,64,0.0,0.001,8,1,3.7256132028192788,43.71425690261032,39.98864369979104,28.312745518889685,4.662766479788639,6.0720916738195925,Kern
9,64,0.2,0.001,8,1,3.380610850288682,43.73489482171154,40.35428397142286,16.220123122728747,1.7517647756513988,9.25930430168471,Kern
12,64,0.3,0.0005,8,2,4.334237934327083,45.564833311337686,41.2305953770106,6.1656351172134665,0.3211675795005199,19.19756385997076,Kern
6,64,0.2,0.001,6,1,9.036492562735809,46.74339092139704,37.70689835866123,28.076901960728808,4.662766479788639,6.021511495896643,Kern
12,64,0.1,0.0005,8,2,4.082720671640998,50.09139906757407,46.008678395933075,7.023081143133137,0.3211675795005199,21.86734151079458,Kern
