seq_length,hidden_size,dropout,lr,batch_size,num_layers,train_rmse,test_rmse,rmse_gap,test_pred_std,test_actual_std,test_std_ratio
12,32,0.2,0.005,16,2,8.801376342773438,0.23933273553848267,-8.562043607234955,0.07520683854818344,0.32116708159446716,0.23416733176641677
12,64,0.3,0.001,4,2,8.224191665649414,0.3017297387123108,-7.922461926937103,0.7478563785552979,0.32116708159446716,2.3285586270002754
12,32,0.3,0.005,4,2,6.868249416351318,0.31129127740859985,-6.5569581389427185,0.2748439908027649,0.32116708159446716,0.8557663800358165
12,64,0.4,0.0001,4,1,6.287510871887207,0.3169916272163391,-5.970519244670868,0.7693263292312622,0.32116708159446716,2.3954084130037927
12,32,0.3,0.001,16,2,9.86926555633545,0.5015891790390015,-9.367676377296448,0.16873306035995483,0.32116708159446716,0.5253747037905072
12,64,0.4,0.0001,16,1,10.656768798828125,0.5284890532493591,-10.128279745578766,0.14511732757091522,0.32116708159446716,0.45184371589536904
12,32,0.4,0.0005,16,1,6.810227394104004,0.5313484072685242,-6.27887898683548,0.07698105275630951,0.32116708159446716,0.23969160342999388
12,16,0.2,0.0001,8,1,10.806366920471191,0.5528737902641296,-10.253493130207062,0.14843647181987762,0.32116708159446716,0.4621783499197658
12,64,0.2,0.005,8,2,7.958688259124756,0.5577297210693359,-7.40095853805542,0.33371537923812866,0.32116708159446716,1.039070933363918
12,32,0.1,0.0001,8,1,8.765295028686523,0.5582885146141052,-8.207006514072418,0.6647846102714539,0.32116708159446716,2.0699027028892933
12,32,0.0,0.0001,4,1,7.282665252685547,0.5643989443778992,-6.718266308307648,0.16176298260688782,0.32116708159446716,0.5036723620733444
12,32,0.1,0.005,4,2,9.251846313476562,0.6108628511428833,-8.64098346233368,0.17802424728870392,0.32116708159446716,0.554304153479504
12,16,0.3,0.0001,4,1,10.405451774597168,0.6176238059997559,-9.787827968597412,0.5522754788398743,0.32116708159446716,1.7195893056599874
12,8,0.4,0.001,4,2,7.709980487823486,0.6432919502258301,-7.066688537597656,0.09759524464607239,0.32116708159446716,0.3038768611077783
12,16,0.2,0.005,4,2,8.086119651794434,0.6864153146743774,-7.399704337120056,0.8783046007156372,0.32116708159446716,2.7347279688665576
9,8,0.2,0.0005,4,1,8.3876371383667,0.735366702079773,-7.652270436286926,1.98051118850708,1.7517644166946411,1.1305807845121407
12,8,0.0,0.001,16,2,8.696674346923828,0.7381660342216492,-7.958508312702179,0.17321006953716278,0.32116708159446716,0.539314517157996
12,16,0.2,0.005,16,2,8.82202434539795,0.7472518086433411,-8.074772536754608,0.29709550738334656,0.32116708159446716,0.9250496841344549
12,64,0.0,0.0001,16,2,9.647847175598145,0.7724092602729797,-8.875437915325165,0.08423637598752975,0.32116708159446716,0.26228209805727776
9,16,0.0,0.0005,16,1,9.698694229125977,0.7815187573432922,-8.917175471782684,0.9576128125190735,1.7517644166946411,0.5466561618633448
12,16,0.3,0.001,16,1,6.32584810256958,0.8050321340560913,-5.520815968513489,0.41143280267715454,0.32116708159446716,1.2810553330514256
12,8,0.0,0.005,16,1,3.9425225257873535,0.8077544569969177,-3.134768068790436,0.5709664225578308,0.32116708159446716,1.777786252947248
9,8,0.1,0.005,8,1,3.7027952671051025,0.8587380647659302,-2.8440572023391724,0.9055333733558655,1.7517644166946411,0.5169264569630275
12,8,0.4,0.005,4,1,4.277726173400879,0.8683115839958191,-3.40941458940506,0.5994900465011597,0.32116708159446716,1.8665986673507426
12,8,0.2,0.005,16,2,8.03597354888916,0.9229685664176941,-7.113004982471466,0.3084852695465088,0.32116708159446716,0.9605133502941889
12,8,0.2,0.005,8,1,3.3642101287841797,0.9675665497779846,-2.396643579006195,0.22134985029697418,0.32116708159446716,0.6892046631867126
12,32,0.3,0.005,8,2,5.90243673324585,0.9720200300216675,-4.930416703224182,0.3367944657802582,0.32116708159446716,1.0486581131173445
12,8,0.3,0.0005,8,2,9.891968727111816,0.9986956715583801,-8.893273055553436,0.2264634370803833,0.32116708159446716,0.705126552684298
12,8,0.2,0.005,4,2,8.168781280517578,1.0000934600830078,-7.16868782043457,0.430968701839447,0.32116708159446716,1.34188317090238
9,64,0.4,0.001,16,2,8.701974868774414,1.0311737060546875,-7.670801162719727,1.5877130031585693,1.7517644166946411,0.9063507558592746
9,16,0.0,0.0005,16,2,9.354022026062012,1.04096257686615,-8.313059449195862,0.6550884246826172,1.7517644166946411,0.37395920275552036
12,64,0.3,0.005,16,2,7.530690670013428,1.0417616367340088,-6.488929033279419,0.5209404230117798,0.32116708159446716,1.6220230928572046
12,64,0.4,0.005,4,2,6.969789505004883,1.0597953796386719,-5.909994125366211,0.10148421674966812,0.32116708159446716,0.31598573628978177
9,64,0.4,0.0005,4,2,8.429619789123535,1.0780738592147827,-7.351545929908752,1.5575296878814697,1.7517644166946411,0.8891205193106572
9,64,0.3,0.005,16,2,8.466568946838379,1.087119460105896,-7.379449486732483,0.9211798906326294,1.7517644166946411,0.5258583185350801
12,16,0.3,0.005,4,2,3.3770978450775146,1.0884751081466675,-2.288622736930847,0.7784030437469482,0.32116708159446716,2.423670071921711
9,64,0.3,0.0001,16,1,10.145236015319824,1.1243304014205933,-9.020905613899231,0.7639442086219788,1.7517644166946411,0.43609985528958584
9,8,0.3,0.005,4,1,3.3590946197509766,1.1287591457366943,-2.2303354740142822,1.2403169870376587,1.7517644166946411,0.7080386924275929
9,32,0.2,0.0005,16,1,6.925786972045898,1.1302595138549805,-5.795527458190918,1.1486742496490479,1.7517644166946411,0.6557241594257586
9,64,0.3,0.005,4,2,7.225587368011475,1.1392910480499268,-6.086296319961548,1.149726152420044,1.7517644166946411,0.6563246412947652
9,16,0.4,0.005,8,1,4.646096706390381,1.1469637155532837,-3.499132990837097,1.4346119165420532,1.7517644166946411,0.8189525388630654
12,8,0.0,0.0005,4,1,5.401448726654053,1.1665382385253906,-4.234910488128662,0.5510811805725098,0.32116708159446716,1.7158706858642245
12,16,0.1,0.005,4,2,9.007441520690918,1.184291124343872,-7.823150396347046,0.25485625863075256,0.32116708159446716,0.7935316949840947
12,16,0.3,0.0005,4,1,5.358027458190918,1.185238242149353,-4.172789216041565,0.0893917828798294,0.32116708159446716,0.27833420049164026
9,32,0.4,0.001,8,2,8.365859031677246,1.1984713077545166,-7.1673877239227295,1.0176852941513062,1.7517644166946411,0.5809487191614213
9,64,0.1,0.005,8,2,9.09475040435791,1.2007253170013428,-7.894025087356567,0.5532185435295105,1.7517644166946411,0.315806473894112
9,64,0.2,0.0001,8,1,8.64514446258545,1.2431554794311523,-7.401988983154297,0.5259860157966614,1.7517644166946411,0.3002607033137086
12,8,0.2,0.005,8,2,7.154129981994629,1.2471752166748047,-5.906954765319824,0.24815255403518677,0.32116708159446716,0.7726587444865388
12,16,0.4,0.0001,8,1,11.003145217895508,1.2503204345703125,-9.752824783325195,0.12936991453170776,0.32116708159446716,0.40281187564253923
9,32,0.1,0.0001,8,1,10.139039039611816,1.2594715356826782,-8.879567503929138,0.5608975291252136,1.7517644166946411,0.3201900459786463
9,8,0.4,0.0005,4,1,9.2860107421875,1.2680363655090332,-8.017974376678467,0.6355200409889221,1.7517644166946411,0.36278853191233806
9,16,0.3,0.0005,8,1,7.080372333526611,1.2736693620681763,-5.806702971458435,1.3097752332687378,1.7517644166946411,0.7476891417512171
12,16,0.0,0.0001,8,2,10.218560218811035,1.2800347805023193,-8.938525438308716,0.03317597508430481,0.32116708159446716,0.10329818024811027
9,8,0.2,0.0001,8,1,10.104623794555664,1.2825872898101807,-8.822036504745483,0.7380223870277405,1.7517644166946411,0.4213023052610555
12,8,0.4,0.001,16,2,8.579435348510742,1.3026247024536133,-7.276810646057129,0.1867651641368866,0.32116708159446716,0.5815202579594136
12,8,0.0,0.001,4,1,5.000494956970215,1.3261853456497192,-3.6743096113204956,1.0033727884292603,0.32116708159446716,3.124145798031082
12,64,0.1,0.005,8,2,9.736323356628418,1.3290274143218994,-8.407295942306519,0.17337122559547424,0.32116708159446716,0.5398162997737965
9,16,0.2,0.0001,4,1,10.357370376586914,1.334519863128662,-9.022850513458252,0.3087400496006012,1.7517644166946411,0.1762451883702232
12,32,0.3,0.0005,8,2,10.619668960571289,1.3381586074829102,-9.281510353088379,0.41679322719573975,0.32116708159446716,1.2977457874154683
9,8,0.3,0.0005,8,2,9.003993034362793,1.3391304016113281,-7.664862632751465,0.5302096605300903,1.7517644166946411,0.3026717836468726
9,16,0.2,0.001,16,1,6.597514629364014,1.3465973138809204,-5.250917315483093,1.7285996675491333,1.7517644166946411,0.9867763330932268
9,8,0.2,0.001,4,2,8.704431533813477,1.3547872304916382,-7.349644303321838,0.606024444103241,1.7517644166946411,0.34595088148138825
9,8,0.3,0.001,4,2,9.206655502319336,1.357836127281189,-7.848819375038147,0.6646086573600769,1.7517644166946411,0.37939385628925476
12,8,0.4,0.005,8,1,5.980284690856934,1.3586326837539673,-4.621652007102966,0.6168929934501648,0.32116708159446716,1.9207852510523051
9,64,0.4,0.0001,16,1,10.299744606018066,1.3595079183578491,-8.940236687660217,0.5806266069412231,1.7517644166946411,0.331452449546151
12,32,0.3,0.0005,8,1,5.9209303855896,1.3659740686416626,-4.554956316947937,0.4690951108932495,0.32116708159446716,1.4605952408459122
9,64,0.0,0.0001,16,2,9.11219596862793,1.3744335174560547,-7.737762451171875,0.39579257369041443,1.7517644166946411,0.22593938426790583
12,32,0.3,0.005,16,2,8.649741172790527,1.3750478029251099,-7.2746933698654175,0.5950264930725098,0.32116708159446716,1.8527007503958353
9,8,0.1,0.005,4,2,9.101977348327637,1.381712555885315,-7.720264792442322,0.3824387788772583,1.7517644166946411,0.21831633022828043
9,16,0.0,0.0005,8,1,7.894925594329834,1.3925713300704956,-6.502354264259338,1.129636526107788,1.7517644166946411,0.6448564175308857
12,16,0.4,0.005,4,2,6.446438789367676,1.4161689281463623,-5.0302698612213135,0.2773633599281311,0.32116708159446716,0.8636107989372137
9,16,0.4,0.001,4,2,8.871857643127441,1.4318798780441284,-7.439977765083313,1.1503645181655884,1.7517644166946411,0.6566890543057048
9,8,0.4,0.001,8,2,8.021758079528809,1.4354569911956787,-6.58630108833313,1.7013248205184937,1.7517644166946411,0.9712064044140589
9,16,0.4,0.005,4,1,2.9451191425323486,1.4398359060287476,-1.505283236503601,1.8870909214019775,1.7517644166946411,1.077251543311218
9,8,0.0,0.0005,16,2,9.803253173828125,1.4461710453033447,-8.35708212852478,0.2558923363685608,1.7517644166946411,0.1460769119008579
9,32,0.1,0.0001,16,1,10.578575134277344,1.4473987817764282,-9.131176352500916,0.24596495926380157,1.7517644166946411,0.14040983874298948
12,16,0.3,0.001,4,2,9.959345817565918,1.451668620109558,-8.50767719745636,0.35223639011383057,0.32116708159446716,1.0967387702535285
12,64,0.4,0.0001,8,1,7.944655418395996,1.4578949213027954,-6.486760497093201,0.9044989943504333,0.32116708159446716,2.8162879889805477
9,16,0.1,0.005,4,2,8.803006172180176,1.4675699472427368,-7.335436224937439,0.46682921051979065,1.7517644166946411,0.266490862624461
9,32,0.0,0.0001,16,2,10.206686973571777,1.4696762561798096,-8.737010717391968,0.5197021961212158,1.7517644166946411,0.29667356590210253
9,16,0.0,0.0001,4,2,9.698594093322754,1.470758318901062,-8.227835774421692,0.3757268190383911,1.7517644166946411,0.21448478771325902
9,16,0.4,0.0005,16,1,8.857425689697266,1.4881654977798462,-7.369260191917419,0.478801429271698,1.7517644166946411,0.2733252398031557
12,16,0.4,0.0005,8,1,6.632030963897705,1.4895353317260742,-5.142495632171631,0.8141105771064758,0.32116708159446716,2.5348506237461814
9,16,0.0,0.0001,16,2,10.322370529174805,1.4982386827468872,-8.824131846427917,0.21864387392997742,1.7517644166946411,0.12481351478900964
9,32,0.0,0.0001,4,1,7.711585998535156,1.4992345571517944,-6.212351441383362,1.5193963050842285,1.7517644166946411,0.8673519627434482
9,8,0.2,0.001,8,2,8.796265602111816,1.5074141025543213,-7.288851499557495,0.3029809594154358,1.7517644166946411,0.17295759437055053
9,16,0.4,0.0005,4,2,9.128998756408691,1.5391851663589478,-7.589813590049744,0.7648497819900513,1.7517644166946411,0.4366168045776535
9,32,0.1,0.0001,4,1,8.140379905700684,1.5450875759124756,-6.595292329788208,1.057913899421692,1.7517644166946411,0.6039133397959083
12,8,0.2,0.0005,16,1,10.516084671020508,1.5470471382141113,-8.969037532806396,0.21342961490154266,0.32116708159446716,0.6645438686989629
12,16,0.2,0.0001,4,1,11.059934616088867,1.5512573719024658,-9.508677244186401,0.441363126039505,0.32116708159446716,1.374247708850833
12,8,0.0,0.0005,8,2,9.812675476074219,1.5551179647445679,-8.25755751132965,0.03598261997103691,0.32116708159446716,0.1120370736390463
9,32,0.1,0.005,8,2,8.819554328918457,1.555677890777588,-7.263876438140869,0.5956130623817444,1.7517644166946411,0.3400075128284608
12,8,0.0,0.0001,4,2,10.215929985046387,1.563471794128418,-8.652458190917969,0.006489265710115433,0.32116708159446716,0.020205264119531812
9,8,0.3,0.0005,4,2,8.553346633911133,1.5644750595092773,-6.9888715744018555,0.25681018829345703,1.7517644166946411,0.14660087044011633
9,16,0.4,0.0005,8,2,6.801354885101318,1.5646167993545532,-5.236738085746765,0.7890602350234985,1.7517644166946411,0.4504374147023467
12,32,0.1,0.0001,16,1,10.270392417907715,1.5717380046844482,-8.698654413223267,0.18896083533763885,0.32116708159446716,0.5883567967162863
9,32,0.0,0.0001,8,1,9.963766098022461,1.5728341341018677,-8.390931963920593,0.4573100805282593,1.7517644166946411,0.2610568385623141
9,8,0.0,0.001,4,2,3.8457748889923096,1.5797548294067383,-2.2660200595855713,0.4793851971626282,1.7517644166946411,0.27365848546414
9,16,0.4,0.0001,8,1,10.681231498718262,1.5872743129730225,-9.09395718574524,0.15606459975242615,1.7517644166946411,0.08908994740679822
9,8,0.4,0.005,16,2,4.490996360778809,1.588383674621582,-2.9026126861572266,0.7860151529312134,1.7517644166946411,0.44869912040702653
12,32,0.3,0.0005,16,2,11.618142127990723,1.5910205841064453,-10.027121543884277,0.1496981829404831,0.32116708159446716,0.4661068693506539
9,8,0.1,0.0005,8,1,8.829410552978516,1.6006370782852173,-7.228773474693298,0.705883264541626,1.7517644166946411,0.4029555902691178
12,16,0.3,0.005,8,2,7.174592971801758,1.608189582824707,-5.566403388977051,0.28812530636787415,0.32116708159446716,0.8971196703517879
9,32,0.1,0.005,4,2,8.876670837402344,1.6082834005355835,-7.26838743686676,0.28098446130752563,1.7517644166946411,0.16040082709164052
9,64,0.4,0.0001,8,1,9.126751899719238,1.6109638214111328,-7.5157880783081055,0.8011345267295837,1.7517644166946411,0.45733006053475145
9,64,0.4,0.0005,8,2,7.989033222198486,1.6114825010299683,-6.377550721168518,1.3805444240570068,1.7517644166946411,0.7880879477286794
9,32,0.0,0.0001,16,1,10.941205978393555,1.611656904220581,-9.329549074172974,0.5066400170326233,1.7517644166946411,0.2892169815782588
9,8,0.0,0.0001,4,2,10.009699821472168,1.6220979690551758,-8.387601852416992,0.22109965980052948,1.7517644166946411,0.12621540755903507
12,32,0.4,0.0001,4,1,8.803605079650879,1.6229654550552368,-7.180639624595642,0.33860912919044495,0.32116708159446716,1.0543083292016882
9,64,0.3,0.001,8,2,8.589420318603516,1.6285943984985352,-6.9608259201049805,2.614159345626831,1.7517644166946411,1.492300745872793
9,16,0.4,0.001,16,2,8.87343692779541,1.6343002319335938,-7.239136695861816,2.4657208919525146,1.7517644166946411,1.4075642069525647
9,64,0.3,0.001,16,2,9.792150497436523,1.6439496278762817,-8.148200869560242,1.1136475801467896,1.7517644166946411,0.6357290795117887
9,8,0.2,0.0005,8,1,10.028895378112793,1.644432544708252,-8.384462833404541,0.19002285599708557,1.7517644166946411,0.1084751203906943
12,64,0.3,0.0001,8,1,7.044509410858154,1.6590042114257812,-5.385505199432373,0.6070225238800049,0.32116708159446716,1.8900521213643031
6,8,0.2,0.0005,8,1,8.922454833984375,1.6609907150268555,-7.2614641189575195,3.0199220180511475,4.662766456604004,0.6476674408116557
12,8,0.4,0.0005,16,1,9.79839038848877,1.662121057510376,-8.136269330978394,0.08460187166929245,0.32116708159446716,0.2634201215432096
9,32,0.0,0.0001,8,2,8.802594184875488,1.6667472124099731,-7.135846972465515,0.1643865555524826,1.7517644166946411,0.0938405609714686
9,64,0.0,0.0001,16,1,9.60635757446289,1.6725341081619263,-7.933823466300964,0.3862895369529724,1.7517644166946411,0.2205145470883877
9,8,0.3,0.005,4,2,3.887913703918457,1.673440933227539,-2.214472770690918,0.5249613523483276,1.7517644166946411,0.29967577109418836
12,8,0.0,0.0001,16,2,10.252023696899414,1.6744680404663086,-8.577555656433105,0.047485675662755966,0.32116708159446716,0.14785349552951824
12,64,0.0,0.005,4,1,2.3815014362335205,1.6815193891525269,-0.6999820470809937,1.0928428173065186,0.32116708159446716,3.4027236287137135
12,32,0.4,0.0005,16,2,9.83321762084961,1.6841360330581665,-8.149081587791443,0.004329998511821032,0.32116708159446716,0.013482074471406928
9,32,0.3,0.001,8,2,8.747929573059082,1.6854923963546753,-7.062437176704407,0.37948840856552124,1.7517644166946411,0.2166321024385049
12,32,0.0,0.0001,16,2,9.747696876525879,1.6931025981903076,-8.054594278335571,0.1624595820903778,0.32116708159446716,0.5058413249696402
9,64,0.0,0.005,16,1,4.822699069976807,1.7063454389572144,-3.1163536310195923,1.9067363739013672,1.7517644166946411,1.0884662091145445
9,32,0.4,0.0005,16,1,8.021478652954102,1.7103142738342285,-6.311164379119873,0.941700279712677,1.7517644166946411,0.5375724445239884
9,16,0.0,0.0001,8,2,9.830307006835938,1.7139575481414795,-8.116349458694458,0.22248238325119019,1.7517644166946411,0.1270047394106717
9,8,0.0,0.0005,16,1,10.24984359741211,1.7228667736053467,-8.526976823806763,0.8480850458145142,1.7517644166946411,0.4841319059412931
9,8,0.3,0.0005,8,1,9.372581481933594,1.7338178157806396,-7.638763666152954,0.8960663080215454,1.7517644166946411,0.5115221541674592
9,64,0.0,0.0001,8,2,7.590582370758057,1.739645004272461,-5.850937366485596,1.2836583852767944,1.7517644166946411,0.7327802603154231
12,32,0.2,0.005,8,2,8.936652183532715,1.7465276718139648,-7.19012451171875,0.30962491035461426,0.32116708159446716,0.9640617862124892
9,16,0.1,0.0001,16,1,11.499058723449707,1.7471072673797607,-9.751951456069946,1.251041054725647,1.7517644166946411,0.7141605588074473
12,32,0.4,0.005,16,2,4.948622703552246,1.7525662183761597,-3.1960564851760864,0.4708848297595978,0.32116708159446716,1.4661677884976299
9,32,0.4,0.0001,8,1,10.223579406738281,1.752920150756836,-8.470659255981445,0.42372748255729675,1.7517644166946411,0.2418861112368164
9,64,0.1,0.0001,8,1,9.579520225524902,1.7536659240722656,-7.825854301452637,0.5966556668281555,1.7517644166946411,0.34060268672083754
9,64,0.4,0.005,4,1,3.83146595954895,1.7558226585388184,-2.075643301010132,2.5372328758239746,1.7517644166946411,1.4483870386015796
9,8,0.3,0.0001,8,1,10.131592750549316,1.7596701383590698,-8.371922612190247,0.4457795023918152,1.7517644166946411,0.25447457326079553
9,16,0.1,0.0005,8,1,7.834314346313477,1.777907133102417,-6.05640721321106,0.6958868503570557,1.7517644166946411,0.3972491070860467
9,16,0.2,0.0005,16,1,9.003283500671387,1.7814873456954956,-7.221796154975891,0.7308547496795654,1.7517644166946411,0.4172106378656762
12,8,0.4,0.005,4,2,5.6256256103515625,1.7864946126937866,-3.839130997657776,1.1985377073287964,0.32116708159446716,3.73181990314366
12,64,0.2,0.0001,16,1,9.992571830749512,1.7907958030700684,-8.201776027679443,0.30333998799324036,0.32116708159446716,0.9444927745623171
12,16,0.3,0.0005,4,2,10.435972213745117,1.8041234016418457,-8.631848812103271,0.012782970443367958,0.32116708159446716,0.03980162095039622
12,8,0.4,0.0005,8,2,8.296478271484375,1.8044989109039307,-6.491979360580444,0.12148542702198029,0.32116708159446716,0.3782623873494548
9,64,0.1,0.0001,16,1,10.01014518737793,1.8090428113937378,-8.201102375984192,0.46664324402809143,1.7517644166946411,0.26638470309186235
12,8,0.1,0.0005,4,1,7.849230766296387,1.8198535442352295,-6.029377222061157,0.6167405843734741,0.32116708159446716,1.9203107034245284
12,64,0.2,0.005,16,2,8.972430229187012,1.8202648162841797,-7.152165412902832,0.09577921777963638,0.32116708159446716,0.2982223997058807
9,16,0.4,0.005,16,2,6.975498199462891,1.8424474000930786,-5.133050799369812,0.49007463455200195,1.7517644166946411,0.27976058303359713
12,8,0.4,0.001,4,1,6.123565196990967,1.8445292711257935,-4.279035925865173,0.4710223972797394,0.32116708159446716,1.4665961247999018
9,64,0.4,0.0001,4,2,9.723325729370117,1.8505806922912598,-7.872745037078857,1.5194377899169922,1.7517644166946411,0.8673756444853356
9,8,0.3,0.0005,4,1,6.5979509353637695,1.8527816534042358,-4.745169281959534,1.340812087059021,1.7517644166946411,0.7654066233340694
9,32,0.2,0.005,4,1,4.97015905380249,1.8620295524597168,-3.1081295013427734,2.0854339599609375,1.7517644166946411,1.1904762650082188
9,64,0.4,0.005,4,2,6.241733551025391,1.8657441139221191,-4.3759894371032715,1.2275437116622925,1.7517644166946411,0.7007470296596804
9,8,0.0,0.001,16,2,9.779109954833984,1.866763710975647,-7.912346243858337,0.18796581029891968,1.7517644166946411,0.1073008496505412
9,32,0.2,0.0001,8,1,9.969573020935059,1.8693801164627075,-8.100192904472351,0.21891647577285767,1.7517644166946411,0.12496913037309292
9,64,0.2,0.0001,16,1,10.256241798400879,1.876987338066101,-8.379254460334778,0.3862059712409973,1.7517644166946411,0.22046684334970074
6,32,0.3,0.0001,4,1,10.247051239013672,1.892307996749878,-8.354743242263794,2.7516160011291504,4.662766456604004,0.5901252028679157
9,32,0.3,0.0001,4,1,9.64297866821289,1.9078049659729004,-7.73517370223999,0.4805662930011749,1.7517644166946411,0.2743327175853606
9,16,0.2,0.0001,8,1,10.850914001464844,1.9147487878799438,-8.9361652135849,0.7033630609512329,1.7517644166946411,0.401516924449459
9,8,0.3,0.001,16,1,9.547607421875,1.930236577987671,-7.617370843887329,0.49596646428108215,1.7517644166946411,0.28312395180221117
9,8,0.4,0.0005,8,2,10.073771476745605,1.9438732862472534,-8.129898190498352,0.2831602394580841,1.7517644166946411,0.1616428766102989
9,16,0.0,0.0001,4,1,9.370152473449707,1.9501348733901978,-7.420017600059509,0.6824374794960022,1.7517644166946411,0.38957149317125406
9,16,0.1,0.005,16,2,8.875373840332031,1.9748992919921875,-6.900474548339844,0.2271217703819275,1.7517644166946411,0.1296531475450778
9,8,0.4,0.001,4,2,6.443337440490723,1.9766266345977783,-4.466710805892944,0.6562777757644653,1.7517644166946411,0.3746381474072746
12,32,0.3,0.001,8,2,8.512657165527344,2.0010650157928467,-6.511592149734497,0.010967621579766273,0.32116708159446716,0.03414927060804732
9,16,0.1,0.0001,4,1,9.757818222045898,2.0126376152038574,-7.745180606842041,0.6065176725387573,1.7517644166946411,0.34623244242121315
9,64,0.2,0.005,16,2,9.529704093933105,2.012648820877075,-7.51705527305603,0.6708585023880005,1.7517644166946411,0.3829615991708668
9,32,0.2,0.0001,4,1,9.752737045288086,2.0129876136779785,-7.739749431610107,0.7081352472305298,1.7517644166946411,0.4042411413782978
9,8,0.1,0.005,16,2,8.53809928894043,2.014493703842163,-6.523605585098267,0.41685619950294495,1.7517644166946411,0.2379636185837706
12,32,0.0,0.0001,8,2,9.722650527954102,2.0145530700683594,-7.708097457885742,0.22958703339099884,0.32116708159446716,0.7148523200173265
9,32,0.3,0.0001,8,1,10.603768348693848,2.0146279335021973,-8.58914041519165,1.0720276832580566,1.7517644166946411,0.6119702358613026
12,32,0.1,0.0005,16,1,5.8645830154418945,2.019110679626465,-3.8454723358154297,0.03779594600200653,0.32116708159446716,0.11768312560043405
12,64,0.0,0.0001,8,1,8.302645683288574,2.030951976776123,-6.271693706512451,0.2368834912776947,0.32116708159446716,0.7375708933233821
12,64,0.4,0.001,8,2,8.244604110717773,2.036219835281372,-6.208384275436401,0.34015271067619324,0.32116708159446716,1.0591144926418672
9,64,0.3,0.0001,8,1,8.914141654968262,2.0575625896453857,-6.856579065322876,0.6154021620750427,1.7517644166946411,0.3513041800656216
12,64,0.0,0.0001,16,1,10.129405975341797,2.0615856647491455,-8.067820310592651,0.24878373742103577,0.32116708159446716,0.7746240249340723
9,8,0.0,0.0005,4,2,6.853804111480713,2.0684285163879395,-4.785375595092773,0.8470923900604248,1.7517644166946411,0.4835652454105567
6,16,0.0,0.0005,8,2,7.600967884063721,2.071092128753662,-5.529875755310059,3.6562061309814453,4.662766456604004,0.7841280846916663
9,8,0.3,0.001,8,2,8.26255989074707,2.071885108947754,-6.190674781799316,0.5579055547714233,1.7517644166946411,0.3184820683960009
12,32,0.2,0.0001,8,1,10.369391441345215,2.0908401012420654,-8.27855134010315,0.14165858924388885,0.32116708159446716,0.44107443558851095
12,64,0.3,0.0001,16,1,9.833918571472168,2.1070640087127686,-7.726854562759399,0.5019480586051941,0.32116708159446716,1.5628876288105902
6,32,0.1,0.0001,4,1,9.492366790771484,2.119279623031616,-7.373087167739868,2.6565704345703125,4.662766456604004,0.5697412596780906
9,64,0.3,0.001,4,2,9.339628219604492,2.134317398071289,-7.205310821533203,0.9885867834091187,1.7517644166946411,0.5643377465529625
9,32,0.3,0.001,4,2,8.672409057617188,2.1365280151367188,-6.535881042480469,1.5052127838134766,1.7517644166946411,0.8592552568533294
9,16,0.1,0.0001,8,1,10.43183708190918,2.1483280658721924,-8.283509016036987,1.049165964126587,1.7517644166946411,0.5989195545518792
12,16,0.2,0.001,4,2,10.216508865356445,2.153069257736206,-8.06343960762024,0.17715027928352356,0.32116708159446716,0.5515829281258923
9,16,0.4,0.0005,8,1,7.94183349609375,2.1653425693511963,-5.776490926742554,0.6528475880622864,1.7517644166946411,0.3726800144131981
9,32,0.1,0.001,4,1,3.319065809249878,2.1695961952209473,-1.1494696140289307,2.304241418838501,1.7517644166946411,1.315383162757875
6,8,0.0,0.001,8,2,7.115470886230469,2.1731560230255127,-4.942314863204956,3.994659423828125,4.662766456604004,0.8567144550356751
9,64,0.1,0.005,4,2,8.251233100891113,2.193495512008667,-6.057737588882446,0.6257097721099854,1.7517644166946411,0.35718831033833925
9,8,0.2,0.005,4,1,2.768284320831299,2.197190999984741,-0.5710933208465576,2.738987684249878,1.7517644166946411,1.5635593794158709
9,64,0.3,0.005,8,2,6.69735860824585,2.1979615688323975,-4.499397039413452,2.6272971630096436,1.7517644166946411,1.4998005085449917
12,64,0.3,0.005,8,2,6.08786153793335,2.2019309997558594,-3.8859305381774902,0.4562999904155731,0.32116708159446716,1.42075578901245
12,64,0.3,0.001,8,2,10.104287147521973,2.2048094272613525,-7.89947772026062,0.17230576276779175,0.32116708159446716,0.5364988276891952
12,8,0.0,0.0001,8,2,10.06868839263916,2.2115976810455322,-7.857090711593628,0.012221910990774632,0.32116708159446716,0.03805468147637576
12,32,0.3,0.0001,16,1,11.43976879119873,2.2223429679870605,-9.21742582321167,0.681320309638977,0.32116708159446716,2.1213889862450785
9,8,0.0,0.0001,4,1,10.802960395812988,2.240539789199829,-8.56242060661316,0.826021134853363,1.7517644166946411,0.4715366558318161
9,8,0.4,0.001,16,2,9.523290634155273,2.257889986038208,-7.265400648117065,0.318017840385437,1.7517644166946411,0.18154144321843038
6,16,0.3,0.0005,8,1,9.63543701171875,2.2591617107391357,-7.376275300979614,2.338804006576538,4.662766456604004,0.5015914968814331
9,16,0.3,0.0005,16,1,10.007354736328125,2.267141103744507,-7.740213632583618,1.1285017728805542,1.7517644166946411,0.6442086402290869
12,16,0.3,0.001,16,2,9.247971534729004,2.273968458175659,-6.974003076553345,0.06869599223136902,0.32116708159446716,0.21389487331740434
6,32,0.2,0.0005,8,1,6.926883220672607,2.2970592975616455,-4.629823923110962,4.963265895843506,4.662766456604004,1.0644465988241587
9,64,0.0,0.0001,8,1,8.486151695251465,2.3085243701934814,-6.177627325057983,0.8946524262428284,1.7517644166946411,0.5107150354902886
6,16,0.1,0.0005,8,1,8.68586254119873,2.3102962970733643,-6.375566244125366,2.9324798583984375,4.662766456604004,0.6289141619445867
12,64,0.1,0.0001,16,1,9.688078880310059,2.3146796226501465,-7.373399257659912,0.3390764594078064,0.32116708159446716,1.0557634291921398
6,8,0.1,0.001,16,1,8.136999130249023,2.32307505607605,-5.813924074172974,3.423736095428467,4.662766456604004,0.7342714088927477
6,16,0.0,0.0005,8,1,8.701348304748535,2.3460497856140137,-6.3552985191345215,2.3614895343780518,4.662766456604004,0.5064567475888503
6,64,0.2,0.0001,8,1,9.969270706176758,2.3470635414123535,-7.622207164764404,2.5866525173187256,4.662766456604004,0.5547463166754103
6,32,0.0,0.0001,4,2,9.17642593383789,2.359358310699463,-6.817067623138428,2.4516327381134033,4.662766456604004,0.525789305754546
9,32,0.4,0.0001,4,2,9.781844139099121,2.3655526638031006,-7.4162914752960205,0.6756429076194763,1.7517644166946411,0.3856927913254052
12,8,0.0,0.0001,4,1,10.296582221984863,2.3762996196746826,-7.920282602310181,0.530110239982605,0.32116708159446716,1.650574639688532
12,16,0.1,0.005,8,2,10.102790832519531,2.385345697402954,-7.717445135116577,0.16654883325099945,0.32116708159446716,0.5185737978629397
9,8,0.1,0.0001,4,1,10.613768577575684,2.3882317543029785,-8.225536823272705,1.0896950960159302,1.7517644166946411,0.6220557317130848
9,8,0.1,0.0005,4,1,6.21000862121582,2.4231534004211426,-3.7868552207946777,1.5225379467010498,1.7517644166946411,0.8691453783345406
9,8,0.2,0.0001,4,1,11.032166481018066,2.430569887161255,-8.601596593856812,0.6028921604156494,1.7517644166946411,0.3441628078924168
9,32,0.2,0.0001,16,1,10.53585433959961,2.4354097843170166,-8.100444555282593,0.6304503679275513,1.7517644166946411,0.35989449375683275
12,16,0.3,0.0005,16,2,10.558996200561523,2.4422314167022705,-8.116764783859253,0.17768234014511108,0.32116708159446716,0.5532395763071007
9,64,0.4,0.0001,8,2,10.374964714050293,2.4428131580352783,-7.932151556015015,0.5730406641960144,1.7517644166946411,0.32712199125340724
9,64,0.4,0.001,4,2,5.916525840759277,2.4526376724243164,-3.463888168334961,2.1115214824676514,1.7517644166946411,1.205368405902334
9,32,0.4,0.0005,4,2,8.939105033874512,2.4566099643707275,-6.482495069503784,2.1367809772491455,1.7517644166946411,1.2197878646724554
6,8,0.4,0.0005,4,1,8.911395072937012,2.4847404956817627,-6.426654577255249,3.181379795074463,4.662766456604004,0.6822944757545357
9,8,0.2,0.001,16,1,10.214879989624023,2.5039262771606445,-7.710953712463379,1.6786247491836548,1.7517644166946411,0.9582480002368174
9,32,0.2,0.001,4,2,9.923096656799316,2.5109405517578125,-7.412156105041504,0.395497590303421,1.7517644166946411,0.22577099211187038
9,8,0.3,0.001,8,1,5.886382579803467,2.5126774311065674,-3.3737051486968994,2.637662887573242,1.7517644166946411,1.5057178136716465
6,32,0.1,0.0001,8,1,10.342714309692383,2.5142338275909424,-7.82848048210144,2.4483957290649414,4.662766456604004,0.5250950807534466
12,8,0.0,0.0001,8,1,10.064187049865723,2.523092031478882,-7.541095018386841,0.12445998191833496,0.32116708159446716,0.38752409275707994
9,8,0.4,0.001,8,1,5.740569591522217,2.541285753250122,-3.1992838382720947,1.5471340417861938,1.7517644166946411,0.8831861333874111
12,16,0.2,0.0005,16,1,9.941056251525879,2.546661853790283,-7.394394397735596,0.3566216826438904,0.32116708159446716,1.1103930106205318
9,8,0.0,0.005,16,2,3.737619161605835,2.5506677627563477,-1.1869513988494873,1.451524257659912,1.7517644166946411,0.8286069997921043
9,16,0.4,0.001,8,2,6.024089336395264,2.558272361755371,-3.4658169746398926,1.410090446472168,1.7517644166946411,0.8049543837251992
9,8,0.2,0.005,8,1,5.693375587463379,2.5604562759399414,-3.1329193115234375,1.4839060306549072,1.7517644166946411,0.8470922325587884
6,16,0.4,0.0005,8,1,8.781291007995605,2.560539722442627,-6.2207512855529785,2.83724308013916,4.662766456604004,0.6084892105459614
12,16,0.0,0.0001,8,1,10.772323608398438,2.565730333328247,-8.20659327507019,0.3496988117694855,0.32116708159446716,1.0888376543242526
12,32,0.2,0.005,4,2,6.234384059906006,2.5663087368011475,-3.6680753231048584,0.6361827254295349,0.32116708159446716,1.9808466118978945
12,32,0.4,0.0001,8,1,10.064831733703613,2.578207015991211,-7.486624717712402,0.26329508423805237,0.32116708159446716,0.8198071948435585
6,8,0.2,0.0001,4,1,10.297529220581055,2.5794050693511963,-7.718124151229858,2.5738329887390137,4.662766456604004,0.5519969770507428
12,8,0.3,0.005,16,2,7.532291889190674,2.589003562927246,-4.943288326263428,0.34802642464637756,0.32116708159446716,1.0836304359667386
12,16,0.1,0.005,4,1,2.7573835849761963,2.5962722301483154,-0.16111135482788086,0.20356591045856476,0.32116708159446716,0.6338318032095344
12,64,0.1,0.005,4,1,3.474679708480835,2.5965497493743896,-0.8781299591064453,1.6072434186935425,0.32116708159446716,5.00438404432427
12,32,0.2,0.0001,16,1,10.242833137512207,2.6004512310028076,-7.642381906509399,0.4660692811012268,0.32116708159446716,1.4511738836601114
6,32,0.2,0.0001,16,1,10.996207237243652,2.6009533405303955,-8.395253896713257,1.9500192403793335,4.662766456604004,0.41821078935177375
9,8,0.0,0.005,4,1,2.5016086101531982,2.607571601867676,0.10596299171447754,4.195925712585449,1.7517644166946411,2.395256846524279
9,16,0.0,0.005,8,2,1.6950057744979858,2.6119558811187744,0.9169501066207886,0.8586583137512207,1.7517644166946411,0.4901676878283673
9,8,0.1,0.005,4,1,4.0363545417785645,2.614316701889038,-1.4220378398895264,1.0361500978469849,1.7517644166946411,0.5914894080347114
9,8,0.4,0.0001,4,2,10.096535682678223,2.616471767425537,-7.4800639152526855,0.07089966535568237,1.7517644166946411,0.04047328777773732
6,64,0.3,0.0001,8,1,9.903420448303223,2.6283493041992188,-7.275071144104004,2.126417398452759,4.662766456604004,0.45604201244972403
9,32,0.3,0.0005,4,2,11.705995559692383,2.6356921195983887,-9.070303440093994,1.2969266176223755,1.7517644166946411,0.7403544707624058
6,64,0.3,0.0001,4,1,8.78837776184082,2.6422204971313477,-6.146157264709473,3.0243899822235107,4.662766456604004,0.6486256625484608
12,16,0.2,0.005,8,2,6.880288124084473,2.643012046813965,-4.237276077270508,0.6572710275650024,0.32116708159446716,2.046508080161617
12,64,0.2,0.0001,8,1,8.576282501220703,2.645416498184204,-5.930866003036499,0.3529653549194336,0.32116708159446716,1.0990085072452027
6,64,0.0,0.0005,16,1,7.171935558319092,2.655040740966797,-4.516894817352295,4.260834693908691,4.662766456604004,0.9137997224531703
9,32,0.3,0.001,16,2,10.53997802734375,2.659358263015747,-7.880619764328003,0.6118685007095337,1.7517644166946411,0.34928697881879145
12,8,0.1,0.001,4,1,4.5430216789245605,2.6621828079223633,-1.8808388710021973,0.6013889908790588,0.32116708159446716,1.8725113043759063
12,8,0.2,0.0001,4,1,10.8665189743042,2.6798863410949707,-8.186632633209229,0.40055420994758606,0.32116708159446716,1.247183266600653
12,32,0.1,0.0001,4,1,8.906408309936523,2.692976474761963,-6.2134318351745605,0.4422074258327484,0.32116708159446716,1.3768765579503477
12,8,0.1,0.001,16,1,6.957851409912109,2.696157455444336,-4.261693954467773,0.3211185336112976,0.32116708159446716,0.9998488388569322
9,32,0.2,0.005,16,2,10.109766960144043,2.7003543376922607,-7.409412622451782,0.9670948386192322,1.7517644166946411,0.5520690050572088
12,32,0.4,0.0001,16,1,10.826301574707031,2.7031428813934326,-8.123158693313599,0.3873598873615265,0.32116708159446716,1.2061008414636964
6,16,0.4,0.0001,4,1,10.264521598815918,2.703972578048706,-7.560549020767212,2.357142210006714,4.662766456604004,0.5055243988615876
9,32,0.2,0.005,8,2,6.028247356414795,2.707939863204956,-3.320307493209839,1.119200348854065,1.7517644166946411,0.6388988942736119
12,64,0.3,0.0005,16,2,11.717153549194336,2.7105600833892822,-9.006593465805054,0.0021181320771574974,0.32116708159446716,0.00659510951944954
6,8,0.2,0.001,8,1,7.941641807556152,2.7151215076446533,-5.226520299911499,2.5661721229553223,4.662766456604004,0.5503539898123747
12,32,0.3,0.0005,4,2,10.30753231048584,2.718590021133423,-7.588942289352417,0.4777888059616089,0.32116708159446716,1.4876643135080252
9,16,0.3,0.005,8,1,3.757697820663452,2.7241175174713135,-1.0335803031921387,1.281362533569336,1.7517644166946411,0.731469666444707
6,16,0.1,0.005,4,2,11.119888305664062,2.7354354858398438,-8.384452819824219,2.218066930770874,4.662766456604004,0.4756976253076894
9,8,0.3,0.005,16,2,5.78682804107666,2.7393507957458496,-3.0474772453308105,0.2572530508041382,1.7517644166946411,0.14685367983986242
9,8,0.3,0.0001,4,1,10.472175598144531,2.7393808364868164,-7.732794761657715,0.5430777668952942,1.7517644166946411,0.3100175809713121
12,32,0.3,0.0001,8,1,10.325428009033203,2.7407381534576416,-7.5846898555755615,0.49594634771347046,0.32116708159446716,1.5442004368918931
6,32,0.0,0.0001,4,1,9.405511856079102,2.750105142593384,-6.655406713485718,2.6749284267425537,4.662766456604004,0.573678405649929
12,16,0.1,0.0005,16,1,9.090484619140625,2.7637522220611572,-6.326732397079468,0.37694793939590454,0.32116708159446716,1.1736817407453701
6,64,0.1,0.0001,16,1,10.727171897888184,2.7650306224823,-7.962141275405884,1.7706325054168701,4.662766456604004,0.37973862124470653
9,16,0.2,0.005,16,1,4.135603904724121,2.7696006298065186,-1.3660032749176025,1.835158348083496,1.7517644166946411,1.0476056772212605
9,64,0.4,0.001,8,2,5.840029716491699,2.7746009826660156,-3.0654287338256836,1.7916791439056396,1.7517644166946411,1.0227854423977356
9,8,0.4,0.0005,16,1,10.246927261352539,2.7873435020446777,-7.459583759307861,0.4456021189689636,1.7517644166946411,0.2543733133989322
9,32,0.4,0.0001,8,2,10.078753471374512,2.791425943374634,-7.287327527999878,0.1564188003540039,1.7517644166946411,0.08929214388835828
9,8,0.0,0.0001,8,1,11.829686164855957,2.7962210178375244,-9.033465147018433,1.1574749946594238,1.7517644166946411,0.6607480912550064
9,16,0.3,0.0001,4,1,10.212903022766113,2.8026697635650635,-7.41023325920105,0.7720089554786682,1.7517644166946411,0.44070364035327986
9,16,0.4,0.005,4,2,5.667171955108643,2.8145668506622314,-2.852605104446411,1.048390507698059,1.7517644166946411,0.5984768829111393
12,16,0.3,0.0005,16,1,10.019322395324707,2.818228244781494,-7.201094150543213,0.2594384551048279,0.32116708159446716,0.8077990241615637
6,64,0.4,0.0001,8,1,10.111564636230469,2.8256399631500244,-7.285924673080444,1.9154467582702637,4.662766456604004,0.4107962035193429
6,64,0.2,0.0001,4,1,8.398286819458008,2.8336970806121826,-5.564589738845825,3.3157339096069336,4.662766456604004,0.7111087249310479
9,16,0.3,0.001,8,2,11.584763526916504,2.839496374130249,-8.745267152786255,0.38683316111564636,1.7517644166946411,0.22082487658103697
9,16,0.4,0.0001,4,1,10.185306549072266,2.839782238006592,-7.345524311065674,0.5512930750846863,1.7517644166946411,0.31470731442582156
12,16,0.0,0.0001,16,2,10.317642211914062,2.862452507019043,-7.4551897048950195,0.20279242098331451,0.32116708159446716,0.6314234322413449
9,16,0.1,0.0005,16,1,9.303444862365723,2.86275053024292,-6.440694332122803,0.7746352553367615,1.7517644166946411,0.4422028715473058
6,64,0.0,0.0001,8,2,9.693902969360352,2.8678476810455322,-6.826055288314819,1.7004549503326416,4.662766456604004,0.3646879950258372
9,8,0.2,0.005,16,1,5.179135322570801,2.891819477081299,-2.287315845489502,1.065901279449463,1.7517644166946411,0.608472959772002
12,16,0.3,0.001,8,2,10.681488037109375,2.9009807109832764,-7.780507326126099,0.572694718837738,0.32116708159446716,1.7831675525229296
9,64,0.0,0.0001,4,1,6.050885200500488,2.9018197059631348,-3.1490654945373535,2.184068202972412,1.7517644166946411,1.2467819200788848
9,8,0.2,0.005,4,2,6.060240745544434,2.9058356285095215,-3.154405117034912,1.1412405967712402,1.7517644166946411,0.6514806362630756
9,16,0.3,0.005,16,2,6.46243953704834,2.9059550762176514,-3.5564844608306885,0.9545822739601135,1.7517644166946411,0.5449261697878817
12,32,0.0,0.0001,8,1,10.213698387145996,2.906994104385376,-7.30670428276062,0.4335804879665375,0.32116708159446716,1.3500153434591813
6,32,0.2,0.001,16,1,6.887423515319824,2.9076855182647705,-3.9797379970550537,3.2640538215637207,4.662766456604004,0.7000251571555234
6,8,0.3,0.001,8,1,8.957531929016113,2.9078972339630127,-6.049634695053101,2.7192625999450684,4.662766456604004,0.5831865321270171
9,16,0.0,0.0001,8,1,11.347260475158691,2.9082202911376953,-8.439040184020996,0.9920324087142944,1.7517644166946411,0.5663046921492644
9,32,0.4,0.0001,4,1,9.629922866821289,2.910550355911255,-6.719372510910034,1.0086604356765747,1.7517644166946411,0.5757968514851957
12,16,0.0,0.0001,16,1,12.212259292602539,2.9110662937164307,-9.301192998886108,0.4115508198738098,0.32116708159446716,1.2814227966036347
6,16,0.1,0.0001,8,1,10.116494178771973,2.916276693344116,-7.2002174854278564,1.8345879316329956,4.662766456604004,0.39345481887359346
9,8,0.0,0.0005,4,1,5.623660087585449,2.9240174293518066,-2.6996426582336426,2.7207844257354736,1.7517644166946411,1.5531679943980432
6,64,0.2,0.0005,16,1,7.564850807189941,2.932182788848877,-4.6326680183410645,3.036059856414795,4.662766456604004,0.6511284415960272
6,32,0.3,0.0005,16,1,8.937678337097168,2.932685613632202,-6.004992723464966,2.0726583003997803,4.662766456604004,0.4445125698852486
6,64,0.4,0.0001,4,2,10.831772804260254,2.9381203651428223,-7.893652439117432,2.2572734355926514,4.662766456604004,0.4841060466143684
9,64,0.3,0.0001,4,1,5.374977111816406,2.9431660175323486,-2.4318110942840576,2.188239097595215,1.7517644166946411,1.249162887852321
9,8,0.0,0.0005,8,1,6.439438819885254,2.943380355834961,-3.496058464050293,0.9886579513549805,1.7517644166946411,0.5643783729894762
9,8,0.4,0.0005,4,2,7.1039814949035645,2.9466686248779297,-4.157312870025635,1.021838903427124,1.7517644166946411,0.5833198195424047
3,16,0.0,0.0005,8,1,10.404302597045898,2.9612910747528076,-7.443011522293091,2.663417339324951,4.9130449295043945,0.5421113337128843
9,64,0.1,0.001,4,1,5.270109176635742,2.9622185230255127,-2.3078906536102295,2.383769989013672,1.7517644166946411,1.36078228687368
9,64,0.3,0.005,4,1,1.7372567653656006,2.966028928756714,1.2287721633911133,2.9018239974975586,1.7517644166946411,1.656514979892636
6,64,0.0,0.0001,8,1,9.841079711914062,2.9698398113250732,-6.871239900588989,2.041022539138794,4.662766456604004,0.43772780775842585
3,8,0.3,0.0005,8,1,11.179129600524902,2.970633029937744,-8.208496570587158,2.659031629562378,4.9130449295043945,0.541218667387723
9,8,0.2,0.0005,16,1,10.04125690460205,2.971579074859619,-7.069677829742432,0.3968150317668915,1.7517644166946411,0.226523057544251
12,8,0.3,0.001,8,1,6.4445600509643555,2.9747745990753174,-3.469785451889038,0.8189557194709778,0.32116708159446716,2.549936672853231
6,32,0.0,0.0001,16,1,10.713900566101074,2.9753828048706055,-7.738517761230469,1.9809415340423584,4.662766456604004,0.4248425376820442
6,32,0.0,0.0005,16,2,7.855476379394531,2.9852967262268066,-4.870179653167725,2.3270974159240723,4.662766456604004,0.4990808434396581
12,64,0.2,0.001,4,2,10.093058586120605,2.985698938369751,-7.1073596477508545,0.1378566175699234,0.32116708159446716,0.42923644878397865
3,8,0.3,0.0001,4,1,10.945873260498047,2.9863617420196533,-7.9595115184783936,2.956343412399292,4.9130449295043945,0.6017334371695873
6,16,0.3,0.0001,8,1,10.78859806060791,2.990237236022949,-7.798360824584961,1.8641529083251953,4.662766456604004,0.39979547028029777
9,16,0.3,0.0005,16,2,10.952141761779785,2.99420166015625,-7.957940101623535,0.1373407393693924,1.7517644166946411,0.07840137524230403
6,32,0.2,0.0005,16,1,8.60784912109375,2.998004674911499,-5.609844446182251,2.0750768184661865,4.662766456604004,0.4450312572544135
9,32,0.4,0.001,4,1,5.66700553894043,2.9991016387939453,-2.6679039001464844,2.0904805660247803,1.7517644166946411,1.193357135298623
3,16,0.1,0.0005,8,1,9.995715141296387,3.007469892501831,-6.988245248794556,2.6897428035736084,4.9130449295043945,0.5474696124639221
12,64,0.3,0.0005,8,2,11.587382316589355,3.0134570598602295,-8.573925256729126,0.21916024386882782,0.32116708159446716,0.6823870079734952
9,8,0.2,0.005,16,2,5.818012237548828,3.0176491737365723,-2.800363063812256,0.9719031453132629,1.7517644166946411,0.5548138414337254
12,8,0.0,0.0005,16,2,10.029837608337402,3.022932767868042,-7.00690484046936,0.13292576372623444,0.32116708159446716,0.413883524632446
12,8,0.3,0.001,4,2,8.638442039489746,3.025416851043701,-5.613025188446045,0.3754737973213196,0.32116708159446716,1.169091786920506
9,16,0.4,0.0001,16,2,10.698554039001465,3.0277631282806396,-7.670790910720825,0.20053942501544952,1.7517644166946411,0.1144785355292478
9,8,0.1,0.001,16,1,9.736772537231445,3.0343716144561768,-6.7024009227752686,0.8240357637405396,1.7517644166946411,0.47040330074485204
6,8,0.1,0.0005,8,1,9.46760082244873,3.0356502532958984,-6.431950569152832,1.8192832469940186,4.662766456604004,0.39017250036559686
9,8,0.3,0.0005,16,1,8.30837345123291,3.04427433013916,-5.26409912109375,1.9389046430587769,1.7517644166946411,1.1068295625716875
3,64,0.0,0.0001,8,1,10.884984016418457,3.047800302505493,-7.837183713912964,3.4152729511260986,4.9130449295043945,0.6951438466634613
9,64,0.4,0.001,4,1,5.63004207611084,3.0489296913146973,-2.5811123847961426,2.393686294555664,1.7517644166946411,1.3664430397965548
6,16,0.0,0.001,16,1,8.571488380432129,3.0541915893554688,-5.51729679107666,2.1225149631500244,4.662766456604004,0.45520507683670247
12,16,0.0,0.0001,4,2,9.638501167297363,3.0560896396636963,-6.582411527633667,0.005529666319489479,0.32116708159446716,0.017217413104845238
12,8,0.2,0.005,16,1,3.9376015663146973,3.061406373977661,-0.8761951923370361,1.5979454517364502,0.32116708159446716,4.975433484039787
9,8,0.0,0.0001,8,2,10.403078079223633,3.0665950775146484,-7.336483001708984,0.18012377619743347,1.7517644166946411,0.1028242008347814
12,8,0.0,0.0005,16,1,10.113166809082031,3.0827407836914062,-7.030426025390625,0.45734184980392456,0.32116708159446716,1.4239997683866095
9,16,0.4,0.0001,8,2,11.496417999267578,3.088902473449707,-8.407515525817871,0.5542119145393372,1.7517644166946411,0.31637354273074303
12,8,0.4,0.0005,4,2,7.951843738555908,3.0946977138519287,-4.8571460247039795,0.1225077360868454,0.32116708159446716,0.3814454939735513
6,32,0.4,0.0005,8,2,8.711000442504883,3.096853733062744,-5.614146709442139,2.5952494144439697,4.662766456604004,0.5565900498336662
6,32,0.4,0.0001,4,1,9.82449722290039,3.098860263824463,-6.725636959075928,2.2151527404785156,4.662766456604004,0.47507263361670926
6,32,0.2,0.0001,4,1,9.632105827331543,3.1014554500579834,-6.53065037727356,2.937119722366333,4.662766456604004,0.6299092501633681
12,16,0.2,0.0005,4,1,6.737242698669434,3.105473041534424,-3.6317696571350098,0.8142912983894348,0.32116708159446716,2.5354133255089577
6,8,0.0,0.001,4,2,5.591727256774902,3.11708927154541,-2.474637985229492,3.504406690597534,4.662766456604004,0.7515724244850709
6,64,0.3,0.0001,16,1,10.801994323730469,3.1208465099334717,-7.681147813796997,1.546062707901001,4.662766456604004,0.33157626964380127
9,16,0.3,0.0005,8,2,9.012807846069336,3.142791986465454,-5.870015859603882,1.6425755023956299,1.7517644166946411,0.9376691789955198
9,16,0.2,0.005,16,2,8.659177780151367,3.1452643871307373,-5.51391339302063,1.7156232595443726,1.7517644166946411,0.979368711451245
12,16,0.4,0.005,8,2,4.75651216506958,3.146228313446045,-1.6102838516235352,0.44128087162971497,0.32116708159446716,1.3739915978902024
9,64,0.2,0.005,8,2,7.408305644989014,3.1476361751556396,-4.260669469833374,1.8899093866348267,1.7517644166946411,1.078860472688929
3,16,0.4,0.0001,8,1,11.096000671386719,3.1479568481445312,-7.9480438232421875,2.6289279460906982,4.9130449295043945,0.5350913707918996
6,8,0.1,0.0001,8,1,10.820425987243652,3.1516778469085693,-7.668748140335083,1.3922359943389893,4.662766456604004,0.29858583038554876
6,64,0.1,0.0001,4,1,8.61335277557373,3.161850690841675,-5.451502084732056,3.2241744995117188,4.662766456604004,0.6914724401315944
6,8,0.1,0.001,8,1,6.2928032875061035,3.163784980773926,-3.1290183067321777,4.046383380889893,4.662766456604004,0.8678074311783059
12,8,0.4,0.0005,8,1,10.013936042785645,3.188354730606079,-6.825581312179565,0.10698489099740982,0.32116708159446716,0.33311287840046455
12,32,0.4,0.005,8,2,3.656221628189087,3.196540355682373,-0.45968127250671387,0.5949867367744446,0.32116708159446716,1.8525769634315306
9,16,0.3,0.0005,4,2,7.158271312713623,3.198269844055176,-3.9600014686584473,0.4912557601928711,1.7517644166946411,0.2804348321675633
6,8,0.3,0.0001,4,1,10.314920425415039,3.1990151405334473,-7.115905284881592,3.044288396835327,4.662766456604004,0.6528931751500481
6,16,0.2,0.001,8,1,6.519003868103027,3.2043962478637695,-3.314607620239258,4.462843418121338,4.662766456604004,0.9571235144750796
6,16,0.1,0.0001,4,1,9.83764362335205,3.2121312618255615,-6.625512361526489,1.8707674741744995,4.662766456604004,0.40121406284993755
9,32,0.3,0.0001,16,1,10.82453441619873,3.216965913772583,-7.6075685024261475,0.47216588258743286,1.7517644166946411,0.26953731796787517
12,16,0.4,0.0001,4,1,10.12197494506836,3.234288454055786,-6.887686491012573,0.26604709029197693,0.32116708159446716,0.8283759623531735
12,32,0.0,0.0005,16,1,6.6089091300964355,3.241758108139038,-3.3671510219573975,0.2848425805568695,0.32116708159446716,0.8868984303831485
6,16,0.1,0.001,16,1,8.76834487915039,3.2417807579040527,-5.526564121246338,1.703664779663086,4.662766456604004,0.3653763909299251
6,8,0.0,0.0001,8,1,10.774407386779785,3.2493386268615723,-7.525068759918213,1.371893286705017,4.662766456604004,0.2942230325007951
9,16,0.4,0.005,8,2,4.3497314453125,3.254305362701416,-1.095426082611084,2.510155439376831,1.7517644166946411,1.432929802349324
12,8,0.4,0.0001,4,1,11.124580383300781,3.2544188499450684,-7.870161533355713,0.016626762226223946,0.32116708159446716,0.0517698206917056
6,64,0.2,0.0001,16,1,10.568073272705078,3.257723331451416,-7.310349941253662,1.50027334690094,4.662766456604004,0.3217560563806625
6,8,0.2,0.001,4,2,10.827652931213379,3.2755351066589355,-7.552117824554443,1.2178046703338623,4.662766456604004,0.26117642426826937
3,8,0.3,0.001,8,1,10.4601469039917,3.277247428894043,-7.182899475097656,2.668541431427002,4.9130449295043945,0.5431542902043422
6,32,0.4,0.0001,16,1,10.97031021118164,3.2772581577301025,-7.693052053451538,1.316287875175476,4.662766456604004,0.2822976203989761
6,16,0.0,0.0001,8,1,10.583003997802734,3.277287483215332,-7.305716514587402,2.5865421295166016,4.662766456604004,0.5547226423603547
12,8,0.2,0.001,4,1,4.920231342315674,3.2889187335968018,-1.631312608718872,1.5045709609985352,0.32116708159446716,4.684698548583924
6,32,0.2,0.0001,8,1,10.435647964477539,3.2916781902313232,-7.143969774246216,1.3857117891311646,4.662766456604004,0.29718661700685073
3,64,0.2,0.0001,8,1,10.829161643981934,3.2958405017852783,-7.533321142196655,3.572319507598877,4.9130449295043945,0.7271090655300065
6,8,0.2,0.005,8,2,7.539072036743164,3.2994561195373535,-4.2396159172058105,1.5709178447723389,4.662766456604004,0.33690682546354106
12,64,0.2,0.005,4,2,6.608428001403809,3.3175835609436035,-3.290844440460205,1.1609777212142944,0.32116708159446716,3.614871472663078
6,64,0.1,0.0001,8,1,9.826787948608398,3.325721025466919,-6.5010669231414795,1.566735029220581,4.662766456604004,0.336009758112927
9,8,0.4,0.0005,8,1,10.003002166748047,3.3323874473571777,-6.670614719390869,0.4876461327075958,1.7517644166946411,0.27837426543217647
6,32,0.0,0.0005,16,1,8.680624008178711,3.338965892791748,-5.341658115386963,1.4163800477981567,4.662766456604004,0.30376388373303553
6,32,0.0,0.0001,8,1,10.691997528076172,3.3466296195983887,-7.345367908477783,1.3796204328536987,4.662766456604004,0.29588023455468254
12,32,0.3,0.001,4,2,10.438359260559082,3.3489651679992676,-7.0893940925598145,0.5384789109230042,0.32116708159446716,1.6766317028808493
12,16,0.4,0.0005,16,1,9.89122200012207,3.3524532318115234,-6.538768768310547,0.45683878660202026,0.32116708159446716,1.4224334085984058
6,32,0.0,0.0001,16,2,10.471609115600586,3.3549530506134033,-7.116656064987183,1.1407212018966675,4.662766456604004,0.24464472165039122
6,64,0.3,0.0005,4,2,10.542080879211426,3.3643181324005127,-7.177762746810913,1.8711271286010742,4.662766456604004,0.40129119612048025
6,8,0.1,0.005,4,1,7.53148078918457,3.365582227706909,-4.165898561477661,1.9408774375915527,4.662766456604004,0.41625019302492294
12,16,0.4,0.001,8,1,6.992396354675293,3.3670129776000977,-3.6253833770751953,0.5005427002906799,0.32116708159446716,1.5585118431368619
12,32,0.1,0.005,8,2,10.870170593261719,3.375617265701294,-7.494553327560425,0.10858511924743652,0.32116708159446716,0.3380954197060125
9,16,0.2,0.005,8,1,3.31573748588562,3.3863072395324707,0.07056975364685059,1.4887698888778687,1.7517644166946411,0.8498687806931197
9,16,0.3,0.001,4,2,7.258733749389648,3.394172430038452,-3.8645613193511963,1.101665735244751,1.7517644166946411,0.6288892072162623
12,16,0.1,0.0001,16,1,11.95050048828125,3.3982739448547363,-8.552226543426514,0.8090852499008179,0.32116708159446716,2.519203543165229
6,16,0.4,0.0005,8,2,10.391671180725098,3.3993747234344482,-6.992296457290649,1.4821447134017944,4.662766456604004,0.3178680998064126
12,8,0.0,0.0005,8,1,9.053699493408203,3.4017014503479004,-5.651998043060303,0.3618762195110321,0.32116708159446716,1.1267537685196758
12,64,0.1,0.005,4,2,10.501017570495605,3.405320644378662,-7.095696926116943,0.14839871227741241,0.32116708159446716,0.4620607801418242
6,16,0.2,0.0001,8,1,10.511160850524902,3.4053475856781006,-7.105813264846802,1.6010322570800781,4.662766456604004,0.34336531155500877
12,8,0.3,0.0005,4,2,9.340608596801758,3.4053549766540527,-5.935253620147705,0.3020998537540436,0.32116708159446716,0.9406314378616814
6,32,0.3,0.0001,8,1,10.133234977722168,3.4053988456726074,-6.7278361320495605,1.2991746664047241,4.662766456604004,0.27862743684377916
3,32,0.0,0.0001,4,1,10.606470108032227,3.408135175704956,-7.1983349323272705,3.0873327255249023,4.9130449295043945,0.6283949709037849
12,8,0.1,0.001,8,1,6.590324878692627,3.4083356857299805,-3.1819891929626465,0.1998637318611145,0.32116708159446716,0.622304536532419
6,16,0.2,0.001,16,1,8.679192543029785,3.4146335124969482,-5.264559030532837,1.6313035488128662,4.662766456604004,0.3498574427853675
6,8,0.1,0.0005,4,1,8.0068359375,3.4157369136810303,-4.59109902381897,2.4307076930999756,4.662766456604004,0.5213016169096991
6,32,0.2,0.005,16,2,10.551769256591797,3.4177539348602295,-7.134015321731567,1.2605812549591064,4.662766456604004,0.27035050258065374
9,32,0.1,0.0005,16,1,7.056564807891846,3.418283224105835,-3.6382815837860107,1.073511004447937,1.7517644166946411,0.6128169942357415
9,64,0.3,0.0005,16,2,11.872817039489746,3.421213150024414,-8.451603889465332,0.4398631453514099,1.7517644166946411,0.25109720300254545
6,32,0.2,0.005,8,1,4.067345142364502,3.427992582321167,-0.639352560043335,2.783129930496216,4.662766456604004,0.5968838363230465
6,8,0.2,0.001,4,1,5.843051910400391,3.4280641078948975,-2.414987802505493,2.6465072631835938,4.662766456604004,0.5675830620757926
6,8,0.2,0.005,16,2,8.681044578552246,3.4397132396698,-5.241331338882446,1.4977881908416748,4.662766456604004,0.3212230774973334
6,32,0.0,0.005,8,1,2.2271552085876465,3.440694808959961,1.2135396003723145,2.535264015197754,4.662766456604004,0.5437252838616847
12,32,0.3,0.0001,4,1,8.912738800048828,3.4498534202575684,-5.46288537979126,0.38248029351234436,0.32116708159446716,1.1909075226934263
6,8,0.3,0.005,16,1,7.64360237121582,3.4545111656188965,-4.189091205596924,2.018676996231079,4.662766456604004,0.43293547189608256
9,32,0.2,0.005,4,2,7.37037467956543,3.459210157394409,-3.9111645221710205,1.6009411811828613,1.7517644166946411,0.9139021011761591
3,32,0.2,0.0001,16,1,11.361564636230469,3.4598281383514404,-7.901736497879028,2.069126605987549,4.9130449295043945,0.4211495387639927
9,8,0.3,0.005,8,1,5.15299129486084,3.4667773246765137,-1.6862139701843262,1.9250999689102173,1.7517644166946411,1.0989491227037471
6,64,0.0,0.0001,16,2,10.239316940307617,3.469205856323242,-6.770111083984375,1.0458920001983643,4.662766456604004,0.2243071811407236
9,8,0.4,0.005,4,1,3.0729517936706543,3.4735798835754395,0.40062808990478516,2.0260961055755615,1.7517644166946411,1.156603071889398
3,8,0.4,0.001,8,1,9.9087495803833,3.476804733276367,-6.431944847106934,2.03410005569458,4.9130449295043945,0.41402024302264434
6,16,0.0,0.0001,16,1,11.640384674072266,3.478450298309326,-8.16193437576294,2.0432541370391846,4.662766456604004,0.43820640730252913
6,16,0.0,0.0001,8,2,10.341821670532227,3.4805757999420166,-6.86124587059021,1.1625510454177856,4.662766456604004,0.24932645806680553
3,16,0.3,0.0005,16,1,11.163664817810059,3.4872219562530518,-7.676442861557007,2.2258639335632324,4.9130449295043945,0.4530518172541458
3,32,0.0,0.0001,16,1,11.063687324523926,3.493201971054077,-7.570485353469849,1.8412117958068848,4.9130449295043945,0.37475981234159356
9,16,0.2,0.0005,8,1,5.949679851531982,3.502403497695923,-2.4472763538360596,1.7256953716278076,1.7517644166946411,0.9851184070081623
6,8,0.3,0.005,4,1,6.017390251159668,3.50315523147583,-2.514235019683838,1.4451321363449097,4.662766456604004,0.3099301991199086
9,8,0.4,0.001,4,1,6.5809502601623535,3.506347179412842,-3.0746030807495117,1.8096622228622437,1.7517644166946411,1.0330511372510056
3,8,0.4,0.001,16,1,11.162651062011719,3.5113518238067627,-7.651299238204956,1.6274558305740356,4.9130449295043945,0.3312519738626135
6,8,0.2,0.0005,4,1,10.098312377929688,3.5190961360931396,-6.579216241836548,1.0318533182144165,4.662766456604004,0.22129637583563175
6,32,0.1,0.0005,16,1,9.038825988769531,3.520162343978882,-5.518663644790649,1.3003430366516113,4.662766456604004,0.27887801131662937
6,8,0.0,0.0005,8,1,9.926809310913086,3.5313403606414795,-6.3954689502716064,1.0155833959579468,4.662766456604004,0.2178070476850815
6,64,0.3,0.0005,8,2,10.623512268066406,3.5353283882141113,-7.088183879852295,1.6127357482910156,4.662766456604004,0.34587530027519475
12,16,0.0,0.005,4,1,1.8137511014938354,3.537595272064209,1.7238441705703735,0.03735761716961861,0.32116708159446716,0.1163183256022157
6,16,0.2,0.0005,8,1,8.385843276977539,3.538438320159912,-4.847404956817627,2.552989959716797,4.662766456604004,0.5475268777617903
6,32,0.0,0.0001,8,2,9.788445472717285,3.538902759552002,-6.249542713165283,1.1374542713165283,4.662766456604004,0.24394407952933622
6,32,0.1,0.0001,16,1,10.88469123840332,3.540954113006592,-7.3437371253967285,1.5494966506958008,4.662766456604004,0.3323127300320191
6,16,0.2,0.0001,4,1,10.259725570678711,3.547996759414673,-6.711728811264038,1.4249651432037354,4.662766456604004,0.3056050858360101
3,16,0.1,0.0001,8,1,11.325295448303223,3.5681746006011963,-7.757120847702026,4.1923394203186035,4.9130449295043945,0.8533077715496299
3,64,0.2,0.0001,4,1,10.223138809204102,3.5737855434417725,-6.649353265762329,2.9778616428375244,4.9130449295043945,0.6061132526907133
9,8,0.3,0.005,8,2,8.88492488861084,3.574256420135498,-5.310668468475342,0.2834145724773407,1.7517644166946411,0.161788063381324
3,8,0.3,0.0005,4,1,10.305489540100098,3.6083152294158936,-6.697174310684204,1.6757245063781738,4.9130449295043945,0.34107656869061304
6,64,0.4,0.0001,16,1,10.747339248657227,3.6083297729492188,-7.139009475708008,1.4496045112609863,4.662766456604004,0.31088936680666723
12,8,0.3,0.001,16,2,10.1625394821167,3.6143627166748047,-6.5481767654418945,0.09366244077682495,0.32116708159446716,0.2916315094057214
12,64,0.4,0.005,8,2,4.5851216316223145,3.6229257583618164,-0.962195873260498,0.3381606638431549,0.32116708159446716,1.0529119677032943
9,32,0.4,0.0001,16,1,10.66185188293457,3.6245651245117188,-7.037286758422852,0.7308787107467651,1.7517644166946411,0.41722431611314564
6,8,0.4,0.001,8,1,9.130636215209961,3.6259634494781494,-5.5046727657318115,1.106715440750122,4.662766456604004,0.23735167760389342
3,16,0.3,0.0001,4,1,10.483281135559082,3.6321401596069336,-6.851140975952148,2.5338265895843506,4.9130449295043945,0.5157344632384527
6,8,0.0,0.001,16,2,10.352953910827637,3.6327970027923584,-6.720156908035278,0.828782856464386,4.662766456604004,0.1777448783201565
12,16,0.4,0.0001,16,1,12.089764595031738,3.6342790126800537,-8.455485582351685,1.0602346658706665,0.32116708159446716,3.30119344923839
6,16,0.3,0.0005,8,2,10.495166778564453,3.644284725189209,-6.850882053375244,1.169623613357544,4.662766456604004,0.2508432760343324
12,64,0.1,0.0001,8,1,9.137505531311035,3.6444506645202637,-5.4930548667907715,0.13352660834789276,0.32116708159446716,0.4157543409647904
3,64,0.2,0.0001,16,1,11.190781593322754,3.6501104831695557,-7.540671110153198,2.407217502593994,4.9130449295043945,0.489964479693212
12,16,0.3,0.0001,16,1,11.628273963928223,3.6511318683624268,-7.977142095565796,0.1457195281982422,0.32116708159446716,0.4537187543468108
6,8,0.4,0.0005,8,1,10.626994132995605,3.664503335952759,-6.962490797042847,1.5104434490203857,4.662766456604004,0.3239371868777822
6,16,0.3,0.001,16,1,9.301912307739258,3.6714024543762207,-5.630509853363037,1.0997083187103271,4.662766456604004,0.23584889548838117
6,8,0.4,0.005,16,1,7.106378078460693,3.6739375591278076,-3.4324405193328857,2.9373133182525635,4.662766456604004,0.6299507696964677
9,64,0.2,0.005,4,2,6.8834710121154785,3.676743507385254,-3.2067275047302246,1.7428170442581177,1.7517644166946411,0.994892365462357
3,64,0.4,0.0001,16,1,11.211199760437012,3.68827748298645,-7.5229222774505615,3.162285327911377,4.9130449295043945,0.6436508058212229
9,16,0.1,0.005,8,2,10.719854354858398,3.691143751144409,-7.028710603713989,0.31167542934417725,1.7517644166946411,0.17792085874895755
6,64,0.4,0.0001,4,1,8.01743221282959,3.6948401927948,-4.32259202003479,4.087820529937744,4.662766456604004,0.8766942474993685
9,16,0.0,0.001,4,1,3.5116565227508545,3.6974525451660156,0.18579602241516113,2.544976234436035,1.7517644166946411,1.4528073582166288
9,8,0.4,0.005,8,2,5.730381011962891,3.6980669498443604,-2.0323140621185303,1.391295075416565,1.7517644166946411,0.7942249894776169
3,32,0.2,0.001,16,1,9.775456428527832,3.6988933086395264,-6.076563119888306,1.8184950351715088,4.9130449295043945,0.37013604826832924
9,16,0.3,0.0001,8,1,10.281407356262207,3.7025184631347656,-6.578888893127441,1.2986916303634644,1.7517644166946411,0.7413620336083387
9,32,0.4,0.005,8,2,3.694674015045166,3.7052879333496094,0.01061391830444336,2.029608726501465,1.7517644166946411,1.1586082621378284
6,32,0.3,0.0001,16,1,10.709365844726562,3.706812620162964,-7.002553224563599,1.1309723854064941,4.662766456604004,0.24255394215694998
6,8,0.4,0.005,16,2,7.367795467376709,3.7138986587524414,-3.6538968086242676,1.1609907150268555,4.662766456604004,0.2489918218791577
3,32,0.2,0.0001,8,1,11.220620155334473,3.7202045917510986,-7.500415563583374,3.906903028488159,4.9130449295043945,0.795210116037402
3,16,0.3,0.001,16,1,10.086767196655273,3.7211310863494873,-6.365636110305786,1.8483493328094482,4.9130449295043945,0.376212584930686
3,16,0.1,0.001,16,1,9.704747200012207,3.723454475402832,-5.981292724609375,1.6892410516738892,4.9130449295043945,0.343827723115142
6,16,0.4,0.0005,16,1,10.574803352355957,3.7272636890411377,-6.847539663314819,1.0378714799880981,4.662766456604004,0.22258706063181274
6,32,0.0,0.001,16,1,6.132327079772949,3.73431658744812,-2.398010492324829,3.708446979522705,4.662766456604004,0.7953319159423758
6,32,0.3,0.001,16,2,10.780254364013672,3.7349228858947754,-7.0453314781188965,1.1060593128204346,4.662766456604004,0.2372109611567383
6,16,0.0,0.001,16,2,8.081965446472168,3.7411670684814453,-4.340798377990723,1.0570851564407349,4.662766456604004,0.2267077208946539
12,8,0.3,0.0005,16,1,10.082297325134277,3.744464159011841,-6.3378331661224365,0.5077191591262817,0.32116708159446716,1.5808567821012587
3,16,0.2,0.0005,8,1,10.080557823181152,3.744565010070801,-6.335992813110352,2.395387649536133,4.9130449295043945,0.4875566342068377
9,16,0.4,0.001,16,1,6.34330940246582,3.7465624809265137,-2.5967469215393066,1.737353801727295,1.7517644166946411,0.9917736569883425
6,64,0.4,0.0005,16,1,7.447813510894775,3.750969648361206,-3.6968438625335693,3.205003023147583,4.662766456604004,0.6873608303088501
3,32,0.1,0.0001,4,1,10.468496322631836,3.7512567043304443,-6.717239618301392,3.585618257522583,4.9130449295043945,0.729815889936159
6,16,0.0,0.0001,16,2,10.774042129516602,3.7698168754577637,-7.004225254058838,0.734123945236206,4.662766456604004,0.15744385914856324
3,32,0.1,0.0001,16,1,11.199966430664062,3.7717695236206055,-7.428196907043457,1.9210116863250732,4.9130449295043945,0.3910022631360011
9,8,0.1,0.0005,16,1,10.16649055480957,3.773862361907959,-6.392628192901611,1.309716820716858,1.7517644166946411,0.747655796769824
6,16,0.4,0.001,4,2,8.321394920349121,3.7748465538024902,-4.546548366546631,1.5633602142333984,4.662766456604004,0.33528597856733067
6,16,0.0,0.0001,4,1,10.051030158996582,3.7767930030822754,-6.274237155914307,2.4545950889587402,4.662766456604004,0.526424626196371
6,8,0.1,0.005,4,2,10.68513011932373,3.779003620147705,-6.906126499176025,2.7447688579559326,4.662766456604004,0.5886567306128835
3,8,0.4,0.001,8,2,10.59117317199707,3.7821853160858154,-6.808987855911255,1.8484100103378296,4.9130449295043945,0.37622493522042527
3,64,0.0,0.0001,16,1,11.004911422729492,3.7898108959198,-7.215100526809692,2.10186505317688,4.9130449295043945,0.42781311454216775
6,8,0.3,0.0005,8,1,9.729851722717285,3.797224283218384,-5.932627439498901,1.1636961698532104,4.662766456604004,0.249572047127738
6,8,0.2,0.0005,8,2,9.956019401550293,3.803839683532715,-6.152179718017578,0.7729448080062866,4.662766456604004,0.16576957374983767
3,32,0.2,0.0001,4,1,10.680829048156738,3.8048839569091797,-6.875945091247559,3.3407256603240967,4.9130449295043945,0.6799705087698219
6,8,0.2,0.0005,16,1,10.708829879760742,3.809739351272583,-6.899090528488159,0.7723584771156311,4.662766456604004,0.16564382632154323
6,16,0.2,0.001,8,2,11.340227127075195,3.8204941749572754,-7.51973295211792,0.961526095867157,4.662766456604004,0.20621365123387667
3,8,0.3,0.001,8,2,11.266226768493652,3.8217267990112305,-7.444499969482422,1.4834734201431274,4.9130449295043945,0.3019458281837397
6,8,0.1,0.001,8,2,11.854775428771973,3.8239948749542236,-8.030780553817749,1.113165259361267,4.662766456604004,0.23873493766445467
12,8,0.4,0.0005,16,2,10.760859489440918,3.8299756050109863,-6.930883884429932,0.10617431998252869,0.32116708159446716,0.3305890487138822
6,16,0.0,0.0005,16,1,9.737625122070312,3.8325231075286865,-5.905102014541626,0.9367678761482239,4.662766456604004,0.20090388074690163
9,16,0.2,0.0005,8,2,11.061667442321777,3.8347554206848145,-7.226912021636963,0.2630097568035126,1.7517644166946411,0.1501399128198864
6,32,0.2,0.001,16,2,12.078125953674316,3.836367130279541,-8.241758823394775,1.2832072973251343,4.662766456604004,0.27520299574680446
12,16,0.0,0.0005,16,1,9.377570152282715,3.8365070819854736,-5.541063070297241,0.5567706823348999,0.32116708159446716,1.7335857696584418
3,64,0.3,0.0001,4,1,10.2708101272583,3.84538197517395,-6.425428152084351,2.518062114715576,4.9130449295043945,0.5125257657616388
3,32,0.3,0.001,16,1,9.81619644165039,3.848926305770874,-5.967270135879517,1.653809666633606,4.9130449295043945,0.3366160274053172
3,8,0.0,0.0001,4,1,10.666727066040039,3.850231409072876,-6.816495656967163,2.1329240798950195,4.9130449295043945,0.4341348614758504
6,16,0.4,0.001,16,1,10.058955192565918,3.8517072200775146,-6.207247972488403,0.9323061108589172,4.662766456604004,0.1999469884532747
9,8,0.4,0.0001,4,1,11.287576675415039,3.8587427139282227,-7.428833961486816,0.9211471676826477,1.7517644166946411,0.5258396385404017
12,8,0.2,0.001,8,1,6.644969940185547,3.85878324508667,-2.786186695098877,0.1770673394203186,0.32116708159446716,0.5513246829072566
12,64,0.3,0.0005,4,2,11.328360557556152,3.859700918197632,-7.4686596393585205,0.06642883270978928,0.32116708159446716,0.20683574536965765
9,16,0.3,0.005,8,2,5.7900309562683105,3.8630619049072266,-1.926969051361084,0.8408441543579102,1.7517644166946411,0.4799984212172075
6,16,0.2,0.0005,16,1,9.914752006530762,3.863797664642334,-6.050954341888428,1.3165805339813232,4.662766456604004,0.2823603854567098
3,64,0.0,0.0001,16,2,10.846345901489258,3.864048719406128,-6.98229718208313,1.6334584951400757,4.9130449295043945,0.33247375478507
12,8,0.0,0.001,8,1,5.439150810241699,3.8691494464874268,-1.5700013637542725,1.687631368637085,0.32116708159446716,5.254683513200247
3,64,0.4,0.0005,16,1,9.978744506835938,3.8785793781280518,-6.100165128707886,1.6957019567489624,4.9130449295043945,0.3451427742021519
6,8,0.0,0.0001,4,2,9.900411605834961,3.879232168197632,-6.021179437637329,1.0276705026626587,4.662766456604004,0.22039930848501768
3,16,0.2,0.0001,8,1,11.296472549438477,3.8917107582092285,-7.404761791229248,2.976581335067749,4.9130449295043945,0.605852659150832
6,8,0.1,0.005,16,1,5.039486408233643,3.8944146633148193,-1.1450717449188232,2.4602231979370117,4.662766456604004,0.5276316583371938
6,8,0.4,0.0005,16,1,10.337414741516113,3.894566774368286,-6.442847967147827,0.8252047300338745,4.662766456604004,0.17697749559494116
12,8,0.1,0.0005,16,1,10.533736228942871,3.8974807262420654,-6.636255502700806,0.3440147042274475,0.32116708159446716,1.0711393662125985
3,64,0.1,0.0001,16,1,11.061898231506348,3.901095390319824,-7.160802841186523,1.9097493886947632,4.9130449295043945,0.3887099377467753
12,32,0.4,0.001,16,2,8.810873985290527,3.902583599090576,-4.908290386199951,0.17167995870113373,0.32116708159446716,0.5345502965273117
12,16,0.3,0.0001,8,1,11.413284301757812,3.903691530227661,-7.509592771530151,0.9981985688209534,0.32116708159446716,3.108035119493858
12,8,0.2,0.001,4,2,7.58572244644165,3.9090325832366943,-3.676689863204956,0.48235416412353516,0.32116708159446716,1.501879214173626
3,8,0.0,0.001,16,2,10.45206356048584,3.9105074405670166,-6.541556119918823,1.3534642457962036,4.9130449295043945,0.2754837916641513
3,32,0.3,0.0001,16,1,11.132665634155273,3.9110615253448486,-7.221604108810425,1.7234439849853516,4.9130449295043945,0.35078938005136556
6,64,0.0,0.0001,16,1,10.610162734985352,3.919064521789551,-6.691098213195801,0.9253605008125305,4.662766456604004,0.19845739850468322
6,32,0.2,0.005,4,1,4.275907516479492,3.9293770790100098,-0.3465304374694824,1.970625638961792,4.662766456604004,0.422630139704025
3,16,0.4,0.001,16,1,10.17784595489502,3.930429458618164,-6.2474164962768555,1.3115811347961426,4.9130449295043945,0.2669589131822674
3,64,0.4,0.0001,8,1,10.522233963012695,3.931384325027466,-6.5908496379852295,2.155935287475586,4.9130449295043945,0.4388185572105213
6,16,0.0,0.0005,16,2,10.160481452941895,3.9341588020324707,-6.226322650909424,0.514755129814148,4.662766456604004,0.11039693594026914
3,16,0.0,0.0005,16,1,10.373282432556152,3.9342143535614014,-6.439068078994751,1.301187515258789,4.9130449295043945,0.26484339832610626
6,8,0.3,0.0005,16,1,10.491663932800293,3.9358296394348145,-6.5558342933654785,1.8762645721435547,4.662766456604004,0.4023929977205163
3,16,0.1,0.0001,4,1,10.29065990447998,3.936065196990967,-6.354594707489014,1.540832281112671,4.9130449295043945,0.3136206371448964
12,8,0.3,0.001,4,1,5.05436372756958,3.9381542205810547,-1.1162095069885254,0.20045849680900574,0.32116708159446716,0.6241564229241952
3,32,0.0,0.0001,16,2,10.882095336914062,3.9428579807281494,-6.939237356185913,1.300563931465149,4.9130449295043945,0.26471647422860917
9,8,0.4,0.001,16,1,9.08432388305664,3.944817066192627,-5.139506816864014,1.9204553365707397,1.7517644166946411,1.096297720326114
6,8,0.4,0.0005,4,2,8.57021713256836,3.9457530975341797,-4.62446403503418,1.7467795610427856,4.662766456604004,0.3746230005941588
12,32,0.4,0.0005,4,2,8.100173950195312,3.946695327758789,-4.153478622436523,0.640061616897583,0.32116708159446716,1.9929240995681468
6,8,0.0,0.0005,8,2,9.386811256408691,3.9469337463378906,-5.439877510070801,0.7329063415527344,4.662766456604004,0.1571827258289334
3,8,0.0,0.0001,8,1,11.078476905822754,3.9566469192504883,-7.121829986572266,1.6027032136917114,4.9130449295043945,0.3262138320915752
3,32,0.4,0.001,16,1,9.458662033081055,3.9573616981506348,-5.50130033493042,1.7232282161712646,4.9130449295043945,0.3507454625181081
6,16,0.2,0.0005,4,2,11.746923446655273,3.961247205734253,-7.7856762409210205,1.2213021516799927,4.662766456604004,0.26192651144906237
3,32,0.2,0.001,8,2,11.927155494689941,3.966067314147949,-7.961088180541992,1.7748548984527588,4.9130449295043945,0.36125354518827857
3,32,0.1,0.0005,8,1,9.471367835998535,3.967550277709961,-5.503817558288574,3.0012292861938477,4.9130449295043945,0.6108694972786658
6,32,0.4,0.001,16,2,9.110526084899902,3.9715654850006104,-5.138960599899292,3.825479030609131,4.662766456604004,0.8204311895550763
3,64,0.3,0.0001,16,1,10.849647521972656,3.9726192951202393,-6.877028226852417,2.1618828773498535,4.9130449295043945,0.44002912824327345
9,64,0.4,0.005,16,1,4.2126145362854,3.97519588470459,-0.23741865158081055,2.2039449214935303,1.7517644166946411,1.2581286047881353
9,32,0.4,0.001,4,2,5.147578239440918,3.986886739730835,-1.160691499710083,2.288820505142212,1.7517644166946411,1.3065800876700806
6,32,0.1,0.005,16,2,10.760778427124023,3.989161252975464,-6.77161717414856,0.6273722052574158,4.662766456604004,0.13454935199871557
12,8,0.3,0.0001,4,1,10.498525619506836,3.9896888732910156,-6.50883674621582,0.3541596233844757,0.32116708159446716,1.1027270342471391
6,32,0.4,0.0001,4,2,11.085906028747559,3.9911413192749023,-7.094764709472656,0.7149511575698853,4.662766456604004,0.1533319680974543
3,16,0.1,0.0001,16,1,11.231792449951172,3.9942574501037598,-7.237534999847412,1.7381848096847534,4.9130449295043945,0.35378972401542713
6,32,0.4,0.0001,8,1,10.273212432861328,3.996288299560547,-6.276924133300781,1.211723804473877,4.662766456604004,0.2598722916430179
6,16,0.4,0.0001,4,2,10.818009376525879,3.99688458442688,-6.821124792098999,0.5342627763748169,4.662766456604004,0.1145806424892085
6,32,0.3,0.0001,4,2,11.130573272705078,3.9972729682922363,-7.133300304412842,0.7309959530830383,4.662766456604004,0.15677301445104735
3,16,0.3,0.0001,8,1,11.065165519714355,3.9993133544921875,-7.065852165222168,3.0351293087005615,4.9130449295043945,0.6177694998215153
9,16,0.3,0.001,16,2,10.523799896240234,3.999596357345581,-6.524203538894653,0.7845280170440674,1.7517644166946411,0.44785018440114965
12,16,0.1,0.0001,8,1,10.375970840454102,4.002127170562744,-6.373843669891357,0.3332595229148865,0.32116708159446716,1.037651558996598
12,64,0.4,0.005,16,2,5.031769275665283,4.011774063110352,-1.0199952125549316,0.8888939023017883,0.32116708159446716,2.767699285645287
3,32,0.3,0.0005,16,1,10.056246757507324,4.0181050300598145,-6.03814172744751,1.0731061697006226,4.9130449295043945,0.21841977533245815
6,32,0.3,0.0005,16,2,11.532495498657227,4.0200514793396,-7.512444019317627,1.4186081886291504,4.662766456604004,0.3042417418569049
12,16,0.4,0.001,8,2,8.463876724243164,4.029372692108154,-4.43450403213501,0.050855398178100586,0.32116708159446716,0.1583456122764005
6,8,0.0,0.0005,16,2,10.191289901733398,4.030109405517578,-6.16118049621582,0.4231516420841217,4.662766456604004,0.09075119803283316
6,16,0.3,0.0005,16,1,9.439970016479492,4.032441139221191,-5.407528877258301,0.8247591257095337,4.662766456604004,0.1768819290834103
6,16,0.1,0.0005,16,1,10.210866928100586,4.032515525817871,-6.178351402282715,0.5604996681213379,4.662766456604004,0.12020753630658187
12,32,0.0,0.0001,16,1,9.939133644104004,4.035151481628418,-5.903982162475586,0.3673040568828583,0.32116708159446716,1.143654122518844
3,64,0.3,0.0005,16,1,9.989506721496582,4.037217140197754,-5.952289581298828,1.3314104080200195,4.9130449295043945,0.27099495875245866
6,32,0.4,0.0005,8,1,6.448062896728516,4.050272464752197,-2.3977904319763184,5.405790328979492,4.662766456604004,1.1593525816252546
12,32,0.4,0.001,4,2,5.92625093460083,4.0505805015563965,-1.8756704330444336,1.0987217426300049,0.32116708159446716,3.421028510067991
3,64,0.1,0.0001,8,1,10.54647159576416,4.050669193267822,-6.495802402496338,3.435624599456787,4.9130449295043945,0.6992862163390305
12,8,0.2,0.001,16,1,9.504070281982422,4.052890300750732,-5.4511799812316895,0.3548602759838104,0.32116708159446716,1.1049086171038138
6,64,0.2,0.001,4,2,10.595577239990234,4.060461044311523,-6.535116195678711,0.7362836599349976,4.662766456604004,0.15790704226504393
3,32,0.3,0.0001,8,1,10.601357460021973,4.070387363433838,-6.530970096588135,1.8558094501495361,4.9130449295043945,0.37773101544518983
3,16,0.4,0.0005,4,2,11.364749908447266,4.071863174438477,-7.292886734008789,1.0099350214004517,4.9130449295043945,0.20556193478619975
3,32,0.4,0.0001,4,1,10.595624923706055,4.075094223022461,-6.520530700683594,2.3151071071624756,4.9130449295043945,0.47121635164773734
3,16,0.3,0.001,8,1,8.875593185424805,4.075254440307617,-4.8003387451171875,2.742896318435669,4.9130449295043945,0.5582884662755079
12,64,0.3,0.001,16,2,11.57835578918457,4.076674461364746,-7.501681327819824,0.2986188530921936,0.32116708159446716,0.9297928405665657
3,8,0.2,0.0005,16,1,11.064196586608887,4.078200340270996,-6.985996246337891,1.9991291761398315,4.9130449295043945,0.40690227849015304
9,16,0.2,0.001,8,2,10.244660377502441,4.083327770233154,-6.161332607269287,0.2937754690647125,1.7517644166946411,0.16770261244319018
6,16,0.4,0.001,8,1,7.415810585021973,4.090738296508789,-3.3250722885131836,3.764907121658325,4.662766456604004,0.8074406378054779
3,16,0.0,0.0001,8,1,11.404650688171387,4.093139171600342,-7.311511516571045,2.0687618255615234,4.9130449295043945,0.421075291442574
12,8,0.2,0.0005,8,1,10.177675247192383,4.098484039306641,-6.079191207885742,0.08123821765184402,0.32116708159446716,0.25294689993921077
6,64,0.2,0.001,16,1,6.335472106933594,4.105501174926758,-2.229970932006836,4.831691265106201,4.662766456604004,1.0362284515157185
6,16,0.2,0.0001,16,1,11.286837577819824,4.106746196746826,-7.180091381072998,0.6732400059700012,4.662766456604004,0.14438638783129978
3,32,0.2,0.0005,16,1,10.260882377624512,4.107691764831543,-6.153190612792969,1.629361629486084,4.9130449295043945,0.3316398797212804
3,32,0.4,0.001,16,2,11.001912117004395,4.110077381134033,-6.891834735870361,1.2105246782302856,4.9130449295043945,0.24638990597474503
9,16,0.1,0.001,4,1,4.29892110824585,4.114819049835205,-0.18410205841064453,3.0331592559814453,1.7517644166946411,1.731488108260947
12,8,0.4,0.005,16,1,5.589837551116943,4.120358943939209,-1.4694786071777344,0.36396804451942444,0.32116708159446716,1.1332669671887525
6,8,0.1,0.0005,16,1,10.016550064086914,4.1211090087890625,-5.895441055297852,0.9126182794570923,4.662766456604004,0.19572463857041908
9,8,0.1,0.001,4,1,4.846745491027832,4.124753475189209,-0.721992015838623,1.3609963655471802,1.7517644166946411,0.7769288795780023
6,16,0.1,0.005,8,2,10.314130783081055,4.1252617835998535,-6.188868999481201,0.6663209199905396,4.662766456604004,0.14290248636553757
12,64,0.4,0.0005,16,2,9.070500373840332,4.125275135040283,-4.945225238800049,0.33834952116012573,0.32116708159446716,1.0535000021806549
6,64,0.2,0.005,16,2,8.925013542175293,4.1280598640441895,-4.7969536781311035,1.1593576669692993,4.662766456604004,0.24864159030038258
6,16,0.4,0.005,4,1,5.0857391357421875,4.130069732666016,-0.9556694030761719,1.33279287815094,4.662766456604004,0.28583736512543295
6,8,0.2,0.001,16,1,10.476696014404297,4.1325459480285645,-6.344150066375732,0.6611843109130859,4.662766456604004,0.1418008637290063
12,16,0.4,0.0001,4,2,11.171555519104004,4.134458065032959,-7.037097454071045,0.07088223099708557,0.32116708159446716,0.22070204282824818
9,16,0.1,0.001,8,1,4.971444606781006,4.135969161987305,-0.8354754447937012,1.2754498720169067,1.7517644166946411,0.7280944057669124
6,64,0.4,0.0001,8,2,10.981274604797363,4.136122226715088,-6.845152378082275,0.6792697906494141,4.662766456604004,0.14567956533343968
3,16,0.0,0.0001,16,2,11.664628982543945,4.139828205108643,-7.524800777435303,1.638651967048645,4.9130449295043945,0.33353083282589574
6,16,0.3,0.0005,4,2,8.816810607910156,4.140748977661133,-4.676061630249023,2.3195199966430664,4.662766456604004,0.49745575255176394
6,64,0.4,0.0005,16,2,10.623210906982422,4.1509833335876465,-6.472227573394775,1.2833009958267212,4.662766456604004,0.2752230907917652
3,8,0.1,0.0001,8,1,10.7996826171875,4.154656410217285,-6.645026206970215,1.3901383876800537,4.9130449295043945,0.28294843780724077
12,16,0.1,0.005,16,2,12.34823226928711,4.156609058380127,-8.191623210906982,0.018991032615303993,0.32116708159446716,0.05913131732250095
6,8,0.3,0.001,16,1,10.684488296508789,4.157162666320801,-6.527325630187988,1.1178715229034424,4.662766456604004,0.2397442662649703
6,32,0.3,0.0005,8,2,10.802250862121582,4.159637451171875,-6.642613410949707,1.0522050857543945,4.662766456604004,0.22566111675272255
3,16,0.2,0.0005,16,1,10.333772659301758,4.163032531738281,-6.170740127563477,1.2762298583984375,4.9130449295043945,0.25976352276655806
3,8,0.3,0.001,16,1,10.952816009521484,4.164907932281494,-6.78790807723999,2.1569550037384033,4.9130449295043945,0.43902611001686626
6,8,0.0,0.0001,16,2,10.920475959777832,4.166126728057861,-6.754349231719971,0.5458028316497803,4.662766456604004,0.11705557992868049
3,32,0.4,0.0001,8,2,12.038616180419922,4.169408321380615,-7.869207859039307,1.3492155075073242,4.9130449295043945,0.27461900448026777
6,32,0.4,0.0005,16,1,7.765872955322266,4.173149108886719,-3.592723846435547,2.817542314529419,4.662766456604004,0.6042640867287823
6,64,0.4,0.001,8,2,7.708093643188477,4.173487663269043,-3.5346059799194336,1.3739018440246582,4.662766456604004,0.294653797656703
3,64,0.4,0.0001,4,2,11.341035842895508,4.179474830627441,-7.161561012268066,1.3696244955062866,4.9130449295043945,0.2787730450583215
6,16,0.3,0.0001,16,1,11.548172950744629,4.179678440093994,-7.368494510650635,1.1294418573379517,4.662766456604004,0.24222569752304282
3,16,0.1,0.0005,16,1,10.356485366821289,4.180843353271484,-6.175642013549805,0.8613637685775757,4.9130449295043945,0.1753217772149432
6,8,0.0,0.001,16,1,9.207826614379883,4.183774471282959,-5.024052143096924,0.6962228417396545,4.662766456604004,0.14931540067883414
6,16,0.1,0.0001,16,1,11.151063919067383,4.183844089508057,-6.967219829559326,0.44983941316604614,4.662766456604004,0.09647478966674951
6,8,0.3,0.0001,16,1,12.45665168762207,4.1870856285095215,-8.269566059112549,0.9996712803840637,4.662766456604004,0.21439445652874206
6,64,0.0,0.0001,4,1,8.625747680664062,4.206978797912598,-4.418768882751465,4.243861675262451,4.662766456604004,0.9101596047667696
6,32,0.4,0.0005,16,2,9.771244049072266,4.208829879760742,-5.562414169311523,0.6937689781188965,4.662766456604004,0.14878913292693277
9,64,0.0,0.005,4,2,9.009767532348633,4.213076114654541,-4.796691417694092,1.4004418849945068,1.7517644166946411,0.7994464733088735
6,16,0.4,0.0001,8,1,11.114784240722656,4.2138352394104,-6.900949001312256,1.4623645544052124,4.662766456604004,0.31362594889006834
3,32,0.4,0.0005,16,1,10.335540771484375,4.214972496032715,-6.12056827545166,1.162813663482666,4.9130449295043945,0.2366788173459601
6,32,0.0,0.005,4,1,1.2642101049423218,4.217257022857666,2.9530469179153442,3.096510410308838,4.662766456604004,0.6640929669387935
6,8,0.0,0.001,8,1,6.071502208709717,4.2187323570251465,-1.8527698516845703,2.8893563747406006,4.662766456604004,0.6196656859466607
12,8,0.2,0.0001,8,1,11.608107566833496,4.218906879425049,-7.389200687408447,0.22454020380973816,0.32116708159446716,0.6991382886906875
9,16,0.1,0.0005,4,2,11.308629989624023,4.226718425750732,-7.081911563873291,0.1712142527103424,1.7517644166946411,0.09773817248406161
9,32,0.1,0.005,8,1,3.423619031906128,4.228323459625244,0.8047044277191162,2.888266086578369,1.7517644166946411,1.6487754055583361
3,8,0.1,0.0005,8,1,9.827738761901855,4.235934257507324,-5.591804504394531,1.5952956676483154,4.9130449295043945,0.32470610192633464
9,32,0.3,0.0005,16,2,11.671435356140137,4.2364349365234375,-7.435000419616699,0.5062786340713501,1.7517644166946411,0.28901068502500704
6,64,0.3,0.001,8,2,11.279379844665527,4.237353324890137,-7.042026519775391,0.9446526765823364,4.662766456604004,0.20259489412007736
12,16,0.4,0.0001,16,2,11.43757438659668,4.240395545959473,-7.197178840637207,0.16142579913139343,0.32116708159446716,0.5026224927224122
3,32,0.4,0.0001,16,1,12.148599624633789,4.2556562423706055,-7.892943382263184,2.424116373062134,4.9130449295043945,0.49340407178133977
6,8,0.4,0.001,16,2,10.367209434509277,4.256648063659668,-6.110561370849609,0.2579423189163208,4.662766456604004,0.05531958791352074
3,64,0.4,0.0001,4,1,10.471997261047363,4.2589030265808105,-6.213094234466553,2.72697114944458,4.9130449295043945,0.5550470611551408
3,8,0.4,0.0005,8,2,11.530092239379883,4.260074138641357,-7.270018100738525,0.752408504486084,4.9130449295043945,0.15314504859657033
3,32,0.0,0.0001,4,2,10.32603645324707,4.2741851806640625,-6.051851272583008,2.183651924133301,4.9130449295043945,0.44445999486383236
9,16,0.3,0.001,16,1,7.650129795074463,4.274529933929443,-3.3755998611450195,1.924519658088684,1.7517644166946411,1.0986178505212536
3,16,0.4,0.0005,8,2,10.58275318145752,4.290372848510742,-6.292380332946777,1.3013368844985962,4.9130449295043945,0.26487380090575907
12,8,0.1,0.005,4,2,10.912153244018555,4.294112682342529,-6.618040561676025,0.1274338662624359,0.32116708159446716,0.39678371030361304
3,16,0.4,0.0001,8,2,11.658645629882812,4.295934200286865,-7.362711429595947,0.829360842704773,4.9130449295043945,0.168807909271132
12,64,0.4,0.001,16,2,7.902073383331299,4.296230792999268,-3.6058425903320312,0.3823602795600891,0.32116708159446716,1.1905338419548541
6,8,0.4,0.0005,16,2,11.256701469421387,4.2988786697387695,-6.957822799682617,0.38326796889305115,4.662766456604004,0.08219754784205806
9,16,0.4,0.0001,16,1,11.294174194335938,4.301594257354736,-6.992579936981201,0.4494679868221283,1.7517644166946411,0.25658015572106313
6,8,0.3,0.0005,16,2,10.865937232971191,4.301958084106445,-6.563979148864746,0.159968301653862,4.662766456604004,0.03430759467425063
3,8,0.0,0.0005,16,2,10.603352546691895,4.302130699157715,-6.30122184753418,1.374714732170105,4.9130449295043945,0.27980911062190916
12,16,0.1,0.0001,4,1,10.071870803833008,4.303997039794922,-5.767873764038086,0.7151922583580017,0.32116708159446716,2.2268541807191315
3,8,0.4,0.005,16,1,8.89867877960205,4.30421781539917,-4.594460964202881,1.5672968626022339,4.9130449295043945,0.3190072317861615
3,32,0.0,0.0001,8,1,10.69165325164795,4.307720184326172,-6.383933067321777,2.699892044067383,4.9130449295043945,0.5495353864674988
6,8,0.0,0.0005,16,1,10.137785911560059,4.310481071472168,-5.827304840087891,0.866051435470581,4.662766456604004,0.18573768245329308
12,8,0.4,0.001,8,2,7.631850242614746,4.31234884262085,-3.3195013999938965,0.03294602409005165,0.32116708159446716,0.10258219468348907
6,8,0.3,0.0005,8,2,10.64785385131836,4.314194202423096,-6.333659648895264,0.11531200259923935,4.662766456604004,0.02473038349066782
3,16,0.0,0.0005,16,2,10.50544261932373,4.31708288192749,-6.18835973739624,0.6778751611709595,4.9130449295043945,0.13797454957110283
3,64,0.1,0.001,4,2,13.222947120666504,4.3183088302612305,-8.904638290405273,1.0534626245498657,4.9130449295043945,0.21442153281023102
3,64,0.4,0.0001,8,2,11.236735343933105,4.319906711578369,-6.916828632354736,0.6899083256721497,4.9130449295043945,0.1404237770204443
3,32,0.4,0.0005,8,1,9.307156562805176,4.324451923370361,-4.9827046394348145,2.1749014854431152,4.9130449295043945,0.44267893264768277
3,32,0.3,0.0001,4,1,10.336708068847656,4.336511611938477,-6.00019645690918,1.7417314052581787,4.9130449295043945,0.354511597237495
9,8,0.4,0.0001,8,2,11.029040336608887,4.340767860412598,-6.688272476196289,0.1997748166322708,1.7517644166946411,0.11404205652790958
12,8,0.3,0.0005,8,1,9.775891304016113,4.347363471984863,-5.42852783203125,0.09002634137868881,0.32116708159446716,0.28030998984000394
9,8,0.2,0.0005,8,2,11.745638847351074,4.349449157714844,-7.3961896896362305,0.2766202986240387,1.7517644166946411,0.15790953166293123
6,8,0.4,0.0005,8,2,9.90395736694336,4.351277828216553,-5.552679538726807,0.27710360288619995,4.662766456604004,0.05942901182488575
6,8,0.2,0.001,8,2,9.499394416809082,4.355160713195801,-5.144233703613281,0.37388378381729126,4.662766456604004,0.08018496900863423
6,16,0.0,0.001,8,1,5.352442741394043,4.357456207275391,-0.9949865341186523,2.4421374797821045,4.662766456604004,0.5237529056003305
3,8,0.4,0.0005,16,1,10.557280540466309,4.357639312744141,-6.199641227722168,1.7471840381622314,4.9130449295043945,0.3556214248458907
12,32,0.4,0.005,4,2,3.6954195499420166,4.361421585083008,0.6660020351409912,2.238356351852417,0.32116708159446716,6.969445127252349
3,8,0.4,0.0001,8,1,11.896313667297363,4.366312503814697,-7.530001163482666,0.9541753530502319,4.9130449295043945,0.19421262511158935
3,32,0.3,0.001,8,2,10.729991912841797,4.3666768074035645,-6.363315105438232,1.10450279712677,4.9130449295043945,0.22481023743419892
3,8,0.3,0.0001,4,2,11.638107299804688,4.366819381713867,-7.27128791809082,0.7622416615486145,4.9130449295043945,0.15514648705349943
9,16,0.4,0.0005,4,1,6.0393829345703125,4.370118618011475,-1.669264316558838,2.3506622314453125,1.7517644166946411,1.3418826236239667
3,16,0.3,0.0005,4,1,9.599503517150879,4.377058506011963,-5.222445011138916,2.605687379837036,4.9130449295043945,0.5303609914472909
6,64,0.1,0.005,8,2,8.66306209564209,4.382907867431641,-4.280154228210449,1.6251729726791382,4.662766456604004,0.3485426490484766
6,8,0.2,0.005,16,1,4.704132080078125,4.385079860687256,-0.31905221939086914,2.492072343826294,4.662766456604004,0.5344621839888
3,32,0.1,0.001,4,2,13.071084022521973,4.387007236480713,-8.68407678604126,0.8597277402877808,4.9130449295043945,0.1749887804047634
3,8,0.2,0.0005,8,1,10.210391998291016,4.389737129211426,-5.82065486907959,2.19423508644104,4.9130449295043945,0.4466140892105345
9,16,0.4,0.001,8,1,5.868795394897461,4.392435073852539,-1.4763603210449219,1.7968077659606934,1.7517644166946411,1.025713131764055
3,16,0.4,0.0001,16,2,11.70627212524414,4.3982086181640625,-7.308063507080078,0.5178112387657166,4.9130449295043945,0.1053951767581232
3,8,0.2,0.001,16,1,10.294084548950195,4.40306282043457,-5.891021728515625,0.8361013531684875,4.9130449295043945,0.17017987117264763
3,8,0.0,0.0001,8,2,11.5569486618042,4.404340744018555,-7.1526079177856445,0.4799700081348419,4.9130449295043945,0.09769298164819737
6,16,0.3,0.0001,4,1,9.88668155670166,4.418436527252197,-5.468245029449463,0.2880423367023468,4.662766456604004,0.06177498688453172
3,64,0.0,0.0001,8,2,10.320870399475098,4.4200334548950195,-5.900836944580078,1.8307613134384155,4.9130449295043945,0.37263272363827016
9,32,0.3,0.005,8,2,5.332886219024658,4.4242262840271,-0.9086599349975586,1.2833880186080933,1.7517644166946411,0.7326259206872605
9,32,0.4,0.001,16,2,8.229955673217773,4.4271769523620605,-3.802778720855713,0.6283546686172485,1.7517644166946411,0.35869815748562506
3,32,0.2,0.0005,8,2,11.287083625793457,4.428590297698975,-6.858493328094482,1.2840951681137085,4.9130449295043945,0.26136442604102994
6,8,0.1,0.005,8,2,8.402765274047852,4.4301958084106445,-3.972569465637207,1.4922486543655396,4.662766456604004,0.320035041054228
6,8,0.2,0.0001,8,1,12.309187889099121,4.433374404907227,-7.8758134841918945,1.1430978775024414,4.662766456604004,0.24515443527810418
6,8,0.4,0.0001,4,2,12.334233283996582,4.437800884246826,-7.896432399749756,0.7544354200363159,4.662766456604004,0.1617999586849966
3,32,0.0,0.0001,8,2,10.453482627868652,4.438711166381836,-6.014771461486816,1.7953951358795166,4.9130449295043945,0.36543430024374474
3,16,0.2,0.0001,16,1,12.594879150390625,4.4390788078308105,-8.155800342559814,1.4962942600250244,4.9130449295043945,0.3045553788933015
3,32,0.4,0.0001,8,1,10.625813484191895,4.441308975219727,-6.184504508972168,1.6096128225326538,4.9130449295043945,0.3276202122366962
3,64,0.0,0.0005,16,1,9.455890655517578,4.443031311035156,-5.012859344482422,1.3440279960632324,4.9130449295043945,0.2735631396309685
3,32,0.1,0.0001,8,1,10.605427742004395,4.44594669342041,-6.159481048583984,2.078504800796509,4.9130449295043945,0.4230583743117079
3,32,0.0,0.001,16,1,9.143332481384277,4.44669771194458,-4.696634769439697,1.9904468059539795,4.9130449295043945,0.4051350709212355
3,16,0.3,0.0005,8,2,11.354889869689941,4.449568748474121,-6.90532112121582,0.7793782353401184,4.9130449295043945,0.158634461219702
9,8,0.0,0.001,16,1,6.205890655517578,4.4534711837768555,-1.7524194717407227,0.8524979948997498,1.7517644166946411,0.4866510512345639
3,8,0.1,0.001,16,1,9.967522621154785,4.456118106842041,-5.511404514312744,1.1837828159332275,4.9130449295043945,0.24094687366366954
6,64,0.3,0.0001,4,2,12.411786079406738,4.46143913269043,-7.950346946716309,1.186549425125122,4.662766456604004,0.2544732694996078
6,8,0.4,0.005,4,2,5.599948406219482,4.4623703956604,-1.137578010559082,0.07430832087993622,4.662766456604004,0.015936530720875225
3,64,0.2,0.0005,4,2,11.322181701660156,4.4651780128479,-6.857003688812256,0.39875784516334534,4.9130449295043945,0.08116307725351296
6,32,0.2,0.005,8,2,7.894789695739746,4.465717315673828,-3.429072380065918,1.6228585243225098,4.662766456604004,0.3480462809849742
12,32,0.0,0.005,4,1,1.9148166179656982,4.470823764801025,2.556007146835327,1.986475944519043,0.32116708159446716,6.185179174207325
3,32,0.2,0.001,4,2,11.026264190673828,4.471868515014648,-6.55439567565918,0.5551540851593018,4.9130449295043945,0.11299593085856496
3,32,0.4,0.0005,16,2,11.784356117248535,4.478103160858154,-7.306252956390381,0.6624770164489746,4.9130449295043945,0.13484041484550444
12,32,0.1,0.001,4,1,5.966064929962158,4.480386257171631,-1.4856786727905273,0.5467181205749512,0.32116708159446716,1.7022856696916526
3,32,0.4,0.0001,4,2,12.051262855529785,4.482748031616211,-7.568514823913574,1.08986496925354,4.9130449295043945,0.2218308574197144
6,8,0.4,0.0001,4,1,10.738898277282715,4.496574401855469,-6.242323875427246,1.1932958364486694,4.662766456604004,0.2559201383029965
6,16,0.4,0.0005,4,2,8.11865234375,4.498983383178711,-3.619668960571289,1.5849040746688843,4.662766456604004,0.3399063816340493
3,8,0.4,0.0005,16,2,11.719954490661621,4.500874996185303,-7.219079494476318,0.43240484595298767,4.9130449295043945,0.08801157981606464
6,16,0.0,0.0001,4,2,9.410715103149414,4.503690719604492,-4.907024383544922,1.9105215072631836,4.662766456604004,0.40973990978194064
3,8,0.1,0.0001,4,1,10.973045349121094,4.508575439453125,-6.464469909667969,3.307210922241211,4.9130449295043945,0.673148926927242
3,8,0.4,0.0001,16,2,11.420446395874023,4.509077548980713,-6.9113688468933105,0.2458254098892212,4.9130449295043945,0.050035245640226406
6,32,0.1,0.001,4,2,11.942569732666016,4.510107517242432,-7.432462215423584,0.6128877997398376,4.662766456604004,0.13144295461587785
6,64,0.3,0.001,16,2,11.928275108337402,4.511427879333496,-7.416847229003906,1.1407839059829712,4.662766456604004,0.24465816947946165
12,16,0.2,0.005,8,1,4.233138561248779,4.5175676345825195,0.28442907333374023,0.571996808052063,0.32116708159446716,1.780994506698276
3,8,0.3,0.0001,8,1,11.69028091430664,4.526360034942627,-7.163920879364014,0.7275550961494446,4.9130449295043945,0.14808639175681973
3,8,0.1,0.001,16,2,11.828641891479492,4.530447006225586,-7.298194885253906,0.3766196072101593,4.9130449295043945,0.07665706554980578
12,64,0.4,0.0005,4,2,6.405028820037842,4.531434059143066,-1.8735947608947754,1.4300013780593872,0.32116708159446716,4.452515404007153
9,16,0.4,0.0001,4,2,10.977399826049805,4.5372514724731445,-6.44014835357666,0.10647018253803253,1.7517644166946411,0.06077882477994864
6,32,0.1,0.0005,8,2,11.947937965393066,4.540068626403809,-7.407869338989258,0.5490338206291199,4.662766456604004,0.11774851383592422
3,64,0.2,0.001,4,2,11.1107816696167,4.540674686431885,-6.5701069831848145,0.38280919194221497,4.9130449295043945,0.07791689215853172
12,64,0.0,0.0001,4,1,5.517195224761963,4.540797710418701,-0.9763975143432617,1.5469390153884888,0.32116708159446716,4.81661759265162
3,16,0.1,0.005,16,2,10.947423934936523,4.544044017791748,-6.403379917144775,0.5948352217674255,4.9130449295043945,0.12107261999483278
3,16,0.4,0.0005,16,2,11.32419490814209,4.547591209411621,-6.776603698730469,0.45372217893600464,4.9130449295043945,0.0923505047167916
3,16,0.0,0.0001,4,2,10.21520709991455,4.5502824783325195,-5.664924621582031,1.0343817472457886,4.9130449295043945,0.21053781556810072
6,64,0.0,0.005,8,1,1.5160353183746338,4.55215311050415,3.0361177921295166,2.905698299407959,4.662766456604004,0.6231704560910485
6,64,0.1,0.005,16,2,9.944252967834473,4.552370548248291,-5.391882419586182,0.6006894707679749,4.662766456604004,0.1288268405373814
3,64,0.1,0.005,16,2,12.58867073059082,4.556571960449219,-8.032098770141602,0.7317328453063965,4.9130449295043945,0.14893672982962328
6,8,0.4,0.0001,8,2,11.850700378417969,4.56377649307251,-7.286923885345459,0.3852165639400482,4.662766456604004,0.08261545319183967
12,32,0.2,0.0001,4,1,8.372036933898926,4.565478324890137,-3.806558609008789,0.6716440916061401,0.32116708159446716,2.091260686717
6,16,0.2,0.001,4,2,9.045537948608398,4.567945957183838,-4.4775919914245605,1.8644386529922485,4.662766456604004,0.39985675249756353
9,64,0.2,0.001,4,2,11.147974967956543,4.569086074829102,-6.578888893127441,0.5911543369293213,1.7517644166946411,0.33746223595793495
9,64,0.3,0.0005,4,2,10.79513931274414,4.570562839508057,-6.224576473236084,1.1797256469726562,1.7517644166946411,0.6734499432284679
3,8,0.4,0.0005,8,1,9.64793872833252,4.570734024047852,-5.077204704284668,1.0962868928909302,4.9130449295043945,0.2231379742341413
3,8,0.2,0.0005,16,2,11.503081321716309,4.578133583068848,-6.924947738647461,0.22996723651885986,4.9130449295043945,0.046807476792616654
3,8,0.3,0.0001,8,2,11.206767082214355,4.582220077514648,-6.624547004699707,0.14008896052837372,4.9130449295043945,0.028513673808903118
12,32,0.2,0.001,4,2,11.357973098754883,4.583827495574951,-6.774145603179932,0.0534529946744442,0.32116708159446716,0.1664336033726473
3,64,0.3,0.0001,8,1,10.479171752929688,4.5860090255737305,-5.893162727355957,1.9149717092514038,4.9130449295043945,0.38977288763458906
6,16,0.4,0.0005,16,2,11.652396202087402,4.588472843170166,-7.063923358917236,0.7463338971138,4.662766456604004,0.16006246593301857
3,64,0.4,0.0005,16,2,10.58176040649414,4.589264392852783,-5.992496013641357,1.3583104610443115,4.9130449295043945,0.2764701891666461
6,8,0.4,0.005,8,2,5.3659868240356445,4.59225606918335,-0.7737307548522949,0.10345666110515594,4.662766456604004,0.022187828206284586
9,64,0.2,0.001,8,2,11.354485511779785,4.619818210601807,-6.7346673011779785,0.5972724556922913,1.7517644166946411,0.34095478250395633
6,8,0.3,0.0001,8,1,10.61227798461914,4.622720241546631,-5.98955774307251,0.9288366436958313,4.662766456604004,0.19920290933299792
3,64,0.1,0.0001,4,1,9.963685035705566,4.626071929931641,-5.337613105773926,2.2573320865631104,4.9130449295043945,0.4594568376542039
3,8,0.1,0.0001,16,1,11.600970268249512,4.626630783081055,-6.974339485168457,1.3112965822219849,4.9130449295043945,0.2669009954187947
3,16,0.4,0.0005,16,1,10.806730270385742,4.631255149841309,-6.175475120544434,0.41473034024238586,4.9130449295043945,0.08441411511460001
3,8,0.1,0.0005,4,1,10.12548542022705,4.634769439697266,-5.490715980529785,1.7736544609069824,4.9130449295043945,0.36100920841485173
12,64,0.4,0.0001,4,2,11.789287567138672,4.638992786407471,-7.150294780731201,0.1967792510986328,0.32116708159446716,0.6127005610964296
3,16,0.2,0.0005,8,2,11.791741371154785,4.640565872192383,-7.151175498962402,0.715622067451477,4.9130449295043945,0.1456575459251226
6,64,0.3,0.001,4,2,7.541799545288086,4.641417980194092,-2.900381565093994,1.2549314498901367,4.662766456604004,0.2691388173887077
6,16,0.1,0.005,4,1,4.149394989013672,4.644562244415283,0.49516725540161133,2.0017127990722656,4.662766456604004,0.4292972461095891
3,16,0.0,0.0001,8,2,10.421189308166504,4.64519739151001,-5.775991916656494,1.2230026721954346,4.9130449295043945,0.24892967390770543
9,64,0.2,0.005,16,1,4.605767726898193,4.6475605964660645,0.041792869567871094,2.798823118209839,1.7517644166946411,1.5977166173353754
9,8,0.2,0.005,8,2,6.859683036804199,4.652018070220947,-2.207664966583252,1.2287908792495728,1.7517644166946411,0.7014589790379157
3,8,0.3,0.0005,4,2,10.504405975341797,4.653283596038818,-5.8511223793029785,0.6978933215141296,4.9130449295043945,0.14204904118076728
9,16,0.4,0.0005,16,2,10.807788848876953,4.654928684234619,-6.152860164642334,0.5783633589744568,1.7517644166946411,0.3301604676191309
3,32,0.2,0.0005,4,2,12.259727478027344,4.675498962402344,-7.584228515625,0.3508644700050354,4.9130449295043945,0.07141487102997632
3,16,0.2,0.0001,4,1,10.55164909362793,4.677816390991211,-5.873832702636719,2.5669703483581543,4.9130449295043945,0.5224805360404262
3,32,0.3,0.0001,8,2,11.857892990112305,4.6807403564453125,-7.177152633666992,0.22050678730010986,4.9130449295043945,0.04488189920183644
3,32,0.0,0.0005,16,2,9.920293807983398,4.683571815490723,-5.236721992492676,0.7313005924224854,4.9130449295043945,0.14884874918012517
6,64,0.3,0.005,16,2,8.470788955688477,4.685469150543213,-3.7853198051452637,1.0612578392028809,4.662766456604004,0.22760261511699612
9,16,0.2,0.005,8,2,6.672010898590088,4.686131954193115,-1.9858789443969727,1.2004483938217163,1.7517644166946411,0.6852795857600598
3,16,0.4,0.0001,4,1,10.785819053649902,4.699225425720215,-6.0865936279296875,1.5324724912643433,4.9130449295043945,0.3119190875013903
3,16,0.2,0.001,16,1,9.724943161010742,4.699820041656494,-5.025123119354248,0.8750590682029724,4.9130449295043945,0.1781093152533503
9,8,0.4,0.0001,16,2,11.503273010253906,4.700961589813232,-6.802311420440674,0.03609427809715271,1.7517644166946411,0.020604527499912383
6,8,0.4,0.001,16,1,10.860369682312012,4.701626777648926,-6.158742904663086,1.1240259408950806,4.662766456604004,0.24106417324485377
3,32,0.3,0.0005,8,1,8.913089752197266,4.7059125900268555,-4.20717716217041,2.526268482208252,4.9130449295043945,0.5141960878552541
6,32,0.2,0.001,4,2,10.568733215332031,4.705994606018066,-5.862738609313965,0.31530532240867615,4.662766456604004,0.06762194189719722
9,8,0.0,0.0001,16,1,12.065579414367676,4.70792293548584,-7.357656478881836,0.2446422427892685,1.7517644166946411,0.1396547620546361
6,8,0.2,0.005,4,1,4.123842716217041,4.713715553283691,0.5898728370666504,1.6133748292922974,4.662766456604004,0.3460123607536102
3,16,0.4,0.001,16,2,10.972240447998047,4.723634243011475,-6.248606204986572,0.8074679970741272,4.9130449295043945,0.16435184466256872
12,8,0.3,0.005,4,2,4.68406867980957,4.726523399353027,0.04245471954345703,2.1603987216949463,0.32116708159446716,6.726712809324741
3,8,0.1,0.0005,16,1,10.41734504699707,4.72844934463501,-5.6888957023620605,0.41290533542633057,4.9130449295043945,0.08404265406707416
6,32,0.3,0.001,4,1,4.2885541915893555,4.729659080505371,0.4411048889160156,1.7839181423187256,4.662766456604004,0.3825879247698785
3,16,0.1,0.0005,4,1,8.525430679321289,4.733814716339111,-3.7916159629821777,3.8671815395355225,4.9130449295043945,0.7871252135945002
3,16,0.2,0.0005,4,2,11.724231719970703,4.736722946166992,-6.987508773803711,0.8914291262626648,4.9130449295043945,0.1814412729892515
12,16,0.1,0.001,4,1,4.206465721130371,4.738095760345459,0.5316300392150879,0.7949448823928833,0.32116708159446716,2.4751754708057168
6,32,0.3,0.001,8,2,9.355016708374023,4.744965076446533,-4.61005163192749,2.5424818992614746,4.662766456604004,0.5452732670452511
6,16,0.2,0.005,16,2,7.538556098937988,4.74960994720459,-2.7889461517333984,1.3155583143234253,4.662766456604004,0.28214115516340393
3,32,0.3,0.0005,8,2,11.631891250610352,4.761988162994385,-6.869903087615967,1.1598559617996216,4.9130449295043945,0.23607680744670548
12,16,0.3,0.0005,8,2,11.581491470336914,4.762063026428223,-6.819428443908691,0.20242086052894592,0.32116708159446716,0.6302665252117579
6,8,0.0,0.0001,4,1,10.82911205291748,4.768178939819336,-6.0609331130981445,2.4579620361328125,4.662766456604004,0.5271467183717798
3,32,0.0,0.0005,16,1,9.357751846313477,4.768441200256348,-4.589310646057129,1.4895864725112915,4.9130449295043945,0.30319007741326603
12,16,0.4,0.0005,16,2,10.851848602294922,4.771468639373779,-6.080379962921143,0.18540836870670319,0.32116708159446716,0.5772956798256664
3,8,0.0,0.001,16,1,10.468600273132324,4.773011207580566,-5.695589065551758,0.8045167922973633,4.9130449295043945,0.16375115714207794
3,64,0.4,0.0001,16,2,12.170833587646484,4.779417991638184,-7.391415596008301,0.7155839204788208,4.9130449295043945,0.14564978149935331
3,64,0.0,0.0001,4,1,10.023700714111328,4.783407688140869,-5.240293025970459,2.996849536895752,4.9130449295043945,0.609978044145031
6,32,0.3,0.001,4,2,8.539137840270996,4.784847259521484,-3.7542905807495117,1.135430097579956,4.662766456604004,0.24350996519926818
6,16,0.2,0.005,4,2,7.75303840637207,4.7908759117126465,-2.962162494659424,0.5539765954017639,4.662766456604004,0.11880856580692599
3,16,0.3,0.0001,16,1,12.289182662963867,4.790902137756348,-7.4982805252075195,1.0782970190048218,4.9130449295043945,0.21947631956901226
12,16,0.4,0.001,4,2,8.024942398071289,4.791190147399902,-3.2337522506713867,0.6587923169136047,0.32116708159446716,2.051244833819712
3,16,0.3,0.001,16,2,11.137908935546875,4.79783296585083,-6.340075969696045,1.582365870475769,4.9130449295043945,0.32207437407566936
3,8,0.4,0.0001,4,2,10.466072082519531,4.805857181549072,-5.660214900970459,0.6425292491912842,4.9130449295043945,0.13078025102776733
6,16,0.3,0.001,16,2,11.231324195861816,4.809377193450928,-6.421947002410889,0.559066653251648,4.662766456604004,0.11990020483651428
6,8,0.2,0.0005,4,2,11.861921310424805,4.809731483459473,-7.052189826965332,0.7996034026145935,4.662766456604004,0.17148690805264186
3,16,0.0,0.001,16,2,10.123689651489258,4.814506530761719,-5.309183120727539,1.1847732067108154,4.9130449295043945,0.24114845756770434
6,8,0.1,0.0001,4,1,10.406244277954102,4.819951057434082,-5.5862932205200195,0.7452476620674133,4.662766456604004,0.1598295065822777
3,16,0.2,0.0001,4,2,11.938671112060547,4.822573184967041,-7.116097927093506,0.2365606278181076,4.9130449295043945,0.0481494940942807
12,8,0.3,0.005,16,1,4.916898250579834,4.827322959899902,-0.08957529067993164,1.7117797136306763,0.32116708159446716,5.32987286596238
6,64,0.0,0.005,4,1,3.386495351791382,4.835019111633301,1.448523759841919,1.7736018896102905,4.662766456604004,0.38037545009321444
6,32,0.4,0.0005,4,2,8.885684967041016,4.837207794189453,-4.0484771728515625,3.578761100769043,4.662766456604004,0.7675188397438061
6,8,0.0,0.0001,8,2,11.8159761428833,4.841913223266602,-6.974062919616699,0.7901650071144104,4.662766456604004,0.1694627029829637
3,32,0.4,0.0001,16,2,12.41976547241211,4.8466973304748535,-7.573068141937256,0.7509806752204895,4.9130449295043945,0.15285442856640943
6,64,0.3,0.0005,16,2,12.422904014587402,4.849698543548584,-7.573205471038818,1.1604053974151611,4.662766456604004,0.24886629176369046
3,16,0.1,0.0001,8,2,11.976694107055664,4.865424156188965,-7.111269950866699,0.10439249873161316,4.9130449295043945,0.02124802443891833
3,32,0.1,0.005,16,2,12.650754928588867,4.867762088775635,-7.782992839813232,0.9859477281570435,4.9130449295043945,0.20067956680715748
3,64,0.3,0.0001,4,2,11.96087646484375,4.870296478271484,-7.090579986572266,0.6789869666099548,4.9130449295043945,0.1382008461865314
12,8,0.3,0.0001,8,1,11.50847053527832,4.877158164978027,-6.631312370300293,0.0663013756275177,0.32116708159446716,0.20643888937296334
3,8,0.3,0.0005,16,2,12.13331127166748,4.878087520599365,-7.255223751068115,0.37386009097099304,4.9130449295043945,0.07609539426880559
6,32,0.4,0.001,8,2,8.093297004699707,4.87862491607666,-3.214672088623047,1.8798514604568481,4.662766456604004,0.4031622595625314
6,64,0.3,0.005,4,1,2.796967029571533,4.884915828704834,2.087948799133301,2.9652934074401855,4.662766456604004,0.6359515182752418
6,16,0.4,0.0001,16,1,12.01801872253418,4.895148754119873,-7.122869968414307,0.8805010914802551,4.662766456604004,0.18883662728446915
3,8,0.3,0.0005,16,1,10.571303367614746,4.89523983001709,-5.676063537597656,0.7097747921943665,4.9130449295043945,0.14446739290576063
3,32,0.3,0.0001,16,2,12.197853088378906,4.899846076965332,-7.298007011413574,0.3030414283275604,4.9130449295043945,0.06168098046645176
6,8,0.1,0.001,4,1,5.453047275543213,4.901021957397461,-0.552025318145752,2.7167749404907227,4.662766456604004,0.5826530163531738
3,16,0.3,0.0001,8,2,12.379844665527344,4.902915000915527,-7.476929664611816,0.4707636535167694,4.9130449295043945,0.09581912241218968
3,16,0.4,0.0001,4,2,12.403571128845215,4.903285503387451,-7.500285625457764,0.6066861152648926,4.9130449295043945,0.12348474804729545
3,16,0.0,0.0005,4,1,9.065324783325195,4.906543731689453,-4.158781051635742,2.9455502033233643,4.9130449295043945,0.599536589953493
9,16,0.0,0.001,16,1,4.7683258056640625,4.9073944091796875,0.139068603515625,1.234131097793579,1.7517644166946411,0.7045074588980572
3,8,0.2,0.0001,4,1,10.297026634216309,4.911891937255859,-5.385134696960449,0.4384365677833557,4.9130449295043945,0.08923927504721256
9,32,0.3,0.0001,8,2,11.590914726257324,4.9150166511535645,-6.67589807510376,0.03973689302802086,1.7517644166946411,0.022683925218094893
6,32,0.0,0.001,4,1,3.3691537380218506,4.921733379364014,1.552579641342163,1.2759675979614258,4.662766456604004,0.2736503339458998
3,16,0.4,0.0001,16,1,13.242087364196777,4.930160045623779,-8.311927318572998,1.8334989547729492,4.9130449295043945,0.3731899425063683
3,8,0.2,0.0005,4,2,12.362631797790527,4.932581901550293,-7.430049896240234,0.47504767775535583,4.9130449295043945,0.0966910916899098
12,16,0.4,0.0005,8,2,8.224200248718262,4.934035301208496,-3.2901649475097656,0.33867454528808594,0.32116708159446716,1.0545120116504505
9,64,0.4,0.0005,16,2,8.811243057250977,4.945192337036133,-3.8660507202148438,2.983492851257324,1.7517644166946411,1.7031358913470793
3,32,0.3,0.0005,16,2,11.900999069213867,4.952618598937988,-6.948380470275879,0.343817800283432,4.9130449295043945,0.06998059354570461
3,16,0.3,0.0005,8,1,10.014398574829102,4.960612773895264,-5.053785800933838,1.4345885515213013,4.9130449295043945,0.29199581361573584
3,8,0.3,0.0005,8,2,12.709575653076172,4.974423408508301,-7.735152244567871,1.103904128074646,4.9130449295043945,0.22468838447728237
6,16,0.3,0.0001,4,2,12.260688781738281,4.975770950317383,-7.284917831420898,0.6075174808502197,4.662766456604004,0.13029120941491207
6,64,0.4,0.001,4,2,4.373178958892822,4.975937366485596,0.6027584075927734,1.254944086074829,4.662766456604004,0.26914152740749375
3,32,0.2,0.001,16,2,12.037869453430176,4.9784722328186035,-7.059397220611572,0.7489137053489685,4.9130449295043945,0.15243371800886737
6,16,0.2,0.005,8,1,2.852053642272949,4.981408596038818,2.129354953765869,1.1736112833023071,4.662766456604004,0.25169849149105233
3,8,0.1,0.001,4,2,12.00171184539795,5.011902809143066,-6.989809036254883,0.36200249195098877,4.9130449295043945,0.07368190137587566
9,64,0.3,0.001,4,1,4.056004047393799,5.025437355041504,0.9694333076477051,2.837097644805908,1.7517644166946411,1.6195657462657873
3,64,0.3,0.0005,16,2,10.823917388916016,5.026092529296875,-5.797824859619141,1.1338320970535278,4.9130449295043945,0.23077991618690602
6,64,0.2,0.0005,8,2,12.775351524353027,5.036988735198975,-7.738362789154053,0.7511494755744934,4.662766456604004,0.16109523875265505
3,32,0.2,0.0001,8,2,12.383352279663086,5.037604808807373,-7.345747470855713,0.22864040732383728,4.9130449295043945,0.04653741429287142
3,8,0.2,0.0005,8,2,10.348655700683594,5.041109085083008,-5.307546615600586,0.493380069732666,4.9130449295043945,0.10042246240610625
12,64,0.4,0.0001,16,2,11.004405975341797,5.04538106918335,-5.959024906158447,0.1766829639673233,0.32116708159446716,0.5501278745323539
12,8,0.3,0.005,8,2,7.789849281311035,5.047691345214844,-2.7421579360961914,0.9144072532653809,0.32116708159446716,2.8471387812403175
6,64,0.3,0.0001,8,2,11.833868980407715,5.052064895629883,-6.781804084777832,0.4863051176071167,4.662766456604004,0.10429540534211175
9,32,0.0,0.001,4,1,2.6179487705230713,5.052380561828613,2.434431791305542,2.979599952697754,1.7517644166946411,1.7009136184646814
6,16,0.1,0.0005,4,1,6.467667579650879,5.064156532287598,-1.4035110473632812,6.515124320983887,4.662766456604004,1.3972658467070205
6,64,0.2,0.001,16,2,12.097525596618652,5.064186096191406,-7.033339500427246,0.7738591432571411,4.662766456604004,0.16596566661860218
9,64,0.3,0.0005,8,2,12.296384811401367,5.066110610961914,-7.230274200439453,0.7684617638587952,1.7517644166946411,0.4386787153199434
12,32,0.4,0.0001,4,2,9.93804931640625,5.0667219161987305,-4.8713274002075195,0.12278220057487488,0.32116708159446716,0.3823000787170029
3,8,0.2,0.0001,8,2,12.371356010437012,5.069901943206787,-7.301454067230225,0.16045233607292175,4.9130449295043945,0.0326584304388007
6,8,0.1,0.0001,8,2,11.969642639160156,5.072449684143066,-6.89719295501709,0.2707619369029999,4.662766456604004,0.05806894671284948
12,16,0.2,0.0001,16,1,10.452275276184082,5.074672698974609,-5.377602577209473,1.1362042427062988,0.32116708159446716,3.537735676600153
3,64,0.2,0.0005,8,2,12.301661491394043,5.075494289398193,-7.22616720199585,0.5308203101158142,4.9130449295043945,0.10804304005609021
3,8,0.0,0.0005,8,2,9.943870544433594,5.080340385437012,-4.863530158996582,0.6606499552726746,4.9130449295043945,0.13446853524690194
3,16,0.0,0.0001,16,1,12.508593559265137,5.084869861602783,-7.4237236976623535,1.039210557937622,4.9130449295043945,0.21152067055133827
3,8,0.4,0.0005,4,2,10.196269035339355,5.0863800048828125,-5.109889030456543,1.5658198595046997,4.9130449295043945,0.3187066029259074
9,64,0.4,0.0001,16,2,11.13882064819336,5.0889973640441895,-6.04982328414917,0.19103851914405823,1.7517644166946411,0.10905491476104068
6,8,0.3,0.001,4,2,12.25026798248291,5.09306526184082,-7.15720272064209,0.8310035467147827,4.662766456604004,0.17822113855559066
6,16,0.3,0.001,4,2,7.893856525421143,5.093537330627441,-2.800319194793701,3.0596632957458496,4.662766456604004,0.6561905521586578
6,64,0.1,0.005,4,1,2.4115140438079834,5.095273494720459,2.6837594509124756,2.8761672973632812,4.662766456604004,0.6168370910556086
12,32,0.4,0.001,16,1,5.509839057922363,5.0956268310546875,-0.4142122268676758,1.4960808753967285,0.32116708159446716,4.658263443343198
6,8,0.3,0.005,8,1,5.0868659019470215,5.100524425506592,0.013658523559570312,2.2366838455200195,4.662766456604004,0.47969030109842686
6,16,0.0,0.005,8,1,3.6373543739318848,5.114490509033203,1.4771361351013184,4.548198223114014,4.662766456604004,0.9754291289181503
9,8,0.1,0.0001,8,1,12.173069953918457,5.1174540519714355,-7.0556159019470215,0.6716921925544739,1.7517644166946411,0.3834375137165261
6,8,0.3,0.0005,4,2,12.523588180541992,5.118651866912842,-7.40493631362915,0.9014540910720825,4.662766456604004,0.19333031140672474
3,16,0.4,0.0005,8,1,10.02915096282959,5.119316577911377,-4.909834384918213,1.3436084985733032,4.9130449295043945,0.273477755211337
9,32,0.1,0.005,16,2,11.794839859008789,5.1199846267700195,-6.6748552322387695,0.29856449365615845,1.7517644166946411,0.17043644157329788
12,8,0.1,0.0001,4,1,10.638815879821777,5.122109889984131,-5.5167059898376465,0.6454557180404663,0.32116708159446716,2.0097194109559258
12,8,0.2,0.001,8,2,10.747001647949219,5.126383304595947,-5.6206183433532715,0.125467449426651,0.32116708159446716,0.39066098805567145
6,64,0.2,0.001,8,2,12.781855583190918,5.129968643188477,-7.651886940002441,1.1726652383804321,4.662766456604004,0.2514955980091077
3,8,0.4,0.0001,4,1,10.861353874206543,5.130019187927246,-5.731334686279297,1.8504555225372314,4.9130449295043945,0.3766412782884721
9,8,0.0,0.005,4,2,4.323277473449707,5.1315226554870605,0.8082451820373535,1.5217037200927734,1.7517644166946411,0.8686691575594604
12,8,0.2,0.0001,8,2,11.817875862121582,5.133184432983398,-6.684691429138184,0.033264316618442535,0.32116708159446716,0.10357324434776564
6,64,0.4,0.0001,16,2,12.000496864318848,5.1412835121154785,-6.859213352203369,0.6363160610198975,4.662766456604004,0.13646749562562063
6,64,0.4,0.0005,8,2,8.561775207519531,5.147060871124268,-3.4147143363952637,3.228419065475464,4.662766456604004,0.6923827507815592
6,16,0.4,0.0005,4,1,6.503742218017578,5.162291049957275,-1.3414511680603027,5.561367034912109,4.662766456604004,1.1927183329191606
6,32,0.3,0.0005,8,1,6.486093044281006,5.163222312927246,-1.3228707313537598,6.058891773223877,4.662766456604004,1.2994199537149245
3,32,0.3,0.001,16,2,11.962118148803711,5.165055751800537,-6.797062397003174,1.4842126369476318,4.9130449295043945,0.3020962881968499
12,16,0.4,0.005,4,1,2.790508270263672,5.174657821655273,2.3841495513916016,0.7998622059822083,0.32116708159446716,2.490486266560102
3,32,0.3,0.0001,4,2,12.685513496398926,5.189820289611816,-7.495693206787109,0.5089353322982788,4.9130449295043945,0.10358857686034185
6,16,0.3,0.001,8,2,8.671607971191406,5.1946845054626465,-3.4769234657287598,2.436373710632324,4.662766456604004,0.5225167791068801
6,64,0.1,0.001,4,2,13.395179748535156,5.19531774520874,-8.199862003326416,1.165628433227539,4.662766456604004,0.24998644990606972
9,32,0.2,0.005,8,1,2.431832790374756,5.201896667480469,2.770063877105713,3.7420597076416016,1.7517644166946411,2.1361660688954953
12,16,0.2,0.005,4,1,2.8016397953033447,5.208232402801514,2.406592607498169,0.7258429527282715,0.32116708159446716,2.2600166527800707
12,32,0.2,0.001,16,2,12.298248291015625,5.2117719650268555,-7.0864763259887695,0.11336422711610794,0.32116708159446716,0.3529758608924038
6,32,0.4,0.0001,8,2,12.31246566772461,5.217426300048828,-7.095039367675781,0.9583141803741455,4.662766456604004,0.20552480792102698
9,16,0.3,0.005,4,1,2.2732930183410645,5.223061561584473,2.949768543243408,2.4780478477478027,1.7517644166946411,1.4146010868422405
12,8,0.4,0.0001,16,1,11.516281127929688,5.23228645324707,-6.283994674682617,0.7912446856498718,0.32116708159446716,2.4636543749180513
6,8,0.3,0.001,16,2,11.73076343536377,5.237177848815918,-6.493585586547852,0.34666693210601807,4.662766456604004,0.07434790812115931
3,8,0.2,0.0005,4,1,9.798487663269043,5.240277290344238,-4.558210372924805,1.586472749710083,4.9130449295043945,0.3229102873012234
3,8,0.2,0.005,16,2,9.963404655456543,5.244427680969238,-4.718976974487305,1.1559135913848877,4.9130449295043945,0.23527437830728143
6,16,0.2,0.0001,4,2,12.445473670959473,5.245956897735596,-7.199516773223877,0.28154200315475464,4.662766456604004,0.06038089314038
3,8,0.2,0.001,8,1,9.456149101257324,5.2508649826049805,-4.205284118652344,1.5743833780288696,4.9130449295043945,0.32044961945578754
12,8,0.1,0.0001,16,1,11.682463645935059,5.254278182983398,-6.42818546295166,0.47549939155578613,0.32116708159446716,1.4805358917704774
12,32,0.4,0.0001,16,2,12.018170356750488,5.254373550415039,-6.763796806335449,0.07215473055839539,0.32116708159446716,0.2246641536242624
3,16,0.3,0.0005,4,2,12.24800968170166,5.257328510284424,-6.990681171417236,1.2988337278366089,4.9130449295043945,0.26436430899231145
12,64,0.3,0.005,4,1,2.4226503372192383,5.262328147888184,2.8396778106689453,1.228445053100586,0.32116708159446716,3.824940734902978
3,32,0.2,0.0005,8,1,8.595039367675781,5.263554096221924,-3.3314852714538574,3.1173691749572754,4.9130449295043945,0.6345085826991901
6,64,0.0,0.001,4,1,3.4100728034973145,5.268573760986328,1.8585009574890137,6.918507099151611,4.662766456604004,1.483777316222377
9,32,0.2,0.0005,8,2,11.778656959533691,5.2795329093933105,-6.499124050140381,0.424778014421463,1.7517644166946411,0.24248581051952503
3,8,0.1,0.005,8,2,11.080850601196289,5.287708282470703,-5.793142318725586,1.3191179037094116,4.9130449295043945,0.26849294533980134
6,8,0.4,0.005,8,1,5.538961410522461,5.291214466094971,-0.24774694442749023,1.3622281551361084,4.662766456604004,0.29215020049025775
6,8,0.0,0.005,16,1,3.8188064098358154,5.293241024017334,1.4744346141815186,2.69787859916687,4.662766456604004,0.5786004133545635
3,32,0.1,0.001,8,2,13.522621154785156,5.293639183044434,-8.228981971740723,0.6355348825454712,4.9130449295043945,0.12935661929914022
3,64,0.3,0.0005,8,2,12.37084674835205,5.298421382904053,-7.072425365447998,1.4069538116455078,4.9130449295043945,0.28637104521399825
6,16,0.1,0.005,16,1,3.8489112854003906,5.307244777679443,1.4583334922790527,1.6601282358169556,4.662766456604004,0.35603932799715293
3,64,0.2,0.005,16,2,9.67508602142334,5.319640636444092,-4.355445384979248,1.1139637231826782,4.9130449295043945,0.22673591208030125
3,64,0.1,0.0005,16,1,9.241679191589355,5.321720123291016,-3.91995906829834,1.8510160446166992,4.9130449295043945,0.3767553668196194
6,64,0.2,0.0005,4,2,12.559685707092285,5.330787181854248,-7.228898525238037,0.7463438510894775,4.662766456604004,0.16006460071196796
3,64,0.3,0.0005,4,2,10.776473999023438,5.331921100616455,-5.444552898406982,0.9822946786880493,4.9130449295043945,0.19993602598442728
12,16,0.3,0.005,16,1,4.013685703277588,5.3379130363464355,1.3242273330688477,0.26222488284111023,0.32116708159446716,0.816474968540573
3,64,0.2,0.0005,16,2,12.739692687988281,5.345635890960693,-7.394056797027588,0.4810885488986969,4.9130449295043945,0.09792064917005082
3,16,0.1,0.001,4,2,13.330984115600586,5.347387313842773,-7.9835968017578125,0.8931046724319458,4.9130449295043945,0.18178231325925165
12,16,0.3,0.005,8,1,3.0319817066192627,5.353592395782471,2.321610689163208,0.9981817007064819,0.32116708159446716,3.1079825981881632
3,8,0.0,0.0001,4,2,10.257097244262695,5.357259750366211,-4.899837493896484,0.3861243426799774,4.9130449295043945,0.07859165715362751
3,8,0.0,0.0005,4,2,9.223652839660645,5.358265399932861,-3.865387439727783,2.220379114151001,4.9130449295043945,0.4519354384115072
6,32,0.4,0.001,4,2,7.859963417053223,5.360988140106201,-2.4989752769470215,0.7994076609611511,4.662766456604004,0.17144492832767297
3,8,0.4,0.0005,4,1,9.352206230163574,5.362851142883301,-3.9893550872802734,1.4829069375991821,4.9130449295043945,0.30183052646106595
3,32,0.1,0.0005,16,1,9.718683242797852,5.370131492614746,-4.3485517501831055,1.1624245643615723,4.9130449295043945,0.2365996202031135
12,8,0.0,0.005,4,1,2.656414747238159,5.372069358825684,2.7156546115875244,0.8349729180335999,0.32116708159446716,2.5998085292187807
3,8,0.0,0.0005,4,1,9.171414375305176,5.375434398651123,-3.7959799766540527,1.6068384647369385,4.9130449295043945,0.32705552010879513
12,64,0.3,0.005,4,2,3.7956933975219727,5.375844478607178,1.580151081085205,1.3185975551605225,0.32116708159446716,4.105643544208232
6,64,0.4,0.005,16,1,3.6841886043548584,5.382953643798828,1.6987650394439697,2.0809366703033447,4.662766456604004,0.44628799011712394
6,32,0.1,0.001,16,2,12.698917388916016,5.38348388671875,-7.315433502197266,0.5249613523483276,4.662766456604004,0.11258581300052257
6,8,0.0,0.005,4,2,2.3174357414245605,5.384643077850342,3.0672073364257812,2.1742758750915527,4.662766456604004,0.4663059785059718
3,64,0.0,0.0001,4,2,9.744565963745117,5.385408401489258,-4.359157562255859,1.5259513854980469,4.9130449295043945,0.3105917831799633
6,16,0.0,0.001,8,2,4.645053386688232,5.3907270431518555,0.745673656463623,1.4552667140960693,4.662766456604004,0.3121037108849694
12,8,0.3,0.005,4,1,3.011000871658325,5.394048690795898,2.3830478191375732,1.7043430805206299,0.32116708159446716,5.30671783689425
6,8,0.4,0.0001,8,1,12.49545955657959,5.406038284301758,-7.089421272277832,0.5403695702552795,4.662766456604004,0.11589033576621435
12,16,0.1,0.001,8,1,5.071149826049805,5.407482624053955,0.3363327980041504,0.49490517377853394,0.32116708159446716,1.540958591775739
3,8,0.3,0.005,16,1,8.200496673583984,5.416423797607422,-2.7840728759765625,2.753021717071533,4.9130449295043945,0.5603493875129787
6,32,0.0,0.0005,4,1,4.838029861450195,5.417113304138184,0.5790834426879883,2.5259361267089844,4.662766456604004,0.5417247786732771
6,16,0.4,0.005,4,2,5.822010517120361,5.42572021484375,-0.39629030227661133,1.115932583808899,4.662766456604004,0.23932843177860066
3,8,0.0,0.0005,16,1,10.306426048278809,5.425873279571533,-4.880552768707275,0.44706442952156067,4.9130449295043945,0.09099538797962071
12,8,0.4,0.001,16,1,9.217720031738281,5.428260326385498,-3.789459705352783,0.5330213904380798,0.32116708159446716,1.6596389262306712
3,8,0.0,0.0005,8,1,10.288657188415527,5.431254863739014,-4.857402324676514,2.170694589614868,4.9130449295043945,0.4418226620683149
12,8,0.1,0.0001,4,2,11.410859107971191,5.431399345397949,-5.979459762573242,0.0009494841797277331,0.32116708159446716,0.002956355847597832
6,32,0.1,0.001,16,1,6.6786723136901855,5.433524131774902,-1.2451481819152832,4.771886348724365,4.662766456604004,1.0234023927931908
6,8,0.3,0.001,8,2,12.116985321044922,5.434422969818115,-6.682562351226807,0.19199462234973907,4.662766456604004,0.04117611811284518
12,16,0.4,0.005,16,2,3.4692676067352295,5.438881874084473,1.9696142673492432,1.3668782711029053,0.32116708159446716,4.255972512241594
9,8,0.0,0.001,4,1,4.968296527862549,5.443941593170166,0.4756450653076172,1.723917007446289,1.7517644166946411,0.9841032224521967
6,32,0.1,0.005,8,1,2.161041021347046,5.445058345794678,3.284017324447632,1.685162901878357,4.662766456604004,0.36140838653662666
6,32,0.3,0.0005,4,2,13.084786415100098,5.449463367462158,-7.6353230476379395,1.2484583854675293,4.662766456604004,0.2677505719162287
9,64,0.4,0.0001,4,1,5.349475860595703,5.451408863067627,0.10193300247192383,2.179407835006714,1.7517644166946411,1.24412153497157
12,32,0.4,0.0005,8,2,7.885527610778809,5.462372303009033,-2.4231553077697754,0.1922813355922699,0.32116708159446716,0.5986956528597804
3,16,0.3,0.0005,16,2,12.826961517333984,5.462527751922607,-7.364433765411377,0.4083497226238251,4.9130449295043945,0.08311540571745138
3,16,0.4,0.001,8,2,8.935206413269043,5.491576671600342,-3.443629741668701,1.9291226863861084,4.9130449295043945,0.3926531741651932
12,32,0.0,0.005,8,1,1.7356809377670288,5.499547481536865,3.7638665437698364,0.6153022050857544,0.32116708159446716,1.9158321021912428
6,16,0.4,0.001,16,2,9.285043716430664,5.509631156921387,-3.7754125595092773,3.2511990070343018,4.662766456604004,0.6972682499312269
9,32,0.4,0.0005,8,2,7.478002071380615,5.5119404792785645,-1.9660615921020508,2.9701836109161377,1.7517644166946411,1.6955382713621392
6,64,0.3,0.0005,16,1,6.559296131134033,5.527540683746338,-1.0317554473876953,4.123824119567871,4.662766456604004,0.8844157557424276
9,8,0.4,0.005,8,1,3.1615490913391113,5.527963161468506,2.3664140701293945,3.38151478767395,1.7517644166946411,1.9303479140502482
12,8,0.1,0.0001,8,1,12.37308120727539,5.528413772583008,-6.844667434692383,0.14767244458198547,0.32116708159446716,0.4597994409914315
6,32,0.4,0.0001,16,2,12.675946235656738,5.530918121337891,-7.145028114318848,0.4773291349411011,4.662766456604004,0.10237037162027421
6,8,0.1,0.0001,16,1,11.813909530639648,5.531840801239014,-6.282068729400635,0.8774098753929138,4.662766456604004,0.18817366976426927
6,64,0.4,0.005,8,1,2.7216994762420654,5.532145023345947,2.810445547103882,2.4892160892486572,4.662766456604004,0.5338496174782917
12,16,0.2,0.0005,16,2,12.578535079956055,5.533746719360352,-7.044788360595703,0.07558851689100266,0.32116708159446716,0.2353557423000379
6,64,0.4,0.0005,4,2,7.816042423248291,5.549145698547363,-2.2668967247009277,3.4772448539733887,4.662766456604004,0.7457471624058013
3,64,0.3,0.001,16,2,11.34714126586914,5.551410675048828,-5.7957305908203125,1.699358582496643,4.9130449295043945,0.34588704293979794
3,8,0.1,0.001,8,1,9.248787879943848,5.553940296173096,-3.694847583770752,2.1788792610168457,4.9130449295043945,0.44348856814477394
3,16,0.2,0.001,4,2,10.305293083190918,5.564674377441406,-4.740618705749512,1.1267896890640259,4.9130449295043945,0.22934650613457574
12,64,0.2,0.0005,8,2,12.465692520141602,5.565402030944824,-6.900290489196777,0.06556566059589386,0.32116708159446716,0.20414813457962866
3,8,0.1,0.001,4,1,7.414984703063965,5.571233749389648,-1.8437509536743164,4.048233985900879,4.9130449295043945,0.8239765855976502
3,8,0.3,0.001,16,2,12.998390197753906,5.5731425285339355,-7.425247669219971,0.3589634895324707,4.9130449295043945,0.07306334354420026
9,32,0.0,0.0005,8,2,4.892427444458008,5.574965000152588,0.6825375556945801,2.6067657470703125,1.7517644166946411,1.488080087840208
6,8,0.1,0.001,4,2,11.150650024414062,5.585841178894043,-5.5648088455200195,0.4303434193134308,4.662766456604004,0.09229358221532276
3,16,0.1,0.0001,16,2,12.960923194885254,5.585920810699463,-7.375002384185791,0.061313748359680176,4.9130449295043945,0.012479785802786303
6,32,0.4,0.005,8,1,5.804784297943115,5.586686611175537,-0.21809768676757812,3.614187240600586,4.662766456604004,0.7751165052415854
3,64,0.3,0.0001,16,2,13.076041221618652,5.587824821472168,-7.488216400146484,0.34228062629699707,4.9130449295043945,0.069667717516991
12,16,0.3,0.005,16,2,5.44807767868042,5.589218616485596,0.14114093780517578,0.4431043267250061,0.32116708159446716,1.3796691881533092
6,16,0.4,0.0001,16,2,13.047194480895996,5.591163158416748,-7.456031322479248,0.7075937986373901,4.662766456604004,0.15175407244238143
12,16,0.3,0.005,4,1,2.3465373516082764,5.591752052307129,3.2452147006988525,1.0262386798858643,0.32116708159446716,3.195342046859212
12,8,0.4,0.0005,4,1,9.08778190612793,5.59852409362793,-3.4892578125,0.4568563401699066,0.32116708159446716,1.4224880641621056
3,16,0.1,0.001,8,2,13.23006820678711,5.60156774520874,-7.628500461578369,0.1699526309967041,4.9130449295043945,0.03459211821493522
3,32,0.3,0.001,4,2,10.1865816116333,5.610658645629883,-4.575922966003418,1.22563636302948,4.9130449295043945,0.24946573471558228
6,16,0.3,0.0005,16,2,12.336404800415039,5.612843036651611,-6.723561763763428,0.25749364495277405,4.662766456604004,0.05522336307195458
12,8,0.4,0.0001,8,2,11.731700897216797,5.6146721839904785,-6.117028713226318,0.05804126709699631,0.32116708159446716,0.18071985089145637
9,32,0.4,0.0001,16,2,11.563132286071777,5.618128299713135,-5.945003986358643,0.1981675773859024,1.7517644166946411,0.11312455915722941
12,64,0.4,0.005,4,1,2.571256399154663,5.634336471557617,3.063080072402954,1.835107445716858,0.32116708159446716,5.713871535670086
6,16,0.0,0.005,4,2,2.513186454772949,5.644765853881836,3.1315793991088867,1.3469828367233276,4.662766456604004,0.2888806139573126
9,64,0.1,0.005,4,1,3.1393415927886963,5.647765159606934,2.5084235668182373,4.552000522613525,1.7517644166946411,2.598523225630178
6,8,0.3,0.005,4,2,6.713850975036621,5.654824256896973,-1.0590267181396484,0.7843633890151978,4.662766456604004,0.16821845921626258
9,8,0.0,0.0001,16,2,12.512340545654297,5.657715320587158,-6.854625225067139,0.034747641533613205,1.7517644166946411,0.019835795956614777
12,16,0.4,0.0001,8,2,11.755398750305176,5.661773681640625,-6.093625068664551,0.08223423361778259,0.32116708159446716,0.2560481392100406
6,8,0.1,0.005,8,1,4.135437965393066,5.66879940032959,1.5333614349365234,1.7960617542266846,4.662766456604004,0.385192303955707
9,64,0.1,0.005,16,2,12.165301322937012,5.673410415649414,-6.491890907287598,0.35092973709106445,1.7517644166946411,0.20032929870400307
9,8,0.3,0.001,16,2,11.765759468078613,5.686561584472656,-6.079197883605957,0.21406234800815582,1.7517644166946411,0.1221981369002029
6,64,0.4,0.001,16,2,10.233325004577637,5.695187568664551,-4.538137435913086,3.7213103771209717,4.662766456604004,0.7980906639341496
3,64,0.2,0.001,16,2,13.325791358947754,5.709856986999512,-7.615934371948242,0.5383322834968567,4.9130449295043945,0.10957202533687417
3,16,0.0,0.0001,4,1,10.460193634033203,5.711319446563721,-4.748874187469482,3.6075854301452637,4.9130449295043945,0.734287083043057
6,8,0.1,0.005,16,2,13.274781227111816,5.716437816619873,-7.558343410491943,0.2949570417404175,4.662766456604004,0.06325794879189407
6,16,0.2,0.0001,8,2,12.23551082611084,5.718108177185059,-6.517402648925781,0.14961431920528412,4.662766456604004,0.03208702829055083
12,64,0.4,0.0005,8,2,8.120863914489746,5.71975564956665,-2.4011082649230957,0.35808098316192627,0.32116708159446716,1.1149367531198908
3,16,0.0,0.001,16,1,9.095067977905273,5.723344326019287,-3.3717236518859863,1.6250567436218262,4.9130449295043945,0.33076366427321774
12,32,0.2,0.0005,16,1,6.265666484832764,5.733222007751465,-0.5324444770812988,0.8261038661003113,0.32116708159446716,2.572193457682628
6,16,0.3,0.0001,8,2,12.896733283996582,5.753066062927246,-7.143667221069336,0.3681560158729553,4.662766456604004,0.07895656351210253
3,8,0.1,0.0005,4,2,13.48049545288086,5.759270191192627,-7.721225261688232,0.3250676393508911,4.9130449295043945,0.06616419023541933
12,32,0.1,0.005,4,1,2.4412527084350586,5.762801170349121,3.3215484619140625,0.47488102316856384,0.32116708159446716,1.4786105126682596
3,8,0.0,0.001,4,1,8.287107467651367,5.7664265632629395,-2.5206809043884277,4.917115688323975,4.9130449295043945,1.0008285612849037
9,16,0.0,0.005,16,2,3.6699626445770264,5.767433166503906,2.09747052192688,1.7862744331359863,1.7517644166946411,1.0197001469560967
3,32,0.0,0.0005,8,1,8.56038761138916,5.769463539123535,-2.790924072265625,3.204024314880371,4.9130449295043945,0.6521463493319973
6,16,0.4,0.0001,8,2,12.60572338104248,5.778463363647461,-6.8272600173950195,1.277626633644104,4.662766456604004,0.27400613895953685
9,32,0.3,0.0001,16,2,11.992274284362793,5.790318012237549,-6.201956272125244,0.08062271773815155,1.7517644166946411,0.04602372155171211
3,16,0.2,0.001,8,1,8.065089225769043,5.796208381652832,-2.268880844116211,3.694581985473633,4.9130449295043945,0.7519943412864993
3,16,0.3,0.001,8,2,10.166358947753906,5.796902656555176,-4.3694562911987305,1.8024160861968994,4.9130449295043945,0.3668633428065798
3,64,0.1,0.001,16,2,13.390707969665527,5.806173801422119,-7.584534168243408,0.18000423908233643,4.9130449295043945,0.036638020141308666
12,16,0.1,0.0005,8,1,5.915482521057129,5.810105323791504,-0.105377197265625,0.7880260348320007,0.32116708159446716,2.45363264167599
3,64,0.0,0.0005,16,2,8.988576889038086,5.810698986053467,-3.177877902984619,2.5762412548065186,4.9130449295043945,0.5243675341406654
6,8,0.2,0.001,16,2,12.567402839660645,5.817850112915039,-6.7495527267456055,0.2659543454647064,4.662766456604004,0.0570378868296155
6,8,0.3,0.0005,4,1,8.32292366027832,5.829068660736084,-2.4938549995422363,1.9390089511871338,4.662766456604004,0.41584946817159635
9,32,0.1,0.001,8,1,3.55998158454895,5.832247257232666,2.272265672683716,1.7169426679611206,1.7517644166946411,0.9801218997248359
3,64,0.2,0.001,8,2,13.529584884643555,5.843677997589111,-7.685906887054443,0.42926153540611267,4.9130449295043945,0.08737179113267637
6,16,0.3,0.005,8,2,7.5386643409729,5.852640628814697,-1.6860237121582031,1.6068042516708374,4.662766456604004,0.3446032021172917
12,16,0.0,0.005,8,1,2.768545627593994,5.856661796569824,3.08811616897583,1.3302596807479858,0.32116708159446716,4.141955253146662
12,32,0.4,0.005,8,1,2.7359516620635986,5.863979816436768,3.128028154373169,0.26649487018585205,0.32116708159446716,0.8297701895935621
9,32,0.0,0.001,8,1,4.348781108856201,5.878540515899658,1.529759407043457,1.7439751625061035,1.7517644166946411,0.9955534807567133
9,8,0.1,0.0005,4,2,12.314248085021973,5.879022598266602,-6.435225486755371,0.06524091958999634,1.7517644166946411,0.03724297569252933
12,8,0.1,0.0005,8,1,7.597316741943359,5.883792400360107,-1.713524341583252,0.4886404275894165,0.32116708159446716,1.5214524015459823
12,64,0.2,0.005,4,1,1.4654886722564697,5.901783466339111,4.436294794082642,1.0724748373031616,0.32116708159446716,3.3393049872320333
12,8,0.4,0.0001,8,1,13.317242622375488,5.9095587730407715,-7.407683849334717,0.09245265275239944,0.32116708159446716,0.28786466001873134
12,16,0.4,0.005,16,1,4.446336269378662,5.917927265167236,1.4715909957885742,0.4803149402141571,0.32116708159446716,1.495529796607996
12,16,0.4,0.001,16,2,8.498866081237793,5.9273457527160645,-2.5715203285217285,0.417035311460495,0.32116708159446716,1.2984995516666282
9,8,0.4,0.0005,16,2,11.850093841552734,5.933177947998047,-5.9169158935546875,0.15924102067947388,1.7517644166946411,0.09090321687201618
3,16,0.2,0.0005,4,1,8.785052299499512,5.933804512023926,-2.851247787475586,2.595214366912842,4.9130449295043945,0.5282293168799975
6,32,0.4,0.005,16,2,6.423067569732666,5.952131748199463,-0.4709358215332031,3.821784257888794,4.662766456604004,0.8196387902885198
9,32,0.3,0.0005,8,2,12.758453369140625,5.970346450805664,-6.788106918334961,0.5721933841705322,1.7517644166946411,0.32663831889575035
6,64,0.0,0.0001,4,2,7.808463096618652,5.971407890319824,-1.8370552062988281,5.171384334564209,4.662766456604004,1.1090807104953404
9,32,0.4,0.005,16,2,4.239391803741455,5.986821174621582,1.747429370880127,1.9277184009552002,1.7517644166946411,1.1004438625329325
9,64,0.4,0.005,8,2,5.101822376251221,5.987222194671631,0.8853998184204102,1.899709939956665,1.7517644166946411,1.0844551481078595
6,8,0.4,0.0001,16,1,12.348302841186523,5.987788200378418,-6.3605146408081055,0.6646920442581177,4.662766456604004,0.1425531496042861
3,8,0.2,0.0001,16,2,13.261591911315918,5.9916157722473145,-7.2699761390686035,0.1778744012117386,4.9130449295043945,0.03620451344614138
3,8,0.4,0.0001,8,2,13.861834526062012,5.992644786834717,-7.869189739227295,0.9040612578392029,4.9130449295043945,0.1840124140550859
12,8,0.4,0.005,16,2,5.6366119384765625,6.018589019775391,0.3819770812988281,1.0655181407928467,0.32116708159446716,3.3176443099428865
12,32,0.4,0.005,4,1,1.9451706409454346,6.020305156707764,4.075134515762329,0.5947156548500061,0.32116708159446716,1.851732910787366
12,16,0.3,0.0005,8,1,9.279712677001953,6.022702693939209,-3.257009983062744,0.3823312819004059,0.32116708159446716,1.1904435535618492
3,8,0.3,0.005,4,2,5.754388332366943,6.0258002281188965,0.2714118957519531,0.7453888654708862,4.9130449295043945,0.1517162729358711
6,8,0.2,0.0005,16,2,12.71545124053955,6.031707763671875,-6.683743476867676,0.06413161754608154,4.662766456604004,0.01375398449460195
6,8,0.2,0.0001,16,1,12.432741165161133,6.0339765548706055,-6.398764610290527,0.3881417214870453,4.662766456604004,0.08324279697459638
3,16,0.1,0.001,16,2,13.397476196289062,6.044807434082031,-7.352668762207031,0.1981017142534256,4.9130449295043945,0.04032157594646894
3,16,0.4,0.0005,4,1,8.226677894592285,6.0453619956970215,-2.1813158988952637,2.9008407592773438,4.9130449295043945,0.5904364403135974
9,8,0.4,0.005,16,1,4.537712574005127,6.047173976898193,1.5094614028930664,2.3107173442840576,1.7517644166946411,1.319079964327675
3,8,0.1,0.0001,8,2,13.47365951538086,6.054011821746826,-7.419647693634033,0.16439692676067352,4.9130449295043945,0.033461311492068345
3,16,0.2,0.0005,16,2,13.47676944732666,6.059665203094482,-7.417104244232178,0.3937242329120636,4.9130449295043945,0.0801385370094266
12,64,0.4,0.0005,4,1,5.488368034362793,6.065004348754883,0.5766363143920898,0.40935850143432617,0.32116708159446716,1.2745966971522225
3,64,0.3,0.005,4,2,6.648310661315918,6.077857494354248,-0.5704531669616699,2.0401651859283447,4.9130449295043945,0.415254738192298
3,8,0.2,0.0001,4,2,13.492459297180176,6.083236217498779,-7.4092230796813965,0.39462536573410034,4.9130449295043945,0.08032195337035282
12,32,0.0,0.0001,4,2,5.753915309906006,6.093947410583496,0.34003210067749023,1.1257847547531128,0.32116708159446716,3.5052930990437687
9,64,0.0,0.005,4,1,2.9071085453033447,6.096004962921143,3.188896417617798,3.39216685295105,1.7517644166946411,1.936428677636712
12,64,0.3,0.0001,4,1,6.083888530731201,6.097491264343262,0.013602733612060547,0.771395206451416,0.32116708159446716,2.4018501604266067
6,16,0.1,0.001,8,1,5.481433868408203,6.1017608642578125,0.6203269958496094,2.6912097930908203,4.662766456604004,0.5771701881571156
3,64,0.1,0.0005,16,2,13.515117645263672,6.113266468048096,-7.401851177215576,0.15316440165042877,4.9130449295043945,0.03117504599451715
9,32,0.4,0.0005,16,2,8.206659317016602,6.115574836730957,-2.0910844802856445,0.8279271125793457,1.7517644166946411,0.4726246889644784
6,16,0.3,0.005,8,1,3.8071236610412598,6.116576671600342,2.309453010559082,2.5865654945373535,4.662766456604004,0.5547276533384875
3,64,0.3,0.0001,8,2,13.744888305664062,6.131086826324463,-7.6138014793396,0.4742823541164398,4.9130449295043945,0.09653531789791372
12,16,0.3,0.0001,16,2,12.543301582336426,6.147158145904541,-6.396143436431885,8.969102782430127e-05,0.32116708159446716,0.00027926594275795916
3,32,0.3,0.005,8,2,7.783703804016113,6.155745983123779,-1.627957820892334,1.7628079652786255,4.9130449295043945,0.358801515266511
12,64,0.2,0.001,16,2,12.70186710357666,6.160008430480957,-6.541858673095703,0.07429376989603043,0.32116708159446716,0.23132436091267924
9,32,0.4,0.005,4,1,4.571418762207031,6.172108173370361,1.60068941116333,2.9671945571899414,1.7517644166946411,1.6938319610285635
12,16,0.0,0.0001,4,1,9.690732955932617,6.179917335510254,-3.5108156204223633,0.3719867169857025,0.32116708159446716,1.158234259684822
3,8,0.4,0.001,16,2,9.808137893676758,6.190033435821533,-3.6181044578552246,1.6651779413223267,4.9130449295043945,0.33892992333988325
6,64,0.3,0.005,8,1,2.9062576293945312,6.198411464691162,3.292153835296631,3.1454639434814453,4.662766456604004,0.6745917842456893
12,32,0.2,0.005,4,1,2.4832303524017334,6.2175726890563965,3.734342336654663,2.127696990966797,0.32116708159446716,6.624891257234786
6,64,0.4,0.005,4,2,4.28946590423584,6.2266950607299805,1.9372291564941406,1.91808021068573,4.662766456604004,0.41136098677408567
3,64,0.3,0.001,8,2,9.542290687561035,6.229466915130615,-3.31282377243042,1.0455999374389648,4.9130449295043945,0.2128211633400308
9,16,0.2,0.0001,16,1,11.438811302185059,6.233459949493408,-5.20535135269165,0.5794270634651184,1.7517644166946411,0.33076768653539856
6,32,0.4,0.001,16,1,6.7560014724731445,6.241621971130371,-0.5143795013427734,6.191006183624268,4.662766456604004,1.327753864844716
9,32,0.0,0.0005,4,2,3.787931442260742,6.24217414855957,2.454242706298828,4.221453666687012,1.7517644166946411,2.409829556106844
6,64,0.3,0.005,4,2,4.219293594360352,6.251705169677734,2.032411575317383,1.5633436441421509,4.662766456604004,0.33528242486345083
3,32,0.1,0.001,16,2,13.820812225341797,6.251733303070068,-7.5690789222717285,0.21431168913841248,4.9130449295043945,0.04362095039094854
6,32,0.3,0.005,8,2,6.028227806091309,6.2602338790893555,0.23200607299804688,3.929718255996704,4.662766456604004,0.8427868503752609
6,8,0.2,0.005,4,2,7.159367084503174,6.282266139984131,-0.877100944519043,0.4461457133293152,4.662766456604004,0.09568262049612775
6,8,0.4,0.001,4,2,6.795892238616943,6.2878642082214355,-0.5080280303955078,2.439438819885254,4.662766456604004,0.5231741376260031
3,8,0.2,0.0001,8,1,13.840426445007324,6.288487911224365,-7.551938533782959,0.9215373396873474,4.9130449295043945,0.18756949161063502
6,32,0.3,0.005,4,2,5.287014484405518,6.28990364074707,1.0028891563415527,1.8861074447631836,4.662766456604004,0.40450394895756314
3,32,0.2,0.005,16,2,9.165061950683594,6.300907135009766,-2.864154815673828,1.5878262519836426,4.9130449295043945,0.3231857788330495
9,64,0.4,0.005,8,1,2.8310940265655518,6.303523540496826,3.4724295139312744,3.479315996170044,1.7517644166946411,1.986178028855658
3,32,0.2,0.0005,16,2,13.680872917175293,6.311159610748291,-7.369713306427002,0.3087927997112274,4.9130449295043945,0.06285161323415314
12,8,0.3,0.001,8,2,6.420551300048828,6.322650909423828,-0.097900390625,0.6306490302085876,0.32116708159446716,1.9636166542276543
12,8,0.2,0.005,4,1,2.369081974029541,6.327175617218018,3.9580936431884766,2.775653839111328,0.32116708159446716,8.642398297270404
3,32,0.3,0.0005,4,2,9.859613418579102,6.32718563079834,-3.5324277877807617,1.960082769393921,4.9130449295043945,0.39895478211953683
6,32,0.1,0.005,16,1,2.6744234561920166,6.332112789154053,3.657689332962036,4.628143310546875,4.662766456604004,0.99257454852621
3,32,0.2,0.0001,4,2,13.803786277770996,6.333287715911865,-7.470498561859131,0.2560058534145355,4.9130449295043945,0.05210737070144405
6,64,0.1,0.0005,16,1,6.4085001945495605,6.333984851837158,-0.07451534271240234,4.902340412139893,4.662766456604004,1.0513802176809808
12,32,0.4,0.005,16,1,5.0318756103515625,6.337071895599365,1.3051962852478027,1.3580361604690552,0.32116708159446716,4.22844132632443
3,64,0.2,0.0001,8,2,13.769850730895996,6.341745853424072,-7.428104877471924,0.2687738239765167,4.9130449295043945,0.0547061604021662
9,8,0.1,0.005,8,2,13.113426208496094,6.345309257507324,-6.7681169509887695,0.14537346363067627,1.7517644166946411,0.08298688011084145
12,8,0.1,0.005,8,1,2.382506847381592,6.3453874588012695,3.9628806114196777,0.9738673567771912,0.32116708159446716,3.0322763838134534
6,32,0.3,0.001,16,1,6.9009599685668945,6.363617420196533,-0.5373425483703613,4.289638042449951,4.662766456604004,0.9199770313124774
9,8,0.4,0.0001,8,1,12.876501083374023,6.376978397369385,-6.499522686004639,0.17782710492610931,1.7517644166946411,0.1015131391135611
3,32,0.4,0.005,4,2,13.288284301757812,6.379498481750488,-6.908785820007324,2.3314359188079834,4.9130449295043945,0.4745399140982755
6,32,0.0,0.0005,4,2,4.860917568206787,6.392609596252441,1.5316920280456543,3.4260876178741455,4.662766456604004,0.7347757280491035
9,32,0.0,0.005,8,1,2.0779640674591064,6.399659633636475,4.321695566177368,2.81370210647583,1.7517644166946411,1.60621033265702
9,8,0.1,0.0001,16,1,12.587545394897461,6.431147575378418,-6.156397819519043,0.826848030090332,1.7517644166946411,0.4720086914714766
3,64,0.1,0.0005,4,2,14.418455123901367,6.437302589416504,-7.981152534484863,0.2647552490234375,4.9130449295043945,0.0538882206090765
3,64,0.3,0.001,4,2,8.16783332824707,6.442518711090088,-1.7253146171569824,1.7436758279800415,4.9130449295043945,0.35490736457725325
3,32,0.1,0.0005,8,2,14.206907272338867,6.445937633514404,-7.760969638824463,0.23377323150634766,4.9130449295043945,0.04758214810991554
9,16,0.2,0.005,4,2,5.978725910186768,6.4509100914001465,0.4721841812133789,1.1094567775726318,1.7517644166946411,0.6333367472242855
6,32,0.2,0.001,8,2,14.208893775939941,6.452314853668213,-7.7565789222717285,0.9077375531196594,4.662766456604004,0.19467789381430542
9,32,0.0,0.0005,8,1,5.273707389831543,6.453914642333984,1.1802072525024414,2.5585665702819824,1.7517644166946411,1.460565442418151
6,16,0.3,0.001,8,1,5.78388786315918,6.457646369934082,0.6737585067749023,6.0077595710754395,4.662766456604004,1.288453888263369
12,16,0.2,0.0001,4,2,12.338521957397461,6.461109161376953,-5.877412796020508,0.004381923470646143,0.32116708159446716,0.013643750314919049
6,16,0.0,0.005,4,1,2.492830514907837,6.474791526794434,3.9819610118865967,1.5827611684799194,4.662766456604004,0.33944680335387833
6,64,0.3,0.0001,16,2,13.062384605407715,6.475661754608154,-6.5867228507995605,0.3322584629058838,4.662766456604004,0.0712577964172529
6,32,0.0,0.005,16,2,2.181894302368164,6.479143142700195,4.297248840332031,2.5862088203430176,4.662766456604004,0.5546511592233189
6,32,0.2,0.0001,8,2,13.15532398223877,6.48007345199585,-6.67525053024292,0.2864148020744324,4.662766456604004,0.06142593774319862
12,8,0.2,0.0001,16,1,11.699295043945312,6.480156898498535,-5.219138145446777,0.24973727762699127,0.32116708159446716,0.7775930098039461
12,16,0.2,0.001,8,2,12.550005912780762,6.483360767364502,-6.06664514541626,0.02097024954855442,0.32116708159446716,0.06529389451884499
6,64,0.2,0.0005,16,2,13.843856811523438,6.496486663818359,-7.347370147705078,0.7296267151832581,4.662766456604004,0.15647936090598485
3,8,0.1,0.0005,8,2,14.067837715148926,6.509622573852539,-7.558215141296387,0.2629174292087555,4.9130449295043945,0.053514151199768774
12,64,0.3,0.0001,4,2,13.679154396057129,6.515473365783691,-7.1636810302734375,0.1818053275346756,0.32116708159446716,0.5660770918117892
9,8,0.3,0.0001,16,2,12.294915199279785,6.517515659332275,-5.77739953994751,0.11747729033231735,1.7517644166946411,0.06706226545803586
3,8,0.0,0.0001,16,1,13.868999481201172,6.518104076385498,-7.350895404815674,0.7719873785972595,4.9130449295043945,0.15713012799073547
6,32,0.3,0.0001,16,2,13.354829788208008,6.5192389488220215,-6.835590839385986,0.28549259901046753,4.662766456604004,0.061228157504246546
3,32,0.1,0.0001,8,2,14.026525497436523,6.522021770477295,-7.5045037269592285,0.16786998510360718,4.9130449295043945,0.034168216963678597
9,8,0.2,0.001,8,1,5.984328269958496,6.528875827789307,0.5445475578308105,2.576948881149292,1.7517644166946411,1.471059040011596
6,16,0.1,0.005,8,1,4.553532600402832,6.529088497161865,1.9755558967590332,2.4418861865997314,4.662766456604004,0.523699012019189
6,16,0.0,0.0005,4,1,6.0447797775268555,6.537574768066406,0.4927949905395508,6.371595859527588,4.662766456604004,1.3664840216269725
6,32,0.1,0.005,4,1,2.6407363414764404,6.546649932861328,3.9059135913848877,1.8613964319229126,4.662766456604004,0.39920430269171336
12,16,0.3,0.0001,4,2,12.251046180725098,6.550001621246338,-5.70104455947876,0.051398925483226776,0.32116708159446716,0.1600379628822839
3,16,0.3,0.0001,4,2,14.074292182922363,6.554924488067627,-7.519367694854736,0.4773275852203369,4.9130449295043945,0.09715514351473425
3,8,0.2,0.001,8,2,13.87547492980957,6.561761379241943,-7.313713550567627,0.8937182426452637,4.9130449295043945,0.18190719919498433
3,32,0.0,0.0005,8,2,8.919215202331543,6.561914920806885,-2.357300281524658,3.0074644088745117,4.9130449295043945,0.6121385926706538
6,16,0.2,0.0005,8,2,14.062050819396973,6.567821979522705,-7.494228839874268,0.7804286479949951,4.662766456604004,0.16737459515898606
6,64,0.4,0.005,4,1,3.226832151412964,6.575880527496338,3.349048376083374,3.0349273681640625,4.662766456604004,0.6508855625538807
12,32,0.1,0.0005,4,1,5.083029270172119,6.5885910987854,1.5055618286132812,1.0997670888900757,0.32116708159446716,3.4242833463198292
6,8,0.4,0.001,4,1,6.081512451171875,6.589608192443848,0.5080957412719727,4.373373508453369,4.662766456604004,0.9379353542914937
12,16,0.4,0.005,8,1,3.432438850402832,6.591780185699463,3.159341335296631,0.8234577178955078,0.32116708159446716,2.5639542938440854
9,8,0.2,0.001,4,1,4.876984596252441,6.598360538482666,1.7213759422302246,1.3469326496124268,1.7517644166946411,0.7689005649252307
12,16,0.0,0.0005,4,1,5.098747253417969,6.59874963760376,1.500002384185791,1.3261744976043701,0.32116708159446716,4.129235446610655
3,8,0.4,0.001,4,2,8.483973503112793,6.6040754318237305,-1.8798980712890625,0.8664494156837463,4.9130449295043945,0.17635690862105546
3,64,0.2,0.0005,16,1,8.996969223022461,6.604743957519531,-2.3922252655029297,2.8778791427612305,4.9130449295043945,0.5857628383324265
6,16,0.1,0.0005,8,2,13.782150268554688,6.6065354347229,-7.175614833831787,0.5772241950035095,4.662766456604004,0.12379436121789267
9,64,0.0,0.001,4,2,3.1132922172546387,6.612109661102295,3.4988174438476562,2.7865524291992188,1.7517644166946411,1.5907118575094088
9,64,0.0,0.001,8,2,3.690812587738037,6.612712860107422,2.9219002723693848,2.7558205127716064,1.7517644166946411,1.5731684503396255
9,64,0.2,0.001,16,2,12.932612419128418,6.616447925567627,-6.316164493560791,0.36813515424728394,1.7517644166946411,0.2101510629733584
6,16,0.3,0.0001,16,2,13.515958786010742,6.616829872131348,-6.8991289138793945,0.42019444704055786,4.662766456604004,0.0901169833298052
3,16,0.1,0.0005,4,2,14.048385620117188,6.6199259757995605,-7.428459644317627,0.2346758246421814,4.9130449295043945,0.04776586170276575
6,16,0.2,0.0005,4,1,5.837551116943359,6.620643615722656,0.7830924987792969,6.547226428985596,4.662766456604004,1.4041506238667776
12,32,0.2,0.001,8,2,13.354333877563477,6.620655059814453,-6.733678817749023,0.24771489202976227,0.32116708159446716,0.7712960207501842
3,16,0.2,0.001,16,2,14.241133689880371,6.639857769012451,-7.60127592086792,0.4709930717945099,4.9130449295043945,0.09586581815404271
9,64,0.2,0.005,4,1,2.564114809036255,6.648364067077637,4.084249258041382,4.378122806549072,1.7517644166946411,2.4992646070583158
9,8,0.2,0.001,16,2,12.495322227478027,6.656065940856934,-5.839256286621094,0.04599770903587341,1.7517644166946411,0.02625793091668416
6,64,0.2,0.001,4,1,3.0103037357330322,6.692495822906494,3.682192087173462,2.855069398880005,4.662766456604004,0.6123123311990657
9,32,0.3,0.005,4,2,5.085794925689697,6.698535919189453,1.6127409934997559,2.7657551765441895,1.7517644166946411,1.5788396831137952
3,32,0.1,0.0005,4,2,14.62081241607666,6.6995720863342285,-7.921240329742432,0.3597432076931,4.9130449295043945,0.07322204719373271
12,8,0.1,0.005,8,2,12.895122528076172,6.700976848602295,-6.194145679473877,0.11048408597707748,0.32116708159446716,0.34400812632654576
12,32,0.3,0.001,4,1,4.3046441078186035,6.7108073234558105,2.406163215637207,1.3590868711471558,0.32116708159446716,4.231712865465005
6,16,0.1,0.001,16,2,13.588996887207031,6.718433856964111,-6.87056303024292,0.26729920506477356,4.662766456604004,0.057326312083718106
6,16,0.2,0.005,8,2,7.236081600189209,6.72385311126709,-0.5122284889221191,1.1599868535995483,4.662766456604004,0.24877652878295614
12,64,0.2,0.0005,4,2,13.102909088134766,6.734058856964111,-6.368850231170654,0.023592794314026833,0.32116708159446716,0.07345956564694603
6,32,0.0,0.005,4,2,3.1341874599456787,6.734281539916992,3.6000940799713135,2.0320041179656982,4.662766456604004,0.4357936724640616
6,16,0.0,0.005,16,1,3.679551839828491,6.735599994659424,3.0560481548309326,5.284523010253906,4.662766456604004,1.1333449915273563
6,16,0.1,0.001,4,2,14.123265266418457,6.750384330749512,-7.372880935668945,0.4905794858932495,4.662766456604004,0.10521210754581721
3,8,0.1,0.005,16,2,10.164440155029297,6.751889705657959,-3.412550449371338,0.6871026158332825,4.9130449295043945,0.13985270350511414
9,16,0.2,0.005,4,1,2.569117307662964,6.754011154174805,4.184893846511841,4.0334062576293945,1.7517644166946411,2.3024821255588264
3,64,0.1,0.001,8,2,14.4906587600708,6.760251522064209,-7.730407238006592,0.17586049437522888,4.9130449295043945,0.035794603326163535
9,16,0.2,0.0005,4,2,13.44372272491455,6.776895046234131,-6.66682767868042,0.34244444966316223,1.7517644166946411,0.1954854467870239
12,32,0.1,0.005,16,2,13.608202934265137,6.786920070648193,-6.821282863616943,0.21873405575752258,0.32116708159446716,0.6810600098602719
12,32,0.4,0.0001,8,2,12.120635986328125,6.787901401519775,-5.33273458480835,0.16813558340072632,0.32116708159446716,0.5235143731605364
3,64,0.2,0.0001,4,2,14.378509521484375,6.794429779052734,-7.584079742431641,0.3766879141330719,4.9130449295043945,0.07667096872469889
3,8,0.1,0.001,8,2,14.497186660766602,6.7986555099487305,-7.698531150817871,0.36282235383987427,4.9130449295043945,0.07384877587033875
6,8,0.4,0.005,4,1,4.037539005279541,6.801896572113037,2.764357566833496,1.3435243368148804,4.662766456604004,0.2881388869288124
3,16,0.3,0.0001,16,2,14.412673950195312,6.807162761688232,-7.60551118850708,0.4594283998012543,4.9130449295043945,0.09351194755868013
9,16,0.3,0.0001,16,1,12.57659912109375,6.82303524017334,-5.75356388092041,0.2675473988056183,1.7517644166946411,0.15273023944078426
3,32,0.3,0.005,4,2,8.725517272949219,6.82344388961792,-1.9020733833312988,1.2912687063217163,4.9130449295043945,0.26282452630694214
3,64,0.2,0.0001,16,2,14.214255332946777,6.824316024780273,-7.389939308166504,0.2535751760005951,4.9130449295043945,0.05161263119695805
6,64,0.2,0.005,8,2,6.558056354522705,6.828922271728516,0.27086591720581055,1.2909239530563354,4.662766456604004,0.2768579479737752
9,32,0.0,0.005,4,2,2.2555270195007324,6.829099178314209,4.573572158813477,4.776516914367676,1.7517644166946411,2.7266890849286467
12,8,0.4,0.005,8,2,6.345189094543457,6.844533443450928,0.4993443489074707,0.9852948784828186,0.32116708159446716,3.0678576197511287
6,16,0.4,0.005,8,2,5.323866367340088,6.85227632522583,1.5284099578857422,2.7351462841033936,4.662766456604004,0.5865930257410878
9,64,0.3,0.0001,4,2,13.71863842010498,6.855472564697266,-6.863165855407715,0.49696335196495056,1.7517644166946411,0.28369302814282404
9,16,0.3,0.005,4,2,4.86472749710083,6.862381458282471,1.9976539611816406,0.8259231448173523,1.7517644166946411,0.4714807179242545
3,32,0.1,0.0001,16,2,14.275638580322266,6.86573600769043,-7.409902572631836,0.10327963531017303,4.9130449295043945,0.021021512481993812
6,64,0.2,0.005,4,1,2.4960076808929443,6.867267608642578,4.371259927749634,4.738669395446777,4.662766456604004,1.0162785203911018
3,16,0.0,0.001,8,1,8.305018424987793,6.8725199699401855,-1.4324984550476074,3.179856538772583,4.9130449295043945,0.6472272459135342
3,64,0.4,0.005,4,2,5.686731338500977,6.881495475769043,1.1947641372680664,3.0977895259857178,4.9130449295043945,0.6305233455901265
3,8,0.2,0.001,16,2,14.456005096435547,6.8965163230896,-7.559488773345947,0.42112693190574646,4.9130449295043945,0.08571607586503953
3,64,0.4,0.0005,8,2,9.88794994354248,6.900522708892822,-2.987427234649658,2.8177525997161865,4.9130449295043945,0.5735246960178784
3,64,0.1,0.0005,8,2,14.4312162399292,6.901493072509766,-7.529723167419434,0.08604360371828079,4.9130449295043945,0.017513294698683016
9,64,0.0,0.005,16,2,1.8423538208007812,6.902743816375732,5.060389995574951,5.847631454467773,1.7517644166946411,3.3381380502644973
12,8,0.0,0.0005,4,2,6.650023460388184,6.926753997802734,0.2767305374145508,0.022490905597805977,0.32116708159446716,0.07002867630813081
6,8,0.4,0.0001,16,2,13.404833793640137,6.926949501037598,-6.477884292602539,0.19538317620754242,4.662766456604004,0.041902844164715965
9,8,0.2,0.0005,16,2,12.847216606140137,6.933291912078857,-5.913924694061279,0.14392517507076263,1.7517644166946411,0.08216012021886557
12,64,0.1,0.005,16,2,12.856267929077148,6.9674458503723145,-5.888822078704834,0.0024627246893942356,0.32116708159446716,0.007668048285545905
3,8,0.0,0.0001,16,2,14.462495803833008,6.98844051361084,-7.474055290222168,0.10750434547662735,4.9130449295043945,0.02188140898753635
6,8,0.3,0.0001,8,2,13.530705451965332,6.989918231964111,-6.540787220001221,0.12990900874137878,4.662766456604004,0.027860929761426307
12,32,0.2,0.0005,8,2,12.907398223876953,6.993118762969971,-5.914279460906982,0.17734450101852417,0.32116708159446716,0.5521876654919896
12,8,0.1,0.0005,8,2,13.120186805725098,7.002973556518555,-6.117213249206543,0.10772127658128738,0.32116708159446716,0.33540572105489136
3,8,0.0,0.001,8,1,8.49341869354248,7.003891944885254,-1.4895267486572266,3.2371764183044434,4.9130449295043945,0.658894120602108
6,16,0.1,0.005,16,2,12.641508102416992,7.011009693145752,-5.63049840927124,0.453998863697052,4.662766456604004,0.09736684603923085
6,64,0.2,0.005,8,1,4.470905780792236,7.014169692993164,2.5432639122009277,5.549011707305908,4.662766456604004,1.1900685481355582
9,32,0.3,0.005,16,2,4.791929721832275,7.024572372436523,2.232642650604248,1.5297956466674805,1.7517644166946411,0.8732884582471496
6,64,0.3,0.005,8,2,5.048832893371582,7.029502868652344,1.9806699752807617,1.3373351097106934,4.662766456604004,0.2868115146141598
12,8,0.4,0.0001,4,2,11.292160034179688,7.040157318115234,-4.252002716064453,0.08002101629972458,0.32116708159446716,0.24915696808792476
12,64,0.4,0.0001,8,2,11.780250549316406,7.0414299964904785,-4.738820552825928,0.110672228038311,0.32116708159446716,0.34459393375207475
3,32,0.0,0.005,4,2,4.308804988861084,7.064208030700684,2.7554030418395996,3.9545514583587646,4.9130449295043945,0.8049084661551592
3,64,0.2,0.005,8,2,7.50962495803833,7.098224639892578,-0.41140031814575195,1.2137985229492188,4.9130449295043945,0.24705626355256255
3,16,0.1,0.0001,4,2,14.398720741271973,7.1007914543151855,-7.297929286956787,0.17892912030220032,4.9130449295043945,0.03641919071972539
9,8,0.3,0.0001,8,2,13.002151489257812,7.102506160736084,-5.8996453285217285,0.08096969127655029,1.7517644166946411,0.046221792442462044
6,32,0.0,0.005,8,2,2.3433282375335693,7.126987457275391,4.783659219741821,3.42716121673584,4.662766456604004,0.7350059773810583
6,8,0.0,0.005,4,1,4.101158142089844,7.137285232543945,3.0361270904541016,3.4373738765716553,4.662766456604004,0.7371962350169198
9,32,0.2,0.001,8,2,13.141218185424805,7.139323711395264,-6.001894474029541,0.3546622693538666,1.7517644166946411,0.20246002600228039
6,32,0.4,0.005,4,2,2.910166025161743,7.14899206161499,4.238826036453247,2.8470070362091064,4.662766456604004,0.610583236948703
12,16,0.2,0.001,16,2,13.051675796508789,7.155038833618164,-5.896636962890625,0.11012668162584305,0.32116708159446716,0.34289529636445853
12,32,0.0,0.005,8,2,2.2471513748168945,7.161276817321777,4.914125442504883,2.2915263175964355,0.32116708159446716,7.134997479255708
12,32,0.4,0.0005,4,1,5.02378511428833,7.177209854125977,2.1534247398376465,1.03998601436615,0.32116708159446716,3.238146354237277
12,16,0.4,0.0005,4,2,8.275189399719238,7.180492877960205,-1.0946965217590332,0.019997162744402885,0.32116708159446716,0.06226404849813656
3,64,0.1,0.005,8,2,9.683145523071289,7.1859917640686035,-2.4971537590026855,2.08593487739563,4.9130449295043945,0.4245706903409185
6,16,0.3,0.005,4,2,5.544506072998047,7.188661575317383,1.644155502319336,2.0051422119140625,4.662766456604004,0.43003273498163835
12,64,0.1,0.005,8,1,2.0202736854553223,7.194589614868164,5.174315929412842,0.03674261271953583,0.32116708159446716,0.11440342060314317
12,64,0.2,0.001,8,2,13.544042587280273,7.197482109069824,-6.346560478210449,0.20612573623657227,0.32116708159446716,0.6418021897301546
9,16,0.4,0.001,4,1,4.314121723175049,7.197592258453369,2.8834705352783203,3.0440685749053955,1.7517644166946411,1.7377157258675053
6,16,0.0,0.005,8,2,1.9214035272598267,7.199443817138672,5.278040289878845,3.4230172634124756,4.662766456604004,0.7341172446165222
6,32,0.2,0.0005,16,2,14.110404968261719,7.2022857666015625,-6.908119201660156,0.5033535361289978,4.662766456604004,0.10795169365947642
6,16,0.1,0.0001,8,2,13.909436225891113,7.218349456787109,-6.691086769104004,0.10392126441001892,4.662766456604004,0.022287469333325153
12,16,0.2,0.005,16,1,3.6502344608306885,7.2250075340271,3.574773073196411,1.8980270624160767,0.32116708159446716,5.909780831189564
9,16,0.2,0.001,16,2,13.844428062438965,7.241737365722656,-6.602690696716309,0.564982533454895,1.7517644166946411,0.32252198301923835
12,8,0.3,0.0005,16,2,12.488768577575684,7.246807098388672,-5.241961479187012,0.03619638830423355,0.32116708159446716,0.11270267215597826
6,8,0.0,0.005,16,2,4.139833927154541,7.249966621398926,3.1101326942443848,3.1354269981384277,4.662766456604004,0.672439211210683
6,16,0.3,0.005,4,1,3.9004712104797363,7.252040863037109,3.351569652557373,2.5856268405914307,4.662766456604004,0.5545263449618706
9,64,0.1,0.001,8,1,3.676727533340454,7.255802154541016,3.5790746212005615,4.154474258422852,1.7517644166946411,2.371594158911974
3,8,0.3,0.001,4,1,7.655893325805664,7.2559990882873535,-0.39989423751831055,1.231483817100525,4.9130449295043945,0.25065592413069004
12,8,0.0,0.005,8,1,2.639382839202881,7.256416320800781,4.6170334815979,0.4665096402168274,0.32116708159446716,1.4525450052377475
6,32,0.0,0.0005,8,1,6.607211589813232,7.286068439483643,0.6788568496704102,5.150652885437012,4.662766456604004,1.104634541183593
12,8,0.0,0.001,16,1,6.3624958992004395,7.286495685577393,0.9239997863769531,0.6396286487579346,0.32116708159446716,1.991575990859437
9,8,0.3,0.001,4,1,4.479192733764648,7.290317058563232,2.811124324798584,1.1357243061065674,1.7517644166946411,0.6483316451018775
9,32,0.0,0.0001,4,2,5.972855091094971,7.299949645996094,1.327094554901123,2.978472948074341,1.7517644166946411,1.7002702644767407
9,16,0.3,0.0001,16,2,12.881186485290527,7.30900764465332,-5.572178840637207,0.12516918778419495,1.7517644166946411,0.07145320831460514
6,8,0.1,0.001,16,2,13.667085647583008,7.315893650054932,-6.351191997528076,0.11528049409389496,4.662766456604004,0.02472362602047547
12,32,0.3,0.0001,8,2,12.769920349121094,7.316621780395508,-5.453298568725586,0.011304795742034912,0.32116708159446716,0.03519911096090884
3,16,0.2,0.0001,16,2,14.825013160705566,7.321115970611572,-7.503897190093994,0.2765975594520569,4.9130449295043945,0.056298601665741084
6,64,0.1,0.005,4,2,8.447150230407715,7.326169490814209,-1.1209807395935059,0.4566427171230316,4.662766456604004,0.09793385994622913
3,32,0.1,0.001,16,1,8.284725189208984,7.335935592651367,-0.9487895965576172,3.1635632514953613,4.9130449295043945,0.6439109140844936
6,32,0.3,0.0005,4,1,5.858315467834473,7.359198093414307,1.500882625579834,6.504097938537598,4.662766456604004,1.394901074087823
6,32,0.3,0.0001,8,2,14.140913963317871,7.377684116363525,-6.763229846954346,0.5212581157684326,4.662766456604004,0.11179159853270379
6,32,0.2,0.0005,8,2,14.591544151306152,7.3777689933776855,-7.213775157928467,0.4829792082309723,4.662766456604004,0.10358211433620391
6,64,0.0,0.001,4,2,3.905641555786133,7.386885643005371,3.4812440872192383,2.3341386318206787,4.662766456604004,0.5005909374926497
12,32,0.0,0.001,4,2,4.9447760581970215,7.387186050415039,2.4424099922180176,0.8699878454208374,0.32116708159446716,2.7088325525196817
12,32,0.4,0.001,8,2,6.574097633361816,7.390854358673096,0.8167567253112793,0.5488221049308777,0.32116708159446716,1.708836728241866
9,8,0.1,0.0001,4,2,13.236226081848145,7.398035526275635,-5.83819055557251,0.15134982764720917,1.7517644166946411,0.08639850553237474
9,64,0.3,0.0001,16,2,12.851921081542969,7.410150527954102,-5.441770553588867,0.14185018837451935,1.7517644166946411,0.080975607805856
12,8,0.3,0.005,8,1,2.7435250282287598,7.411136150360107,4.667611122131348,0.26286956667900085,0.32116708159446716,0.8184822845914274
9,16,0.1,0.005,16,1,3.2332160472869873,7.4253058433532715,4.192089796066284,2.591280460357666,1.7517644166946411,1.479240265221899
3,8,0.1,0.0001,16,2,14.882401466369629,7.432672023773193,-7.4497294425964355,0.07976071536540985,4.9130449295043945,0.01623447709309993
12,16,0.1,0.0001,4,2,13.508330345153809,7.451803684234619,-6.0565266609191895,0.015419002622365952,0.32116708159446716,0.048009287084519126
12,64,0.1,0.0001,4,1,5.309906959533691,7.465978622436523,2.156071662902832,0.0261795986443758,0.32116708159446716,0.08151395377883836
9,32,0.4,0.005,8,1,3.154484987258911,7.486711025238037,4.332226037979126,3.215259075164795,1.7517644166946411,1.835440339193317
3,64,0.1,0.0001,4,2,14.956690788269043,7.504489898681641,-7.452200889587402,0.17169547080993652,4.9130449295043945,0.034946855417268975
12,16,0.2,0.0005,8,1,5.921144962310791,7.506899356842041,1.58575439453125,0.07531405985355377,0.32116708159446716,0.23450118075504295
6,64,0.1,0.0001,4,2,14.41102409362793,7.512178897857666,-6.898845195770264,0.225106343626976,4.662766456604004,0.04827742193867585
6,32,0.1,0.001,4,1,3.398000478744507,7.539398670196533,4.141398191452026,4.061943531036377,4.662766456604004,0.8711445380849678
3,32,0.3,0.005,16,2,8.42151927947998,7.550473213195801,-0.8710460662841797,2.8222997188568115,4.9130449295043945,0.574450215569576
9,8,0.3,0.0001,4,2,13.297253608703613,7.558551788330078,-5.738701820373535,0.06861504912376404,1.7517644166946411,0.039169107712115764
9,32,0.2,0.0001,16,2,12.90507984161377,7.575662612915039,-5.3294172286987305,0.07928405702114105,1.7517644166946411,0.04525954304445805
3,8,0.3,0.005,16,2,8.936767578125,7.585477352142334,-1.351290225982666,1.3036519289016724,4.9130449295043945,0.26534500449463194
3,8,0.0,0.005,4,1,3.0151376724243164,7.603439807891846,4.588302135467529,4.4411163330078125,4.9130449295043945,0.9039437653699235
12,64,0.0,0.0001,8,2,6.197604656219482,7.616611003875732,1.41900634765625,0.3004753291606903,0.32116708159446716,0.9355732463892298
9,16,0.3,0.0001,4,2,12.503890991210938,7.61688232421875,-4.8870086669921875,0.09326916188001633,1.7517644166946411,0.05324298232750012
12,8,0.3,0.0001,8,2,13.115612983703613,7.624407768249512,-5.491205215454102,0.0013837653677910566,0.32116708159446716,0.004308552921803849
9,16,0.1,0.001,16,2,12.92717456817627,7.6255316734313965,-5.301642894744873,0.26269015669822693,1.7517644166946411,0.1499574681359781
6,32,0.1,0.0001,8,2,14.302732467651367,7.631649017333984,-6.671083450317383,0.12300633639097214,4.662766456604004,0.02638054844388676
12,64,0.4,0.001,4,2,4.7512946128845215,7.633040428161621,2.8817458152770996,1.6773947477340698,0.32116708159446716,5.222810318562134
9,16,0.1,0.001,4,2,13.529738426208496,7.66508150100708,-5.864656925201416,0.16388975083827972,1.7517644166946411,0.09355695850217066
6,16,0.3,0.0005,4,1,6.077346324920654,7.673318386077881,1.5959720611572266,5.9102654457092285,4.662766456604004,1.2675448150182083
12,32,0.0,0.005,16,1,2.3565657138824463,7.688024520874023,5.331458806991577,0.6406118869781494,0.32116708159446716,1.9946374447772341
6,32,0.2,0.0005,4,1,5.63532018661499,7.690007209777832,2.054687023162842,7.023839473724365,4.662766456604004,1.5063674192337704
9,64,0.3,0.0001,8,2,12.973038673400879,7.707365989685059,-5.26567268371582,0.11896547675132751,1.7517644166946411,0.06791180116319544
9,32,0.3,0.005,16,1,4.073098182678223,7.707502841949463,3.6344046592712402,3.360873222351074,1.7517644166946411,1.9185646142376946
6,64,0.1,0.001,8,2,14.94774055480957,7.707840919494629,-7.239899635314941,0.630900502204895,4.662766456604004,0.13530604804607646
12,64,0.4,0.005,8,1,2.5245273113250732,7.712198257446289,5.187670946121216,0.8282860517501831,0.32116708159446716,2.578988007233093
9,32,0.2,0.001,4,1,3.562047004699707,7.714361667633057,4.15231466293335,2.397090196609497,1.7517644166946411,1.3683861675490043
6,64,0.3,0.005,16,1,4.4007158279418945,7.715057849884033,3.3143420219421387,4.722867488861084,4.662766456604004,1.0128895652004954
3,32,0.1,0.0001,4,2,15.155426025390625,7.730376720428467,-7.425049304962158,0.21939246356487274,4.9130449295043945,0.044655090012987946
12,64,0.0,0.005,8,1,2.6375463008880615,7.743478775024414,5.1059324741363525,1.1128278970718384,0.32116708159446716,3.464950055114893
3,16,0.2,0.005,8,2,7.972245693206787,7.746517658233643,-0.22572803497314453,1.5934721231460571,4.9130449295043945,0.3243349381107328
6,8,0.3,0.005,16,2,6.094722747802734,7.752120018005371,1.6573972702026367,1.7096565961837769,4.662766456604004,0.3666614255925993
3,64,0.1,0.0001,8,2,15.178274154663086,7.762552261352539,-7.415721893310547,0.1424321085214615,4.9130449295043945,0.028990597595823203
12,8,0.1,0.005,16,1,4.688436031341553,7.776126384735107,3.0876903533935547,0.470678448677063,0.32116708159446716,1.465525191250396
9,32,0.0,0.001,16,1,4.233500003814697,7.784811019897461,3.5513110160827637,3.7397398948669434,1.7517644166946411,2.1348417967773097
6,16,0.4,0.005,16,2,4.754337310791016,7.794966697692871,3.0406293869018555,2.929438591003418,4.662766456604004,0.6282619166684563
9,16,0.4,0.005,16,1,4.156780242919922,7.800825119018555,3.644044876098633,2.401082754135132,1.7517644166946411,1.3706653310527181
9,8,0.4,0.005,4,2,4.115837574005127,7.800851345062256,3.685013771057129,3.214416980743408,1.7517644166946411,1.8349596270533959
12,32,0.3,0.0001,4,2,13.817604064941406,7.807964324951172,-6.009639739990234,0.11517284065485,0.32116708159446716,0.3586072398300054
3,32,0.1,0.005,8,2,9.039700508117676,7.81539249420166,-1.2243080139160156,0.9512022733688354,4.9130449295043945,0.19360748517819648
12,64,0.4,0.005,16,1,3.5395731925964355,7.833104133605957,4.2935309410095215,0.9509664177894592,0.32116708159446716,2.9609710094455766
3,32,0.2,0.0001,16,2,15.290979385375977,7.844296932220459,-7.446682453155518,0.3538791537284851,4.9130449295043945,0.0720284790402238
3,16,0.2,0.0001,8,2,15.155171394348145,7.845431327819824,-7.30974006652832,0.18759793043136597,4.9130449295043945,0.03818363827792024
12,8,0.0,0.0001,16,1,13.03946304321289,7.860518455505371,-5.1789445877075195,0.3418170213699341,0.32116708159446716,1.0642965638724498
12,64,0.3,0.0001,16,2,13.146109580993652,7.871902942657471,-5.274206638336182,0.09150249511003494,0.32116708159446716,0.2849062072481443
9,64,0.2,0.001,8,1,4.5739569664001465,7.875399112701416,3.3014421463012695,4.330033302307129,1.7517644166946411,2.471812568540099
12,8,0.4,0.001,8,1,5.806365013122559,7.901554584503174,2.0951895713806152,1.118393898010254,0.32116708159446716,3.4822806012928593
9,32,0.0,0.005,4,1,1.578086495399475,7.915343284606934,6.3372567892074585,4.304135322570801,1.7517644166946411,2.4570286287080556
3,8,0.3,0.001,4,2,8.850632667541504,7.927459239959717,-0.9231734275817871,2.7620749473571777,4.9130449295043945,0.5621920798586719
3,64,0.1,0.0001,16,2,15.222630500793457,7.928509712219238,-7.294120788574219,0.08400052785873413,4.9130449295043945,0.01709744752267261
9,32,0.1,0.001,4,2,13.577393531799316,7.928670883178711,-5.6487226486206055,0.5109537243843079,1.7517644166946411,0.29167947442865244
9,16,0.1,0.005,8,1,2.607963800430298,7.940957069396973,5.332993268966675,3.691390037536621,1.7517644166946411,2.1072411349134543
12,32,0.2,0.0005,4,2,13.933079719543457,7.943215847015381,-5.989863872528076,0.08287014812231064,0.32116708159446716,0.2580281506775016
9,32,0.3,0.0005,16,1,4.811092853546143,7.955660820007324,3.1445679664611816,2.4984874725341797,1.7517644166946411,1.4262691082905492
6,32,0.1,0.005,8,2,8.448533058166504,7.955997943878174,-0.4925351142883301,0.678712010383606,4.662766456604004,0.14555994101362885
6,32,0.2,0.0001,4,2,14.78698444366455,7.960765361785889,-6.826219081878662,0.33997631072998047,4.662766456604004,0.07291300430637325
3,16,0.2,0.001,8,2,9.403178215026855,7.967482089996338,-1.4356961250305176,1.7294946908950806,4.9130449295043945,0.3520209392975252
12,64,0.0,0.0005,4,1,3.121304512023926,7.971713066101074,4.850408554077148,0.1696784943342209,0.32116708159446716,0.5283184487396232
6,32,0.1,0.001,8,1,5.4835615158081055,7.9845709800720215,2.501009464263916,6.374885082244873,4.662766456604004,1.3671894446302255
6,8,0.3,0.0001,4,2,14.68553352355957,7.985689163208008,-6.6998443603515625,0.24818922579288483,4.662766456604004,0.05322789123211771
6,32,0.4,0.005,8,2,5.875948429107666,7.989230155944824,2.113281726837158,3.9948172569274902,4.662766456604004,0.8567483047042859
9,32,0.2,0.005,16,1,3.204836130142212,8.029000282287598,4.824164152145386,2.434246778488159,1.7517644166946411,1.3895971143661408
6,8,0.0,0.001,4,1,5.755937099456787,8.03132152557373,2.2753844261169434,3.818683385848999,4.662766456604004,0.818973761904908
6,16,0.0,0.0005,4,2,5.72032356262207,8.034658432006836,2.3143348693847656,5.584527969360352,4.662766456604004,1.1976855416918495
12,64,0.1,0.001,4,2,13.873417854309082,8.038619041442871,-5.834798812866211,0.00690736249089241,0.32116708159446716,0.021507068708910313
9,16,0.2,0.0001,4,2,13.308650970458984,8.051624298095703,-5.257026672363281,0.05562171712517738,1.7517644166946411,0.03175182495722145
9,16,0.1,0.001,8,2,13.596301078796387,8.057327270507812,-5.538973808288574,0.12909014523029327,1.7517644166946411,0.07369149869699382
12,64,0.0,0.005,8,2,1.6676805019378662,8.068425178527832,6.400744676589966,1.332170844078064,0.32116708159446716,4.1479059356406145
9,8,0.0,0.005,8,2,3.450974464416504,8.071239471435547,4.620265007019043,3.582707166671753,1.7517644166946411,2.045199190329411
9,32,0.1,0.005,4,1,2.199219226837158,8.082561492919922,5.883342266082764,3.7714102268218994,1.7517644166946411,2.1529209012808215
6,32,0.2,0.0005,4,2,15.118894577026367,8.085692405700684,-7.033202171325684,0.48839205503463745,4.662766456604004,0.10474298028435768
3,16,0.0,0.001,8,2,7.749684810638428,8.09157943725586,0.34189462661743164,3.7349190711975098,4.9130449295043945,0.7602045421502529
3,8,0.1,0.005,4,1,3.341993570327759,8.10323429107666,4.761240720748901,5.718451499938965,4.9130449295043945,1.1639322623731463
6,64,0.2,0.0005,8,1,5.888638973236084,8.116189956665039,2.227550983428955,5.456721305847168,4.662766456604004,1.170275491305953
9,64,0.1,0.005,8,1,2.802551031112671,8.120163917541504,5.317612886428833,6.083237648010254,1.7517644166946411,3.4726345563569314
6,8,0.1,0.0001,4,2,14.55703353881836,8.120829582214355,-6.436203956604004,0.060899678617715836,4.662766456604004,0.013060846856582738
9,32,0.2,0.001,16,2,14.132654190063477,8.123062133789062,-6.009592056274414,0.3770425617694855,1.7517644166946411,0.21523588341913996
9,16,0.3,0.005,16,1,3.7249958515167236,8.128630638122559,4.403634786605835,2.460725784301758,1.7517644166946411,1.4047127346865724
9,16,0.1,0.0005,4,1,4.801371097564697,8.134422302246094,3.3330512046813965,2.1223857402801514,1.7517644166946411,1.211570300237532
3,8,0.4,0.0001,16,1,15.751537322998047,8.135383605957031,-7.616153717041016,0.44706541299819946,4.9130449295043945,0.09099558815622258
6,16,0.1,0.0005,16,2,14.653090476989746,8.145064353942871,-6.508026123046875,0.2621041536331177,4.662766456604004,0.056212155610301344
6,64,0.1,0.0005,8,2,14.928223609924316,8.152576446533203,-6.775647163391113,0.37753477692604065,4.662766456604004,0.08096797908274557
6,64,0.4,0.005,8,2,5.107049942016602,8.157272338867188,3.050222396850586,3.325427293777466,4.662766456604004,0.7131876161345315
6,16,0.3,0.005,16,2,6.165892124176025,8.162007331848145,1.9961152076721191,2.702770948410034,4.662766456604004,0.579649650816636
12,8,0.3,0.0001,16,2,12.802783012390137,8.177833557128906,-4.6249494552612305,0.005662176292389631,0.32116708159446716,0.017630002004810616
6,16,0.2,0.001,16,2,14.96270751953125,8.179883003234863,-6.782824516296387,0.3414766192436218,4.662766456604004,0.07323476790478732
9,64,0.1,0.001,16,2,13.858748435974121,8.182971954345703,-5.675776481628418,0.15764585137367249,1.7517644166946411,0.08999260966330756
6,32,0.1,0.0001,16,2,14.625250816345215,8.183531761169434,-6.441719055175781,0.042896468192338943,4.662766456604004,0.00919978913625054
12,64,0.0,0.005,16,2,2.149115800857544,8.189932823181152,6.040817022323608,1.1601969003677368,0.32116708159446716,3.612440274413615
9,64,0.0,0.0005,4,1,3.6169726848602295,8.190751075744629,4.573778390884399,3.338632583618164,1.7517644166946411,1.9058684785467577
6,64,0.1,0.0001,16,2,14.72098159790039,8.204521179199219,-6.516460418701172,0.07422450184822083,4.662766456604004,0.015918554475979518
3,64,0.3,0.005,8,2,6.796855449676514,8.205710411071777,1.4088549613952637,3.061899185180664,4.9130449295043945,0.6232182341327651
6,64,0.1,0.0005,4,2,15.240396499633789,8.20986557006836,-7.03053092956543,0.3554340600967407,4.662766456604004,0.07622814983438206
12,64,0.2,0.005,8,1,1.9098819494247437,8.210738182067871,6.300856232643127,0.8643219470977783,0.32116708159446716,2.6911909614359066
9,8,0.1,0.005,16,1,4.087316989898682,8.21149730682373,4.124180316925049,2.2531325817108154,1.7517644166946411,1.2862075289565436
3,32,0.4,0.001,8,2,9.355443000793457,8.21796989440918,-1.1374731063842773,4.068300247192383,4.9130449295043945,0.8280608676629331
3,16,0.1,0.0005,8,2,15.620416641235352,8.226770401000977,-7.393646240234375,0.14030957221984863,4.9130449295043945,0.02855857706027582
6,8,0.0,0.0001,16,1,15.358407974243164,8.23210620880127,-7.1263017654418945,0.8997771739959717,4.662766456604004,0.1929706714608433
9,32,0.4,0.005,16,1,3.394685983657837,8.235798835754395,4.841112852096558,3.614900588989258,1.7517644166946411,2.063576902543848
9,16,0.0,0.0005,8,2,4.917953014373779,8.24402904510498,3.326076030731201,2.097365379333496,1.7517644166946411,1.1972873517381752
3,32,0.1,0.005,4,2,8.896574974060059,8.244418144226074,-0.6521568298339844,0.8472018241882324,4.9130449295043945,0.17243925841193036
12,32,0.0,0.001,16,1,4.668949127197266,8.249191284179688,3.580242156982422,0.6224327683448792,0.32116708159446716,1.9380341386631137
3,16,0.4,0.001,4,1,6.995731830596924,8.255428314208984,1.2596964836120605,2.6098270416259766,4.9130449295043945,0.5312035772262405
3,8,0.3,0.0001,16,2,15.590341567993164,8.259828567504883,-7.330513000488281,0.2045857310295105,4.9130449295043945,0.041641331183622655
6,16,0.2,0.005,16,1,3.6141295433044434,8.266011238098145,4.651881694793701,7.9633307456970215,4.662766456604004,1.7078553729446042
12,16,0.0,0.005,16,2,3.450216054916382,8.266155242919922,4.81593918800354,2.1543567180633545,0.32116708159446716,6.707900160152865
3,16,0.0,0.005,4,2,3.5223405361175537,8.275006294250488,4.752665758132935,3.887838840484619,4.9130449295043945,0.7913297957315457
9,8,0.1,0.0005,8,2,13.910066604614258,8.289183616638184,-5.620882987976074,0.06956574320793152,1.7517644166946411,0.039711814297035054
3,16,0.0,0.001,4,1,6.428991794586182,8.291582107543945,1.8625903129577637,3.8060030937194824,4.9130449295043945,0.7746729672393643
6,32,0.2,0.005,16,1,4.471184253692627,8.2916898727417,3.8205056190490723,6.973033428192139,4.662766456604004,1.4954713029463529
6,8,0.2,0.0001,4,2,14.826065063476562,8.293251991271973,-6.53281307220459,0.32751619815826416,4.662766456604004,0.07024074681981853
6,32,0.2,0.0001,16,2,14.717338562011719,8.296398162841797,-6.420940399169922,0.16126538813114166,4.662766456604004,0.034585774267706905
9,32,0.3,0.005,4,1,2.573887825012207,8.297468185424805,5.723580360412598,3.2235589027404785,1.7517644166946411,1.8401783207943727
12,8,0.1,0.005,16,2,14.453665733337402,8.298209190368652,-6.15545654296875,0.10594234615564346,0.32116708159446716,0.32986676476829985
9,16,0.2,0.001,4,2,13.171842575073242,8.318171501159668,-4.853671073913574,0.22007586061954498,1.7517644166946411,0.1256309687091375
12,8,0.3,0.0001,16,1,13.901103019714355,8.354093551635742,-5.547009468078613,0.29117336869239807,0.32116708159446716,0.9066102517320199
9,32,0.1,0.001,16,2,14.011581420898438,8.370104789733887,-5.641476631164551,0.15160617232322693,1.7517644166946411,0.08654484066372846
3,64,0.0,0.005,4,2,2.873561143875122,8.37169361114502,5.4981324672698975,5.3544511795043945,4.9130449295043945,1.0898437234614353
12,16,0.0,0.005,4,2,2.997951030731201,8.37546157836914,5.3775105476379395,0.991631031036377,0.32116708159446716,3.087586143988737
6,64,0.1,0.001,16,2,14.991033554077148,8.381159782409668,-6.6098737716674805,0.16115759313106537,4.662766456604004,0.034562656017826814
12,8,0.1,0.001,4,2,13.544750213623047,8.381611824035645,-5.163138389587402,0.10489743202924728,0.32116708159446716,0.32661327402694307
9,16,0.0,0.005,16,1,2.8591091632843018,8.382800102233887,5.523690938949585,2.9663705825805664,1.7517644166946411,1.6933615926379726
3,32,0.4,0.0005,8,2,9.264652252197266,8.39756965637207,-0.8670825958251953,3.3242337703704834,4.9130449295043945,0.67661375339912
3,32,0.1,0.0005,16,2,15.786742210388184,8.399415016174316,-7.387327194213867,0.12002359330654144,4.9130449295043945,0.02442957372234918
6,32,0.3,0.005,4,1,5.778701305389404,8.403129577636719,2.6244282722473145,4.892887115478516,4.662766456604004,1.0493528168344322
3,8,0.2,0.005,16,1,6.725410461425781,8.403489112854004,1.6780786514282227,2.951742172241211,4.9130449295043945,0.6007969018388295
6,8,0.3,0.001,4,1,6.70427942276001,8.405864715576172,1.701585292816162,5.0565009117126465,4.662766456604004,1.084442242341129
12,8,0.0,0.005,8,2,2.7345659732818604,8.419116020202637,5.684550046920776,3.553715705871582,0.32116708159446716,11.065006065468458
9,32,0.3,0.005,8,1,3.223992347717285,8.422472953796387,5.198480606079102,3.243154764175415,1.7517644166946411,1.8513646773890062
12,64,0.3,0.005,16,1,3.690974235534668,8.441840171813965,4.750865936279297,1.6452146768569946,0.32116708159446716,5.122613029608004
12,32,0.4,0.001,8,1,4.703190326690674,8.444156646728516,3.740966320037842,0.23967057466506958,0.32116708159446716,0.7462488791665703
9,16,0.2,0.001,4,1,4.282123565673828,8.457390785217285,4.175267219543457,2.9215855598449707,1.7517644166946411,1.6677959273528542
3,16,0.1,0.005,8,2,9.213090896606445,8.458722114562988,-0.754368782043457,1.5596754550933838,4.9130449295043945,0.31745597230895195
9,32,0.3,0.001,8,1,4.764129161834717,8.461648941040039,3.6975197792053223,1.9584596157073975,1.7517644166946411,1.1179925776793458
3,16,0.4,0.005,4,2,5.590959548950195,8.467425346374512,2.8764657974243164,3.3826675415039062,4.9130449295043945,0.6885073493201566
6,8,0.2,0.0001,8,2,15.06094741821289,8.471023559570312,-6.589923858642578,0.2140137106180191,4.662766456604004,0.045898440895512926
12,16,0.3,0.001,8,1,6.034093856811523,8.47612190246582,2.442028045654297,0.6978493332862854,0.32116708159446716,2.1728544837837687
3,64,0.4,0.005,8,2,5.29562520980835,8.489375114440918,3.1937499046325684,3.598458766937256,4.9130449295043945,0.732429444177758
3,8,0.3,0.0001,16,1,15.870859146118164,8.498441696166992,-7.372417449951172,0.3901262581348419,4.9130449295043945,0.07940620607640078
9,64,0.4,0.005,16,2,5.7573394775390625,8.505732536315918,2.7483930587768555,5.412457466125488,1.7517644166946411,3.0897176666815245
6,32,0.4,0.005,4,1,2.683873414993286,8.510965347290039,5.827091932296753,4.176279544830322,4.662766456604004,0.89566560618007
3,16,0.1,0.0005,16,2,15.819433212280273,8.517210960388184,-7.30222225189209,0.1197143942117691,4.9130449295043945,0.024366639411914626
3,64,0.0,0.001,4,2,5.003818988800049,8.535006523132324,3.5311875343322754,4.350585460662842,4.9130449295043945,0.8855171330789579
3,32,0.3,0.0005,4,1,7.399242401123047,8.539873123168945,1.1406307220458984,4.687164306640625,4.9130449295043945,0.9540243115817475
6,8,0.1,0.0001,16,2,14.96545124053955,8.5487060546875,-6.416745185852051,0.055264003574848175,4.662766456604004,0.011852192060054017
6,32,0.4,0.001,8,1,5.782471179962158,8.55024242401123,2.7677712440490723,5.700589179992676,4.662766456604004,1.2225766040498929
9,32,0.4,0.005,4,2,3.0561587810516357,8.556796073913574,5.5006372928619385,3.868326187133789,1.7517644166946411,2.208245669490669
3,8,0.1,0.0005,16,2,15.986149787902832,8.581584930419922,-7.40456485748291,0.45336633920669556,4.9130449295043945,0.09227807718266258
6,16,0.4,0.001,4,1,4.962460994720459,8.582260131835938,3.6197991371154785,2.9953410625457764,4.662766456604004,0.6423956872863303
9,8,0.0,0.005,16,1,5.2813286781311035,8.582436561584473,3.301107883453369,2.263054847717285,1.7517644166946411,1.2918716844285403
6,8,0.4,0.001,8,2,8.009964942932129,8.58569049835205,0.5757255554199219,2.3385982513427734,4.662766456604004,0.5015473695944074
12,8,0.2,0.0005,8,2,13.751481056213379,8.593499183654785,-5.157981872558594,0.0894211158156395,0.32116708159446716,0.27842553281519117
12,64,0.2,0.005,16,1,2.956936836242676,8.594826698303223,5.637889862060547,1.3494274616241455,0.32116708159446716,4.201636901654968
3,32,0.4,0.0005,4,1,7.873173236846924,8.608138084411621,0.7349648475646973,3.6931047439575195,4.9130449295043945,0.7516936638985842
6,8,0.1,0.0005,8,2,14.999638557434082,8.615150451660156,-6.384488105773926,0.07077879458665848,4.662766456604004,0.015179571021922519
9,64,0.1,0.001,4,2,14.376015663146973,8.616535186767578,-5.7594804763793945,0.3802034556865692,1.7517644166946411,0.21704028924389573
6,64,0.1,0.0005,16,2,15.151029586791992,8.646576881408691,-6.504452705383301,0.1782582849264145,4.662766456604004,0.038230155120452664
9,8,0.2,0.0005,4,2,13.95194149017334,8.650355339050293,-5.301586151123047,0.06189025565981865,1.7517644166946411,0.03533023908351659
6,32,0.2,0.005,4,2,6.636037826538086,8.651768684387207,2.015730857849121,2.220702648162842,4.662766456604004,0.4762628943205165
6,64,0.1,0.0001,8,2,15.181124687194824,8.684738159179688,-6.496386528015137,0.12559354305267334,4.662766456604004,0.026935413605112424
12,16,0.2,0.0001,8,2,13.736335754394531,8.692254066467285,-5.044081687927246,0.04840750992298126,0.32116708159446716,0.15072375936742077
9,64,0.2,0.0005,8,2,14.557889938354492,8.724077224731445,-5.833812713623047,0.2573138177394867,1.7517644166946411,0.14688836882815867
3,16,0.2,0.005,16,2,9.001251220703125,8.742379188537598,-0.25887203216552734,1.727786660194397,4.9130449295043945,0.35167328713370594
3,64,0.4,0.0005,4,2,8.548152923583984,8.752069473266602,0.2039165496826172,2.1423802375793457,4.9130449295043945,0.43605956556873154
6,16,0.0,0.005,16,2,3.808558940887451,8.754632949829102,4.94607400894165,3.208143472671509,4.662766456604004,0.6880343466758296
9,32,0.0,0.005,16,1,2.7742176055908203,8.75698184967041,5.98276424407959,4.655294418334961,1.7517644166946411,2.6574888575022637
3,32,0.4,0.005,4,1,4.275944232940674,8.77009105682373,4.494146823883057,4.293515205383301,4.9130449295043945,0.8739010668515118
12,16,0.1,0.0005,4,1,5.319578647613525,8.772539138793945,3.45296049118042,1.2627263069152832,0.32116708159446716,3.931680359787647
6,64,0.0,0.0005,8,1,5.684527397155762,8.793758392333984,3.1092309951782227,6.5196380615234375,4.662766456604004,1.3982338858703711
9,64,0.3,0.005,8,1,2.5678977966308594,8.803753852844238,6.235856056213379,4.022684097290039,1.7517644166946411,2.2963613479946905
3,16,0.4,0.005,8,2,5.625313758850098,8.810758590698242,3.1854448318481445,3.26950740814209,4.9130449295043945,0.6654747626075349
9,8,0.3,0.0005,16,2,13.968851089477539,8.814704895019531,-5.154146194458008,0.06550672650337219,1.7517644166946411,0.037394712370613814
9,64,0.4,0.001,8,1,4.161190032958984,8.82554817199707,4.664358139038086,3.123321294784546,1.7517644166946411,1.7829573800099559
6,64,0.2,0.0001,4,2,15.56032943725586,8.831453323364258,-6.728876113891602,0.3780381679534912,4.662766456604004,0.08107593881697965
3,8,0.0,0.001,8,2,6.641383647918701,8.83379077911377,2.1924071311950684,4.247134208679199,4.9130449295043945,0.8644606897799387
9,64,0.2,0.0005,4,2,14.134993553161621,8.837801933288574,-5.297191619873047,0.4370698630809784,1.7517644166946411,0.24950264939487365
12,8,0.3,0.001,16,1,6.27134370803833,8.841198921203613,2.569855213165283,1.0847357511520386,0.32116708159446716,3.3774811097287922
9,16,0.1,0.005,4,1,3.7707321643829346,8.84228801727295,5.071555852890015,4.249201774597168,1.7517644166946411,2.425669647186279
6,64,0.2,0.0001,16,2,15.202173233032227,8.85108757019043,-6.351085662841797,0.05459197983145714,4.662766456604004,0.011708066517922429
6,32,0.1,0.0005,16,2,15.49118423461914,8.851795196533203,-6.6393890380859375,0.23991461098194122,4.662766456604004,0.051453276336013695
6,64,0.2,0.0001,8,2,15.423612594604492,8.860062599182129,-6.563549995422363,0.32283276319503784,4.662766456604004,0.06923631414946828
6,8,0.1,0.0005,4,2,15.591972351074219,8.870725631713867,-6.721246719360352,0.31517884135246277,4.662766456604004,0.06759481614312171
6,16,0.1,0.001,8,2,15.356115341186523,8.894198417663574,-6.461916923522949,0.10553696006536484,4.662766456604004,0.022633979429934767
12,64,0.2,0.0001,4,1,5.921115398406982,8.91110610961914,2.989990711212158,1.018561840057373,0.32116708159446716,3.17143909955098
6,64,0.0,0.005,16,2,1.457155466079712,8.915826797485352,7.45867133140564,4.315036773681641,4.662766456604004,0.9254241690724475
9,64,0.1,0.0001,4,1,5.238572597503662,8.920633316040039,3.682060718536377,3.234574556350708,1.7517644166946411,1.8464666398772633
9,16,0.0,0.005,8,1,1.8170589208602905,8.923689842224121,7.106630921363831,3.4601311683654785,1.7517644166946411,1.9752263120484606
3,16,0.3,0.005,4,2,5.116657257080078,8.94006061553955,3.8234033584594727,3.844606399536133,4.9130449295043945,0.7825302749519042
9,16,0.0,0.005,4,1,5.727397918701172,8.946854591369629,3.219456672668457,5.864736080169678,1.7517644166946411,3.3479022774282035
6,8,0.1,0.0005,16,2,15.346856117248535,8.949846267700195,-6.39700984954834,0.08153754472732544,4.662766456604004,0.017486945890640003
6,16,0.3,0.001,4,1,5.422924518585205,8.954402923583984,3.5314784049987793,3.9074008464813232,4.662766456604004,0.8380005481396487
6,32,0.2,0.001,8,1,5.473584175109863,8.961660385131836,3.4880762100219727,6.764425754547119,4.662766456604004,1.450732267528964
12,16,0.2,0.0005,4,2,13.94998836517334,8.972009658813477,-4.977978706359863,0.022276801988482475,0.32116708159446716,0.06936203386065282
3,64,0.0,0.0005,8,1,7.0258564949035645,8.996027946472168,1.9701714515686035,3.9372119903564453,4.9130449295043945,0.8013791949493964
3,16,0.3,0.005,16,1,6.775374412536621,9.005293846130371,2.22991943359375,3.2855594158172607,4.9130449295043945,0.6687419844435848
3,64,0.4,0.005,16,2,7.372024059295654,9.009913444519043,1.6378893852233887,4.006625175476074,4.9130449295043945,0.8155075381898135
3,32,0.2,0.005,4,2,6.732910633087158,9.020524978637695,2.287614345550537,2.7712697982788086,4.9130449295043945,0.5640635976350336
3,32,0.0,0.0005,4,1,6.561615943908691,9.037847518920898,2.476231575012207,3.6115810871124268,4.9130449295043945,0.7351003581147275
6,64,0.0,0.005,4,2,4.105038166046143,9.050736427307129,4.945698261260986,5.561344146728516,4.662766456604004,1.1927134242058879
9,32,0.0,0.005,16,2,2.763462543487549,9.056466102600098,6.293003559112549,4.083786964416504,1.7517644166946411,2.331242103959444
9,64,0.1,0.001,8,2,14.83619213104248,9.085744857788086,-5.7504472732543945,0.3155215382575989,1.7517644166946411,0.18011642162074984
3,8,0.2,0.001,4,2,8.973471641540527,9.092134475708008,0.11866283416748047,1.391674280166626,4.9130449295043945,0.28326105299977616
12,16,0.1,0.001,4,2,14.713306427001953,9.094342231750488,-5.618964195251465,0.08337084949016571,0.32116708159446716,0.25958715655496983
6,32,0.1,0.0005,4,2,16.129676818847656,9.095941543579102,-7.033735275268555,0.5351945161819458,4.662766456604004,0.1147804680253576
12,64,0.1,0.001,8,2,14.343134880065918,9.096278190612793,-5.246856689453125,0.054905205965042114,0.32116708159446716,0.17095527254057155
6,32,0.1,0.001,8,2,15.706526756286621,9.097631454467773,-6.608895301818848,0.3673824965953827,4.662766456604004,0.07879067073476279
6,8,0.2,0.005,8,1,4.727457523345947,9.102154731750488,4.374697208404541,3.38313364982605,4.662766456604004,0.7255636072088545
6,16,0.2,0.0005,16,2,15.596613883972168,9.106322288513184,-6.490291595458984,0.08069077134132385,4.662766456604004,0.017305342674205634
3,16,0.1,0.005,4,2,9.144521713256836,9.114562034606934,-0.029959678649902344,1.616782784461975,4.9130449295043945,0.3290795845876925
6,32,0.3,0.005,16,2,6.60936975479126,9.121590614318848,2.512220859527588,3.9278085231781006,4.662766456604004,0.8423772796115572
3,16,0.1,0.001,8,1,7.408941745758057,9.131978034973145,1.723036289215088,3.8648006916046143,4.9130449295043945,0.7866406163711752
3,16,0.4,0.001,8,1,7.569526672363281,9.137077331542969,1.5675506591796875,3.2869045734405518,4.9130449295043945,0.6690157775072738
3,8,0.4,0.005,4,1,5.738302707672119,9.138216972351074,3.399914264678955,2.9361443519592285,4.9130449295043945,0.5976221251970951
9,8,0.1,0.0001,8,2,14.11379623413086,9.139203071594238,-4.974593162536621,0.02625090256333351,1.7517644166946411,0.01498540689213545
12,16,0.2,0.0001,16,2,14.007611274719238,9.148537635803223,-4.859073638916016,0.11763421446084976,0.32116708159446716,0.3662710819453929
9,16,0.2,0.0005,4,1,4.342988014221191,9.15896987915039,4.815981864929199,2.2511227130889893,1.7517644166946411,1.2850601893926892
12,8,0.3,0.0001,4,2,13.820561408996582,9.179902076721191,-4.640659332275391,0.03611377999186516,0.32116708159446716,0.1124454592686603
9,32,0.3,0.0001,4,2,14.081298828125,9.212077140808105,-4.8692216873168945,0.05628757178783417,1.7517644166946411,0.032131930099391866
3,32,0.4,0.0005,4,2,8.874808311462402,9.230316162109375,0.35550785064697266,3.6339080333709717,4.9130449295043945,0.7396447794621621
6,32,0.1,0.0001,4,2,15.798904418945312,9.235833168029785,-6.563071250915527,0.12054546177387238,4.662766456604004,0.025852777078967902
9,64,0.0,0.005,8,1,2.3183956146240234,9.236968994140625,6.918573379516602,4.904544830322266,1.7517644166946411,2.7997742068402807
3,64,0.0,0.005,4,1,2.824547052383423,9.244136810302734,6.4195897579193115,6.271404266357422,4.9130449295043945,1.276480137337163
12,32,0.3,0.005,4,1,4.916327953338623,9.259820938110352,4.3434929847717285,1.2244596481323242,0.32116708159446716,3.8125316020974744
12,16,0.1,0.005,8,1,2.56768536567688,9.264263153076172,6.696577787399292,1.21559739112854,0.32116708159446716,3.7849376875537217
3,64,0.2,0.005,4,2,6.8483428955078125,9.265828132629395,2.417485237121582,2.7750778198242188,4.9130449295043945,0.5648386814374514
9,16,0.0,0.001,8,2,4.863607406616211,9.266528129577637,4.402920722961426,3.0021815299987793,1.7517644166946411,1.7138043799653824
3,64,0.1,0.001,16,1,7.497509479522705,9.268285751342773,1.7707762718200684,4.936300277709961,4.9130449295043945,1.0047333880595943
9,16,0.0,0.0001,16,1,14.39249324798584,9.27586841583252,-5.11662483215332,1.0862692594528198,1.7517644166946411,0.6201000825798672
9,64,0.2,0.0005,16,1,5.051861763000488,9.278629302978516,4.226767539978027,3.7275795936584473,1.7517644166946411,2.127900052161078
9,64,0.3,0.001,8,1,3.888028144836426,9.294313430786133,5.406285285949707,3.001645803451538,1.7517644166946411,1.7134985588503195
6,64,0.1,0.001,4,1,3.9955098628997803,9.300292015075684,5.304782152175903,5.412930488586426,4.662766456604004,1.1608838956366652
3,8,0.2,0.005,4,1,4.181840896606445,9.314901351928711,5.133060455322266,5.781264781951904,4.9130449295043945,1.1767172629001568
9,32,0.2,0.0005,16,2,14.767765045166016,9.31846809387207,-5.449296951293945,0.20492994785308838,1.7517644166946411,0.11698487873144803
12,64,0.1,0.0005,16,2,14.486601829528809,9.342924118041992,-5.143677711486816,0.037404824048280716,0.32116708159446716,0.11646531102309926
12,8,0.0,0.001,4,2,3.504323959350586,9.348913192749023,5.8445892333984375,1.8805910348892212,0.32116708159446716,5.855491246340791
9,8,0.1,0.001,4,2,14.625226020812988,9.350399017333984,-5.274827003479004,0.12637417018413544,1.7517644166946411,0.07214107615143113
9,64,0.1,0.005,16,1,3.0532073974609375,9.355384826660156,6.302177429199219,3.205122232437134,1.7517644166946411,1.8296536919529374
9,64,0.1,0.0005,4,2,14.656752586364746,9.393702507019043,-5.263050079345703,0.23006995022296906,1.7517644166946411,0.13133612489805113
3,64,0.4,0.001,4,2,6.550940990447998,9.394046783447266,2.8431057929992676,3.3626832962036133,4.9130449295043945,0.6844397607702776
9,32,0.2,0.0005,4,2,14.965105056762695,9.412840843200684,-5.552264213562012,0.18742722272872925,1.7517644166946411,0.10699339531189977
6,16,0.4,0.005,8,1,4.083334922790527,9.433259963989258,5.3499250411987305,6.964280605316162,4.662766456604004,1.4935941291789256
12,64,0.1,0.0005,4,2,14.682604789733887,9.446735382080078,-5.235869407653809,0.024222636595368385,0.32116708159446716,0.07542067037229533
9,8,0.0,0.0005,8,2,5.747805118560791,9.453316688537598,3.7055115699768066,2.670620918273926,1.7517644166946411,1.5245320048874216
6,16,0.1,0.0005,4,2,16.08638572692871,9.466060638427734,-6.620325088500977,0.30226874351501465,4.662766456604004,0.06482605258663623
6,64,0.2,0.005,16,1,4.20323371887207,9.473466873168945,5.270233154296875,5.079742431640625,4.662766456604004,1.0894267338751327
12,64,0.2,0.0001,4,2,14.83997631072998,9.492271423339844,-5.347704887390137,0.08379197865724564,0.32116708159446716,0.2608984029161759
3,32,0.3,0.005,8,1,5.0578837394714355,9.503186225891113,4.445302486419678,4.880107402801514,4.9130449295043945,0.9932959036248415
12,16,0.1,0.0005,4,2,14.45496940612793,9.5125732421875,-4.94239616394043,0.03152617812156677,0.32116708159446716,0.09816129961094333
6,16,0.2,0.0001,16,2,15.723298072814941,9.52249526977539,-6.200802803039551,0.23673999309539795,4.662766456604004,0.05077243205267049
3,32,0.4,0.001,4,2,6.674004554748535,9.541274070739746,2.867269515991211,3.250441074371338,4.9130449295043945,0.6615940055527291
9,64,0.4,0.0005,4,1,4.901322841644287,9.544656753540039,4.643333911895752,2.8979740142822266,1.7517644166946411,1.6543172053639146
12,32,0.3,0.0001,16,2,14.298260688781738,9.545201301574707,-4.753059387207031,0.06326309591531754,0.32116708159446716,0.1969787675662193
9,64,0.2,0.0005,16,2,14.936098098754883,9.545656204223633,-5.39044189453125,0.11600836366415024,1.7517644166946411,0.06622372423972592
6,16,0.0,0.001,4,1,4.683221817016602,9.583553314208984,4.900331497192383,4.990956783294678,4.662766456604004,1.070385323765433
9,32,0.4,0.0005,8,1,4.993662357330322,9.594388961791992,4.60072660446167,3.211167335510254,1.7517644166946411,1.833104557272217
12,16,0.1,0.001,16,2,14.59056282043457,9.608985900878906,-4.981576919555664,0.07349500060081482,0.32116708159446716,0.22883727758131778
3,16,0.1,0.001,4,1,6.4977030754089355,9.61324691772461,3.115543842315674,3.6343634128570557,4.9130449295043945,0.7397374672947828
6,32,0.1,0.0005,8,1,6.072504997253418,9.623147010803223,3.5506420135498047,6.349180698394775,4.662766456604004,1.361676755095091
9,32,0.1,0.001,8,2,14.831477165222168,9.62431812286377,-5.207159042358398,0.08661018311977386,1.7517644166946411,0.049441684220984675
12,32,0.1,0.005,16,1,2.8680999279022217,9.631573677062988,6.763473749160767,1.2732839584350586,0.32116708159446716,3.964553129522829
12,8,0.2,0.0005,4,2,14.675874710083008,9.634570121765137,-5.041304588317871,0.00038876268081367016,0.32116708159446716,0.0012104686410687473
6,8,0.3,0.0001,16,2,16.11020278930664,9.636528015136719,-6.473674774169922,0.04059367999434471,4.662766456604004,0.0087059217681492
9,16,0.1,0.0001,8,2,14.596186637878418,9.640602111816406,-4.955584526062012,0.024402791634202003,1.7517644166946411,0.013930407194962321
9,64,0.2,0.0001,4,2,15.003029823303223,9.657794952392578,-5.3452348709106445,0.12489931285381317,1.7517644166946411,0.07129914939674506
9,32,0.0,0.0005,16,1,5.075382232666016,9.674834251403809,4.599452018737793,3.1032700538635254,1.7517644166946411,1.7715110686624205
3,8,0.2,0.0001,16,1,16.99077796936035,9.68332290649414,-7.307455062866211,0.4763135015964508,4.9130449295043945,0.09694873717438182
9,16,0.1,0.0005,8,2,14.77734375,9.70345401763916,-5.07388973236084,0.16515444219112396,1.7517644166946411,0.09427891137482379
3,64,0.1,0.005,4,2,9.06203842163086,9.705085754394531,0.6430473327636719,0.9091905355453491,4.9130449295043945,0.18505642602317177
3,64,0.4,0.001,8,2,8.133103370666504,9.749428749084473,1.6163253784179688,3.2527503967285156,4.9130449295043945,0.6620640444777366
3,64,0.3,0.0005,8,1,7.6038818359375,9.75635051727295,2.152468681335449,5.307733535766602,4.9130449295043945,1.0803348253324485
6,8,0.3,0.005,8,2,5.006317615509033,9.760108947753906,4.753791332244873,2.6263413429260254,4.662766456604004,0.5632581788878287
6,64,0.3,0.0005,8,1,6.029059886932373,9.760626792907715,3.731566905975342,7.787263870239258,4.662766456604004,1.6700951983580354
9,64,0.2,0.0001,16,2,14.52454948425293,9.761892318725586,-4.762657165527344,0.06252588331699371,1.7517644166946411,0.03569308904845332
9,64,0.2,0.001,4,1,3.2776882648468018,9.772708892822266,6.495020627975464,2.838364362716675,1.7517644166946411,1.6202888560051418
9,16,0.3,0.0001,8,2,14.4473876953125,9.779128074645996,-4.668259620666504,0.09721549600362778,1.7517644166946411,0.05549575906277465
12,64,0.2,0.0005,16,2,15.320918083190918,9.787660598754883,-5.533257484436035,0.04767449200153351,0.32116708159446716,0.14844140241536763
12,32,0.4,0.0005,8,1,6.0479736328125,9.793807029724121,3.745833396911621,2.0358235836029053,0.32116708159446716,6.338830161222778
9,8,0.1,0.001,8,2,14.96570873260498,9.795872688293457,-5.169836044311523,0.18959535658359528,1.7517644166946411,0.1082310810613095
12,16,0.2,0.001,4,1,3.8530049324035645,9.831499099731445,5.978494167327881,3.3717870712280273,0.32116708159446716,10.498545039200287
3,8,0.0,0.001,4,2,5.8684468269348145,9.842208862304688,3.973762035369873,4.599007606506348,4.9130449295043945,0.9360809177395971
12,32,0.1,0.0005,8,1,5.059630393981934,9.867311477661133,4.807681083679199,0.6473594307899475,0.32116708159446716,2.0156468949932997
3,16,0.2,0.005,4,2,6.596416473388672,9.873248100280762,3.27683162689209,2.834108829498291,4.9130449295043945,0.5768538391494382
9,32,0.4,0.001,8,1,4.24157190322876,9.8776216506958,5.636049747467041,2.791830062866211,1.7517644166946411,1.5937246106037721
3,16,0.2,0.001,4,1,6.513075828552246,9.877861976623535,3.364786148071289,3.207671642303467,4.9130449295043945,0.6528887254908622
6,32,0.3,0.005,8,1,2.6516475677490234,9.887487411499023,7.23583984375,4.329728603363037,4.662766456604004,0.9285750516693204
12,8,0.2,0.001,16,2,14.723832130432129,9.90704345703125,-4.816788673400879,0.05954945087432861,0.32116708159446716,0.1854157984644292
9,32,0.3,0.0005,8,1,4.7671990394592285,9.921379089355469,5.15418004989624,2.4030601978302,1.7517644166946411,1.3717941607493502
3,16,0.3,0.001,4,1,6.665469646453857,9.928037643432617,3.2625679969787598,4.496589183807373,4.9130449295043945,0.9152346962682811
9,8,0.3,0.0001,16,1,15.20360279083252,9.944375038146973,-5.259227752685547,0.14523515105247498,1.7517644166946411,0.08290792395847121
12,32,0.2,0.0005,16,2,15.815469741821289,9.9453763961792,-5.87009334564209,0.0536421500146389,0.32116708159446716,0.16702256578827102
3,8,0.4,0.001,4,1,6.712399482727051,9.956530570983887,3.244131088256836,3.2739670276641846,4.9130449295043945,0.6663824725076242
12,32,0.3,0.005,16,1,2.9777731895446777,9.957000732421875,6.979227542877197,1.6358762979507446,0.32116708159446716,5.093536640895037
9,32,0.1,0.0005,4,1,4.448403835296631,9.958331108093262,5.509927272796631,3.4943618774414062,1.7517644166946411,1.9947670155527117
12,64,0.3,0.0001,8,2,14.782281875610352,10.023125648498535,-4.759156227111816,0.08855491131544113,0.32116708159446716,0.2757284802533346
3,64,0.4,0.0005,8,1,7.324747562408447,10.050835609436035,2.726088047027588,5.078619480133057,4.9130449295043945,1.0337010047749278
12,8,0.1,0.0001,16,2,14.791967391967773,10.060428619384766,-4.731538772583008,0.011314237490296364,0.32116708159446716,0.035228509205008376
12,8,0.2,0.0005,16,2,14.915863037109375,10.084592819213867,-4.831270217895508,0.2283920794725418,0.32116708159446716,0.7111316587573849
9,32,0.4,0.0005,4,1,4.665641784667969,10.097855567932129,5.43221378326416,2.8076934814453125,1.7517644166946411,1.6027802909383653
12,16,0.0,0.005,8,2,2.4369266033172607,10.0994291305542,7.6625025272369385,1.579698920249939,0.32116708159446716,4.918620278290541
6,16,0.1,0.0001,16,2,16.232839584350586,10.103126525878906,-6.12971305847168,0.07224588841199875,4.662766456604004,0.01549421123369259
9,8,0.1,0.0001,16,2,14.906012535095215,10.133049011230469,-4.772963523864746,0.03839820623397827,1.7517644166946411,0.02191973182468842
9,8,0.2,0.0001,8,2,14.994254112243652,10.170870780944824,-4.823383331298828,0.02533104084432125,1.7517644166946411,0.014460301055845018
3,8,0.1,0.0001,4,2,17.380672454833984,10.178285598754883,-7.202386856079102,0.06574805825948715,4.9130449295043945,0.013382344188356429
12,32,0.1,0.001,8,2,15.310894012451172,10.178654670715332,-5.13223934173584,0.025489401072263718,0.32116708159446716,0.07936492415635797
12,32,0.2,0.001,4,1,4.444211006164551,10.18218994140625,5.737978935241699,0.504669725894928,0.32116708159446716,1.571361932205016
12,16,0.3,0.0001,8,2,14.697113037109375,10.197793960571289,-4.499319076538086,0.04874367266893387,0.32116708159446716,0.1517704505298017
12,32,0.0,0.001,8,1,4.123780727386475,10.198585510253906,6.074804782867432,0.8133559226989746,0.32116708159446716,2.5325008984762234
12,8,0.1,0.0001,8,2,14.87978744506836,10.21225643157959,-4.6675310134887695,0.009481354616582394,0.32116708159446716,0.029521564194908236
12,32,0.1,0.001,4,2,15.245035171508789,10.220673561096191,-5.024361610412598,0.032161079347133636,0.32116708159446716,0.10013815608830966
3,32,0.4,0.001,8,1,7.115229606628418,10.220810890197754,3.105581283569336,4.179738998413086,4.9130449295043945,0.8507430846627163
3,16,0.2,0.005,16,1,7.019021987915039,10.229147911071777,3.2101259231567383,3.5292835235595703,4.9130449295043945,0.7183495315430768
12,64,0.3,0.005,8,1,2.3994054794311523,10.25744915008545,7.858043670654297,1.964061975479126,0.32116708159446716,6.115390050961442
9,32,0.2,0.0001,4,2,15.223203659057617,10.269586563110352,-4.953617095947266,0.08081147074699402,1.7517644166946411,0.04613147177602516
9,64,0.1,0.0005,4,1,4.471775531768799,10.274682998657227,5.802907466888428,5.489768028259277,1.7517644166946411,3.1338506342181436
9,64,0.1,0.0005,8,2,15.258865356445312,10.276177406311035,-4.982687950134277,0.11004622280597687,1.7517644166946411,0.06282021815103439
9,64,0.1,0.001,16,1,3.9589390754699707,10.293000221252441,6.334061145782471,2.862764835357666,1.7517644166946411,1.6342179393958365
12,16,0.2,0.0005,8,2,15.255651473999023,10.297131538391113,-4.95851993560791,0.1173088401556015,0.32116708159446716,0.3652579821481381
9,16,0.3,0.001,4,1,4.148223876953125,10.30416202545166,6.155938148498535,2.1208720207214355,1.7517644166946411,1.210706188862572
6,64,0.3,0.001,16,1,5.9429497718811035,10.329769134521484,4.386819362640381,6.967186450958252,4.662766456604004,1.4942173312348583
6,64,0.4,0.005,16,2,3.8475420475006104,10.34150505065918,6.493963003158569,5.4124674797058105,4.662766456604004,1.16078459645775
12,64,0.0,0.005,4,2,0.8590649366378784,10.364312171936035,9.505247235298157,1.0866401195526123,0.32116708159446716,3.3834106352303452
12,32,0.1,0.001,16,2,15.276575088500977,10.387646675109863,-4.888928413391113,0.020368391647934914,0.32116708159446716,0.06341992319640584
3,16,0.4,0.005,4,1,4.278648376464844,10.40140438079834,6.122756004333496,5.3842949867248535,4.9130449295043945,1.0959181249067056
12,8,0.0,0.005,4,2,1.8937535285949707,10.422760963439941,8.52900743484497,3.573502540588379,0.32116708159446716,11.126615227336988
3,8,0.4,0.005,16,2,7.690642356872559,10.432012557983398,2.74137020111084,4.9265217781066895,4.9130449295043945,1.0027430745689627
9,64,0.4,0.001,16,1,4.556216716766357,10.440070152282715,5.883853435516357,3.553290605545044,1.7517644166946411,2.0284066576998154
12,32,0.2,0.0005,8,1,4.594587802886963,10.443095207214355,5.848507404327393,0.48201024532318115,0.32116708159446716,1.5008083734179465
3,64,0.2,0.001,16,1,7.2375311851501465,10.452165603637695,3.214634418487549,4.497348785400391,4.9130449295043945,0.9153893053964118
3,32,0.0,0.005,4,1,5.358306884765625,10.453266143798828,5.094959259033203,6.682098865509033,4.9130449295043945,1.3600728186670772
6,8,0.2,0.0001,16,2,16.730743408203125,10.461203575134277,-6.269539833068848,0.04184234142303467,4.662766456604004,0.008973715885721064
9,16,0.1,0.0001,16,2,15.252192497253418,10.46442985534668,-4.787762641906738,0.04159053787589073,1.7517644166946411,0.023742083969468246
12,32,0.2,0.0001,16,2,15.229740142822266,10.469624519348145,-4.760115623474121,0.03353473171591759,0.32116708159446716,0.10441522073006657
12,64,0.2,0.0001,8,2,15.589049339294434,10.47705364227295,-5.111995697021484,0.027902226895093918,0.32116708159446716,0.08687760512867766
12,32,0.0,0.005,4,2,0.8636130690574646,10.477231979370117,9.613618910312653,0.3748776614665985,0.32116708159446716,1.1672356320127195
6,16,0.1,0.0001,4,2,16.586822509765625,10.47878360748291,-6.108038902282715,0.16388358175754547,4.662766456604004,0.03514728504693446
3,64,0.0,0.005,8,2,2.6223368644714355,10.485160827636719,7.862823963165283,5.7398576736450195,4.9130449295043945,1.168289269893575
9,32,0.1,0.0005,8,2,15.437013626098633,10.493648529052734,-4.943365097045898,0.05827720835804939,1.7517644166946411,0.033267720135571166
9,64,0.4,0.0005,16,1,5.19256591796875,10.49731731414795,5.304751396179199,3.2558341026306152,1.7517644166946411,1.85860271598276
9,8,0.2,0.0001,4,2,15.482573509216309,10.505064010620117,-4.977509498596191,0.1258620321750641,1.7517644166946411,0.07184872062451747
6,64,0.4,0.0005,8,1,6.2844696044921875,10.515092849731445,4.230623245239258,7.57355260848999,4.662766456604004,1.6242616221456598
3,64,0.4,0.001,16,2,8.56153678894043,10.516677856445312,1.9551410675048828,5.315001487731934,4.9130449295043945,1.0818141425521395
9,32,0.2,0.0001,8,2,15.230521202087402,10.527565956115723,-4.70295524597168,0.11465071886777878,1.7517644166946411,0.06544870861351908
12,64,0.1,0.005,16,1,3.6149163246154785,10.548649787902832,6.9337334632873535,1.5101855993270874,0.32116708159446716,4.702180534286438
9,32,0.1,0.0005,4,2,15.548347473144531,10.574922561645508,-4.973424911499023,0.1763065755367279,1.7517644166946411,0.1006451403262296
9,16,0.2,0.0001,8,2,15.337250709533691,10.578775405883789,-4.758475303649902,0.07658365368843079,1.7517644166946411,0.043718009658475936
9,16,0.2,0.0001,16,2,15.577168464660645,10.57925796508789,-4.997910499572754,0.04641066491603851,1.7517644166946411,0.026493668026211878
3,64,0.3,0.005,16,2,7.789247512817383,10.594472885131836,2.805225372314453,5.30087423324585,4.9130449295043945,1.0789386845238107
3,64,0.1,0.005,4,1,4.409952640533447,10.65412425994873,6.244171619415283,6.638913154602051,4.9130449295043945,1.351282809309003
9,32,0.0,0.005,8,2,1.825282096862793,10.675810813903809,8.850528717041016,5.864001274108887,1.7517644166946411,3.3474828111724744
6,32,0.1,0.0005,4,1,5.125274658203125,10.688437461853027,5.563162803649902,7.15863561630249,4.662766456604004,1.5352764679353645
9,32,0.1,0.005,16,1,2.606261730194092,10.759712219238281,8.15345048904419,2.5550575256347656,1.7517644166946411,1.4585622936991935
3,16,0.0,0.0005,8,2,8.414762496948242,10.795369148254395,2.3806066513061523,3.9701197147369385,4.9130449295043945,0.8080772253669225
3,64,0.3,0.005,8,1,4.735514163970947,10.820591926574707,6.08507776260376,5.287260055541992,4.9130449295043945,1.0761676580220785
12,32,0.1,0.001,8,1,4.23277473449707,10.820890426635742,6.588115692138672,1.843342661857605,0.32116708159446716,5.739513068108163
6,64,0.3,0.001,4,1,5.330952167510986,10.823685646057129,5.492733478546143,7.544273376464844,4.662766456604004,1.6179822529562213
3,32,0.0,0.001,16,2,7.547668933868408,10.827999114990234,3.280330181121826,5.402990341186523,4.9130449295043945,1.099723372920905
12,32,0.3,0.0005,4,1,3.5154786109924316,10.836526870727539,7.321048259735107,2.3785996437072754,0.32116708159446716,7.406112830426056
3,16,0.3,0.005,4,1,5.195892333984375,10.841071128845215,5.64517879486084,5.63705587387085,4.9130449295043945,1.1473650159432778
6,32,0.1,0.005,4,2,8.286206245422363,10.852561950683594,2.5663557052612305,0.8589122295379639,4.662766456604004,0.18420657297160206
9,64,0.1,0.0005,16,2,15.747822761535645,10.86799144744873,-4.879831314086914,0.06067853793501854,1.7517644166946411,0.03463852636618302
12,8,0.2,0.0001,16,2,15.618850708007812,10.883544921875,-4.7353057861328125,0.010681022889912128,0.32116708159446716,0.03325690427825008
6,64,0.0,0.005,16,1,2.9018666744232178,10.907075881958008,8.00520920753479,7.388843059539795,4.662766456604004,1.5846478969742896
3,64,0.4,0.005,4,1,3.7473926544189453,10.930533409118652,7.183140754699707,6.435787677764893,4.9130449295043945,1.3099386979174452
9,8,0.0,0.005,8,1,2.920414447784424,10.935124397277832,8.014709949493408,3.1929056644439697,1.7517644166946411,1.8226798272729965
9,8,0.3,0.005,16,1,4.416581630706787,10.947090148925781,6.530508518218994,2.8196427822113037,1.7517644166946411,1.6096015853156869
3,8,0.3,0.005,4,1,5.199228286743164,10.987133979797363,5.787905693054199,5.353607177734375,4.9130449295043945,1.08967193554129
12,32,0.1,0.0001,4,2,15.677630424499512,10.993440628051758,-4.684189796447754,0.030568266287446022,0.32116708159446716,0.09517870304667186
12,64,0.1,0.0001,8,2,15.590180397033691,11.022700309753418,-4.567480087280273,0.036065563559532166,0.32116708159446716,0.1122953304569103
12,64,0.1,0.001,16,2,15.833932876586914,11.032367706298828,-4.801565170288086,0.07029015570878983,0.32116708159446716,0.21885853107929706
12,8,0.1,0.0005,16,2,15.475961685180664,11.066943168640137,-4.409018516540527,0.030607715249061584,0.32116708159446716,0.0953015330746427
12,16,0.1,0.001,8,2,15.698995590209961,11.074533462524414,-4.624462127685547,0.026266926899552345,0.32116708159446716,0.081785862888399
3,64,0.2,0.005,4,1,6.354079723358154,11.078856468200684,4.724776744842529,7.3549041748046875,4.9130449295043945,1.4970154517896128
9,16,0.2,0.0005,16,2,15.49425983428955,11.121224403381348,-4.373035430908203,0.13454890251159668,1.7517644166946411,0.07680764675279426
3,64,0.2,0.0005,8,1,7.255591869354248,11.140445709228516,3.8848538398742676,5.433322906494141,4.9130449295043945,1.1058972560713443
12,64,0.1,0.0005,8,2,15.796843528747559,11.144248008728027,-4.652595520019531,0.03653356432914734,0.32116708159446716,0.11375251830845391
3,32,0.0,0.005,8,1,3.411717653274536,11.172247886657715,7.760530233383179,5.767146587371826,4.9130449295043945,1.173843648922948
6,64,0.2,0.005,4,2,7.058485507965088,11.196370124816895,4.137884616851807,1.9486372470855713,4.662766456604004,0.4179144002217102
9,64,0.2,0.0001,8,2,15.977622032165527,11.200302124023438,-4.77731990814209,0.10029471665620804,1.7517644166946411,0.057253541458189644
12,16,0.1,0.0005,8,2,15.686189651489258,11.21873664855957,-4.4674530029296875,0.032271672040224075,0.32116708159446716,0.10048250237853776
12,16,0.0,0.0005,16,2,5.357336521148682,11.225813865661621,5.8684773445129395,0.8601598739624023,0.32116708159446716,2.6782317468280055
3,32,0.2,0.001,8,1,6.954285144805908,11.228433609008789,4.274148464202881,3.8804397583007812,4.9130449295043945,0.7898237882982727
6,32,0.3,0.001,8,1,5.207425117492676,11.263850212097168,6.056425094604492,6.984248161315918,4.662766456604004,1.4978764701851914
9,32,0.1,0.0001,16,2,15.89503288269043,11.279796600341797,-4.615236282348633,0.011041868478059769,1.7517644166946411,0.006303283919246621
3,64,0.4,0.005,8,1,4.98690938949585,11.286334991455078,6.2994256019592285,5.693689346313477,4.9130449295043945,1.1588921794956657
12,64,0.2,0.001,8,1,3.855107545852661,11.292597770690918,7.437490224838257,1.3113253116607666,0.32116708159446716,4.083000365886057
9,32,0.1,0.0001,4,2,15.986898422241211,11.294800758361816,-4.6920976638793945,0.08550418168306351,1.7517644166946411,0.04881031996551176
3,16,0.2,0.005,4,1,3.4875857830047607,11.341819763183594,7.854233980178833,7.22519063949585,4.9130449295043945,1.4706135895697363
3,64,0.0,0.001,16,1,7.106154918670654,11.351187705993652,4.245032787322998,5.961653232574463,4.9130449295043945,1.2134334853672601
12,64,0.1,0.001,8,1,3.918745279312134,11.355798721313477,7.437053442001343,2.0109927654266357,0.32116708159446716,6.261515829838022
12,32,0.1,0.0001,8,2,15.802907943725586,11.363250732421875,-4.439657211303711,0.040047261863946915,0.32116708159446716,0.12469292203026582
3,8,0.1,0.005,8,1,5.591574668884277,11.385112762451172,5.7935380935668945,6.178796768188477,4.9130449295043945,1.2576308291183824
9,64,0.1,0.0001,4,2,16.02012062072754,11.386670112609863,-4.633450508117676,0.033320847898721695,1.7517644166946411,0.01902130650740922
3,16,0.3,0.001,4,2,8.037906646728516,11.406109809875488,3.3682031631469727,2.298489570617676,4.9130449295043945,0.4678340221996579
3,16,0.4,0.001,4,2,8.326133728027344,11.41464900970459,3.088515281677246,3.2680513858795166,4.9130449295043945,0.6651784041814539
3,32,0.2,0.005,8,2,7.231462478637695,11.437548637390137,4.206086158752441,2.273327350616455,4.9130449295043945,0.46271250990692203
3,32,0.1,0.005,4,1,3.579146146774292,11.437691688537598,7.858545541763306,7.467695236206055,4.9130449295043945,1.5199729176829169
6,64,0.2,0.001,8,1,5.558549404144287,11.454753875732422,5.896204471588135,8.612793922424316,4.662766456604004,1.84714246415361
3,16,0.0,0.005,8,1,5.312213897705078,11.45959758758545,6.147383689880371,5.344936847686768,4.9130449295043945,1.087907178619256
9,16,0.1,0.0005,16,2,15.932785034179688,11.470170021057129,-4.462615013122559,0.030790667980909348,1.7517644166946411,0.017576945671157918
6,32,0.4,0.001,4,1,4.804664134979248,11.478050231933594,6.673386096954346,6.405107021331787,4.662766456604004,1.3736709914475898
12,8,0.1,0.0005,4,2,16.078407287597656,11.480993270874023,-4.597414016723633,0.014464798383414745,0.32116708159446716,0.045038234652202705
12,32,0.1,0.0001,16,2,15.795480728149414,11.487320899963379,-4.308159828186035,0.05658433586359024,0.32116708159446716,0.17618348550128943
6,64,0.2,0.0005,4,1,5.130601406097412,11.489084243774414,6.358482837677002,7.063163757324219,4.662766456604004,1.5148010999608326
12,16,0.1,0.0001,16,2,15.7490816116333,11.505790710449219,-4.243290901184082,0.0008958734688349068,0.32116708159446716,0.0027894311720468063
9,16,0.0,0.001,4,2,3.3693277835845947,11.511429786682129,8.142102003097534,4.78661584854126,1.7517644166946411,2.7324540919566123
6,16,0.4,0.001,8,2,7.189066410064697,11.514006614685059,4.324940204620361,3.690253496170044,4.662766456604004,0.7914300513471861
12,16,0.1,0.001,16,1,5.085320949554443,11.526751518249512,6.441430568695068,0.09694314748048782,0.32116708159446716,0.301846462592628
12,64,0.3,0.001,16,1,4.800230979919434,11.545391082763672,6.745160102844238,1.183111310005188,0.32116708159446716,3.683787591590986
12,8,0.0,0.001,8,2,5.34535551071167,11.547606468200684,6.202250957489014,0.12687887251377106,0.32116708159446716,0.39505565727305486
3,16,0.1,0.005,16,1,6.654470920562744,11.559530258178711,4.905059337615967,4.2629594802856445,4.9130449295043945,0.8676817618103224
12,64,0.3,0.001,8,1,4.82033109664917,11.574206352233887,6.753875255584717,1.4481414556503296,0.32116708159446716,4.5089971502088
3,32,0.2,0.0005,4,1,6.6921491622924805,11.576821327209473,4.884672164916992,4.214680194854736,4.9130449295043945,0.8578550075014059
12,32,0.0,0.0005,8,1,4.746289253234863,11.583796501159668,6.837507247924805,2.18571138381958,0.32116708159446716,6.805527431293363
12,32,0.2,0.0001,8,2,15.995573997497559,11.610671997070312,-4.384902000427246,0.04220113530755043,0.32116708159446716,0.13139931744573116
9,16,0.3,0.0005,4,1,4.509552001953125,11.618342399597168,7.108790397644043,2.8269264698028564,1.7517644166946411,1.6137595003424665
9,8,0.4,0.0001,16,1,16.57166290283203,11.620495796203613,-4.951167106628418,0.2317112237215042,1.7517644166946411,0.13227305082421648
9,32,0.0,0.001,4,2,5.177986145019531,11.64852523803711,6.470539093017578,0.9612594246864319,1.7517644166946411,0.5487378414160321
12,32,0.2,0.005,8,1,3.386310338973999,11.657417297363281,8.271106958389282,0.633052408695221,0.32116708159446716,1.971099919557032
12,32,0.0,0.001,16,2,3.8933207988739014,11.691495895385742,7.798175096511841,0.8449721336364746,0.32116708159446716,2.6309425282364653
12,32,0.1,0.0005,16,2,16.06279945373535,11.697598457336426,-4.365200996398926,0.034815993160009384,0.32116708159446716,0.1084046129110175
6,32,0.0,0.001,16,2,5.482248783111572,11.709552764892578,6.227303981781006,7.855733871459961,4.662766456604004,1.6847796141137779
12,8,0.4,0.0001,16,2,16.15337371826172,11.71433162689209,-4.439042091369629,0.059943608939647675,0.32116708159446716,0.18664306641281989
9,64,0.0,0.005,8,2,1.9393479824066162,11.714659690856934,9.775311708450317,8.081697463989258,1.7517644166946411,4.6134613689884185
12,32,0.3,0.0005,16,1,6.205824851989746,11.725040435791016,5.5192155838012695,0.41838669776916504,0.32116708159446716,1.3027072877208992
9,64,0.1,0.0005,8,1,4.07866096496582,11.737462043762207,7.658801078796387,3.1687963008880615,1.7517644166946411,1.808916924381408
3,64,0.2,0.005,8,1,4.051036834716797,11.744014739990234,7.6929779052734375,7.173954486846924,4.9130449295043945,1.4601849952083787
12,16,0.2,0.001,8,1,4.250850200653076,11.753395080566406,7.50254487991333,1.8454397916793823,0.32116708159446716,5.746042784078324
3,8,0.2,0.005,4,2,8.584002494812012,11.758877754211426,3.174875259399414,2.469444751739502,4.9130449295043945,0.5026301992293419
6,64,0.0,0.005,8,2,3.191380262374878,11.76390266418457,8.572522401809692,6.769792079925537,4.662766456604004,1.4518831562617285
12,32,0.1,0.0005,8,2,15.995551109313965,11.778897285461426,-4.216653823852539,0.013726385310292244,0.32116708159446716,0.0427390791177794
12,16,0.4,0.001,4,1,5.201210975646973,11.788481712341309,6.587270736694336,0.11712642759084702,0.32116708159446716,0.36469001433571824
9,64,0.3,0.005,16,1,2.7270617485046387,11.803680419921875,9.076618671417236,4.422037601470947,1.7517644166946411,2.5243335001716587
12,16,0.1,0.005,16,1,2.378119945526123,11.822229385375977,9.444109439849854,2.3893566131591797,0.32116708159446716,7.439606205271636
9,64,0.3,0.0005,4,1,4.294500827789307,11.878242492675781,7.583741664886475,4.2777018547058105,1.7517644166946411,2.441939003862914
12,8,0.1,0.005,4,1,2.4236812591552734,11.879377365112305,9.455696105957031,3.1995837688446045,0.32116708159446716,9.962365236685965
3,16,0.2,0.005,8,1,5.73110294342041,11.899385452270508,6.168282508850098,4.746675968170166,4.9130449295043945,0.9661373010584271
3,8,0.4,0.005,8,1,6.0179057121276855,11.900129318237305,5.882223606109619,3.7933290004730225,4.9130449295043945,0.7720932853051836
9,32,0.1,0.0001,8,2,16.354984283447266,11.907028198242188,-4.447956085205078,0.033598415553569794,1.7517644166946411,0.019179756840229562
12,32,0.3,0.005,8,1,2.8055834770202637,11.970943450927734,9.16535997390747,1.0232324600219727,0.32116708159446716,3.1859817480111268
3,64,0.0,0.001,4,1,5.577866554260254,11.991653442382812,6.413786888122559,4.710190296173096,4.9130449295043945,0.958711016031404
9,16,0.0,0.001,16,2,4.198657989501953,12.0149507522583,7.816292762756348,2.041701555252075,1.7517644166946411,1.1655114898980017
12,64,0.2,0.0001,16,2,16.261899948120117,12.017583847045898,-4.244316101074219,0.07680622488260269,0.32116708159446716,0.23914725164637127
6,32,0.0,0.0005,8,2,6.33293342590332,12.024491310119629,5.691557884216309,8.252447128295898,4.662766456604004,1.7698607050343969
12,8,0.0,0.005,16,2,5.191414833068848,12.031766891479492,6.8403520584106445,0.5130910277366638,0.32116708159446716,1.5975828692946064
3,8,0.1,0.005,4,2,8.870506286621094,12.051653861999512,3.181147575378418,0.9869164228439331,4.9130449295043945,0.200876734694036
12,8,0.1,0.001,16,2,16.5140438079834,12.067451477050781,-4.446592330932617,0.028516726568341255,0.32116708159446716,0.08879093843231697
12,64,0.1,0.0001,16,2,16.39090347290039,12.085326194763184,-4.305577278137207,0.025556501001119614,0.32116708159446716,0.07957384945630705
9,8,0.0,0.001,8,1,4.868633270263672,12.08590030670166,7.217267036437988,1.5706162452697754,1.7517644166946411,0.8965910200604088
3,8,0.2,0.005,8,1,6.325267791748047,12.110221862792969,5.784954071044922,4.552994728088379,4.9130449295043945,0.9267154673766975
9,64,0.0,0.001,4,1,5.091811656951904,12.138082504272461,7.046270847320557,4.182226181030273,1.7517644166946411,2.3874364276228466
9,8,0.1,0.001,16,2,16.58262062072754,12.142090797424316,-4.440529823303223,0.09413295984268188,1.7517644166946411,0.053736083999410676
9,8,0.2,0.0001,16,1,16.655040740966797,12.149589538574219,-4.505451202392578,0.11669427901506424,1.7517644166946411,0.06661528108628423
9,32,0.3,0.001,4,1,4.012544631958008,12.18476390838623,8.172219276428223,3.151384115219116,1.7517644166946411,1.7989771256830192
6,8,0.0,0.005,8,2,3.32007098197937,12.189156532287598,8.869085550308228,5.278989791870117,4.662766456604004,1.1321583100936439
3,16,0.1,0.005,8,1,5.7238688468933105,12.198918342590332,6.4750494956970215,5.068171977996826,4.9130449295043945,1.0315745226673676
9,32,0.1,0.0005,16,2,16.82339096069336,12.204510688781738,-4.618880271911621,0.05150492489337921,1.7517644166946411,0.029401741696844442
9,32,0.2,0.0005,4,1,4.349320888519287,12.208813667297363,7.859492778778076,3.428807020187378,1.7517644166946411,1.95734482759794
3,32,0.0,0.001,8,1,6.811068534851074,12.210618019104004,5.39954948425293,4.517258167266846,4.9130449295043945,0.9194416562607185
9,8,0.1,0.0005,16,2,16.77297592163086,12.223044395446777,-4.549931526184082,0.07844025641679764,1.7517644166946411,0.04477785692485096
12,64,0.2,0.001,16,1,4.375082015991211,12.223801612854004,7.848719596862793,1.1486533880233765,0.32116708159446716,3.5764978849039197
3,64,0.4,0.001,16,1,7.412036895751953,12.24891185760498,4.836874961853027,7.220544815063477,4.9130449295043945,1.4696679795663607
9,16,0.2,0.001,8,1,4.466980457305908,12.251091957092285,7.784111499786377,1.3513636589050293,1.7517644166946411,0.7714300199423404
3,8,0.2,0.005,8,2,7.344299793243408,12.255542755126953,4.911242961883545,3.1109561920166016,4.9130449295043945,0.6332032856720528
12,8,0.2,0.0001,4,2,16.483230590820312,12.261059761047363,-4.222170829772949,0.05658703297376633,0.32116708159446716,0.17619188334257097
9,8,0.2,0.0001,16,2,16.83636474609375,12.276001930236816,-4.560362815856934,0.06639579683542252,1.7517644166946411,0.0379022408508006
9,32,0.0,0.001,16,2,4.183996677398682,12.292789459228516,8.108792781829834,4.09965181350708,1.7517644166946411,2.3402986009058266
6,8,0.0,0.0005,4,1,5.990175247192383,12.298528671264648,6.308353424072266,8.288010597229004,4.662766456604004,1.7774878228118132
3,16,0.0,0.005,4,1,2.9638900756835938,12.299112319946289,9.335222244262695,7.799628257751465,4.9130449295043945,1.5875344861823308
6,64,0.3,0.001,8,1,5.280773639678955,12.31512451171875,7.034350872039795,9.204023361206055,4.662766456604004,1.9739404593532974
12,8,0.3,0.0005,4,1,6.4565253257751465,12.383404731750488,5.926879405975342,0.19507315754890442,0.32116708159446716,0.6073883929213528
9,64,0.1,0.0001,16,2,16.78299903869629,12.42576789855957,-4.357231140136719,0.01609887182712555,1.7517644166946411,0.00919008953127504
12,32,0.3,0.001,8,1,4.412561893463135,12.426483154296875,8.01392126083374,0.9378030896186829,0.32116708159446716,2.9199850898879878
3,16,0.0,0.0005,4,2,6.191871166229248,12.430728912353516,6.238857746124268,3.642270088195801,4.9130449295043945,0.7413467901184483
12,64,0.4,0.001,8,1,4.16615104675293,12.437357902526855,8.271206855773926,0.4236668646335602,0.32116708159446716,1.3191478483106744
12,16,0.3,0.001,4,1,4.334732532501221,12.444371223449707,8.109638690948486,0.784759521484375,0.32116708159446716,2.4434618815488665
6,64,0.4,0.0005,4,1,5.02375602722168,12.489630699157715,7.465874671936035,8.544873237609863,4.662766456604004,1.8325758575164162
3,32,0.4,0.005,16,2,6.808695316314697,12.502863883972168,5.694168567657471,5.436515808105469,4.9130449295043945,1.1065471385082326
12,32,0.2,0.0001,4,2,16.661569595336914,12.516623497009277,-4.144946098327637,0.057846549898386,0.32116708159446716,0.18011357082799653
3,64,0.3,0.005,4,1,3.8043372631073,12.523133277893066,8.718796014785767,8.488724708557129,4.9130449295043945,1.7277930143849576
6,8,0.0,0.0005,4,2,7.423138618469238,12.529568672180176,5.1064300537109375,3.207425594329834,4.662766456604004,0.6878803869293237
9,64,0.2,0.005,8,1,2.6811344623565674,12.56039047241211,9.879256010055542,6.5605950355529785,1.7517644166946411,3.7451354605843608
12,16,0.1,0.0001,8,2,16.783802032470703,12.566157341003418,-4.217644691467285,0.025372907519340515,0.32116708159446716,0.07900220468851943
12,64,0.1,0.0001,4,2,16.95120620727539,12.602269172668457,-4.348937034606934,0.03219681978225708,0.32116708159446716,0.10024943908451837
9,64,0.1,0.0001,8,2,17.013479232788086,12.622966766357422,-4.390512466430664,0.023445768281817436,1.7517644166946411,0.013384087528194373
3,32,0.1,0.0005,4,1,6.4301910400390625,12.636897087097168,6.2067060470581055,4.373292922973633,4.9130449295043945,0.8901390045734409
6,32,0.0,0.001,8,1,4.87433385848999,12.689399719238281,7.815065860748291,7.2051777839660645,4.662766456604004,1.5452581318459933
6,16,0.2,0.001,4,1,5.106320858001709,12.69234561920166,7.586024761199951,8.974187850952148,4.662766456604004,1.9246487969050563
6,64,0.4,0.001,16,1,6.146722793579102,12.696680068969727,6.549957275390625,9.364404678344727,4.662766456604004,2.0083366313750637
12,64,0.2,0.001,4,1,3.4306256771087646,12.700489044189453,9.269863367080688,1.1874513626098633,0.32116708159446716,3.6973009709296427
12,64,0.0,0.0001,4,2,6.148011684417725,12.705348014831543,6.557336330413818,0.41324275732040405,0.32116708159446716,1.2866908877112115
9,16,0.1,0.001,16,1,4.91386079788208,12.761199951171875,7.847339153289795,2.5217909812927246,1.7517644166946411,1.4395719865408767
9,8,0.0,0.001,8,2,5.543477535247803,12.80515193939209,7.261674404144287,2.8506431579589844,1.7517644166946411,1.627298243297914
9,32,0.0,0.001,8,2,4.450902938842773,12.811798095703125,8.360895156860352,2.7892086505889893,1.7517644166946411,1.592228169500026
6,64,0.1,0.001,16,1,5.565451145172119,12.831228256225586,7.265777111053467,9.502756118774414,4.662766456604004,2.0380081668717076
9,64,0.3,0.001,16,1,4.110141277313232,12.843901634216309,8.733760356903076,5.032321929931641,1.7517644166946411,2.872716149484871
9,64,0.0,0.0001,4,2,5.073093414306641,12.84759521484375,7.774501800537109,3.060025453567505,1.7517644166946411,1.7468247581723275
6,32,0.0,0.001,8,2,4.495899677276611,12.86364459991455,8.36774492263794,6.547290325164795,4.662766456604004,1.4041643273579976
12,32,0.4,0.001,4,1,4.2621684074401855,12.873128890991211,8.610960483551025,0.8789499402046204,0.32116708159446716,2.736737326381591
3,8,0.3,0.005,8,2,7.395977973937988,12.875539779663086,5.479561805725098,3.57478666305542,4.9130449295043945,0.7276112297666344
9,16,0.1,0.0001,4,2,16.960464477539062,12.909712791442871,-4.050751686096191,0.022442318499088287,1.7517644166946411,0.012811265193657785
12,32,0.1,0.0005,4,2,17.185956954956055,12.987109184265137,-4.198847770690918,0.014072495512664318,0.32116708159446716,0.043816743119500165
3,8,0.0,0.005,4,2,3.0017786026000977,12.997446060180664,9.995667457580566,9.20609188079834,4.9130449295043945,1.873805758525194
9,32,0.0,0.0005,4,1,4.064663887023926,13.001411437988281,8.936747550964355,2.488175630569458,1.7517644166946411,1.420382562207955
3,64,0.2,0.0005,4,1,6.649742603302002,13.008033752441406,6.358291149139404,5.810461521148682,4.9130449295043945,1.1826599602733157
9,32,0.4,0.001,16,1,5.434940814971924,13.012246131896973,7.577305316925049,2.5117104053497314,1.7517644166946411,1.4338174593642066
3,64,0.1,0.0005,8,1,7.040603160858154,13.094413757324219,6.0538105964660645,6.182153224945068,4.9130449295043945,1.2583140015307566
12,8,0.1,0.001,8,2,17.693635940551758,13.09858226776123,-4.595053672790527,0.06690660119056702,0.32116708159446716,0.20832334639777614
6,64,0.4,0.001,4,1,5.556746006011963,13.11577320098877,7.559027194976807,8.163544654846191,4.662766456604004,1.7507942400340337
12,16,0.0,0.001,16,1,5.7403564453125,13.126463890075684,7.386107444763184,0.9764083027839661,0.32116708159446716,3.040187985445103
3,32,0.4,0.005,8,1,4.744855880737305,13.146068572998047,8.401212692260742,8.10004711151123,4.9130449295043945,1.6486816684431025
3,64,0.3,0.001,16,1,7.304219722747803,13.160179138183594,5.855959415435791,7.024260520935059,4.9130449295043945,1.4297163208812003
6,32,0.0,0.001,4,2,3.4449245929718018,13.173018455505371,9.72809386253357,6.502419948577881,4.662766456604004,1.394541204046007
3,32,0.0,0.001,4,1,5.748889446258545,13.213465690612793,7.464576244354248,3.7003591060638428,4.9130449295043945,0.753170215041595
9,16,0.0,0.001,8,1,4.5489888191223145,13.240538597106934,8.69154977798462,1.2570855617523193,1.7517644166946411,0.717611083871815
12,16,0.1,0.0005,16,2,17.430639266967773,13.262848854064941,-4.167790412902832,0.031275153160095215,0.32116708159446716,0.09737969721188885
9,64,0.0,0.0005,8,1,3.861570119857788,13.263716697692871,9.402146577835083,2.7532718181610107,1.7517644166946411,1.5717135203351646
3,64,0.4,0.0005,4,1,7.01066780090332,13.276908874511719,6.266241073608398,6.682126522064209,4.9130449295043945,1.36007844787576
6,32,0.0,0.005,16,1,3.212700128555298,13.310816764831543,10.098116636276245,9.04995346069336,4.662766456604004,1.940897865016521
3,32,0.2,0.001,4,1,6.571813106536865,13.330235481262207,6.758422374725342,5.129975318908691,4.9130449295043945,1.0441539600221363
6,32,0.3,0.005,16,1,5.66002082824707,13.331071853637695,7.671051025390625,9.041121482849121,4.662766456604004,1.9390037152823585
3,32,0.1,0.001,8,1,6.9786810874938965,13.349401473999023,6.370720386505127,5.945276737213135,4.9130449295043945,1.2101002173845106
3,8,0.2,0.001,4,1,6.892471790313721,13.359275817871094,6.466804027557373,6.718889236450195,4.9130449295043945,1.3675611220449324
3,32,0.2,0.005,4,1,3.5527102947235107,13.3642578125,9.81154751777649,9.092909812927246,4.9130449295043945,1.8507687072677548
9,64,0.3,0.0005,8,1,4.599178314208984,13.421539306640625,8.82236099243164,4.135988712310791,1.7517644166946411,2.36104162916774
3,64,0.2,0.001,4,1,5.747412204742432,13.430529594421387,7.683117389678955,5.746291160583496,4.9130449295043945,1.1695987402995631
9,16,0.0,0.005,4,2,1.6431933641433716,13.436115264892578,11.792921900749207,7.007727146148682,1.7517644166946411,4.000382174317355
12,64,0.3,0.001,4,1,3.660374402999878,13.533771514892578,9.8733971118927,1.6072609424591064,0.32116708159446716,5.004438607094143
6,16,0.2,0.005,4,1,2.2034335136413574,13.682257652282715,11.478824138641357,7.109674453735352,4.662766456604004,1.524776014390711
3,32,0.4,0.001,4,1,6.4925761222839355,13.730910301208496,7.2383341789245605,5.391269207000732,4.9130449295043945,1.0973376560479733
3,16,0.4,0.005,8,1,6.537910461425781,13.810205459594727,7.272294998168945,4.842825412750244,4.9130449295043945,0.9857075362098848
12,32,0.1,0.001,16,1,5.109020233154297,13.945328712463379,8.836308479309082,0.13379770517349243,0.32116708159446716,0.41659844000586826
12,32,0.2,0.005,16,1,3.424905300140381,13.985494613647461,10.56058931350708,2.6391937732696533,0.32116708159446716,8.217510213584477
6,64,0.1,0.0005,8,1,5.5132293701171875,13.994555473327637,8.48132610321045,9.006928443908691,4.662766456604004,1.931670506712154
12,16,0.0,0.001,8,1,4.334075927734375,14.020298957824707,9.686223030090332,1.7729432582855225,0.32116708159446716,5.520314378060051
12,64,0.2,0.0005,4,1,3.5361099243164062,14.021749496459961,10.485639572143555,3.4230265617370605,0.32116708159446716,10.658086578310241
6,64,0.1,0.0005,4,1,5.1839919090271,14.023782730102539,8.83979082107544,9.850545883178711,4.662766456604004,2.1125968831716015
3,64,0.0,0.005,8,1,2.8625659942626953,14.033868789672852,11.171302795410156,9.29317855834961,4.9130449295043945,1.891531360224516
9,32,0.1,0.001,16,1,4.563226699829102,14.07789421081543,9.514667510986328,4.190715789794922,1.7517644166946411,2.392282746387939
6,32,0.4,0.005,16,1,4.3369269371032715,14.103438377380371,9.7665114402771,8.153514862060547,4.662766456604004,1.7486432009719253
12,16,0.0,0.001,4,1,3.244420051574707,14.256264686584473,11.011844635009766,2.49025821685791,0.32116708159446716,7.753777891852321
6,8,0.0,0.005,8,1,3.319599151611328,14.276355743408203,10.956756591796875,10.071073532104492,4.662766456604004,2.159892335555549
12,64,0.0,0.001,16,1,4.332295894622803,14.289074897766113,9.95677900314331,0.03936178609728813,0.32116708159446716,0.12255859442964229
3,64,0.3,0.001,4,1,6.475522041320801,14.300247192382812,7.824725151062012,4.6736836433410645,4.9130449295043945,0.9512804605702078
3,64,0.1,0.001,4,1,5.976487159729004,14.35166072845459,8.375173568725586,5.255181312561035,4.9130449295043945,1.069638358282051
6,32,0.4,0.0005,4,1,5.608972549438477,14.354399681091309,8.745427131652832,6.896326065063477,4.662766456604004,1.4790202617366823
6,64,0.1,0.005,8,1,4.195131301879883,14.365806579589844,10.170675277709961,8.517091751098633,4.662766456604004,1.82661770225177
3,32,0.4,0.005,8,2,3.7426862716674805,14.367149353027344,10.624463081359863,7.18466854095459,4.9130449295043945,1.4623657312410017
12,64,0.0,0.005,16,1,2.0748019218444824,14.391927719116211,12.317125797271729,1.1509528160095215,0.32116708159446716,3.5836574853671097
12,64,0.0,0.001,4,2,2.8826544284820557,14.413846969604492,11.531192541122437,2.987140655517578,0.32116708159446716,9.300892982828781
9,16,0.0,0.0005,4,1,4.490325927734375,14.491856575012207,10.001530647277832,3.6540656089782715,1.7517644166946411,2.0859343723130497
12,16,0.0,0.001,4,2,2.5325493812561035,14.496683120727539,11.964133739471436,2.7314584255218506,0.32116708159446716,8.504789506948356
12,32,0.1,0.005,8,1,2.364804983139038,14.516327857971191,12.151522874832153,1.9896401166915894,0.32116708159446716,6.195031280334882
9,16,0.0,0.0005,4,2,4.732513904571533,14.520048141479492,9.787534236907959,1.8865652084350586,1.7517644166946411,1.0769514384786794
3,32,0.1,0.001,4,1,6.268097400665283,14.547650337219238,8.279552936553955,5.280724048614502,4.9130449295043945,1.0748373207218354
9,64,0.2,0.001,16,1,4.348301887512207,14.548544883728027,10.20024299621582,2.6616997718811035,1.7517644166946411,1.5194393415659144
6,64,0.0,0.0005,16,2,6.427918910980225,14.592531204223633,8.164612293243408,10.161186218261719,4.662766456604004,2.179218348770214
3,16,0.4,0.005,16,2,7.219470977783203,14.619610786437988,7.400139808654785,6.9598870277404785,4.9130449295043945,1.4166137553402265
12,16,0.2,0.001,16,1,5.001856327056885,14.65764045715332,9.655784130096436,1.700073003768921,0.32116708159446716,5.293422337459782
3,16,0.3,0.005,8,2,5.821811676025391,14.78220272064209,8.9603910446167,4.447840690612793,4.9130449295043945,0.9053124395224024
3,32,0.3,0.005,4,1,4.739959239959717,14.794757843017578,10.054798603057861,8.590333938598633,4.9130449295043945,1.7484745329746427
6,16,0.4,0.005,16,1,4.524982452392578,14.805841445922852,10.280858993530273,9.527618408203125,4.662766456604004,2.043340256664345
9,64,0.2,0.0005,8,1,4.485381126403809,14.841544151306152,10.356163024902344,4.303159236907959,1.7517644166946411,2.4564714272638777
6,16,0.1,0.001,4,1,4.602263450622559,14.846107482910156,10.243844032287598,7.158815383911133,4.662766456604004,1.5353150217875284
6,64,0.1,0.005,16,1,1.9008687734603882,14.959903717041016,13.059034943580627,8.3864164352417,4.662766456604004,1.7985924264690092
3,32,0.3,0.001,4,1,6.439582824707031,14.990493774414062,8.550910949707031,5.803417205810547,4.9130449295043945,1.1812261619996969
3,64,0.0,0.005,16,1,4.24205207824707,15.060705184936523,10.818653106689453,9.254547119140625,4.9130449295043945,1.8836683262479712
3,64,0.1,0.005,8,1,3.338369369506836,15.064231872558594,11.725862503051758,8.411613464355469,4.9130449295043945,1.7120978100243007
3,64,0.1,0.0005,4,1,6.61583137512207,15.070999145507812,8.455167770385742,6.327637672424316,4.9130449295043945,1.2879258714742956
9,64,0.0,0.001,16,2,4.1394171714782715,15.109457015991211,10.97003984451294,4.343130588531494,1.7517644166946411,2.4792891938782695
6,64,0.0,0.0005,8,2,5.098920822143555,15.150050163269043,10.051129341125488,8.46164321899414,4.662766456604004,1.814725935288842
3,16,0.3,0.005,16,2,7.565142631530762,15.178050994873047,7.612908363342285,4.894047737121582,4.9130449295043945,0.996133315966901
3,8,0.1,0.005,16,1,6.779695510864258,15.198119163513184,8.418423652648926,6.79633092880249,4.9130449295043945,1.3833235857438155
9,64,0.4,0.0005,8,1,4.485727787017822,15.21096134185791,10.725233554840088,3.535172939300537,1.7517644166946411,2.018064133287376
12,64,0.4,0.001,4,1,5.43501615524292,15.221702575683594,9.786686420440674,0.33108001947402954,0.32116708159446716,1.0308653608905016
3,64,0.4,0.001,4,1,6.458859443664551,15.226101875305176,8.767242431640625,5.2311553955078125,4.9130449295043945,1.0647481288219172
12,32,0.0,0.005,16,2,2.20804762840271,15.250690460205078,13.042642831802368,2.7385053634643555,0.32116708159446716,8.526731163943586
3,32,0.3,0.001,8,1,6.839512348175049,15.272107124328613,8.432594776153564,7.288935661315918,4.9130449295043945,1.4835882361961612
6,16,0.3,0.005,16,1,4.189417362213135,15.336705207824707,11.147287845611572,9.134903907775879,4.662766456604004,1.9591167588584377
9,32,0.2,0.001,8,1,4.002628326416016,15.392773628234863,11.390145301818848,4.295548439025879,1.7517644166946411,2.4521267803412963
12,64,0.3,0.0005,8,1,5.223410129547119,15.402667999267578,10.179257869720459,0.19321464002132416,0.32116708159446716,0.6016016307215861
9,64,0.3,0.0005,16,1,4.746026039123535,15.40934944152832,10.663323402404785,4.229387283325195,1.7517644166946411,2.41435848508986
3,8,0.3,0.005,8,1,6.257487773895264,15.484720230102539,9.227232456207275,6.838866233825684,4.9130449295043945,1.3919812116425234
12,64,0.2,0.0005,16,1,5.214194297790527,15.52266788482666,10.308473587036133,1.5067882537841797,0.32116708159446716,4.6916024092617885
12,64,0.4,0.001,16,1,4.752127170562744,15.56132984161377,10.809202671051025,0.6946529150009155,0.32116708159446716,2.1629019747361387
3,64,0.3,0.005,16,1,5.815738677978516,15.586256980895996,9.77051830291748,9.28209400177002,4.9130449295043945,1.889275212206609
6,64,0.0,0.0005,4,1,4.5676045417785645,15.608170509338379,11.040565967559814,7.512783527374268,4.662766456604004,1.6112287838765131
9,32,0.2,0.001,16,1,4.343724727630615,15.668248176574707,11.324523448944092,4.185147285461426,1.7517644166946411,2.3891039488964343
9,64,0.2,0.0001,4,1,5.161113739013672,15.681365966796875,10.520252227783203,4.412164688110352,1.7517644166946411,2.51869751780639
12,32,0.2,0.001,8,1,5.041634559631348,15.730694770812988,10.68906021118164,0.8432040214538574,0.32116708159446716,2.6254372561088264
12,16,0.0,0.0005,4,2,5.287283897399902,15.783063888549805,10.495779991149902,0.5725336074829102,0.32116708159446716,1.7826659090978687
3,64,0.3,0.0005,4,1,6.690887928009033,15.862019538879395,9.171131610870361,7.598058223724365,4.9130449295043945,1.5465069692515152
3,16,0.1,0.005,4,1,6.275876998901367,15.87197494506836,9.596097946166992,10.180282592773438,4.9130449295043945,2.0720923050464304
6,64,0.3,0.0005,4,1,4.9618239402771,15.906621932983398,10.944797992706299,7.631251335144043,4.662766456604004,1.6366359769822254
3,64,0.4,0.001,8,1,6.798161506652832,15.949423789978027,9.151262283325195,7.194332122802734,4.9130449295043945,1.4643326543990034
9,64,0.0,0.001,8,1,3.3476057052612305,15.953666687011719,12.606060981750488,5.983874320983887,1.7517644166946411,3.415912701477693
9,64,0.0,0.0005,4,2,3.70452618598938,15.98473072052002,12.28020453453064,6.312056541442871,1.7517644166946411,3.6032565117134454
3,64,0.4,0.005,16,1,5.432271480560303,16.017427444458008,10.585155963897705,9.743013381958008,4.9130449295043945,1.9830906335596727
9,64,0.0,0.001,16,1,4.195592403411865,16.204084396362305,12.00849199295044,5.405694007873535,1.7517644166946411,3.085856726142091
3,64,0.0,0.005,16,2,3.75578236579895,16.22018814086914,12.46440577507019,11.25394058227539,4.9130449295043945,2.290624397650407
3,64,0.0,0.0005,4,1,6.55437707901001,16.24509048461914,9.69071340560913,8.162651062011719,4.9130449295043945,1.6614240616837042
9,32,0.3,0.001,16,1,4.88795280456543,16.273958206176758,11.386005401611328,4.421485424041748,1.7517644166946411,2.52401828802102
12,32,0.3,0.001,16,1,4.486044883728027,16.288240432739258,11.80219554901123,0.030860934406518936,0.32116708159446716,0.09608996741915964
9,64,0.2,0.0005,4,1,4.542703628540039,16.32747459411621,11.784770965576172,3.1861464977264404,1.7517644166946411,1.8188213365689307
12,64,0.0,0.001,8,1,3.230590581893921,16.373119354248047,13.142528772354126,2.1209805011749268,0.32116708159446716,6.603978498185741
12,64,0.1,0.0005,8,1,4.664877891540527,16.382244110107422,11.717366218566895,1.3521181344985962,0.32116708159446716,4.210014699470027
3,32,0.0,0.0005,4,2,6.769582748413086,16.399948120117188,9.630365371704102,8.528267860412598,4.9130449295043945,1.735841618137388
6,64,0.0,0.001,16,1,5.461853504180908,16.417757034301758,10.95590353012085,10.018983840942383,4.662766456604004,2.148720922265412
12,16,0.4,0.0005,4,1,5.211117744445801,16.461923599243164,11.250805854797363,1.6580407619476318,0.32116708159446716,5.162548894227008
9,32,0.3,0.0005,4,1,4.183602809906006,16.536832809448242,12.353229999542236,3.4172396659851074,1.7517644166946411,1.95074156856834
12,16,0.0,0.005,16,1,3.5876173973083496,16.618576049804688,13.030958652496338,1.1786160469055176,0.32116708159446716,3.6697909420048793
3,16,0.4,0.005,16,1,6.515316009521484,16.71408462524414,10.198768615722656,9.269963264465332,4.9130449295043945,1.8868061248119796
3,64,0.2,0.001,8,1,6.6643757820129395,16.742748260498047,10.078372478485107,7.152486324310303,4.9130449295043945,1.455815370496075
12,64,0.1,0.001,16,1,4.598996639251709,16.885101318359375,12.286104679107666,0.27261796593666077,0.32116708159446716,0.8488353307668417
12,32,0.0,0.001,8,2,3.2812087535858154,16.909997940063477,13.628789186477661,3.339461326599121,0.32116708159446716,10.39789417402313
3,8,0.0,0.005,16,1,6.12321138381958,16.913896560668945,10.790685176849365,8.275453567504883,4.9130449295043945,1.684383856904739
12,64,0.1,0.001,4,1,3.2595341205596924,16.950538635253906,13.691004514694214,1.9477670192718506,0.32116708159446716,6.064653356134633
12,8,0.2,0.0005,4,1,4.519302845001221,17.00466537475586,12.485362529754639,0.5519874691963196,0.32116708159446716,1.7186925461224754
12,32,0.2,0.001,16,1,4.883964538574219,17.160032272338867,12.276067733764648,0.038378581404685974,0.32116708159446716,0.11949724490489978
3,32,0.1,0.005,16,1,5.851734638214111,17.17959976196289,11.32786512374878,9.340398788452148,4.9130449295043945,1.9011425546630132
3,32,0.1,0.005,8,1,4.881392955780029,17.234516143798828,12.353123188018799,9.881453514099121,4.9130449295043945,2.0112687052295932
12,64,0.1,0.0005,4,1,4.048999786376953,17.267881393432617,13.218881607055664,2.458994150161743,0.32116708159446716,7.656432713943822
12,32,0.0,0.001,4,1,3.208111524581909,17.383384704589844,14.175273180007935,0.7252063155174255,0.32116708159446716,2.2580343910623215
3,8,0.4,0.005,8,2,7.277759552001953,17.38638687133789,10.108627319335938,7.321987628936768,4.9130449295043945,1.4903156258486274
12,32,0.0,0.0005,4,1,4.086430072784424,17.42215919494629,13.335729122161865,2.4587957859039307,0.32116708159446716,7.655815078235867
3,64,0.1,0.001,8,1,6.611225605010986,17.507909774780273,10.896684169769287,8.568342208862305,4.9130449295043945,1.7439983415186557
12,32,0.0,0.0005,8,2,5.681609630584717,17.524658203125,11.843048572540283,0.9728571772575378,0.32116708159446716,3.0291310442766672
12,64,0.0,0.001,8,2,3.0433993339538574,17.690093994140625,14.646694660186768,2.7027108669281006,0.32116708159446716,8.415279839733927
9,16,0.3,0.001,8,1,4.728366851806641,17.759218215942383,13.030851364135742,1.931021809577942,1.7517644166946411,1.1023296233071893
12,32,0.2,0.0005,4,1,4.831338405609131,17.90635108947754,13.075012683868408,1.0841869115829468,0.32116708159446716,3.3757722186233683
3,32,0.4,0.005,16,1,6.793471813201904,17.912002563476562,11.118530750274658,9.533753395080566,4.9130449295043945,1.9404979054490934
3,64,0.1,0.005,16,1,5.6181721687316895,17.939468383789062,12.321296215057373,8.637706756591797,4.9130449295043945,1.758116785116217
9,64,0.0,0.0005,8,2,4.06673526763916,17.95467758178711,13.88794231414795,8.47482967376709,1.7517644166946411,4.8378820764940675
12,32,0.0,0.0005,16,2,5.335413932800293,18.146438598632812,12.81102466583252,0.13182994723320007,0.32116708159446716,0.4104715420357425
3,8,0.0,0.005,16,2,5.168582916259766,18.178958892822266,13.0103759765625,9.786355972290039,4.9130449295043945,1.9919125741187231
3,32,0.0,0.001,8,2,6.500176906585693,18.26481819152832,11.764641284942627,7.857131481170654,4.9130449295043945,1.599238678642258
6,64,0.1,0.001,8,1,4.682453155517578,18.316059112548828,13.63360595703125,12.387860298156738,4.662766456604004,2.656761905930646
3,16,0.3,0.005,8,1,5.347945690155029,18.393449783325195,13.045504093170166,7.999438285827637,4.9130449295043945,1.6282037719192166
6,16,0.0,0.001,4,2,5.0438055992126465,18.48660659790039,13.442800998687744,12.568395614624023,4.662766456604004,2.6954804045188796
3,64,0.0,0.001,8,1,6.253483295440674,18.564035415649414,12.31055212020874,7.511720180511475,4.9130449295043945,1.528933744407915
6,64,0.4,0.001,8,1,4.87318229675293,18.68480110168457,13.81161880493164,12.290658950805664,4.662766456604004,2.635915623309434
3,32,0.3,0.005,16,1,6.521653652191162,18.696334838867188,12.174681186676025,9.449459075927734,4.9130449295043945,1.923340659716082
3,32,0.0,0.005,16,1,5.559025287628174,18.712318420410156,13.153293132781982,10.118046760559082,4.9130449295043945,2.059424838514502
3,32,0.2,0.005,8,1,5.788555145263672,18.729482650756836,12.940927505493164,9.004064559936523,4.9130449295043945,1.832685165540469
12,16,0.0,0.001,16,2,4.882006645202637,18.75100326538086,13.868996620178223,0.6399793028831482,0.32116708159446716,1.9926678030198637
6,64,0.0,0.001,8,2,4.363594055175781,18.82868194580078,14.465087890625,12.623172760009766,4.662766456604004,2.7072281825591373
3,32,0.2,0.005,16,1,5.884274005889893,18.89101219177246,13.006738185882568,10.851065635681152,4.9130449295043945,2.208623326547872
3,32,0.0,0.005,8,2,13.034868240356445,18.89181137084961,5.856943130493164,12.641889572143555,4.9130449295043945,2.5731272059461525
3,32,0.0,0.001,4,2,6.29418420791626,18.919288635253906,12.625104427337646,8.696209907531738,4.9130449295043945,1.7700245025866215
9,64,0.1,0.0005,16,1,4.3402886390686035,19.037240982055664,14.69695234298706,4.759355068206787,1.7517644166946411,2.7168921932933716
3,16,0.0,0.001,4,2,6.335999011993408,19.10072135925293,12.764722347259521,8.354452133178711,4.9130449295043945,1.7004632062303304
6,64,0.0,0.001,16,2,4.768540859222412,19.149513244628906,14.380972385406494,12.024496078491211,4.662766456604004,2.578833014778295
3,16,0.0,0.005,16,1,6.6012396812438965,19.1873779296875,12.586138248443604,9.424139976501465,4.9130449295043945,1.91818721622237
3,64,0.3,0.001,8,1,6.713571548461914,19.360624313354492,12.647052764892578,9.139288902282715,4.9130449295043945,1.8602086961180395
6,64,0.0,0.0005,4,2,4.6970953941345215,19.39535140991211,14.698256015777588,10.450013160705566,4.662766456604004,2.2411616060900768
12,64,0.3,0.0005,4,1,4.244583606719971,19.43263816833496,15.18805456161499,2.019765853881836,0.32116708159446716,6.288832105253439
12,64,0.0,0.0005,16,1,4.878024101257324,19.46232032775879,14.584296226501465,0.5023013949394226,0.32116708159446716,1.5639877924153853
3,64,0.2,0.005,16,1,5.345902919769287,19.48923683166504,14.143333911895752,11.563023567199707,4.9130449295043945,2.3535350751140256
3,64,0.0,0.0005,8,2,6.918415546417236,19.604799270629883,12.686383724212646,10.326723098754883,4.9130449295043945,2.101898770910812
3,64,0.0,0.001,16,2,7.134617805480957,19.70128631591797,12.566668510437012,11.144777297973633,4.9130449295043945,2.268405328647761
12,16,0.0,0.001,8,2,4.650324821472168,19.87577247619629,15.225447654724121,1.1550772190093994,0.32116708159446716,3.596499408578548
3,16,0.0,0.005,16,2,6.218916893005371,19.989347457885742,13.770430564880371,10.06973934173584,4.9130449295043945,2.049592357941581
12,64,0.0,0.0005,8,1,4.7615647315979,20.16085433959961,15.399289608001709,0.1804586499929428,0.32116708159446716,0.561884017182076
12,64,0.0,0.001,16,2,4.259891986846924,20.203887939453125,15.943995952606201,0.9342195987701416,0.32116708159446716,2.9088273746241735
12,16,0.0,0.0005,8,1,5.185747146606445,20.223190307617188,15.037443161010742,0.21986763179302216,0.32116708159446716,0.6845895622349171
3,8,0.4,0.005,4,2,4.945526123046875,20.37697982788086,15.431453704833984,9.324076652526855,4.9130449295043945,1.8978203509869846
9,32,0.2,0.0005,8,1,4.535693645477295,20.456544876098633,15.920851230621338,3.859987497329712,1.7517644166946411,2.2034855032693392
12,64,0.2,0.0005,8,1,4.654919624328613,20.608844757080078,15.953925132751465,0.1198076456785202,0.32116708159446716,0.37303837330937767
3,64,0.0,0.001,8,2,6.26487398147583,20.63104820251465,14.366174221038818,8.999137878417969,4.9130449295043945,1.831682389952367
3,8,0.0,0.005,8,1,5.460671901702881,20.770854949951172,15.310183048248291,9.91225814819336,4.9130449295043945,2.017538673148927
9,32,0.1,0.0005,8,1,4.441026210784912,20.8626708984375,16.421644687652588,7.8349456787109375,1.7517644166946411,4.47260236824224
3,32,0.0,0.005,16,2,6.269506454467773,20.885690689086914,14.61618423461914,11.35914134979248,4.9130449295043945,2.3120369369262694
6,32,0.2,0.001,4,1,5.8226447105407715,20.945112228393555,15.122467517852783,13.906536102294922,4.662766456604004,2.982464644481328
12,64,0.1,0.0005,16,1,4.965092182159424,21.186126708984375,16.22103452682495,1.5146214962005615,0.32116708159446716,4.7159923385705245
12,64,0.3,0.0005,16,1,5.761083602905273,21.449234008789062,15.688150405883789,0.595650315284729,0.32116708159446716,1.8546431107682688
9,32,0.0,0.0005,16,2,4.796916961669922,21.46003532409668,16.663118362426758,3.7980098724365234,1.7517644166946411,2.1681053891954774
3,64,0.0,0.0005,4,2,6.720898151397705,22.31922149658203,15.598323345184326,12.351568222045898,4.9130449295043945,2.514035267186508
9,64,0.0,0.0005,16,1,4.462042808532715,22.581506729125977,18.11946392059326,5.853592395782471,1.7517644166946411,3.341540871590178
9,8,0.1,0.001,8,1,5.443301200866699,23.00145149230957,17.55815029144287,4.76275634765625,1.7517644166946411,2.7188338239242076
12,16,0.4,0.001,16,1,5.487487316131592,23.011621475219727,17.524134159088135,1.8444081544876099,0.32116708159446716,5.742830632986591
12,16,0.0,0.0005,8,2,5.232901096343994,24.00315284729004,18.770251750946045,0.23470063507556915,0.32116708159446716,0.7307742559118251
12,64,0.4,0.0005,16,1,5.172626972198486,25.164966583251953,19.992339611053467,0.43807366490364075,0.32116708159446716,1.3640054974774463
12,64,0.0,0.001,4,1,2.120471239089966,25.37584686279297,23.255375623703003,4.602535724639893,0.32116708159446716,14.33065836570214
12,64,0.0,0.0005,8,2,4.584832191467285,25.475143432617188,20.890311241149902,0.620914101600647,0.32116708159446716,1.9333055508617345
3,16,0.0,0.005,8,2,2.656816005706787,26.302282333374023,23.645466327667236,17.495731353759766,4.9130449295043945,3.561077011262882
9,64,0.0,0.0005,16,2,4.631546974182129,26.459638595581055,21.828091621398926,7.551922798156738,1.7517644166946411,4.311037903376452
12,32,0.0,0.0005,4,2,3.5916473865509033,26.96459197998047,23.372944593429565,3.292417526245117,0.32116708159446716,10.25141652095716
12,64,0.4,0.0005,8,1,5.097590923309326,27.68853759765625,22.590946674346924,1.7980667352676392,0.32116708159446716,5.5985399448192235
3,8,0.0,0.005,8,2,3.514268636703491,29.486825942993164,25.972557306289673,18.709104537963867,4.9130449295043945,3.808046701468117
12,64,0.0,0.0005,4,2,9.013476371765137,30.223045349121094,21.209568977355957,2.8294036388397217,0.32116708159446716,8.809756045958554
6,64,0.0,0.001,8,1,4.282065391540527,36.72496032714844,32.44289493560791,28.409990310668945,4.662766456604004,6.092947303940368
12,64,0.0,0.0005,16,2,5.180352210998535,37.313720703125,32.133368492126465,2.3228564262390137,0.32116708159446716,7.232548288283323
