seq_length,hidden_size,dropout,lr,batch_size,num_layers,train_rmse,test_rmse,rmse_gap,test_pred_std,test_actual_std,test_std_ratio
12,64,0.0,0.001,8,1,0.9625447988510132,0.08939120918512344,-0.8731535896658897,0.24442052841186523,0.3633994162082672,0.672594719502207
12,16,0.0,0.005,16,2,0.6498080492019653,0.09491080045700073,-0.5548972487449646,0.2917253077030182,0.3633994162082672,0.8027676839630034
12,64,0.0,0.001,4,2,0.8719694018363953,0.09533553570508957,-0.7766338661313057,0.23455412685871124,0.3633994162082672,0.6454444239511005
12,8,0.1,0.005,16,1,0.836177408695221,0.09904959797859192,-0.737127810716629,0.24687685072422028,0.3633994162082672,0.6793540102517202
12,32,0.3,0.001,16,1,1.3129081726074219,0.11883170902729034,-1.1940764635801315,0.20035213232040405,0.3633994162082672,0.5513276119452558
12,16,0.2,0.005,16,1,1.0195696353912354,0.13378770649433136,-0.885781928896904,0.17713983356952667,0.3633994162082672,0.4874521687949173
12,32,0.0,0.001,8,1,1.0557411909103394,0.1356184482574463,-0.9201227426528931,0.20116066932678223,0.3633994162082672,0.5535525384870057
12,32,0.1,0.005,16,1,0.6564497351646423,0.1524675190448761,-0.5039822161197662,0.27779054641723633,0.3633994162082672,0.7644221042392436
12,64,0.4,0.001,16,1,1.2778904438018799,0.1529131531715393,-1.1249772906303406,0.15037760138511658,0.3633994162082672,0.41380804337598037
12,8,0.2,0.005,8,1,0.9710513949394226,0.16308815777301788,-0.8079632371664047,0.13366080820560455,0.3633994162082672,0.36780688752951224
12,32,0.0,0.001,16,1,1.1839048862457275,0.16402684152126312,-1.0198780447244644,0.15637964010238647,0.3633994162082672,0.43032441200390925
12,8,0.4,0.005,8,1,1.1380001306533813,0.16448332369327545,-0.9735168069601059,0.14931027591228485,0.3633994162082672,0.4108709845222038
12,32,0.0,0.005,8,1,0.49930980801582336,0.17067143321037292,-0.32863837480545044,0.18025903403759003,0.3633994162082672,0.4960355630683845
12,64,0.0,0.005,8,2,0.5266005396842957,0.1749267578125,-0.35167378187179565,0.17203634977340698,0.3633994162082672,0.47340843738398175
12,16,0.0,0.005,4,1,1.0680464506149292,0.17638172209262848,-0.8916647285223007,0.16994452476501465,0.3633994162082672,0.46765216779439744
12,64,0.0,0.001,16,2,1.0180436372756958,0.17731621861457825,-0.8407274186611176,0.12882909178733826,0.3633994162082672,0.35451100370922234
12,8,0.3,0.005,16,1,1.076780915260315,0.17737780511379242,-0.8994031101465225,0.11271820962429047,0.3633994162082672,0.31017718960696056
12,32,0.3,0.0005,4,1,1.2653090953826904,0.18112441897392273,-1.0841846764087677,0.17253823578357697,0.3633994162082672,0.4747895238353764
12,64,0.4,0.005,8,1,0.6584115624427795,0.18737179040908813,-0.4710397720336914,0.10016704350709915,0.3633994162082672,0.27563897749822636
12,32,0.4,0.001,4,2,1.338409185409546,0.19233663380146027,-1.1460725516080856,0.12053611129522324,0.3633994162082672,0.3316904373510138
12,8,0.3,0.001,4,1,1.253900408744812,0.19315886497497559,-1.0607415437698364,0.13902002573013306,0.3633994162082672,0.38255434524545173
12,64,0.0,0.0005,4,2,0.7998619079589844,0.1955973356962204,-0.604264572262764,0.13370531797409058,0.3633994162082672,0.36792936920257174
12,32,0.4,0.0005,4,1,1.353318214416504,0.19769082963466644,-1.1556273847818375,0.16848674416542053,0.3633994162082672,0.46364065722345404
12,8,0.0,0.0001,16,1,3.8474578857421875,0.19993449747562408,-3.6475233882665634,0.08468583226203918,0.3633994162082672,0.23303788747284346
12,16,0.1,0.001,4,1,1.4256000518798828,0.20059321820735931,-1.2250068336725235,0.1402089148759842,0.3633994162082672,0.38582592217382455
12,8,0.1,0.005,4,1,1.435760259628296,0.20091809332370758,-1.2348421663045883,0.20987765491008759,0.3633994162082672,0.5775398791224391
12,64,0.2,0.001,4,1,0.7620539665222168,0.20220398902893066,-0.5598499774932861,0.1692131906747818,0.3633994162082672,0.4656396877033075
12,32,0.0,0.001,4,1,0.8188503384590149,0.20314233005046844,-0.6157080084085464,0.23641027510166168,0.3633994162082672,0.6505521598476455
12,64,0.2,0.0005,16,1,1.6078760623931885,0.20335841178894043,-1.404517650604248,0.13284990191459656,0.3633994162082672,0.36557544120670565
12,32,0.1,0.0005,4,1,1.2716962099075317,0.20622260868549347,-1.0654736012220383,0.13153526186943054,0.3633994162082672,0.3619578238233784
12,32,0.3,0.001,8,1,1.1370799541473389,0.20819103717803955,-0.9288889169692993,0.15563532710075378,0.3633994162082672,0.42827621663420035
12,8,0.0,0.005,16,2,0.802663266658783,0.20982344448566437,-0.5928398221731186,0.3404518663883209,0.3633994162082672,0.9368530911266107
12,64,0.3,0.0005,4,1,1.1641838550567627,0.2119089961051941,-0.9522748589515686,0.14786480367183685,0.3633994162082672,0.40689334400882554
12,16,0.4,0.005,8,2,1.447806715965271,0.21317215263843536,-1.2346345633268356,0.08325739204883575,0.3633994162082672,0.22910711557423155
12,16,0.0,0.0001,4,2,2.4056098461151123,0.2191130816936493,-2.186496764421463,0.083163321018219,0.3633994162082672,0.22884825156284072
12,64,0.0,0.0001,16,2,2.2226216793060303,0.219980850815773,-2.0026408284902573,0.06645816564559937,0.3633994162082672,0.182879120552884
12,8,0.3,0.0005,16,2,3.300741672515869,0.22153151035308838,-3.0792101621627808,0.07340733706951141,0.3633994162082672,0.20200180241192534
12,32,0.4,0.001,8,1,1.2706340551376343,0.22215348482131958,-1.0484805703163147,0.15644049644470215,0.3633994162082672,0.43049187606576894
12,32,0.1,0.001,4,1,0.7786514759063721,0.22261524200439453,-0.5560362339019775,0.19956077635288239,0.3633994162082672,0.5491499640673954
12,64,0.1,0.001,8,1,1.1876585483551025,0.2227812558412552,-0.9648772925138474,0.16839975118637085,0.3633994162082672,0.4634012705454088
12,32,0.4,0.005,8,1,0.6510480642318726,0.2231571227312088,-0.42789094150066376,0.10213614255189896,0.3633994162082672,0.2810575306300544
12,32,0.0,0.0001,8,2,2.3747434616088867,0.2231673151254654,-2.1515761464834213,0.04786314070224762,0.3633994162082672,0.13170945952983276
12,8,0.1,0.001,4,1,1.451668381690979,0.22665628790855408,-1.225012093782425,0.17475010454654694,0.3633994162082672,0.48087612899850174
12,64,0.2,0.0005,4,1,1.2568602561950684,0.22789813578128815,-1.0289621204137802,0.16273269057273865,0.3633994162082672,0.4478066923461297
12,64,0.4,0.005,8,2,1.5181033611297607,0.23059698939323425,-1.2875063717365265,0.039153072983026505,0.3633994162082672,0.10774115542493759
12,16,0.4,0.0005,4,1,1.7979470491409302,0.23106606304645538,-1.5668809860944748,0.06949576735496521,0.3633994162082672,0.19123797192656086
12,32,0.1,0.001,16,2,3.420806884765625,0.23184670507907867,-3.1889601796865463,0.03552895039319992,0.3633994162082672,0.09776831994919327
12,32,0.2,0.001,8,2,3.169649124145508,0.2320932298898697,-2.937555894255638,0.03807664290070534,0.3633994162082672,0.10477904256974177
12,32,0.1,0.0001,8,1,2.528914213180542,0.2341904491186142,-2.294723764061928,0.039217304438352585,0.3633994162082672,0.1079179070994347
12,8,0.0,0.001,16,1,1.2931267023086548,0.23461169004440308,-1.0585150122642517,0.06593756377696991,0.3633994162082672,0.18144653193163235
12,32,0.4,0.0005,8,1,1.6144678592681885,0.23822499811649323,-1.3762428611516953,0.029630078002810478,0.3633994162082672,0.0815358437060043
12,8,0.1,0.005,8,2,2.880861759185791,0.24090270698070526,-2.6399590522050858,0.037280235439538956,0.3633994162082672,0.1025874940266094
12,64,0.4,0.0005,4,2,2.468376398086548,0.2426205575466156,-2.2257558405399323,0.09950854629278183,0.3633994162082672,0.27382692941849046
12,16,0.4,0.005,4,2,1.0534558296203613,0.2446179986000061,-0.8088378310203552,0.048651959747076035,0.3633994162082672,0.13388012632137306
12,8,0.4,0.0005,16,2,3.186306953430176,0.24528919160366058,-2.941017761826515,0.017085488885641098,0.3633994162082672,0.04701573014043937
12,16,0.3,0.0005,4,2,2.897129774093628,0.24754801392555237,-2.6495817601680756,0.041339315474033356,0.3633994162082672,0.11375724239012386
12,64,0.4,0.001,8,2,1.421449899673462,0.24995280802249908,-1.1714970916509628,0.10279885679483414,0.3633994162082672,0.282881183099973
12,32,0.4,0.0005,4,2,1.6091046333312988,0.2500203549861908,-1.359084278345108,0.05894624441862106,0.3633994162082672,0.1622078676781321
12,64,0.1,0.001,4,2,3.3931362628936768,0.25063252449035645,-3.1425037384033203,0.011522443033754826,0.3633994162082672,0.031707379043094605
12,32,0.1,0.0001,4,2,3.568699598312378,0.250805139541626,-3.317894458770752,0.010979422368109226,0.3633994162082672,0.03021309853127785
12,8,0.3,0.001,16,2,3.5426106452941895,0.25089770555496216,-3.2917129397392273,0.011987069621682167,0.3633994162082672,0.032985935274073966
12,16,0.1,0.001,8,1,1.243729591369629,0.2515726685523987,-0.9921569228172302,0.1352151781320572,0.3633994162082672,0.37208419194202624
12,8,0.4,0.0001,4,2,3.478318452835083,0.25207793712615967,-3.2262405157089233,0.007146588061004877,0.3633994162082672,0.01966593159552328
12,16,0.0,0.001,4,2,0.7555549144744873,0.252805233001709,-0.5027496814727783,0.08602356910705566,0.3633994162082672,0.23671906247024582
12,64,0.4,0.0005,4,1,1.3273484706878662,0.25306466221809387,-1.0742838084697723,0.19360104203224182,0.3633994162082672,0.5327500083855046
12,8,0.1,0.0005,4,1,1.5358327627182007,0.2539249062538147,-1.281907856464386,0.09680338948965073,0.3633994162082672,0.2663828976383713
12,8,0.3,0.005,4,1,1.0937573909759521,0.25430870056152344,-0.8394486904144287,0.004258011933416128,0.3633994162082672,0.01171716778701655
12,8,0.0,0.005,4,2,1.0325859785079956,0.25473761558532715,-0.7778483629226685,0.035848088562488556,0.3633994162082672,0.09864652215606125
12,32,0.3,0.005,8,1,0.6665989756584167,0.25692787766456604,-0.4096710979938507,0.12235701829195023,0.3633994162082672,0.3367011966299539
12,8,0.3,0.0001,4,2,3.4781417846679688,0.25848740339279175,-3.219654381275177,0.012734416872262955,0.3633994162082672,0.035042480269051275
12,8,0.3,0.005,16,2,2.216040849685669,0.25889283418655396,-1.957148015499115,0.025765379890799522,0.3633994162082672,0.07090099417229985
12,32,0.0,0.001,16,2,1.216870665550232,0.2593502402305603,-0.9575204253196716,0.08379383385181427,0.3633994162082672,0.230583292417265
12,64,0.1,0.0005,16,1,1.4515372514724731,0.26217371225357056,-1.1893635392189026,0.1649303138256073,0.3633994162082672,0.45385409681309
12,64,0.4,0.005,4,2,1.2020081281661987,0.26343727111816406,-0.9385708570480347,0.00915682502090931,0.3633994162082672,0.025197687757597984
12,8,0.3,0.001,4,2,2.2906317710876465,0.2637298107147217,-2.026901960372925,0.01881890557706356,0.3633994162082672,0.051785734202385976
12,64,0.1,0.0005,4,1,1.1085457801818848,0.26474714279174805,-0.8437986373901367,0.2177404761314392,0.3633994162082672,0.5991767361746403
12,32,0.0,0.005,4,2,0.5969480276107788,0.2647528350353241,-0.3321951925754547,0.16874933242797852,0.3633994162082672,0.46436324578811894
12,8,0.2,0.001,8,2,2.815387010574341,0.2651040256023407,-2.550282984972,0.011377626098692417,0.3633994162082672,0.031308872802844036
12,64,0.2,0.001,8,1,1.3222196102142334,0.2666432857513428,-1.0555763244628906,0.1985425055027008,0.3633994162082672,0.5463478933849317
12,64,0.0,0.001,16,1,1.1575981378555298,0.2685707211494446,-0.8890274167060852,0.19431257247924805,0.3633994162082672,0.5347079929481392
12,32,0.3,0.005,16,1,0.8557037115097046,0.269442617893219,-0.5862610936164856,0.23846577107906342,0.3633994162082672,0.6562084594610265
12,16,0.2,0.0001,16,1,2.772723913192749,0.27128222584724426,-2.5014416873455048,0.05338370427489281,0.3633994162082672,0.14690090818499874
12,8,0.0,0.0005,16,2,2.472670078277588,0.27178364992141724,-2.2008864283561707,0.013400506228208542,0.3633994162082672,0.036875420351607284
12,64,0.4,0.001,8,1,0.9577637314796448,0.27209529280662537,-0.6856684386730194,0.15238109230995178,0.3633994162082672,0.4193212358454118
12,32,0.4,0.005,8,2,0.7632648348808289,0.27271848917007446,-0.4905463457107544,0.12180439382791519,0.3633994162082672,0.3351804884521556
12,16,0.4,0.005,4,1,0.8236916065216064,0.2731054127216339,-0.5505861937999725,0.08708162605762482,0.3633994162082672,0.23963061626856774
12,8,0.4,0.005,4,1,0.7917794585227966,0.2744036614894867,-0.5173757970333099,0.10094524174928665,0.3633994162082672,0.27778041803852016
12,32,0.2,0.005,8,2,2.312514066696167,0.27498137950897217,-2.037532687187195,0.08010514080524445,0.3633994162082672,0.2204327724052686
12,16,0.3,0.001,16,2,2.304049253463745,0.27519482374191284,-2.0288544297218323,0.03165936470031738,0.3633994162082672,0.08712002080425231
12,16,0.3,0.0001,4,1,2.706602096557617,0.2754517197608948,-2.4311503767967224,0.028077218681573868,0.3633994162082672,0.07726269616647535
12,64,0.3,0.0001,8,1,2.215961217880249,0.27658811211586,-1.939373105764389,0.05293610319495201,0.3633994162082672,0.14566920262913657
12,32,0.4,0.005,4,1,1.1659069061279297,0.2772945761680603,-0.8886123299598694,0.11901494115591049,0.3633994162082672,0.3275044918831186
12,16,0.0,0.0005,16,1,2.0587613582611084,0.277492493391037,-1.7812688648700714,0.10060975700616837,0.3633994162082672,0.276857233442852
12,32,0.0,0.001,4,2,0.8626902103424072,0.2800062298774719,-0.5826839804649353,0.1842987984418869,0.3633994162082672,0.5071521588143216
12,8,0.4,0.0005,16,1,2.9752142429351807,0.28104516863822937,-2.6941690742969513,0.07919932156801224,0.3633994162082672,0.21794014529352587
12,16,0.2,0.0005,8,1,1.7720451354980469,0.2840210795402527,-1.4880240559577942,0.10861681401729584,0.3633994162082672,0.2988909975437237
12,8,0.2,0.001,16,1,2.3834307193756104,0.28424057364463806,-2.0991901457309723,0.013003482483327389,0.3633994162082672,0.035782893156534365
12,64,0.1,0.005,8,2,3.377002477645874,0.28517740964889526,-3.0918250679969788,0.013319247402250767,0.3633994162082672,0.03665181287637896
12,16,0.3,0.001,4,2,2.7486300468444824,0.28519967198371887,-2.4634303748607635,0.014552632346749306,0.3633994162082672,0.04004583303570601
12,64,0.0,0.005,4,1,2.0117712020874023,0.2860817313194275,-1.7256894707679749,0.13969522714614868,0.3633994162082672,0.38441235983188315
12,8,0.4,0.001,4,1,1.3214973211288452,0.28863587975502014,-1.032861441373825,0.08851444721221924,0.3633994162082672,0.24357344361139777
12,8,0.4,0.005,16,1,1.133432149887085,0.2906123995780945,-0.8428197503089905,0.00616524089127779,0.3633994162082672,0.0169654672415446
12,32,0.4,0.001,4,1,0.9335675835609436,0.2921628952026367,-0.6414046883583069,0.20507019758224487,0.3633994162082672,0.5643107512993841
12,16,0.0,0.001,16,1,1.4600744247436523,0.2929641902446747,-1.1671102344989777,0.02250928245484829,0.3633994162082672,0.061940887769473006
12,32,0.1,0.001,8,1,1.1320514678955078,0.29581478238105774,-0.8362366855144501,0.18177379667758942,0.3633994162082672,0.5002038764239879
12,8,0.1,0.0005,8,1,2.684597969055176,0.29692769050598145,-2.3876702785491943,0.05222230777144432,0.3633994162082672,0.14370498531983134
12,16,0.1,0.005,4,2,2.9915709495544434,0.2975616753101349,-2.6940092742443085,0.014348473399877548,0.3633994162082672,0.039484029857808904
12,16,0.1,0.005,4,1,1.3312969207763672,0.2979171872138977,-1.0333797335624695,0.009886302053928375,0.3633994162082672,0.02720505761149174
12,8,0.4,0.0001,16,1,3.7360575199127197,0.2981061041355133,-3.4379514157772064,0.050157446414232254,0.3633994162082672,0.13802291411906564
12,16,0.4,0.0005,8,2,2.4361679553985596,0.29854992032051086,-2.1376180350780487,0.0837174654006958,0.3633994162082672,0.23037314224169428
12,64,0.0,0.0005,8,1,1.390841007232666,0.29979208111763,-1.091048926115036,0.1896112561225891,0.3633994162082672,0.5217709431154434
12,32,0.2,0.005,8,1,0.6529526710510254,0.3003529906272888,-0.3525996804237366,0.3357738256454468,0.3633994162082672,0.9239800909669377
12,32,0.4,0.005,4,2,1.6199556589126587,0.3023494482040405,-1.3176062107086182,0.066257543861866,0.3633994162082672,0.18232705091604565
12,8,0.2,0.0005,8,1,2.5818400382995605,0.3026040196418762,-2.2792360186576843,0.09712538868188858,0.3633994162082672,0.2672689727884021
12,8,0.0,0.005,8,2,0.6748677492141724,0.3037256598472595,-0.37114208936691284,0.3844878375530243,0.3633994162082672,1.058030971994383
12,8,0.2,0.005,8,2,2.785524606704712,0.3093864619731903,-2.4761381447315216,0.012041017413139343,0.3633994162082672,0.03313438843346555
12,64,0.4,0.0005,8,1,1.432081937789917,0.30959221720695496,-1.122489720582962,0.1319359838962555,0.3633994162082672,0.3630605279251244
12,32,0.0,0.0001,8,1,2.429804563522339,0.3130418062210083,-2.1167627573013306,0.12292566895484924,0.3633994162082672,0.3382660055909378
12,8,0.4,0.001,16,2,2.0424506664276123,0.31401658058166504,-1.7284340858459473,0.031104879453778267,0.3633994162082672,0.08559419213802975
12,64,0.4,0.0005,8,2,2.250368118286133,0.3148093819618225,-1.9355587363243103,0.06605203449726105,0.3633994162082672,0.18176153166797077
12,32,0.0,0.005,16,1,0.6219070553779602,0.31649404764175415,-0.30541300773620605,0.20243501663208008,0.3633994162082672,0.5570592785874562
12,32,0.4,0.005,16,1,0.8509749174118042,0.3171211779117584,-0.5338537395000458,0.18014845252037048,0.3633994162082672,0.49573126561415803
12,16,0.1,0.005,8,2,3.3934595584869385,0.3171827793121338,-3.0762767791748047,0.007322593126446009,0.3633994162082672,0.02015026111723132
12,16,0.1,0.0001,4,2,3.538090229034424,0.3172867000102997,-3.220803529024124,0.0027483117301017046,0.3633994162082672,0.007562785209667548
12,8,0.0,0.0005,4,1,1.804255485534668,0.3174669146537781,-1.48678857088089,0.027908125892281532,0.3633994162082672,0.07679738779846348
12,8,0.0,0.0005,4,2,1.7169713973999023,0.3179045617580414,-1.399066835641861,0.05468368157744408,0.3633994162082672,0.15047817673461644
12,32,0.0,0.005,4,1,2.0451607704162598,0.3181723654270172,-1.7269884049892426,0.08542829006910324,0.3633994162082672,0.23508097773097023
12,8,0.1,0.001,4,2,3.6279866695404053,0.3189718425273895,-3.3090148270130157,0.0013274571392685175,0.3633994162082672,0.0036528873742266575
12,64,0.0,0.0005,8,2,1.2967250347137451,0.3195812702178955,-0.9771437644958496,0.14363114535808563,0.3633994162082672,0.39524319234395644
12,16,0.2,0.005,16,2,1.815286636352539,0.32486557960510254,-1.4904210567474365,0.08580828458070755,0.3633994162082672,0.23612664399969788
12,16,0.2,0.0005,4,1,1.2764471769332886,0.3268420398235321,-0.9496051371097565,0.1252964287996292,0.3633994162082672,0.34478984613398717
12,8,0.3,0.0001,8,1,3.7289063930511475,0.3295140862464905,-3.399392306804657,0.029060926288366318,0.3633994162082672,0.07996965595484408
12,64,0.3,0.001,4,2,2.373253345489502,0.3303127884864807,-2.0429405570030212,0.042899422347545624,0.3633994162082672,0.11805033369387585
12,64,0.0,0.0005,16,1,1.6840418577194214,0.331887811422348,-1.3521540462970734,0.1101006343960762,0.3633994162082672,0.3029741641989227
12,16,0.1,0.001,8,2,3.579460859298706,0.33300676941871643,-3.2464540898799896,0.00947376899421215,0.3633994162082672,0.026069851991128833
12,8,0.2,0.0005,4,1,2.0588085651397705,0.3339158892631531,-1.7248926758766174,0.04860863462090492,0.3633994162082672,0.13376090453884196
12,16,0.4,0.0005,8,1,1.9000065326690674,0.3353187143802643,-1.564687818288803,0.11346352845430374,0.3633994162082672,0.3122281528082501
12,8,0.3,0.0005,4,1,1.9689873456954956,0.3398853838443756,-1.62910196185112,0.06515160948038101,0.3633994162082672,0.17928374833448296
12,32,0.2,0.005,16,2,3.016904354095459,0.3417741656303406,-2.6751301884651184,0.020455719903111458,0.3633994162082672,0.05628990854346369
12,64,0.3,0.001,16,2,3.0201356410980225,0.34437090158462524,-2.675764739513397,0.07528025656938553,0.3633994162082672,0.20715568933727121
12,16,0.3,0.005,16,2,1.8578423261642456,0.34450772404670715,-1.5133346021175385,0.03683735802769661,0.3633994162082672,0.10136878702794837
12,16,0.0,0.0001,16,1,3.531106472015381,0.34488174319267273,-3.186224728822708,0.2227252721786499,0.3633994162082672,0.6128938634590547
12,8,0.4,0.0005,4,2,2.4674580097198486,0.3456886112689972,-2.1217693984508514,0.036514848470687866,0.3633994162082672,0.10048130745967106
12,8,0.4,0.001,16,1,2.10803484916687,0.346667617559433,-1.7613672316074371,0.028371572494506836,0.3633994162082672,0.07807269695294956
12,64,0.2,0.0001,8,1,1.934952974319458,0.3468707501888275,-1.5880822241306305,0.08013202995061874,0.3633994162082672,0.22050676576952566
12,8,0.0,0.001,4,2,1.1184431314468384,0.3469250798225403,-0.7715180516242981,0.08400743454694748,0.3633994162082672,0.2311710773327223
12,16,0.0,0.0001,4,1,2.3711585998535156,0.3469654619693756,-2.02419313788414,0.003207206493243575,0.3633994162082672,0.008825568644847515
12,64,0.2,0.005,16,2,2.8933448791503906,0.3493588864803314,-2.543985992670059,0.03647910803556442,0.3633994162082672,0.10038295717750395
12,32,0.4,0.0001,8,2,3.188866138458252,0.3533763587474823,-2.8354897797107697,0.026370946317911148,0.3633994162082672,0.07256738767790903
12,8,0.3,0.001,16,1,1.743755578994751,0.35377952456474304,-1.389976054430008,0.08165479451417923,0.3633994162082672,0.22469709876303762
12,32,0.3,0.0005,8,1,1.5390546321868896,0.3544207811355591,-1.1846338510513306,0.06953934580087662,0.3633994162082672,0.19135789079260118
12,64,0.4,0.0005,16,2,2.310905694961548,0.35456332564353943,-1.9563423693180084,0.0576440766453743,0.3633994162082672,0.15862457140640535
12,32,0.2,0.001,8,1,1.2451332807540894,0.3551884591579437,-0.8899448215961456,0.12025802582502365,0.3633994162082672,0.3309252036775502
12,64,0.3,0.0005,16,1,1.7060136795043945,0.35552099347114563,-1.350492686033249,0.10528501868247986,0.3633994162082672,0.28972258618637997
12,16,0.3,0.0001,16,2,3.7786662578582764,0.35920482873916626,-3.41946142911911,0.0004771023232024163,0.3633994162082672,0.001312886873018489
12,8,0.4,0.0001,8,2,3.560678720474243,0.35936591029167175,-3.2013128101825714,0.006641837768256664,0.3633994162082672,0.018276963231141165
12,32,0.2,0.0005,8,2,3.378495454788208,0.36179736256599426,-3.0166980922222137,0.005625761114060879,0.3633994162082672,0.015480930522014677
12,16,0.4,0.0001,16,1,3.8016583919525146,0.36274993419647217,-3.4389084577560425,0.0819263905286789,0.3633994162082672,0.22544447479719176
12,32,0.1,0.001,16,1,1.2658731937408447,0.36613085865974426,-0.8997423350811005,0.12987028062343597,0.3633994162082672,0.35737613994681333
12,64,0.4,0.0001,8,1,2.0419607162475586,0.36624467372894287,-1.6757160425186157,0.09530902653932571,0.3633994162082672,0.2622707200077155
12,8,0.0,0.001,4,1,1.190101146697998,0.36813798546791077,-0.8219631612300873,0.17069633305072784,0.3633994162082672,0.4697209886349965
12,32,0.3,0.0001,16,2,3.483280658721924,0.36820709705352783,-3.115073561668396,0.024047138169407845,0.3633994162082672,0.06617274848792336
12,64,0.1,0.005,4,1,0.6030946373939514,0.3710567355155945,-0.23203790187835693,0.013990392908453941,0.3633994162082672,0.03849866643824197
12,32,0.3,0.0001,4,1,2.2218666076660156,0.3715917766094208,-1.8502748310565948,0.06806901842355728,0.3633994162082672,0.18731185408549572
12,64,0.4,0.0001,16,2,3.1799685955047607,0.3726307153701782,-2.8073378801345825,0.0502253882586956,0.3633994162082672,0.13820987601672705
12,16,0.4,0.0001,16,2,3.335535764694214,0.3748440146446228,-2.960691750049591,0.038285017013549805,0.3633994162082672,0.10535244501220757
12,64,0.3,0.005,16,2,2.516416311264038,0.3749903440475464,-2.1414259672164917,0.008100287057459354,0.3633994162082672,0.022290313897524297
12,64,0.0,0.005,4,2,1.1359610557556152,0.3783929944038391,-0.7575680613517761,0.04860846698284149,0.3633994162082672,0.1337604432335785
12,8,0.1,0.005,8,1,0.8423879742622375,0.3794066607952118,-0.46298131346702576,0.06872422993183136,0.3633994162082672,0.189114860582068
12,64,0.2,0.0005,8,1,1.3561996221542358,0.38309040665626526,-0.9731092154979706,0.14625200629234314,0.3633994162082672,0.40245525933515786
12,16,0.4,0.005,16,2,2.036593198776245,0.38344597816467285,-1.6531472206115723,0.07788257300853729,0.3633994162082672,0.2143167257151072
12,8,0.2,0.0001,8,1,3.4144153594970703,0.3851727843284607,-3.0292425751686096,0.033900901675224304,0.3633994162082672,0.09328826674777985
12,64,0.3,0.001,16,1,1.0918333530426025,0.3883766531944275,-0.703456699848175,0.1646544188261032,0.3633994162082672,0.45309489086173543
12,16,0.4,0.001,8,1,1.711083173751831,0.38874226808547974,-1.3223409056663513,0.12311019003391266,0.3633994162082672,0.33877376942002896
12,32,0.0,0.001,8,2,1.0315041542053223,0.39126893877983093,-0.6402352154254913,0.13239648938179016,0.3633994162082672,0.36432774373504395
12,16,0.2,0.005,8,1,0.9153916835784912,0.39195212721824646,-0.5234395563602448,0.21683187782764435,0.3633994162082672,0.5966764616467524
12,8,0.4,0.005,16,2,1.7230101823806763,0.3925835192203522,-1.330426663160324,0.01175290159881115,0.3633994162082672,0.03234155332840564
12,64,0.0,0.001,8,2,0.8904955387115479,0.3935381770133972,-0.49695736169815063,0.2092786580324173,0.3633994162082672,0.575891563657543
12,32,0.0,0.005,16,2,0.6154617071151733,0.3957258462905884,-0.21973586082458496,0.13567019999027252,0.3633994162082672,0.37333631794421707
12,64,0.4,0.0001,4,1,1.7880017757415771,0.39953455328941345,-1.3884672224521637,0.09437420964241028,0.3633994162082672,0.2596982973366243
12,8,0.2,0.005,4,1,0.7713484764099121,0.4014236330986023,-0.3699248433113098,0.1632971167564392,0.3633994162082672,0.4493598764144747
12,32,0.4,0.001,8,2,1.5952024459838867,0.4029320180416107,-1.192270427942276,0.09637458622455597,0.3633994162082672,0.2652029197793837
12,8,0.4,0.0005,8,2,2.2669787406921387,0.40480247139930725,-1.8621762692928314,0.0013131272280588746,0.3633994162082672,0.0036134544236755477
12,8,0.3,0.005,4,2,1.8624649047851562,0.4066602885723114,-1.4558046162128448,0.04373283311724663,0.3633994162082672,0.12034370768549331
12,64,0.3,0.0005,4,2,2.8807690143585205,0.41119685769081116,-2.4695721566677094,0.06362159550189972,0.3633994162082672,0.17507346645113392
12,64,0.1,0.005,16,2,3.0861592292785645,0.41384458541870117,-2.6723146438598633,0.04065754637122154,0.3633994162082672,0.11188115488859335
12,32,0.3,0.001,4,2,2.2038650512695312,0.415081650018692,-1.7887834012508392,0.0958053469657898,0.3633994162082672,0.2636364911243637
12,64,0.4,0.001,4,1,1.4021782875061035,0.41807088255882263,-0.9841074049472809,0.13969488441944122,0.3633994162082672,0.3844114167189001
12,8,0.0,0.005,4,1,0.839657723903656,0.4180724322795868,-0.4215852916240692,0.11982306838035583,0.3633994162082672,0.32972829078978005
12,16,0.2,0.001,4,1,1.717984676361084,0.41922444105148315,-1.2987602353096008,0.12335413694381714,0.3633994162082672,0.33944506083939846
12,64,0.1,0.001,16,1,1.1006314754486084,0.42217209935188293,-0.6784593760967255,0.1305599808692932,0.3633994162082672,0.359274052312919
12,8,0.0,0.0005,8,2,2.5211453437805176,0.4233963191509247,-2.097749024629593,0.023241795599460602,0.3633994162082672,0.06395661237424921
12,8,0.0,0.0001,4,2,2.330214738845825,0.4251262843608856,-1.9050884544849396,0.04685186967253685,0.3633994162082672,0.1289266509049251
12,32,0.3,0.001,8,2,2.8132808208465576,0.4258345365524292,-2.3874462842941284,0.03454406186938286,0.3633994162082672,0.09505811052152426
12,16,0.4,0.0001,8,2,3.191124677658081,0.42704784870147705,-2.764076828956604,0.0022004025522619486,0.3633994162082672,0.006055052523807247
12,16,0.3,0.005,16,1,1.2097129821777344,0.43151065707206726,-0.7782023251056671,0.16805195808410645,0.3633994162082672,0.46244421589217544
12,64,0.2,0.001,16,1,1.1869486570358276,0.43231162428855896,-0.7546370327472687,0.17925779521465302,0.3633994162082672,0.4932803610006872
12,8,0.2,0.005,4,2,2.269639015197754,0.4326511025428772,-1.8369879126548767,0.030508248135447502,0.3633994162082672,0.08395238620296235
12,32,0.1,0.005,16,2,3.3606162071228027,0.43275532126426697,-2.9278608858585358,0.005055430345237255,0.3633994162082672,0.013911498257168212
12,16,0.0,0.001,8,1,1.2430646419525146,0.43294188380241394,-0.8101227581501007,0.11501739919185638,0.3633994162082672,0.31650408355620185
12,8,0.3,0.0005,4,2,3.333873748779297,0.43814724683761597,-2.895726501941681,0.006673700641840696,0.3633994162082672,0.018364643266284016
12,8,0.1,0.0001,8,2,3.8109469413757324,0.4388580322265625,-3.37208890914917,8.876130596036091e-05,0.3633994162082672,0.00024425274780708804
12,32,0.4,0.0001,16,2,3.247485399246216,0.44138070940971375,-2.806104689836502,0.017195576801896095,0.3633994162082672,0.047318669306945636
12,16,0.4,0.005,16,1,1.307243824005127,0.44260305166244507,-0.8646407723426819,0.10145058482885361,0.3633994162082672,0.27917101762957
12,64,0.0,0.0005,16,2,1.2788935899734497,0.4438713788986206,-0.8350222110748291,0.0989983081817627,0.3633994162082672,0.27242285971374797
12,16,0.2,0.0005,8,2,3.2796499729156494,0.4459307789802551,-2.8337191939353943,0.03719139099121094,0.3633994162082672,0.10234301248821007
12,16,0.3,0.0005,16,2,3.3703596591949463,0.44638335704803467,-2.9239763021469116,0.056209735572338104,0.3633994162082672,0.15467756156252008
12,8,0.2,0.001,4,2,2.7290940284729004,0.4470212757587433,-2.282072752714157,0.04828924685716629,0.3633994162082672,0.13288201549969283
12,32,0.3,0.001,4,1,1.5826987028121948,0.4481086730957031,-1.1345900297164917,0.18676339089870453,0.3633994162082672,0.5139342072901649
12,8,0.1,0.005,4,2,2.3042173385620117,0.44906285405158997,-1.8551544845104218,0.03250044584274292,0.3633994162082672,0.08943450207447952
12,64,0.2,0.0001,4,1,1.8248143196105957,0.45165544748306274,-1.373158872127533,0.10433191061019897,0.3633994162082672,0.2870998299854326
12,16,0.2,0.0005,16,2,3.465972661972046,0.45259809494018555,-3.0133745670318604,0.014164712280035019,0.3633994162082672,0.03897835727924534
12,16,0.3,0.001,4,1,1.2019129991531372,0.4533260464668274,-0.7485869526863098,0.08489631116390228,0.3633994162082672,0.23361708185917257
12,16,0.3,0.0005,8,1,1.907531499862671,0.4534706473350525,-1.4540608525276184,0.042443644255399704,0.3633994162082672,0.1167961266923855
12,16,0.1,0.0001,4,1,2.2544920444488525,0.4536292850971222,-1.8008627593517303,0.028656907379627228,0.3633994162082672,0.07885787951625028
12,8,0.3,0.005,8,2,1.3637360334396362,0.45431557297706604,-0.9094204604625702,0.11654160171747208,0.3633994162082672,0.3206983735237514
12,8,0.3,0.001,8,2,2.5110702514648438,0.45440447330474854,-2.056665778160095,0.01566455140709877,0.3633994162082672,0.043105604215173766
12,16,0.1,0.005,16,1,0.985480010509491,0.45572391152381897,-0.529756098985672,0.15889640152454376,0.3633994162082672,0.43725001867773755
12,32,0.1,0.0005,8,1,1.5133345127105713,0.45634323358535767,-1.0569912791252136,0.12984390556812286,0.3633994162082672,0.3573035612520309
12,16,0.0,0.0005,8,2,1.4479031562805176,0.4569810926914215,-0.9909220635890961,0.08682217448949814,0.3633994162082672,0.2389166592379434
12,32,0.0,0.0005,8,1,1.5129809379577637,0.4605007469654083,-1.0524801909923553,0.08385258913040161,0.3633994162082672,0.23074497478648948
12,16,0.2,0.0005,16,1,1.9730949401855469,0.46073323488235474,-1.5123617053031921,0.07939471304416656,0.3633994162082672,0.21847782220614465
12,16,0.4,0.0005,4,2,2.781076669692993,0.4620533585548401,-2.319023311138153,0.05044236034154892,0.3633994162082672,0.1388069382935937
12,16,0.0,0.001,4,1,0.8615574836730957,0.4640102982521057,-0.39754718542099,0.23706185817718506,0.3633994162082672,0.6523451816480711
12,64,0.1,0.0001,8,1,2.0555660724639893,0.46735596656799316,-1.588210105895996,0.032432086765766144,0.3633994162082672,0.08924639203927352
12,64,0.3,0.005,16,1,0.6592658162117004,0.4675065279006958,-0.19175928831100464,0.13620850443840027,0.3633994162082672,0.37481762040128885
12,32,0.0,0.0005,4,2,1.3438849449157715,0.4694344103336334,-0.8744505345821381,0.10077665001153946,0.3633994162082672,0.27731648846068463
12,64,0.3,0.0005,8,2,3.1110055446624756,0.46982893347740173,-2.641176611185074,0.042093660682439804,0.3633994162082672,0.1158330443170431
12,16,0.0,0.0005,8,1,1.7178305387496948,0.4701603651046753,-1.2476701736450195,0.022504393011331558,0.3633994162082672,0.06192743303262244
12,64,0.4,0.0005,16,1,1.721614122390747,0.47292476892471313,-1.248689353466034,0.11246448010206223,0.3633994162082672,0.30947897846266187
12,32,0.1,0.005,4,1,0.468963086605072,0.4729367792606354,0.0039736926555633545,0.03352655470371246,0.3633994162082672,0.09225814134081635
12,64,0.3,0.001,8,1,1.178960919380188,0.4741480350494385,-0.7048128843307495,0.18008184432983398,0.3633994162082672,0.49554797365614806
12,16,0.4,0.0005,16,2,2.7287471294403076,0.47536367177963257,-2.253383457660675,0.05350753292441368,0.3633994162082672,0.14724165900626562
12,16,0.4,0.0001,4,2,3.1348342895507812,0.47594016790390015,-2.658894121646881,0.015140664763748646,0.3633994162082672,0.04166397657356556
12,32,0.2,0.0005,4,1,1.3672000169754028,0.4761025905609131,-0.8910974264144897,0.1694381684064865,0.3633994162082672,0.4662587798693108
12,16,0.4,0.001,4,1,1.2984271049499512,0.4762853980064392,-0.822141706943512,0.06052076816558838,0.3633994162082672,0.16654063123454063
12,64,0.0,0.0005,4,1,0.9564759731292725,0.47797730565071106,-0.4784986674785614,0.22244028747081757,0.3633994162082672,0.6121096445111932
12,32,0.0,0.0005,4,1,0.8309429287910461,0.47970467805862427,-0.3512382507324219,0.21275535225868225,0.3633994162082672,0.5854587067821551
12,8,0.0,0.001,8,2,1.2923380136489868,0.4799220860004425,-0.8124159276485443,0.0376925989985466,0.3633994162082672,0.10372223321609482
12,8,0.4,0.005,8,2,1.3542877435684204,0.48044446110725403,-0.8738432824611664,0.0717368870973587,0.3633994162082672,0.19740506973254382
12,16,0.1,0.0005,4,2,3.6836864948272705,0.48046308755874634,-3.203223407268524,0.003749215044081211,0.3633994162082672,0.010317064026136203
12,64,0.4,0.001,16,2,2.4644265174865723,0.482881635427475,-1.9815448820590973,0.07912792265415192,0.3633994162082672,0.21774367025620936
12,16,0.2,0.005,4,1,0.5752321481704712,0.4844513237476349,-0.0907808244228363,0.022896695882081985,0.3633994162082672,0.06300696935891525
12,64,0.4,0.005,4,1,0.9046326875686646,0.4847431182861328,-0.41988956928253174,0.159921333193779,0.3633994162082672,0.44007041855600215
12,64,0.1,0.0005,8,1,1.4043633937835693,0.488608181476593,-0.9157552123069763,0.14593438804149628,0.3633994162082672,0.4015812396293451
12,8,0.3,0.001,8,1,2.2000234127044678,0.4896484911441803,-1.7103749215602875,0.047443777322769165,0.3633994162082672,0.13055545828279136
12,32,0.2,0.001,16,1,1.4167706966400146,0.4907654821872711,-0.9260052144527435,0.15459439158439636,0.3633994162082672,0.42541177748011855
12,32,0.4,0.0001,4,1,2.113687753677368,0.4990994334220886,-1.6145883202552795,0.07527570426464081,0.3633994162082672,0.2071431623365616
12,64,0.3,0.0005,8,1,1.6268086433410645,0.5010325312614441,-1.1257761120796204,0.1384601593017578,0.3633994162082672,0.38101370868027246
12,8,0.4,0.0001,16,2,3.3589963912963867,0.5012475252151489,-2.857748866081238,0.012787354178726673,0.3633994162082672,0.035188152782827074
12,64,0.0,0.0001,4,1,1.8249142169952393,0.501790463924408,-1.3231237530708313,0.12391502410173416,0.3633994162082672,0.3409885062410707
12,16,0.0,0.0005,4,2,1.0430537462234497,0.5027080178260803,-0.5403457283973694,0.010913757607340813,0.3633994162082672,0.03003240269677827
12,64,0.2,0.001,4,2,2.761554718017578,0.5032652616500854,-2.2582894563674927,0.030907632783055305,0.3633994162082672,0.08505141011382882
12,8,0.1,0.001,16,2,3.219130039215088,0.5041865706443787,-2.7149434685707092,0.010851127095520496,0.3633994162082672,0.029860056487547096
12,64,0.2,0.005,8,1,0.6415239572525024,0.505170464515686,-0.1363534927368164,0.09831982851028442,0.3633994162082672,0.27055582404660916
12,16,0.1,0.001,16,1,1.4984779357910156,0.5059800744056702,-0.9924978613853455,0.1389537751674652,0.3633994162082672,0.3823720374053371
12,64,0.1,0.005,8,1,0.8154682517051697,0.5063454508781433,-0.30912280082702637,0.1371859610080719,0.3633994162082672,0.377507378628945
12,8,0.4,0.005,4,2,1.9015896320343018,0.5104373097419739,-1.3911523222923279,0.20346222817897797,0.3633994162082672,0.5598859522173038
12,32,0.0,0.0005,8,2,1.4028103351593018,0.5105503797531128,-0.892259955406189,0.08004537969827652,0.3633994162082672,0.22026832220446346
12,32,0.2,0.001,4,1,0.9523075819015503,0.5114074349403381,-0.44090014696121216,0.18509066104888916,0.3633994162082672,0.5093312008592006
12,32,0.0,0.0005,16,2,1.5989375114440918,0.5117360353469849,-1.087201476097107,0.0705348551273346,0.3633994162082672,0.19409732647151665
12,8,0.2,0.0005,16,2,3.798210620880127,0.5120072960853577,-3.2862033247947693,0.022707205265760422,0.3633994162082672,0.06248553039156985
12,8,0.2,0.005,16,1,1.0417147874832153,0.5186765193939209,-0.5230382680892944,0.05347684770822525,0.3633994162082672,0.1471572196405985
12,8,0.4,0.001,4,2,1.5017380714416504,0.5208431482315063,-0.980894923210144,0.0015864073066040874,0.3633994162082672,0.004365464653622074
12,16,0.1,0.0005,8,1,1.7465534210205078,0.5220825672149658,-1.224470853805542,0.03857920318841934,0.3633994162082672,0.10616198449341835
12,8,0.4,0.0001,4,1,3.3004469871520996,0.5266538858413696,-2.77379310131073,0.1497281938791275,0.3633994162082672,0.41202100829275146
12,32,0.3,0.0005,16,1,2.0462284088134766,0.5290442109107971,-1.5171841979026794,0.07730423659086227,0.3633994162082672,0.2127252635611241
12,64,0.0,0.0001,8,1,2.1342668533325195,0.5292387008666992,-1.6050281524658203,0.06479926407337189,0.3633994162082672,0.17831416668053998
12,16,0.0,0.001,8,2,1.232955813407898,0.5304962396621704,-0.7024595737457275,0.07195158302783966,0.3633994162082672,0.19799586850905565
12,16,0.0,0.005,16,1,1.6947462558746338,0.5309866666793823,-1.1637595891952515,0.22023431956768036,0.3633994162082672,0.6060392772933412
12,16,0.2,0.001,16,1,1.5885062217712402,0.5350719690322876,-1.0534342527389526,0.11203230917453766,0.3633994162082672,0.30828973349349303
12,32,0.4,0.001,16,1,1.4972258806228638,0.5360288619995117,-0.961197018623352,0.14029134809970856,0.3633994162082672,0.38605276134870403
12,64,0.1,0.005,16,1,0.5627338886260986,0.5410589575767517,-0.021674931049346924,0.28299281001091003,0.3633994162082672,0.7787376572138589
12,8,0.2,0.0005,16,1,3.0008552074432373,0.5424979329109192,-2.458357274532318,0.03551630675792694,0.3633994162082672,0.09773352728110123
12,16,0.4,0.001,16,2,2.3399410247802734,0.5496228337287903,-1.7903181910514832,0.05182216316461563,0.3633994162082672,0.14260387015843723
12,16,0.0,0.0005,4,1,1.477729320526123,0.5509346127510071,-0.926794707775116,0.19342461228370667,0.3633994162082672,0.5322645102237958
12,32,0.1,0.0005,16,1,1.663389801979065,0.553081214427948,-1.110308587551117,0.10925609618425369,0.3633994162082672,0.3006501697890404
12,8,0.0,0.005,8,1,0.6316621899604797,0.5548937916755676,-0.07676839828491211,0.18466220796108246,0.3633994162082672,0.5081521866156522
12,16,0.0,0.005,4,2,1.1407198905944824,0.5572584867477417,-0.5834614038467407,0.29257869720458984,0.3633994162082672,0.8051160352907958
12,16,0.3,0.0005,8,2,3.114243507385254,0.5637983679771423,-2.5504451394081116,0.016100265085697174,0.3633994162082672,0.04430459810224345
12,64,0.4,0.005,16,1,0.8610958456993103,0.5640780329704285,-0.29701781272888184,0.054930660873651505,0.3633994162082672,0.15115781265364028
12,64,0.0,0.0001,4,2,1.751795768737793,0.5654166340827942,-1.1863791346549988,0.08499274402856827,0.3633994162082672,0.23388244514916398
12,8,0.2,0.0001,8,2,3.232174873352051,0.5674773454666138,-2.664697527885437,0.009335358627140522,0.3633994162082672,0.025688975300363032
12,64,0.3,0.001,8,2,2.8765838146209717,0.5688402056694031,-2.3077436089515686,0.026848047971725464,0.3633994162082672,0.07388027270890998
12,32,0.1,0.001,8,2,3.7338101863861084,0.5711337327957153,-3.162676453590393,0.009835557080805302,0.3633994162082672,0.027065417945439027
12,16,0.2,0.0001,4,1,2.262317419052124,0.5715768337249756,-1.6907405853271484,0.051173269748687744,0.3633994162082672,0.1408182497446829
12,16,0.3,0.0005,16,1,2.189579725265503,0.5722112655639648,-1.617368459701538,0.09200319647789001,0.3633994162082672,0.2531737597100657
12,16,0.3,0.0005,4,1,1.681084156036377,0.5724145174026489,-1.108669638633728,0.10354671627283096,0.3633994162082672,0.28493913763881085
12,16,0.3,0.0001,16,1,3.3014674186706543,0.5747458338737488,-2.7267215847969055,0.11800965666770935,0.3633994162082672,0.3247381569817301
12,8,0.2,0.001,4,1,1.383509874343872,0.5769410729408264,-0.8065688014030457,0.030934607610106468,0.3633994162082672,0.08512563925633163
12,16,0.3,0.005,4,1,0.9281836748123169,0.579967200756073,-0.3482164740562439,0.3299177885055542,0.3633994162082672,0.9078654884697877
12,8,0.3,0.005,8,1,1.202425241470337,0.5831378102302551,-0.6192874312400818,0.06874269247055054,0.3633994162082672,0.18916566566841575
12,32,0.3,0.005,8,2,2.340165853500366,0.584176242351532,-1.7559896111488342,0.05647290125489235,0.3633994162082672,0.15540173906753682
12,8,0.0,0.001,16,2,1.7737071514129639,0.5858998894691467,-1.1878072619438171,0.04627673327922821,0.3633994162082672,0.1273439945558598
12,16,0.0,0.0005,16,2,1.7154356241226196,0.5889819860458374,-1.1264536380767822,0.04778171330690384,0.3633994162082672,0.13148538818653396
12,32,0.3,0.0001,4,2,3.419508218765259,0.5901036262512207,-2.829404592514038,0.017103781923651695,0.3633994162082672,0.04706606879590961
12,64,0.3,0.001,4,1,0.7911475300788879,0.5905551910400391,-0.20059233903884888,0.20686128735542297,0.3633994162082672,0.569239459748799
12,8,0.3,0.0001,4,1,3.2088913917541504,0.5925926566123962,-2.616298735141754,0.018427276983857155,0.3633994162082672,0.050708053348375026
12,32,0.2,0.0001,4,1,2.065389633178711,0.5927234888076782,-1.4726661443710327,0.07936563342809677,0.3633994162082672,0.21839780111977855
12,16,0.4,0.001,8,2,2.2354507446289062,0.5929486155509949,-1.6425021290779114,0.03683685138821602,0.3633994162082672,0.10136739286092995
12,32,0.0,0.0001,4,2,1.8871569633483887,0.5931791663169861,-1.2939777970314026,0.07000599801540375,0.3633994162082672,0.1926420211288472
12,32,0.4,0.0005,8,2,2.638052225112915,0.5938886404037476,-2.0441635847091675,0.06569302827119827,0.3633994162082672,0.1807736208182268
12,16,0.0,0.005,8,2,0.5889797806739807,0.5944797992706299,0.00550001859664917,0.08402024954557419,0.3633994162082672,0.23120634155730588
12,16,0.0,0.005,8,1,0.6020291447639465,0.5948737859725952,-0.007155358791351318,0.2396920770406723,0.3633994162082672,0.659582999724201
12,64,0.3,0.0001,4,1,1.8864803314208984,0.5978655219078064,-1.288614809513092,0.10515739768743515,0.3633994162082672,0.2893713996149311
12,8,0.4,0.001,8,2,1.9954575300216675,0.5997660160064697,-1.3956915140151978,0.0131624611094594,0.3633994162082672,0.036220369440318215
12,8,0.4,0.001,8,1,2.1944618225097656,0.6043448448181152,-1.5901169776916504,0.07611527293920517,0.3633994162082672,0.2094534816081897
12,16,0.4,0.001,4,2,2.102747678756714,0.6046226620674133,-1.4981250166893005,0.049957167357206345,0.3633994162082672,0.13747178759521034
12,32,0.0,0.0001,4,1,1.9021350145339966,0.6050426363945007,-1.2970923781394958,0.050852447748184204,0.3633994162082672,0.1399354139827243
12,16,0.2,0.0001,8,1,2.9859251976013184,0.607450544834137,-2.3784746527671814,0.09430290013551712,0.3633994162082672,0.25950206832878164
12,64,0.0,0.0001,8,2,1.9254454374313354,0.6095495820045471,-1.3158958554267883,0.0756436437368393,0.3633994162082672,0.2081556556312333
12,32,0.2,0.0005,8,1,1.6812934875488281,0.6167868375778198,-1.0645066499710083,0.12176232784986496,0.3633994162082672,0.3350647315847144
12,8,0.3,0.0005,8,2,3.1090753078460693,0.6168367862701416,-2.4922385215759277,0.03503397852182388,0.3633994162082672,0.09640625977710877
12,16,0.0,0.001,16,2,1.2807279825210571,0.6192899942398071,-0.66143798828125,0.045312751084566116,0.3633994162082672,0.12469131502015679
12,32,0.2,0.0005,16,1,1.7227106094360352,0.6245388984680176,-1.0981717109680176,0.0910499170422554,0.3633994162082672,0.2505505319526269
12,16,0.1,0.005,16,2,3.522907018661499,0.625213623046875,-2.897693395614624,0.01334419846534729,0.3633994162082672,0.03672047303922915
12,16,0.1,0.0001,16,1,3.210801362991333,0.6257448792457581,-2.585056483745575,0.03292039781808853,0.3633994162082672,0.09059012301555702
12,16,0.2,0.001,8,1,1.592753291130066,0.6276454925537109,-0.965107798576355,0.09569188952445984,0.3633994162082672,0.2633242797220621
12,16,0.3,0.001,16,1,1.5857107639312744,0.6282104253768921,-0.9575003385543823,0.12749776244163513,0.3633994162082672,0.35084746082411183
12,8,0.0,0.0001,8,1,3.0103020668029785,0.6299718618392944,-2.380330204963684,0.056154776364564896,0.3633994162082672,0.1545263251947057
12,32,0.4,0.0005,16,1,1.9707587957382202,0.6302750706672668,-1.3404837250709534,0.10429937392473221,0.3633994162082672,0.2870102957594114
12,16,0.2,0.0001,8,2,3.90375018119812,0.6356483697891235,-3.2681018114089966,0.00216306047514081,0.3633994162082672,0.005952294854268952
12,32,0.2,0.001,4,2,3.251437187194824,0.6425899863243103,-2.608847200870514,0.06070848926901817,0.3633994162082672,0.16705720086854964
12,32,0.1,0.005,4,2,2.717989206314087,0.6440598964691162,-2.0739293098449707,0.008839374408125877,0.3633994162082672,0.024324129357048717
12,32,0.3,0.005,16,2,2.0013389587402344,0.644530713558197,-1.3568082451820374,0.13792741298675537,0.3633994162082672,0.37954770105549107
12,8,0.1,0.0005,16,1,2.28700852394104,0.6465806365013123,-1.6404278874397278,0.045859646052122116,0.3633994162082672,0.12619625680917324
12,64,0.3,0.005,4,1,0.5502325296401978,0.6478337049484253,0.09760117530822754,0.05514780431985855,0.3633994162082672,0.15175534648699845
12,32,0.1,0.0001,4,1,2.028160810470581,0.65055251121521,-1.377608299255371,0.06399088352918625,0.3633994162082672,0.17608967069036938
12,32,0.1,0.0005,8,2,3.830233097076416,0.6636025905609131,-3.166630506515503,0.020998487249016762,0.3633994162082672,0.05778349197177123
12,16,0.4,0.001,16,1,2.035640239715576,0.6640220880508423,-1.3716181516647339,0.08391226828098297,0.3633994162082672,0.23090919946027694
12,32,0.4,0.0001,16,1,2.99992299079895,0.6641787886619568,-2.3357442021369934,0.05166731774806976,0.3633994162082672,0.1421777676122044
12,8,0.1,0.001,8,1,2.238072633743286,0.6668242812156677,-1.5712483525276184,0.15005770325660706,0.3633994162082672,0.4129277499185847
12,64,0.3,0.005,8,1,0.5341051816940308,0.6689209938049316,0.13481581211090088,0.03255254030227661,0.3633994162082672,0.08957785524790299
12,64,0.0,0.0001,16,1,2.5731143951416016,0.6698236465454102,-1.9032907485961914,0.047116804867982864,0.3633994162082672,0.12965569774327826
12,32,0.0,0.0005,16,1,1.7896082401275635,0.6718262434005737,-1.1177819967269897,0.10107994824647903,0.3633994162082672,0.2781511024457708
12,16,0.3,0.001,8,1,1.5249475240707397,0.6741799712181091,-0.8507675528526306,0.09478303790092468,0.3633994162082672,0.26082330811066506
12,64,0.0,0.005,16,1,0.6174764037132263,0.6807019114494324,0.06322550773620605,0.19022305309772491,0.3633994162082672,0.5234544818000106
12,8,0.2,0.0001,4,1,2.9651291370391846,0.6844507455825806,-2.280678391456604,0.09462860971689224,0.3633994162082672,0.2603983537019768
12,8,0.1,0.0001,16,1,3.047255277633667,0.685631275177002,-2.361624002456665,0.07567668706178665,0.3633994162082672,0.20824658402427293
12,16,0.3,0.001,8,2,3.1023247241973877,0.6914792656898499,-2.410845458507538,0.06923723965883255,0.3633994162082672,0.19052655720049952
12,32,0.4,0.0005,16,2,2.9277589321136475,0.692267656326294,-2.2354912757873535,0.03811660036444664,0.3633994162082672,0.10488899724209161
12,16,0.3,0.0001,8,2,3.933769464492798,0.6983587145805359,-3.235410749912262,0.0007572102476842701,0.3633994162082672,0.002083685922187356
12,32,0.3,0.0005,16,2,3.50534987449646,0.7014342546463013,-2.8039156198501587,0.0426638238132,0.3633994162082672,0.11740201527662611
12,8,0.2,0.005,16,2,1.739675521850586,0.7016160488128662,-1.0380594730377197,0.06517234444618225,0.3633994162082672,0.17934080666995744
12,64,0.3,0.0001,16,1,2.5027546882629395,0.7069990634918213,-1.7957556247711182,0.06581044942140579,0.3633994162082672,0.18109673952720187
12,8,0.1,0.0001,4,1,3.1490659713745117,0.708791971206665,-2.4402740001678467,0.06311608105897903,0.3633994162082672,0.17368239530359258
12,16,0.4,0.0005,16,1,2.1109468936920166,0.7094553112983704,-1.4014915823936462,0.08935856819152832,0.3633994162082672,0.2458962898837355
12,32,0.0,0.0001,16,1,3.0127463340759277,0.7105486392974854,-2.3021976947784424,0.10972881317138672,0.3633994162082672,0.30195098912459517
12,64,0.4,0.001,4,2,1.2061220407485962,0.7116292715072632,-0.494492769241333,0.1434781551361084,0.3633994162082672,0.39482219490930576
12,64,0.3,0.005,8,2,1.7887414693832397,0.7118197083473206,-1.0769217610359192,0.13885565102100372,0.3633994162082672,0.38210202005779886
12,8,0.4,0.0005,4,1,1.687943696975708,0.7162145972251892,-0.9717290997505188,0.15968918800354004,0.3633994162082672,0.43943160302717943
12,16,0.1,0.0005,4,1,1.665313720703125,0.7185396552085876,-0.9467740654945374,0.13739553093910217,0.3633994162082672,0.3780840717156234
12,8,0.2,0.001,8,1,1.4305380582809448,0.7209144234657288,-0.7096236348152161,0.034437600523233414,0.3633994162082672,0.09476515092555057
12,16,0.2,0.005,8,2,2.19866681098938,0.7248072624206543,-1.4738595485687256,0.012368076480925083,0.3633994162082672,0.034034387314031446
12,16,0.1,0.0005,16,1,1.5889948606491089,0.7248508334159851,-0.8641440272331238,0.07542136311531067,0.3633994162082672,0.20754398535435747
12,64,0.1,0.0001,4,1,1.8532636165618896,0.7257500290870667,-1.127513587474823,0.11636483669281006,0.3633994162082672,0.3202119527515157
12,8,0.1,0.0005,8,2,3.966840982437134,0.7273163199424744,-3.2395246624946594,0.014286096207797527,0.3633994162082672,0.03931238073208694
12,8,0.1,0.001,16,1,2.7519562244415283,0.7291401624679565,-2.0228160619735718,0.05011732131242752,0.3633994162082672,0.13791249814145234
12,64,0.2,0.0005,16,2,3.873363494873047,0.7299328446388245,-3.1434306502342224,0.024145592004060745,0.3633994162082672,0.06644367306914634
12,64,0.1,0.001,4,1,0.578085720539093,0.7315851449966431,0.15349942445755005,0.14902804791927338,0.3633994162082672,0.41009435148311896
12,64,0.1,0.0001,16,1,2.741460084915161,0.7364705204963684,-2.0049895644187927,0.09828122705221176,0.3633994162082672,0.27044960082127917
12,32,0.4,0.001,16,2,2.500884771347046,0.7379867434501648,-1.762898027896881,0.07724329084157944,0.3633994162082672,0.21255755346979058
12,64,0.2,0.001,8,2,3.503720998764038,0.7419817447662354,-2.7617392539978027,0.040205903351306915,0.3633994162082672,0.11063832675026802
12,64,0.4,0.0001,4,2,2.9366676807403564,0.7489147186279297,-2.1877529621124268,0.05477378889918327,0.3633994162082672,0.15072613343933378
12,64,0.1,0.0001,8,2,3.93485689163208,0.7511448264122009,-3.183712065219879,0.008141759783029556,0.3633994162082672,0.0224044382568943
12,8,0.3,0.0005,8,1,2.4650981426239014,0.7550729513168335,-1.7100251913070679,0.09776719659566879,0.3633994162082672,0.2690350953663547
12,16,0.4,0.005,8,1,0.6888605356216431,0.7562572360038757,0.06739670038223267,0.13135941326618195,0.3633994162082672,0.3614739248532496
12,8,0.1,0.001,8,2,3.802647829055786,0.7619069814682007,-3.0407408475875854,0.02090551145374775,0.3633994162082672,0.057527641821434924
12,8,0.3,0.0001,16,1,4.414504051208496,0.7629957795143127,-3.6515082716941833,0.06607858836650848,0.3633994162082672,0.1818346024217009
12,16,0.2,0.0001,16,2,3.969595432281494,0.7674771547317505,-3.2021182775497437,0.004399540834128857,0.3633994162082672,0.012106626037085991
12,32,0.2,0.0001,16,1,3.0446300506591797,0.7701139450073242,-2.2745161056518555,0.11185605078935623,0.3633994162082672,0.3078047068882758
12,16,0.4,0.0001,8,1,3.085336446762085,0.7704769968986511,-2.314859449863434,0.020005086436867714,0.3633994162082672,0.05504985848794714
12,64,0.1,0.001,8,2,3.912165880203247,0.7725919485092163,-3.1395739316940308,0.013728661462664604,0.3633994162082672,0.03777843565603472
12,16,0.2,0.001,16,2,3.4637131690979004,0.7863921523094177,-2.6773210167884827,0.07350511103868484,0.3633994162082672,0.20227085614402435
12,16,0.3,0.005,4,2,1.9487221240997314,0.789311945438385,-1.1594101786613464,0.017053119838237762,0.3633994162082672,0.0469266572196816
12,8,0.3,0.0001,8,2,4.309364318847656,0.791400134563446,-3.51796418428421,0.0080298176035285,0.3633994162082672,0.02209639654161289
12,64,0.2,0.005,8,2,2.169563055038452,0.7933734655380249,-1.3761895895004272,0.0038722839672118425,0.3633994162082672,0.010655724237577213
12,64,0.2,0.0001,16,1,2.6082091331481934,0.7953607439994812,-1.8128483891487122,0.09483715146780014,0.3633994162082672,0.26097221744970606
12,64,0.3,0.0005,16,2,3.5530052185058594,0.7962357997894287,-2.7567694187164307,0.03125930577516556,0.3633994162082672,0.08601914142110396
12,32,0.4,0.0001,8,1,3.0253851413726807,0.7963067293167114,-2.2290784120559692,0.11481998860836029,0.3633994162082672,0.31596085047796557
12,64,0.2,0.0005,4,2,3.8126654624938965,0.8023288249969482,-3.0103366374969482,0.027958279475569725,0.3633994162082672,0.07693540008205903
12,16,0.0,0.0001,8,1,3.054018497467041,0.8035834431648254,-2.2504350543022156,0.20445874333381653,0.3633994162082672,0.5626281557277999
12,8,0.2,0.001,16,2,3.6149966716766357,0.8078363537788391,-2.8071603178977966,0.022235920652747154,0.3633994162082672,0.06118865265321055
12,64,0.0,0.005,16,2,0.7327125072479248,0.8191566467285156,0.08644413948059082,0.10125881433486938,0.3633994162082672,0.2786433049106417
12,32,0.1,0.005,8,1,0.7360811233520508,0.823227047920227,0.08714592456817627,0.012393701821565628,0.3633994162082672,0.034104902949163504
12,32,0.1,0.0001,16,1,3.0193986892700195,0.8258052468299866,-2.193593442440033,0.1601659506559372,0.3633994162082672,0.44074355519642544
12,64,0.4,0.0001,8,2,3.0499584674835205,0.826340913772583,-2.2236175537109375,0.036086805164813995,0.3633994162082672,0.09930342085121113
12,16,0.3,0.005,8,2,1.7404816150665283,0.8278313279151917,-0.9126502871513367,0.05294967442750931,0.3633994162082672,0.1457065478530197
12,32,0.1,0.005,8,2,2.5921976566314697,0.8350638747215271,-1.7571337819099426,0.007086234167218208,0.3633994162082672,0.019499850168050434
12,32,0.2,0.0001,8,1,2.8266923427581787,0.8354422450065613,-1.9912500977516174,0.007934902794659138,0.3633994162082672,0.0218352106270627
12,16,0.3,0.0001,8,1,3.0637896060943604,0.8482934832572937,-2.2154961228370667,0.07372360676527023,0.3633994162082672,0.20287211117317433
12,16,0.0,0.0001,16,2,3.2204062938690186,0.8555389046669006,-2.364867389202118,0.005424130707979202,0.3633994162082672,0.014926085365174577
12,64,0.4,0.005,16,2,1.4578834772109985,0.8562310934066772,-0.6016523838043213,0.10200987011194229,0.3633994162082672,0.28071005500316926
12,8,0.2,0.0001,16,1,4.259930610656738,0.8576979041099548,-3.4022327065467834,0.05077844113111496,0.3633994162082672,0.13973176308575413
12,16,0.4,0.0001,4,1,3.0294017791748047,0.8594743013381958,-2.169927477836609,0.12306947261095047,0.3633994162082672,0.3386617234971515
12,32,0.3,0.005,4,2,1.3680334091186523,0.8614148497581482,-0.5066185593605042,0.04714799299836159,0.3633994162082672,0.1297415210247357
12,64,0.2,0.001,16,2,3.856297731399536,0.8663296103477478,-2.9899681210517883,0.035373177379369736,0.3633994162082672,0.09733966484716935
12,32,0.2,0.0001,16,2,3.8627686500549316,0.868270993232727,-2.9944976568222046,0.01333585288375616,0.3633994162082672,0.0366975077255305
12,32,0.3,0.0005,4,2,3.086564064025879,0.8700510263442993,-2.2165130376815796,0.05194076523184776,0.3633994162082672,0.14293023850671263
12,8,0.2,0.0001,16,2,4.106210231781006,0.8753041625022888,-3.230906069278717,0.01001240499317646,0.3633994162082672,0.027552066807499404
12,8,0.4,0.0005,8,1,2.6284048557281494,0.8785714507102966,-1.7498334050178528,0.07133454829454422,0.3633994162082672,0.1962979165978126
12,64,0.3,0.0001,8,2,3.6287930011749268,0.8817132115364075,-2.7470797896385193,0.024476783350110054,0.3633994162082672,0.06735504312445623
12,64,0.2,0.0005,8,2,3.9016611576080322,0.8817641139030457,-3.0198970437049866,0.02313566952943802,0.3633994162082672,0.06366457538880242
12,32,0.4,0.005,16,2,1.7296353578567505,0.8824020624160767,-0.8472332954406738,0.20526762306690216,0.3633994162082672,0.5648540253825328
12,32,0.1,0.001,4,2,4.035463333129883,0.8884527683258057,-3.147010564804077,0.016383575275540352,0.3633994162082672,0.04508420912308453
12,32,0.0,0.005,8,2,0.9541165232658386,0.8932808041572571,-0.06083571910858154,0.35544106364250183,0.3633994162082672,0.978100260455002
12,16,0.1,0.0005,8,2,4.023719310760498,0.8939343094825745,-3.1297850012779236,0.02388402819633484,0.3633994162082672,0.06572390359220254
12,16,0.2,0.001,4,2,3.739535093307495,0.90396648645401,-2.835568606853485,0.019565746188163757,0.3633994162082672,0.053840885030344864
6,32,0.4,0.0001,4,1,2.49184250831604,0.9107310175895691,-1.581111490726471,0.39733365178108215,1.2611730098724365,0.31505086825579237
12,32,0.4,0.0001,4,2,2.880460023880005,0.9247438907623291,-1.9557161331176758,0.07528244704008102,0.3633994162082672,0.20716171705938027
12,8,0.0,0.0005,8,1,2.173295259475708,0.9285094141960144,-1.2447858452796936,0.1349756270647049,0.3633994162082672,0.3714249969717872
12,8,0.0,0.0001,4,1,2.953045606613159,0.9321528077125549,-2.0208927989006042,0.04165929555892944,0.3633994162082672,0.11463776137453714
12,64,0.1,0.001,16,2,4.02537727355957,0.9325371384620667,-3.0928401350975037,0.024221625179052353,0.3633994162082672,0.06665290063419017
12,32,0.2,0.005,16,1,0.6351399421691895,0.9343583583831787,0.29921841621398926,0.2047748565673828,0.3633994162082672,0.5634980339374697
12,16,0.1,0.001,16,2,4.037532329559326,0.939503014087677,-3.098029315471649,0.013386513106524944,0.3633994162082672,0.03683691417614447
12,32,0.1,0.0005,4,2,4.14359712600708,0.9445759057998657,-3.1990212202072144,0.0007666511810384691,0.3633994162082672,0.0021096654172914108
12,16,0.2,0.005,4,2,1.8601171970367432,0.950322687625885,-0.9097945094108582,0.10159194469451904,0.3633994162082672,0.27956001073016545
12,32,0.3,0.0001,8,2,3.7584786415100098,0.9516471028327942,-2.8068315386772156,0.03683626279234886,0.3633994162082672,0.10136577316689385
12,32,0.2,0.0001,4,2,3.9337174892425537,0.9551756381988525,-2.978541851043701,0.015626028180122375,0.3633994162082672,0.04299959626563343
12,64,0.3,0.005,4,2,1.7132058143615723,0.9563511610031128,-0.7568546533584595,0.13007494807243347,0.3633994162082672,0.35793934241734293
12,16,0.3,0.0001,4,2,3.6278560161590576,0.9594022631645203,-2.6684537529945374,0.019593311473727226,0.3633994162082672,0.053916738992497826
12,32,0.3,0.0001,8,1,2.9042139053344727,0.9652960300445557,-1.938917875289917,0.03331320732831955,0.3633994162082672,0.09167105350886826
12,64,0.1,0.0005,8,2,4.099638938903809,0.9677181839942932,-3.1319207549095154,0.018835173919796944,0.3633994162082672,0.051830501315396585
6,16,0.2,0.0005,16,1,2.3753676414489746,0.9696648120880127,-1.405702829360962,0.3013523519039154,1.2611730098724365,0.23894608395908837
12,64,0.2,0.0001,16,2,4.007099628448486,0.9724805951118469,-3.0346190333366394,0.011078214272856712,0.3633994162082672,0.030484953411448783
12,32,0.0,0.0001,16,2,2.86751389503479,0.9732516407966614,-1.8942622542381287,0.03608056902885437,0.3633994162082672,0.09928626029541086
12,8,0.3,0.0005,16,1,3.127296209335327,0.9737449884414673,-2.15355122089386,0.02654661424458027,0.3633994162082672,0.07305078946347615
12,32,0.1,0.0001,16,2,4.064200401306152,0.9775102734565735,-3.086690127849579,0.014324955642223358,0.3633994162082672,0.0394193138549612
12,32,0.3,0.001,16,2,3.4002513885498047,0.9827911853790283,-2.4174602031707764,0.05659832805395126,0.3633994162082672,0.15574688766564856
12,64,0.3,0.0001,4,2,3.6666464805603027,0.983282744884491,-2.6833637356758118,0.037220556288957596,0.3633994162082672,0.10242326935282194
12,32,0.3,0.005,4,1,1.1741087436676025,0.9842782020568848,-0.18983054161071777,0.06330675631761551,0.3633994162082672,0.17420709416146635
12,64,0.0,0.001,4,1,0.5599965453147888,0.9900841116905212,0.4300875663757324,0.17940852046012878,0.3633994162082672,0.49369512568866725
6,16,0.0,0.0001,4,1,2.6197855472564697,0.996759831905365,-1.6230257153511047,0.4293495714664459,1.2611730098724365,0.3404366951286669
12,8,0.1,0.0005,4,2,4.196074485778809,1.0000871419906616,-3.195987343788147,0.014105538837611675,0.3633994162082672,0.03881552420966927
12,32,0.2,0.005,4,1,0.8750659227371216,1.0105139017105103,0.13544797897338867,0.07792345434427261,0.3633994162082672,0.21442922269202006
6,32,0.3,0.0001,4,1,2.602156639099121,1.0132668018341064,-1.5888898372650146,0.2405606210231781,1.2611730098724365,0.1907435531367025
12,64,0.4,0.0001,16,1,2.9203391075134277,1.0150628089904785,-1.9052762985229492,0.031421318650245667,0.3633994162082672,0.08646496733015621
3,8,0.3,0.0005,16,1,3.123997926712036,1.0202244520187378,-2.1037734746932983,0.37805137038230896,1.2289718389511108,0.30761597491522996
12,8,0.4,0.0001,8,1,3.086592674255371,1.027829885482788,-2.058762788772583,0.10996416211128235,0.3633994162082672,0.3025986207095638
6,64,0.4,0.0001,8,1,2.5228171348571777,1.0303328037261963,-1.4924843311309814,0.2307484894990921,1.2611730098724365,0.18296339018738716
9,8,0.1,0.0005,16,1,2.7870612144470215,1.0312398672103882,-1.7558213472366333,0.26643064618110657,1.3029779195785522,0.20447825107219275
12,8,0.1,0.0001,16,2,4.210555553436279,1.0321125984191895,-3.17844295501709,0.023118894547224045,0.3633994162082672,0.0636184141087734
6,64,0.0,0.0001,8,1,2.3429160118103027,1.0337090492248535,-1.3092069625854492,0.21970106661319733,1.2611730098724365,0.17420374912353964
3,8,0.2,0.0005,8,1,2.476391315460205,1.0337913036346436,-1.4426000118255615,0.3550914525985718,1.2289718389511108,0.28893375856490844
12,16,0.1,0.001,4,2,4.049612998962402,1.0407830476760864,-3.008829951286316,0.006486147176474333,0.3633994162082672,0.01784853493753845
12,64,0.1,0.005,4,2,2.398681879043579,1.0411055088043213,-1.3575763702392578,0.12003035098314285,0.3633994162082672,0.3302986896224194
6,64,0.1,0.001,8,1,1.533461332321167,1.0424212217330933,-0.49104011058807373,0.2907520532608032,1.2611730098724365,0.23054097335163543
12,8,0.0,0.0001,16,2,3.1305184364318848,1.043931484222412,-2.0865869522094727,0.019864989444613457,0.3633994162082672,0.05466434055366965
6,32,0.2,0.0001,4,1,2.437204599380493,1.049766182899475,-1.387438416481018,0.22470012307167053,1.2611730098724365,0.1781675640952689
3,16,0.4,0.0005,16,1,2.738593339920044,1.0519078969955444,-1.6866854429244995,0.2970574200153351,1.2289718389511108,0.2417121455515729
6,16,0.4,0.0001,16,1,3.533869981765747,1.055127739906311,-2.478742241859436,0.24520143866539001,1.2611730098724365,0.19442331602877494
6,64,0.3,0.001,8,1,1.8571219444274902,1.0562530755996704,-0.8008688688278198,0.266500860452652,1.2611730098724365,0.2113118964380689
12,64,0.2,0.005,16,1,0.9019981622695923,1.056266188621521,0.1542680263519287,0.257589727640152,0.3633994162082672,0.7088336308513087
3,8,0.4,0.0001,8,1,3.542672634124756,1.0567439794540405,-2.4859286546707153,0.1825922727584839,1.2289718389511108,0.14857319506549532
12,8,0.1,0.005,16,2,2.7048604488372803,1.0575098991394043,-1.647350549697876,0.004089255817234516,0.3633994162082672,0.011252785873742102
9,32,0.1,0.005,16,1,0.6722025871276855,1.0590600967407227,0.3868575096130371,0.23105260729789734,1.3029779195785522,0.17732657156049983
9,8,0.2,0.0001,4,1,3.057858467102051,1.0598913431167603,-1.9979671239852905,0.15482409298419952,1.3029779195785522,0.11882326680890903
9,64,0.1,0.005,4,1,0.7875909805297852,1.0611586570739746,0.27356767654418945,0.4080391228199005,1.3029779195785522,0.31315889293955235
9,16,0.1,0.005,8,1,0.8087168335914612,1.0626628398895264,0.2539460062980652,0.1682480275630951,1.3029779195785522,0.12912577031045536
12,8,0.0,0.0001,8,2,3.082854747772217,1.0630922317504883,-2.0197625160217285,0.0014692391268908978,0.3633994162082672,0.004043042067103555
6,64,0.1,0.0001,16,1,2.784172534942627,1.0633258819580078,-1.7208466529846191,0.22589415311813354,1.2611730098724365,0.17911432559199947
6,64,0.1,0.001,16,1,1.2018026113510132,1.0679466724395752,-0.133855938911438,0.2583385109901428,1.2611730098724365,0.20483986651147323
6,32,0.1,0.0001,4,1,2.3352556228637695,1.0699615478515625,-1.265294075012207,0.2425670325756073,1.2611730098724365,0.19233446218464678
9,32,0.2,0.0001,8,1,2.64153790473938,1.0702528953552246,-1.5712850093841553,0.226700097322464,1.3029779195785522,0.17398613891768025
6,16,0.0,0.0001,16,1,3.4633731842041016,1.0727821588516235,-2.390591025352478,0.296413779258728,1.2611730098724365,0.2350302273664335
9,16,0.3,0.0005,16,1,2.5007410049438477,1.0742963552474976,-1.42644464969635,0.15036338567733765,1.3029779195785522,0.11539979566650879
12,16,0.2,0.001,8,2,4.059278964996338,1.07439124584198,-2.984887719154358,0.015367499552667141,0.3633994162082672,0.04228817897676506
12,16,0.3,0.005,8,1,0.6863573789596558,1.0749796628952026,0.3886222839355469,0.16067390143871307,0.3633994162082672,0.44214133064712885
12,8,0.0,0.001,8,1,1.716634750366211,1.0762501955032349,-0.6403845548629761,0.1417238414287567,0.3633994162082672,0.3899946865834633
6,64,0.4,0.001,8,1,1.1869319677352905,1.0789660215377808,-0.10796594619750977,0.2722418010234833,1.2611730098724365,0.21586396068769315
3,64,0.4,0.0001,4,1,2.3627612590789795,1.0834845304489136,-1.279276728630066,0.32020875811576843,1.2289718389511108,0.26055011837297803
6,32,0.1,0.0001,8,1,2.65840744972229,1.0843265056610107,-1.5740809440612793,0.2704482972621918,1.2611730098724365,0.21444186891499264
6,8,0.2,0.0001,8,1,3.295042037963867,1.0849995613098145,-2.2100424766540527,0.2686493396759033,1.2611730098724365,0.2130154527356055
12,64,0.2,0.0001,8,2,4.033600807189941,1.0880677700042725,-2.945533037185669,0.017437078058719635,0.3633994162082672,0.047983230795082786
12,16,0.1,0.0001,8,2,4.2219414710998535,1.088372826576233,-3.1335686445236206,0.0008465615683235228,0.3633994162082672,0.0023295622683068688
3,32,0.4,0.0001,16,2,3.448550224304199,1.0937162637710571,-2.354833960533142,0.18505510687828064,1.2289718389511108,0.15057717436082133
3,16,0.4,0.0001,8,2,3.3980369567871094,1.0954678058624268,-2.3025691509246826,0.16770502924919128,1.2289718389511108,0.13645961928006609
3,16,0.2,0.0001,16,1,3.4094748497009277,1.0960960388183594,-2.3133788108825684,0.283082515001297,1.2289718389511108,0.23034092892063263
3,8,0.3,0.0001,4,2,3.3951597213745117,1.0966616868972778,-2.298498034477234,0.14911416172981262,1.2289718389511108,0.12133244798926957
12,16,0.1,0.0001,8,1,3.018125534057617,1.0971800088882446,-1.9209455251693726,0.014456874690949917,0.3633994162082672,0.039782327780803484
9,16,0.4,0.0001,8,1,2.847580671310425,1.0981911420822144,-1.7493895292282104,0.09712569415569305,1.3029779195785522,0.07454132007632817
3,8,0.4,0.0005,16,1,3.1092443466186523,1.0994377136230469,-2.0098066329956055,0.29476580023765564,1.2289718389511108,0.23984748136233053
6,64,0.3,0.0001,8,1,2.2532811164855957,1.1006447076797485,-1.1526364088058472,0.1563471406698227,1.2611730098724365,0.12396962149200821
6,64,0.0,0.0001,16,1,2.7245399951934814,1.1026043891906738,-1.6219356060028076,0.18413525819778442,1.2611730098724365,0.14600317066443494
6,64,0.2,0.0005,8,1,1.3246554136276245,1.1032085418701172,-0.22144687175750732,0.2468649446964264,1.2611730098724365,0.19574233096012414
3,8,0.4,0.0001,4,1,3.0784668922424316,1.1032525300979614,-1.9752143621444702,0.4340611398220062,1.2289718389511108,0.3531904687030615
9,8,0.0,0.0001,8,1,2.892084836959839,1.1045598983764648,-1.787524938583374,0.1962457001209259,1.3029779195785522,0.15061322004934782
6,64,0.1,0.0005,4,1,1.008866548538208,1.104944109916687,0.096077561378479,0.20432138442993164,1.2611730098724365,0.16200900497434376
6,16,0.4,0.005,16,1,1.0168709754943848,1.1049548387527466,0.08808386325836182,0.1982022523880005,1.2611730098724365,0.15715706793316803
9,16,0.2,0.0001,16,1,3.1320245265960693,1.105026364326477,-2.0269981622695923,0.11825130879878998,1.3029779195785522,0.09075465287780035
6,32,0.4,0.005,16,1,0.8321115970611572,1.1058309078216553,0.27371931076049805,0.19233150780200958,1.2611730098724365,0.15250208044133712
9,64,0.2,0.005,16,1,0.6616467833518982,1.106094479560852,0.44444769620895386,0.21509678661823273,1.3029779195785522,0.1650809145620869
6,16,0.3,0.0005,16,1,2.648895025253296,1.1063542366027832,-1.5425407886505127,0.12508459389209747,1.2611730098724365,0.09918115350783582
6,16,0.1,0.0001,16,1,3.462705612182617,1.1081165075302124,-2.354589104652405,0.261796236038208,1.2611730098724365,0.20758154035082613
6,16,0.4,0.0001,4,2,3.115370035171509,1.1085172891616821,-2.0068527460098267,0.12406469136476517,1.2611730098724365,0.09837245991913028
6,64,0.3,0.0005,4,1,1.0818480253219604,1.1086807250976562,0.0268326997756958,0.22951041162014008,1.2611730098724365,0.18198170260823635
12,64,0.2,0.005,4,2,2.109168529510498,1.1094988584518433,-0.9996696710586548,0.009611672721803188,0.3633994162082672,0.026449334514876213
9,16,0.0,0.005,16,1,0.7823048233985901,1.1106280088424683,0.3283231854438782,0.2906353771686554,1.3029779195785522,0.22305472165074086
3,16,0.4,0.0005,8,1,2.223585367202759,1.1114782094955444,-1.1121071577072144,0.33832037448883057,1.2289718389511108,0.27528732861574473
12,8,0.0,0.0005,16,1,3.187415361404419,1.1115527153015137,-2.0758626461029053,0.013376060873270035,0.3633994162082672,0.036808151792968494
9,16,0.3,0.0001,4,1,2.7603065967559814,1.1121846437454224,-1.648121953010559,0.23397387564182281,1.3029779195785522,0.17956856530423906
6,64,0.0,0.0005,4,1,1.1667985916137695,1.1126290559768677,-0.054169535636901855,0.21563643217086792,1.2611730098724365,0.17098084916412765
3,16,0.2,0.0005,8,1,2.286494016647339,1.1129965782165527,-1.1734974384307861,0.3418119251728058,1.2289718389511108,0.2781283625380152
6,16,0.3,0.005,16,1,0.9575620889663696,1.1130118370056152,0.1554497480392456,0.1980501264333725,1.2611730098724365,0.1570364453433749
9,8,0.2,0.0001,8,1,3.078674793243408,1.1138010025024414,-1.9648737907409668,0.09873958677053452,1.3029779195785522,0.07577993862127134
6,64,0.2,0.0005,4,1,1.292078971862793,1.1142921447753906,-0.17778682708740234,0.2368364930152893,1.2611730098724365,0.18779064502755616
3,16,0.0,0.0005,4,1,2.074972152709961,1.115703821182251,-0.95926833152771,0.41235992312431335,1.2289718389511108,0.33553244269311305
12,32,0.2,0.001,16,2,3.9280505180358887,1.116599678993225,-2.8114508390426636,0.022674161940813065,0.3633994162082672,0.06239460199853022
3,8,0.1,0.005,8,2,3.555677890777588,1.1171386241912842,-2.4385392665863037,0.18795844912528992,1.2289718389511108,0.1529395899630268
3,8,0.1,0.0001,16,1,3.650543212890625,1.1176632642745972,-2.532879948616028,0.20941704511642456,1.2289718389511108,0.1704001983439714
6,32,0.4,0.0001,16,2,3.2969446182250977,1.1178499460220337,-2.179094672203064,0.0867089182138443,1.2611730098724365,0.06875259582554388
12,32,0.3,0.0001,16,1,3.0372073650360107,1.1180839538574219,-1.9191234111785889,0.03449281305074692,0.3633994162082672,0.09491708437687418
6,64,0.1,0.0001,8,1,2.360118865966797,1.118759036064148,-1.241359829902649,0.13331621885299683,1.2611730098724365,0.10570811285160735
3,64,0.1,0.0001,4,1,2.2897095680236816,1.1190402507781982,-1.1706693172454834,0.3525092899799347,1.2289718389511108,0.28683268306683934
6,64,0.4,0.001,4,1,0.7754784226417542,1.1191922426223755,0.34371381998062134,0.24816501140594482,1.2611730098724365,0.19677317026554977
6,8,0.4,0.0001,8,1,2.8401424884796143,1.1206663846969604,-1.7194761037826538,0.2278822958469391,1.2611730098724365,0.18069074905907528
6,64,0.2,0.0001,8,1,2.295012950897217,1.12328040599823,-1.1717325448989868,0.13906735181808472,1.2611730098724365,0.11026825877930176
3,32,0.4,0.0001,8,2,3.4060938358306885,1.125662922859192,-2.2804309129714966,0.1151636466383934,1.2289718389511108,0.09370731125676728
3,8,0.4,0.0001,4,2,3.292118549346924,1.1284408569335938,-2.16367769241333,0.11308206617832184,1.2289718389511108,0.09201355360171137
9,64,0.2,0.005,8,2,2.4750266075134277,1.1293628215789795,-1.3456637859344482,0.1223585233092308,1.3029779195785522,0.09390682794441185
6,32,0.4,0.001,4,1,1.0460819005966187,1.1297134160995483,0.08363151550292969,0.2601372003555298,1.2611730098724365,0.2062660700151217
3,16,0.2,0.001,8,1,1.9164776802062988,1.1303274631500244,-0.7861502170562744,0.42494234442710876,1.2289718389511108,0.34577061162750794
3,8,0.1,0.0001,8,1,3.521958112716675,1.1303942203521729,-2.391563892364502,0.38928791880607605,1.2289718389511108,0.31675902284166346
6,16,0.4,0.0001,8,2,3.3178086280822754,1.130737066268921,-2.1870715618133545,0.0905655100941658,1.2611730098724365,0.07181053621130554
3,64,0.2,0.0001,4,1,2.333786964416504,1.131467580795288,-1.2023193836212158,0.31099557876586914,1.2289718389511108,0.25305346217802205
3,16,0.4,0.0005,4,1,2.1521804332733154,1.1315772533416748,-1.0206031799316406,0.4198641777038574,1.2289718389511108,0.34163856680572796
3,8,0.2,0.005,16,1,1.766883134841919,1.1333574056625366,-0.6335257291793823,0.3592955768108368,1.2289718389511108,0.2923546052263365
9,16,0.0,0.0001,16,1,3.333674192428589,1.1333913803100586,-2.2002828121185303,0.1279686987400055,1.3029779195785522,0.09821248450733296
6,32,0.4,0.0001,8,1,2.8688504695892334,1.1334019899368286,-1.7354484796524048,0.18986482918262482,1.2611730098724365,0.1505462198258025
3,16,0.2,0.001,4,1,1.8918185234069824,1.1338878870010376,-0.7579306364059448,0.4599711000919342,1.2289718389511108,0.3742731000935751
12,8,0.2,0.0001,4,2,3.959959030151367,1.1340047121047974,-2.82595431804657,0.007001097314059734,0.3633994162082672,0.01926557116439435
3,64,0.4,0.0001,16,2,3.318782329559326,1.1341979503631592,-2.184584379196167,0.08816161751747131,1.2289718389511108,0.07173607622507812
6,16,0.0,0.001,4,1,1.0317578315734863,1.1353318691253662,0.10357403755187988,0.22279563546180725,1.2611730098724365,0.17665747182802644
6,64,0.2,0.001,8,1,1.0473663806915283,1.1353743076324463,0.08800792694091797,0.21284177899360657,1.2611730098724365,0.16876493338145163
6,32,0.0,0.001,8,1,1.1084249019622803,1.1357792615890503,0.02735435962677002,0.24950656294822693,1.2611730098724365,0.19783690341855928
3,16,0.3,0.0001,16,1,3.564920425415039,1.136069655418396,-2.428850769996643,0.3147357106208801,1.2289718389511108,0.2560967636894734
9,32,0.4,0.0001,8,1,2.7532174587249756,1.1362656354904175,-1.616951823234558,0.09470420330762863,1.3029779195785522,0.07268289192364877
9,16,0.3,0.0001,8,1,2.776540756225586,1.136502742767334,-1.640038013458252,0.04098830744624138,1.3029779195785522,0.031457407551080396
9,64,0.3,0.0001,16,1,2.775613784790039,1.1368920803070068,-1.6387217044830322,0.13434173166751862,1.3029779195785522,0.10310361338354176
6,16,0.1,0.0005,16,1,2.404968500137329,1.1379215717315674,-1.2670469284057617,0.15076112747192383,1.2611730098724365,0.11954040111211452
3,8,0.4,0.0001,8,2,3.467198133468628,1.137994408607483,-2.329203724861145,0.15391245484352112,1.2289718389511108,0.12523676293093958
6,64,0.3,0.001,16,1,1.2783777713775635,1.1382840871810913,-0.14009368419647217,0.22203581035137177,1.2611730098724365,0.17605499690627693
9,16,0.3,0.0001,16,1,3.1306493282318115,1.1383756399154663,-1.9922736883163452,0.13552656769752502,1.3029779195785522,0.10401294270693477
12,8,0.1,0.0001,8,1,3.2841005325317383,1.1385161876678467,-2.1455843448638916,0.09988280385732651,0.3633994162082672,0.2748568087959801
9,32,0.1,0.0001,16,1,2.932237386703491,1.1388970613479614,-1.7933403253555298,0.11126222461462021,1.3029779195785522,0.08539072147178667
9,8,0.0,0.0005,16,2,2.8515267372131348,1.1389565467834473,-1.7125701904296875,0.10617351531982422,1.3029779195785522,0.08148527593941576
3,32,0.2,0.001,16,1,2.0088517665863037,1.1398420333862305,-0.8690097332000732,0.402670294046402,1.2289718389511108,0.3276481049314104
3,16,0.4,0.001,8,1,2.0843076705932617,1.1399375200271606,-0.9443701505661011,0.3472517132759094,1.2289718389511108,0.28255465444373234
9,64,0.0,0.0001,16,2,2.5625109672546387,1.1406184434890747,-1.421892523765564,0.10687144845724106,1.3029779195785522,0.08202092057846122
3,8,0.3,0.001,16,2,2.9899606704711914,1.1408023834228516,-1.8491582870483398,0.19673658907413483,1.2289718389511108,0.1600822596895657
6,16,0.3,0.0001,8,2,3.093228816986084,1.141924500465393,-1.951304316520691,0.07161425799131393,1.2611730098724365,0.05678384918700209
3,16,0.1,0.001,16,1,2.162585973739624,1.1421858072280884,-1.0204001665115356,0.3814052939414978,1.2289718389511108,0.310345023257014
3,64,0.3,0.0001,4,1,2.2902543544769287,1.1422370672225952,-1.1480172872543335,0.32346299290657043,1.2289718389511108,0.2631980511308022
6,32,0.2,0.005,4,1,1.8969268798828125,1.142358660697937,-0.7545682191848755,0.43042680621147156,1.2611730098724365,0.3412908481565172
9,64,0.1,0.005,16,1,0.9781550765037537,1.1424708366394043,0.16431576013565063,0.21742041409015656,1.3029779195785522,0.1668642352438951
6,64,0.3,0.0001,16,1,2.8382229804992676,1.1428877115249634,-1.6953352689743042,0.1094108447432518,1.2611730098724365,0.08675323994946446
9,64,0.4,0.0001,8,1,2.283092737197876,1.142915964126587,-1.140176773071289,0.06211867555975914,1.3029779195785522,0.047674388511396576
6,16,0.1,0.0001,4,1,2.452927589416504,1.143252968788147,-1.309674620628357,0.18562085926532745,1.2611730098724365,0.14718112250443924
6,64,0.2,0.001,16,1,1.203879952430725,1.1436002254486084,-0.0602797269821167,0.21282491087913513,1.2611730098724365,0.16875155844055184
3,16,0.2,0.0005,16,1,2.5184903144836426,1.1444021463394165,-1.374088168144226,0.21201328933238983,1.2289718389511108,0.1725127318729586
9,32,0.3,0.0001,8,1,2.8211429119110107,1.1447255611419678,-1.676417350769043,0.1912469118833542,1.3029779195785522,0.1467767864747953
3,16,0.3,0.0005,16,1,2.4411890506744385,1.1449812650680542,-1.2962077856063843,0.21446219086647034,1.2289718389511108,0.17450537438637093
6,16,0.1,0.005,16,2,3.4668662548065186,1.1455219984054565,-2.321344256401062,0.23644669353961945,1.2611730098724365,0.18748156810264696
3,16,0.1,0.0005,4,1,2.112264394760132,1.1459429264068604,-0.9663214683532715,0.3985534906387329,1.2289718389511108,0.32429831018657507
6,16,0.0,0.0005,8,1,1.605198621749878,1.1465132236480713,-0.45868539810180664,0.28919968008995056,1.2611730098724365,0.22931007706801634
9,8,0.4,0.0005,16,1,3.010150909423828,1.147049903869629,-1.8631010055541992,0.08848545700311661,1.3029779195785522,0.06791017382070234
3,8,0.4,0.0005,8,2,3.245819568634033,1.1474941968917847,-2.0983253717422485,0.17207933962345123,1.2289718389511108,0.1400189444294473
3,32,0.3,0.0005,8,1,2.161628007888794,1.1476941108703613,-1.0139338970184326,0.3652045428752899,1.2289718389511108,0.29716266174738437
6,64,0.4,0.001,16,1,1.1641086339950562,1.1495747566223145,-0.0145338773727417,0.20428495109081268,1.2611730098724365,0.16198011651983849
12,16,0.0,0.0001,8,2,2.8850440979003906,1.1497453451156616,-1.735298752784729,0.052899688482284546,0.3633994162082672,0.1455689968746876
6,8,0.2,0.0005,4,2,3.036248207092285,1.1502081155776978,-1.8860400915145874,0.0822572410106659,1.2611730098724365,0.06522280477520363
9,8,0.4,0.0001,4,1,3.0984935760498047,1.1502420902252197,-1.948251485824585,0.06495506316423416,1.3029779195785522,0.049851238603677836
3,8,0.3,0.0001,16,2,3.5403809547424316,1.1508944034576416,-2.38948655128479,0.03615891560912132,1.2289718389511108,0.0294220863839987
3,16,0.3,0.001,16,2,2.933826446533203,1.1510127782821655,-1.7828136682510376,0.16268113255500793,1.2289718389511108,0.1323717333456975
6,64,0.4,0.0001,16,1,2.81817889213562,1.1510323286056519,-1.6671465635299683,0.17167265713214874,1.2611730098724365,0.13612141695730776
9,64,0.3,0.005,8,1,0.5908255577087402,1.1510870456695557,0.5602614879608154,0.2243969589471817,1.3029779195785522,0.17221854305847548
9,32,0.0,0.0001,8,1,2.7146155834198,1.152238130569458,-1.5623774528503418,0.0314326249063015,1.3029779195785522,0.024123681939651264
3,16,0.0,0.001,16,1,2.158460855484009,1.1538079977035522,-1.0046528577804565,0.40986549854278564,1.2289718389511108,0.33350275860884904
9,32,0.2,0.005,16,1,0.7121526598930359,1.1548881530761719,0.442735493183136,0.23706908524036407,1.3029779195785522,0.18194405421470533
6,8,0.2,0.0005,8,2,3.209458351135254,1.1552717685699463,-2.0541865825653076,0.05178453400731087,1.2611730098724365,0.041060610718705995
3,16,0.0,0.0005,4,2,1.9808349609375,1.1553854942321777,-0.8254494667053223,0.3522799015045166,1.2289718389511108,0.28664603234942837
9,8,0.3,0.0005,16,1,2.890272378921509,1.155741810798645,-1.7345305681228638,0.15812313556671143,1.3029779195785522,0.12135519197275138
9,8,0.2,0.0005,16,1,2.8126108646392822,1.1562899351119995,-1.6563209295272827,0.4266664683818817,1.3029779195785522,0.32745487238946214
9,64,0.4,0.005,4,2,1.2067701816558838,1.1567083597183228,-0.050061821937561035,0.4664463698863983,1.3029779195785522,0.3579848613530383
3,64,0.3,0.0005,16,1,2.0866270065307617,1.1582772731781006,-0.9283497333526611,0.4359152317047119,1.2289718389511108,0.3546991215655128
3,32,0.0,0.001,16,1,1.9929617643356323,1.1592310667037964,-0.8337306976318359,0.3706262707710266,1.2289718389511108,0.3015742582737653
3,16,0.3,0.001,16,1,2.2425601482391357,1.1609803438186646,-1.0815798044204712,0.33583277463912964,1.2289718389511108,0.27326319773588337
6,16,0.4,0.0001,4,1,2.775326728820801,1.1613397598266602,-1.6139869689941406,0.3014821708202362,1.2611730098724365,0.23904901901661385
9,8,0.3,0.0001,4,2,2.766258478164673,1.1616798639297485,-1.6045786142349243,0.03819236904382706,1.3029779195785522,0.029311601117676934
6,32,0.3,0.001,4,1,1.207249402999878,1.1617392301559448,-0.045510172843933105,0.18088668584823608,1.2611730098724365,0.14342733663998422
6,32,0.2,0.001,8,2,2.9372034072875977,1.1617897748947144,-1.7754136323928833,0.08173467963933945,1.2611730098724365,0.06480845926730278
9,16,0.1,0.0001,4,1,2.780766487121582,1.1622587442398071,-1.618507742881775,0.18407422304153442,1.3029779195785522,0.1412719435039031
3,8,0.1,0.0005,8,1,2.1285626888275146,1.1623743772506714,-0.9661883115768433,0.3420931398868561,1.2289718389511108,0.27835718365916495
9,32,0.1,0.0001,8,1,2.414764881134033,1.162590742111206,-1.2521741390228271,0.12519791722297668,1.3029779195785522,0.09608598529702783
6,32,0.1,0.0001,16,1,3.043851852416992,1.1628987789154053,-1.880953073501587,0.11666852235794067,1.2611730098724365,0.09250794414775916
3,64,0.4,0.0001,8,1,2.6706857681274414,1.163116216659546,-1.5075695514678955,0.33409789204597473,1.2289718389511108,0.2718515440769716
9,64,0.2,0.005,4,2,2.3954226970672607,1.1632503271102905,-1.2321723699569702,0.26182663440704346,1.3029779195785522,0.20094479766144555
3,32,0.4,0.0005,16,1,2.345916986465454,1.1633979082107544,-1.1825190782546997,0.41001760959625244,1.2289718389511108,0.3336265295925655
3,32,0.2,0.0005,16,1,2.209939479827881,1.1646243333816528,-1.045315146446228,0.32841914892196655,1.2289718389511108,0.26723081726775944
9,8,0.1,0.005,8,2,3.07039475440979,1.1646804809570312,-1.9057142734527588,0.10162020474672318,1.3029779195785522,0.0779907343169654
9,64,0.0,0.005,8,1,0.42861753702163696,1.1647642850875854,0.7361467480659485,0.330011785030365,1.3029779195785522,0.25327504025325864
3,32,0.1,0.0005,8,1,1.9736793041229248,1.1651495695114136,-0.8085297346115112,0.47449150681495667,1.2289718389511108,0.3860881850799123
9,8,0.0,0.0001,16,2,3.254978656768799,1.1660354137420654,-2.0889432430267334,0.021743183955550194,1.3029779195785522,0.016687300397679048
3,8,0.3,0.001,4,2,2.2364308834075928,1.1662391424179077,-1.070191740989685,0.2821892201900482,1.2289718389511108,0.2296140653889091
3,32,0.1,0.001,16,1,1.9551496505737305,1.1662555932998657,-0.7888940572738647,0.42143288254737854,1.2289718389511108,0.3429150035749056
3,16,0.4,0.0001,16,1,3.9039154052734375,1.1667531728744507,-2.737162232398987,0.3559677004814148,1.2289718389511108,0.2896467512105258
6,8,0.1,0.0001,16,1,3.317481756210327,1.166998267173767,-2.15048348903656,0.08088724315166473,1.2611730098724365,0.06413651617857427
3,8,0.0,0.0001,16,2,3.5807034969329834,1.1670401096343994,-2.413663387298584,0.036857329308986664,1.2289718389511108,0.029990377436510868
9,32,0.3,0.005,8,2,1.7057262659072876,1.16712486743927,-0.5386013984680176,0.1696399450302124,1.3029779195785522,0.13019402898637175
3,64,0.1,0.0005,8,1,1.9455509185791016,1.1672428846359253,-0.7783080339431763,0.40628206729888916,1.2289718389511108,0.3305869625504505
6,8,0.4,0.0005,16,1,2.883981943130493,1.167710542678833,-1.7162714004516602,0.32929497957229614,1.2611730098724365,0.26110214617231875
3,16,0.3,0.0001,8,2,3.4770874977111816,1.168155550956726,-2.3089319467544556,0.029072342440485954,1.2289718389511108,0.02365582474639801
3,32,0.3,0.0001,8,2,3.5423314571380615,1.1682124137878418,-2.3741190433502197,0.0663883164525032,1.2289718389511108,0.05401939600923937
9,16,0.2,0.0001,4,1,2.645509719848633,1.1682493686676025,-1.4772603511810303,0.23193097114562988,1.3029779195785522,0.17800069184644962
6,64,0.0,0.001,8,2,1.1851532459259033,1.1688765287399292,-0.01627671718597412,0.2771551012992859,1.2611730098724365,0.219759778499636
9,8,0.1,0.0001,4,1,3.086858034133911,1.1690177917480469,-1.9178402423858643,0.20738348364830017,1.3029779195785522,0.15916116499915692
3,64,0.4,0.0005,16,1,2.080233097076416,1.169079303741455,-0.9111537933349609,0.3802401125431061,1.2289718389511108,0.3093969287918177
6,32,0.0,0.0001,16,1,3.0534613132476807,1.1691433191299438,-1.8843179941177368,0.21508511900901794,1.2611730098724365,0.1705437059985712
6,64,0.3,0.0005,4,2,2.569850444793701,1.1692770719528198,-1.4005733728408813,0.09182924777269363,1.2611730098724365,0.0728125697694576
3,8,0.3,0.001,16,1,2.2480103969573975,1.169883370399475,-1.0781270265579224,0.3581819534301758,1.2289718389511108,0.291448462916671
3,32,0.1,0.0001,4,2,3.406214714050293,1.1698893308639526,-2.2363253831863403,0.02806280553340912,1.2289718389511108,0.02283437638193553
3,16,0.3,0.0005,4,1,1.9733870029449463,1.169892430305481,-0.8034945726394653,0.37497714161872864,1.2289718389511108,0.30511451095475056
6,8,0.4,0.0001,4,2,3.094048261642456,1.1702232360839844,-1.9238250255584717,0.10659551620483398,1.2611730098724365,0.08452093041193116
3,8,0.2,0.0005,4,2,3.1098995208740234,1.170271396636963,-1.9396281242370605,0.08939490467309952,1.2289718389511108,0.07273958754774665
9,8,0.2,0.001,8,1,1.780973196029663,1.17031729221344,-0.6106559038162231,0.146294504404068,1.3029779195785522,0.11227704031345896
9,32,0.0,0.0001,8,2,2.32511043548584,1.1705409288406372,-1.1545695066452026,0.015856847167015076,1.3029779195785522,0.012169697528062462
6,64,0.0,0.0005,4,2,1.3561879396438599,1.17094886302948,-0.18523907661437988,0.284307062625885,1.2611730098724365,0.22543065891859018
9,16,0.2,0.005,8,1,0.8312456011772156,1.1712353229522705,0.33998972177505493,0.39273014664649963,1.3029779195785522,0.3014096714497879
9,32,0.2,0.0001,16,1,3.066948652267456,1.172180414199829,-1.894768238067627,0.12831860780715942,1.3029779195785522,0.09848103016869544
6,32,0.3,0.005,16,1,0.991775393486023,1.1732728481292725,0.1814974546432495,0.19502465426921844,1.2611730098724365,0.15463751027223818
3,32,0.4,0.0005,8,1,2.0282669067382812,1.1735217571258545,-0.8547451496124268,0.4274214208126068,1.2289718389511108,0.34778780706431617
3,16,0.3,0.001,4,1,1.8644185066223145,1.1740802526474,-0.6903382539749146,0.36885687708854675,1.2289718389511108,0.3001345233454288
9,32,0.2,0.005,4,2,1.7931690216064453,1.174190640449524,-0.6189783811569214,0.041239045560359955,1.3029779195785522,0.03164984221198369
3,64,0.2,0.0005,16,1,2.003676176071167,1.1744478940963745,-0.8292282819747925,0.3829213082790375,1.2289718389511108,0.3115785863782273
3,16,0.2,0.0005,16,2,3.053513288497925,1.1754096746444702,-1.8781036138534546,0.10100512951612473,1.2289718389511108,0.08218669160257525
9,64,0.4,0.0001,16,1,2.8260834217071533,1.175837755203247,-1.6502456665039062,0.08065082132816315,1.3029779195785522,0.06189730471737359
6,64,0.4,0.0001,4,1,1.8374617099761963,1.175884485244751,-0.6615772247314453,0.20289114117622375,1.2611730098724365,0.16087494704374106
3,32,0.4,0.001,16,1,2.075761556625366,1.175976037979126,-0.8997855186462402,0.46285784244537354,1.2289718389511108,0.37662200855668776
3,8,0.4,0.0005,4,1,2.3105762004852295,1.1764603853225708,-1.1341158151626587,0.2662017047405243,1.2289718389511108,0.2166052112046108
6,64,0.4,0.0005,4,1,1.2337397336959839,1.1774108409881592,-0.05632889270782471,0.19519075751304626,1.2611730098724365,0.15476921563108076
6,32,0.2,0.0001,8,1,2.5537750720977783,1.1792211532592773,-1.374553918838501,0.14024761319160461,1.2611730098724365,0.11120410292144628
9,8,0.3,0.0005,16,2,3.1025474071502686,1.1793811321258545,-1.923166275024414,0.037332769483327866,1.3029779195785522,0.028651881910173226
9,8,0.0,0.005,8,2,1.190032958984375,1.1796931028366089,-0.010339856147766113,0.2632303237915039,1.3029779195785522,0.2020220909627123
3,8,0.1,0.001,4,1,1.9211794137954712,1.1800483465194702,-0.741131067276001,0.2964719831943512,1.2289718389511108,0.24123578246299018
6,8,0.4,0.0001,8,2,3.3991804122924805,1.180184245109558,-2.2189961671829224,0.0076636360026896,1.2611730098724365,0.00607659372877378
12,32,0.2,0.0005,16,2,4.024962902069092,1.1805989742279053,-2.8443639278411865,0.04441679269075394,0.3633994162082672,0.12222582290913286
6,64,0.4,0.005,8,1,1.0254924297332764,1.1806176900863647,0.15512526035308838,0.33095428347587585,1.2611730098724365,0.26241782918376183
9,16,0.0,0.0001,8,1,2.9393486976623535,1.180843710899353,-1.7585049867630005,0.20720185339450836,1.3029779195785522,0.1590217687353656
3,64,0.4,0.0001,8,2,2.9537861347198486,1.1824032068252563,-1.7713829278945923,0.159495010972023,1.2289718389511108,0.12977922350779578
3,32,0.3,0.0001,4,1,2.6498188972473145,1.1825957298278809,-1.4672231674194336,0.2851870059967041,1.2289718389511108,0.2320533286101188
6,64,0.0,0.0001,16,2,2.632218837738037,1.1826187372207642,-1.449600100517273,0.06916744261980057,1.2611730098724365,0.054843738391449265
6,32,0.1,0.001,4,2,3.386610746383667,1.18293035030365,-2.203680396080017,0.0944744199514389,1.2611730098724365,0.07490996018143037
3,16,0.4,0.0001,4,2,3.0574283599853516,1.1832305192947388,-1.8741978406906128,0.1382489651441574,1.2289718389511108,0.11249156470676219
3,32,0.2,0.001,8,1,1.9001092910766602,1.183518886566162,-0.716590404510498,0.41476571559906006,1.2289718389511108,0.33749000786954536
9,16,0.0,0.005,8,2,0.6306149959564209,1.1836268901824951,0.5530118942260742,0.18524199724197388,1.3029779195785522,0.14216817833865544
6,64,0.4,0.001,8,2,1.971798300743103,1.1836276054382324,-0.7881706953048706,0.17108041048049927,1.2611730098724365,0.1356518171109636
6,64,0.0,0.0005,8,1,1.1696034669876099,1.1836423873901367,0.014038920402526855,0.22169379889965057,1.2611730098724365,0.1757838117088108
3,64,0.4,0.0001,4,2,2.701599597930908,1.1844143867492676,-1.5171852111816406,0.2332892119884491,1.2289718389511108,0.18982470109937927
3,8,0.2,0.005,16,2,2.9737977981567383,1.1845037937164307,-1.7892940044403076,0.1343754231929779,1.2289718389511108,0.10933970896164971
3,8,0.3,0.0005,4,2,2.7016751766204834,1.1848393678665161,-1.5168358087539673,0.15888181328773499,1.2289718389511108,0.12928027172968884
3,32,0.0,0.0005,8,2,2.0286285877227783,1.1850751638412476,-0.8435534238815308,0.3920697271823883,1.2289718389511108,0.31902254775586036
9,16,0.0,0.0001,16,2,3.0830414295196533,1.1853539943695068,-1.8976874351501465,0.06432964652776718,1.3029779195785522,0.04937124840041386
9,16,0.4,0.0001,8,2,3.0846855640411377,1.1853935718536377,-1.8992919921875,0.04816453531384468,1.3029779195785522,0.03696496662769503
3,32,0.1,0.0005,16,1,2.1197285652160645,1.1854225397109985,-0.9343060255050659,0.34898537397384644,1.2289718389511108,0.28396531386080787
6,8,0.3,0.0001,8,2,3.3472900390625,1.1856036186218262,-2.161686420440674,0.04535341635346413,1.2611730098724365,0.03596129634747851
6,8,0.0,0.0005,16,1,1.9363503456115723,1.1857249736785889,-0.7506253719329834,0.3182564079761505,1.2611730098724365,0.252349523407848
3,16,0.2,0.0005,4,1,2.075516939163208,1.1857320070266724,-0.8897849321365356,0.38582751154899597,1.2289718389511108,0.3139433299613177
9,64,0.1,0.0001,8,1,2.188598155975342,1.1857504844665527,-1.002847671508789,0.07787159085273743,1.3029779195785522,0.059764321162038544
6,32,0.2,0.005,16,1,1.1625601053237915,1.1860355138778687,0.02347540855407715,0.14513751864433289,1.2611730098724365,0.11508137068284792
6,64,0.0,0.001,8,1,0.7954844832420349,1.1863912343978882,0.39090675115585327,0.22345857322216034,1.2611730098724365,0.17718312354683394
6,8,0.0,0.0001,16,2,3.2905261516571045,1.1864478588104248,-2.1040782928466797,0.021186882629990578,1.2611730098724365,0.016799346690850578
3,64,0.1,0.0005,16,1,2.030571222305298,1.1864784955978394,-0.8440927267074585,0.4231874644756317,1.2289718389511108,0.3443426863522024
3,16,0.2,0.0001,16,2,3.3598809242248535,1.1886578798294067,-2.1712230443954468,0.024309605360031128,1.2289718389511108,0.019780441332796217
12,32,0.1,0.0001,8,2,4.340280532836914,1.1888298988342285,-3.1514506340026855,0.0049270507879555225,0.3633994162082672,0.013558224279402224
3,32,0.1,0.001,8,1,1.9241827726364136,1.1894915103912354,-0.7346912622451782,0.41523292660713196,1.2289718389511108,0.3378701719980177
6,64,0.0,0.001,16,1,1.3484400510787964,1.1895089149475098,-0.15893113613128662,0.19767983257770538,1.2611730098724365,0.15674283467079592
6,16,0.2,0.005,8,1,1.0702570676803589,1.1896066665649414,0.11934959888458252,0.15821217000484467,1.2611730098724365,0.12544842679502577
6,8,0.1,0.001,16,2,3.304178476333618,1.1896374225616455,-2.1145410537719727,0.023479720577597618,1.2611730098724365,0.018617366843247395
6,64,0.3,0.001,8,2,2.196833610534668,1.1896884441375732,-1.0071451663970947,0.1257719248533249,1.2611730098724365,0.09972614690354523
9,8,0.0,0.0005,8,1,2.7118687629699707,1.1903698444366455,-1.5214989185333252,0.11888308078050613,1.3029779195785522,0.09123952063513005
3,8,0.3,0.0005,8,2,3.1768014430999756,1.1904125213623047,-1.986388921737671,0.0976473018527031,1.2289718389511108,0.07945446653687527
3,16,0.2,0.0005,8,2,3.3041601181030273,1.19062340259552,-2.1135367155075073,0.08370085805654526,1.2289718389511108,0.06810640846578009
3,64,0.2,0.0005,8,1,1.9331283569335938,1.190718173980713,-0.7424101829528809,0.41891202330589294,1.2289718389511108,0.3408638099172568
9,16,0.1,0.005,16,1,0.770754337310791,1.1911883354187012,0.42043399810791016,0.12202110886573792,1.3029779195785522,0.09364787156577879
9,64,0.1,0.001,4,1,1.1229549646377563,1.1915217638015747,0.06856679916381836,0.16528698801994324,1.3029779195785522,0.12685325325651356
9,64,0.1,0.005,8,2,2.703817367553711,1.1916563510894775,-1.5121610164642334,0.1739199310541153,1.3029779195785522,0.13347880147529256
3,16,0.2,0.001,16,1,2.193042516708374,1.191816806793213,-1.0012257099151611,0.417938768863678,1.2289718389511108,0.3400718841697591
3,32,0.3,0.001,8,2,2.551359176635742,1.19195556640625,-1.3594036102294922,0.1919330656528473,1.2289718389511108,0.1561736889078404
3,8,0.4,0.001,4,1,1.9774131774902344,1.1921488046646118,-0.7852643728256226,0.36709433794021606,1.2289718389511108,0.29870036587129584
9,32,0.3,0.001,4,2,2.1029601097106934,1.1925675868988037,-0.9103925228118896,0.0860443189740181,1.3029779195785522,0.06603666699267559
6,8,0.4,0.001,16,2,3.04695463180542,1.1933238506317139,-1.853630781173706,0.06370387971401215,1.2611730098724365,0.05051161039392651
9,16,0.2,0.005,4,2,1.7526391744613647,1.1934560537338257,-0.5591831207275391,0.19645340740680695,1.3029779195785522,0.15077262972372527
6,64,0.3,0.005,16,1,0.6759532690048218,1.1935278177261353,0.5175745487213135,0.18553714454174042,1.2611730098724365,0.14711474404333064
9,64,0.2,0.0001,16,1,2.8667633533477783,1.1935569047927856,-1.6732064485549927,0.09159781038761139,1.3029779195785522,0.07029882011909969
3,32,0.3,0.001,16,1,1.9271115064620972,1.1935639381408691,-0.733547568321228,0.4257456958293915,1.2289718389511108,0.3464242892601609
9,32,0.0,0.005,8,1,0.3596482574939728,1.1939104795455933,0.8342622220516205,0.25216978788375854,1.3029779195785522,0.19353343145317672
3,8,0.1,0.0005,4,1,2.1415915489196777,1.1940157413482666,-0.9475758075714111,0.5717261433601379,1.2289718389511108,0.4652068706863848
3,32,0.4,0.0001,16,1,3.21509051322937,1.1944869756698608,-2.0206035375595093,0.4389936923980713,1.2289718389511108,0.3572040289977179
9,64,0.2,0.005,4,1,0.8954235911369324,1.1949586868286133,0.2995350956916809,0.1949770748615265,1.3029779195785522,0.14963958477868278
3,32,0.0,0.0005,16,1,2.167564868927002,1.195389747619629,-0.972175121307373,0.3957512676715851,1.2289718389511108,0.322018174158772
9,64,0.1,0.0001,16,1,2.769097089767456,1.1954057216644287,-1.5736913681030273,0.07072979211807251,1.3029779195785522,0.05428318550551496
9,16,0.1,0.0001,16,1,3.0794529914855957,1.1962178945541382,-1.8832350969314575,0.16573721170425415,1.3029779195785522,0.12719878764934237
3,32,0.4,0.0005,4,1,1.9050261974334717,1.1963746547698975,-0.7086515426635742,0.419264018535614,1.2289718389511108,0.3411502243155081
3,16,0.4,0.001,16,1,1.885384202003479,1.1964333057403564,-0.6889508962631226,0.34299778938293457,1.2289718389511108,0.2790932863650257
9,16,0.3,0.005,4,1,0.6791831851005554,1.1964850425720215,0.5173018574714661,0.12889260053634644,1.3029779195785522,0.09892155392628349
3,8,0.0,0.0005,4,1,2.130103588104248,1.1964868307113647,-0.9336167573928833,0.4883098304271698,1.2289718389511108,0.39733199325700336
3,8,0.2,0.0001,8,1,3.379448175430298,1.1975902318954468,-2.181857943534851,0.27767324447631836,1.2289718389511108,0.2259394688110216
6,32,0.0,0.001,4,1,0.8641846776008606,1.1975903511047363,0.33340567350387573,0.21128162741661072,1.2611730098724365,0.16752786950141055
3,16,0.4,0.0005,4,2,2.355712413787842,1.1978684663772583,-1.1578439474105835,0.28286606073379517,1.2289718389511108,0.23016480261680572
3,64,0.2,0.0005,8,2,3.2874882221221924,1.1983100175857544,-2.089178204536438,0.08056878298521042,1.2289718389511108,0.0655578756417831
3,32,0.0,0.0005,4,1,1.835206151008606,1.1990773677825928,-0.6361287832260132,0.41033148765563965,1.2289718389511108,0.33388192849548515
3,64,0.1,0.001,16,1,1.9295567274093628,1.2005795240402222,-0.7289772033691406,0.38954415917396545,1.2289718389511108,0.3169675226296717
6,8,0.1,0.001,16,1,2.0899038314819336,1.2007275819778442,-0.8891762495040894,0.2832384705543518,1.2611730098724365,0.2245833587756532
6,32,0.1,0.001,4,1,1.1293309926986694,1.201517939567566,0.07218694686889648,0.18683375418186188,1.2611730098724365,0.14814284219479093
3,8,0.4,0.001,4,2,2.2213706970214844,1.2016063928604126,-1.0197643041610718,0.27434051036834717,1.2289718389511108,0.22322766207766667
6,64,0.4,0.001,16,2,1.7597094774246216,1.2021491527557373,-0.5575603246688843,0.17499256134033203,1.2611730098724365,0.13875381091293093
9,16,0.1,0.0001,16,2,3.1692631244659424,1.2022629976272583,-1.967000126838684,0.03825318440794945,1.3029779195785522,0.029358275250222526
6,16,0.3,0.0001,8,1,2.6236588954925537,1.2025281190872192,-1.4211307764053345,0.11824405193328857,1.2611730098724365,0.09375720143681839
9,64,0.4,0.005,16,2,1.386627435684204,1.2031382322311401,-0.18348920345306396,0.23083177208900452,1.3029779195785522,0.17715708656342155
3,8,0.4,0.001,8,2,2.4699690341949463,1.2037010192871094,-1.266268014907837,0.21990282833576202,1.2289718389511108,0.1789323574114133
9,16,0.1,0.005,4,1,0.5392770171165466,1.2038588523864746,0.664581835269928,0.3706638216972351,1.3029779195785522,0.2844743691567131
3,16,0.4,0.0005,8,2,2.366339921951294,1.2043033838272095,-1.1620365381240845,0.31265777349472046,1.2289718389511108,0.25440597057257563
3,8,0.1,0.001,8,1,1.9261865615844727,1.2045314311981201,-0.7216551303863525,0.4352344870567322,1.2289718389511108,0.3541452076137003
9,32,0.1,0.001,4,2,3.0864036083221436,1.205077886581421,-1.8813257217407227,0.057548169046640396,1.3029779195785522,0.04416664947419395
3,16,0.4,0.001,4,1,1.8366771936416626,1.2059745788574219,-0.6307026147842407,0.38953226804733276,1.2289718389511108,0.3169578469591186
3,8,0.2,0.001,16,2,3.1640641689300537,1.2060260772705078,-1.958038091659546,0.12680447101593018,1.2289718389511108,0.10317931379465443
3,16,0.3,0.001,8,2,2.8368475437164307,1.2060627937316895,-1.6307847499847412,0.18667227029800415,1.2289718389511108,0.15189304130623785
3,16,0.3,0.0005,8,1,2.144651412963867,1.2067619562149048,-0.9378894567489624,0.3564203679561615,1.2289718389511108,0.29001508143616633
9,64,0.3,0.001,4,2,2.378384828567505,1.207087516784668,-1.171297311782837,0.10406103730201721,1.3029779195785522,0.07986400670218242
6,16,0.2,0.0001,8,1,2.893435478210449,1.2077566385269165,-1.6856788396835327,0.18298599123954773,1.2611730098724365,0.1450919023854278
9,8,0.2,0.005,8,2,2.2344746589660645,1.2077571153640747,-1.0267175436019897,0.04520180821418762,1.3029779195785522,0.034691154420182446
3,16,0.3,0.0005,4,2,3.157656192779541,1.2078169584274292,-1.9498392343521118,0.17699246108531952,1.2289718389511108,0.14401669385392676
6,8,0.3,0.0005,4,2,2.189924955368042,1.2080827951431274,-0.9818421602249146,0.09019817411899567,1.2611730098724365,0.07151927087951154
6,64,0.4,0.005,16,1,0.755580723285675,1.2082003355026245,0.45261961221694946,0.22195160388946533,1.2611730098724365,0.17598822853964738
6,16,0.2,0.0001,16,1,3.057734727859497,1.2087986469268799,-1.8489360809326172,0.05983386188745499,1.2611730098724365,0.04744302440591159
6,64,0.2,0.0001,16,1,2.907195568084717,1.2091909646987915,-1.6980046033859253,0.09034226089715958,1.2611730098724365,0.0716335191048034
9,64,0.3,0.0001,8,1,2.197368621826172,1.2093044519424438,-0.988064169883728,0.06816887855529785,1.3029779195785522,0.0523177542236073
6,8,0.0,0.001,4,2,1.2951703071594238,1.2098865509033203,-0.08528375625610352,0.21938683092594147,1.2611730098724365,0.17395458768034666
12,64,0.2,0.0001,4,2,4.189868927001953,1.2099591493606567,-2.9799097776412964,0.014852043241262436,0.3633994162082672,0.040869749864294244
6,64,0.0,0.0001,8,2,1.9830747842788696,1.2104809284210205,-0.7725938558578491,0.13534201681613922,1.2611730098724365,0.10731439362933133
6,32,0.4,0.0001,16,1,3.1399452686309814,1.2109332084655762,-1.9290120601654053,0.20897473394870758,1.2611730098724365,0.1656987045495405
3,32,0.1,0.0001,16,2,3.648432493209839,1.2109932899475098,-2.437439203262329,0.022224344313144684,1.2289718389511108,0.018083688827331038
6,16,0.1,0.001,4,2,3.16459584236145,1.2111842632293701,-1.95341157913208,0.06507665663957596,1.2611730098724365,0.05160010254751507
3,8,0.2,0.0005,4,1,2.1402504444122314,1.2111947536468506,-0.9290556907653809,0.3637913465499878,1.2289718389511108,0.29601276043922403
6,16,0.3,0.0001,16,2,3.5377297401428223,1.2116667032241821,-2.32606303691864,0.0224247295409441,1.2611730098724365,0.017780851132559748
9,64,0.0,0.0001,16,1,2.841724395751953,1.2119747400283813,-1.6297496557235718,0.11102866381406784,1.3029779195785522,0.08521146993034236
6,16,0.2,0.0001,16,2,3.445380926132202,1.2121994495391846,-2.2331814765930176,0.03529875725507736,1.2611730098724365,0.027988830222942778
3,8,0.0,0.001,8,2,2.0709228515625,1.2125269174575806,-0.8583959341049194,0.3959716856479645,1.2289718389511108,0.3221975256861166
6,32,0.2,0.0005,4,2,3.2871017456054688,1.2126095294952393,-2.0744922161102295,0.09144534170627594,1.2611730098724365,0.07250816580314015
3,16,0.3,0.005,16,2,2.5534093379974365,1.2127556800842285,-1.340653657913208,0.2478083223104477,1.2289718389511108,0.20163873121937795
9,8,0.1,0.0001,8,1,3.013063430786133,1.2130359411239624,-1.8000274896621704,0.07810115069150925,1.3029779195785522,0.059940502074487215
3,8,0.3,0.0005,16,2,3.6022753715515137,1.214038372039795,-2.3882369995117188,0.06267450749874115,1.2289718389511108,0.05099751313441965
3,32,0.3,0.0005,4,2,2.599429130554199,1.2144825458526611,-1.384946584701538,0.20162637531757355,1.2289718389511108,0.1640610215199523
3,16,0.0,0.0001,16,1,3.069080114364624,1.2149937152862549,-1.8540863990783691,0.14809319376945496,1.2289718389511108,0.12050169831055517
6,8,0.4,0.005,4,2,1.6507889032363892,1.2152009010314941,-0.435588002204895,0.04184546694159508,1.2611730098724365,0.033179798976056114
6,8,0.1,0.0005,8,1,1.9310004711151123,1.2155836820602417,-0.7154167890548706,0.20289866626262665,1.2611730098724365,0.16088091377974317
9,32,0.0,0.0001,16,1,3.056999444961548,1.2156485319137573,-1.8413509130477905,0.20291317999362946,1.3029779195785522,0.15573032892166097
6,32,0.0,0.0001,8,1,2.668433427810669,1.2157753705978394,-1.4526580572128296,0.08918755501508713,1.2611730098724365,0.0707179382344284
9,64,0.4,0.001,4,2,1.3436440229415894,1.2159056663513184,-0.127738356590271,0.11348302662372589,1.3029779195785522,0.08709512641659495
6,32,0.4,0.001,16,2,1.9993635416030884,1.2159687280654907,-0.7833948135375977,0.11045831441879272,1.2611730098724365,0.08758379187797971
3,32,0.3,0.0001,16,1,3.136052370071411,1.2160612344741821,-1.919991135597229,0.2439051866531372,1.2289718389511108,0.19846279542198678
3,8,0.2,0.001,4,1,1.9118620157241821,1.2171684503555298,-0.6946935653686523,0.4757300913333893,1.2289718389511108,0.38709600680468814
3,16,0.1,0.0005,8,1,2.1220953464508057,1.2174144983291626,-0.9046808481216431,0.27729496359825134,1.2289718389511108,0.22563166608838975
3,32,0.1,0.001,4,2,3.6748061180114746,1.2178593873977661,-2.4569467306137085,0.06981216371059418,1.2289718389511108,0.05680534044634959
6,64,0.3,0.001,16,2,2.6891002655029297,1.2182307243347168,-1.470869541168213,0.11964324861764908,1.2611730098724365,0.09486664215066781
3,16,0.0,0.001,4,1,1.6944645643234253,1.2182410955429077,-0.4762234687805176,0.4125862717628479,1.2289718389511108,0.33571661993083374
6,64,0.2,0.0001,4,1,1.929167628288269,1.21836256980896,-0.7108050584793091,0.18560072779655457,1.2611730098724365,0.14716516000871877
3,16,0.2,0.001,16,2,3.3754537105560303,1.2184669971466064,-2.156986713409424,0.09410782158374786,1.2289718389511108,0.07657443287233169
3,32,0.3,0.0005,4,1,1.8873307704925537,1.2188997268676758,-0.6684310436248779,0.4261380434036255,1.2289718389511108,0.3467435378888104
3,16,0.4,0.001,16,2,2.1734507083892822,1.2189524173736572,-0.954498291015625,0.26324889063835144,1.2289718389511108,0.2142025409329364
6,32,0.4,0.001,16,1,1.4465757608413696,1.2190449237823486,-0.227530837059021,0.14950011670589447,1.2611730098724365,0.1185405297573058
6,64,0.2,0.001,4,1,0.7540329098701477,1.2191407680511475,0.46510785818099976,0.21374231576919556,1.2611730098724365,0.16947898035878114
9,32,0.1,0.005,8,2,2.9544644355773926,1.2193211317062378,-1.7351433038711548,0.08495675027370453,1.3029779195785522,0.06520198769076897
6,32,0.3,0.0001,8,1,2.845224618911743,1.2196160554885864,-1.6256085634231567,0.17120800912380219,1.2611730098724365,0.1357529916859855
3,8,0.0,0.001,4,2,2.0021510124206543,1.2199456691741943,-0.78220534324646,0.37957999110221863,1.2289718389511108,0.3088597957022175
6,16,0.2,0.0005,4,2,3.074138641357422,1.2204868793487549,-1.853651762008667,0.05662866681814194,1.2611730098724365,0.04490158477453442
3,64,0.2,0.001,4,2,3.179572820663452,1.221129298210144,-1.958443522453308,0.13272741436958313,1.2289718389511108,0.10799874347231735
3,16,0.0,0.0005,8,2,2.182724714279175,1.222083568572998,-0.9606411457061768,0.34030476212501526,1.2289718389511108,0.2769020016076648
3,16,0.0,0.0005,16,2,2.66059947013855,1.2224539518356323,-1.4381455183029175,0.18539130687713623,1.2289718389511108,0.15085073636460372
12,64,0.3,0.0001,16,2,3.9327688217163086,1.2232744693756104,-2.7094943523406982,0.023921623826026917,0.3633994162082672,0.0658273589859518
3,32,0.3,0.001,4,1,1.7649250030517578,1.2233105897903442,-0.5416144132614136,0.4593871235847473,1.2289718389511108,0.3737979252452358
9,64,0.4,0.005,16,1,1.1178457736968994,1.2233684062957764,0.10552263259887695,0.29192784428596497,1.3029779195785522,0.22404665489679895
9,8,0.2,0.0001,16,2,3.2938385009765625,1.223799228668213,-2.0700392723083496,0.0032030248548835516,1.3029779195785522,0.0024582341778436037
6,64,0.3,0.0001,4,1,1.8976457118988037,1.2239385843276978,-0.673707127571106,0.1739177107810974,1.2611730098724365,0.1379015483360912
6,16,0.0,0.001,4,2,0.7380746603012085,1.223981261253357,0.48590660095214844,0.2321447879076004,1.2611730098724365,0.1840705328217269
3,64,0.0,0.0001,4,1,2.2118942737579346,1.224717617034912,-0.9871766567230225,0.36210766434669495,1.2289718389511108,0.29464276793823246
9,16,0.3,0.001,4,2,2.010465145111084,1.2248467206954956,-0.7856184244155884,0.047182291746139526,1.3029779195785522,0.03621112149114593
6,8,0.2,0.0001,8,2,3.2205216884613037,1.2262150049209595,-1.9943066835403442,0.020782701671123505,1.2611730098724365,0.016478866506369025
3,8,0.0,0.001,16,2,2.57590913772583,1.2262479066848755,-1.3496612310409546,0.2516624331474304,1.2289718389511108,0.2047747760943135
9,8,0.3,0.001,4,1,1.3545182943344116,1.226361632347107,-0.1281566619873047,0.1363431215286255,1.3029779195785522,0.10463962549167803
3,64,0.4,0.0005,8,1,1.92744779586792,1.2265669107437134,-0.7008808851242065,0.41148093342781067,1.2289718389511108,0.33481721906581424
3,32,0.3,0.001,16,2,3.0373144149780273,1.2274936437606812,-1.8098207712173462,0.16666878759860992,1.2289718389511108,0.1356164415783982
9,8,0.0,0.0001,16,1,3.1185011863708496,1.2278542518615723,-1.8906469345092773,0.18195177614688873,1.3029779195785522,0.13964302342570853
3,8,0.3,0.0005,8,1,2.6329357624053955,1.227974772453308,-1.4049609899520874,0.23778249323368073,1.2289718389511108,0.19348083145389294
9,32,0.0,0.0001,16,2,2.8167147636413574,1.2280532121658325,-1.588661551475525,0.0420418344438076,1.3029779195785522,0.03226596077499611
3,32,0.4,0.001,4,1,1.740694284439087,1.229467749595642,-0.5112265348434448,0.4606327712535858,1.2289718389511108,0.37481149417282134
6,16,0.0,0.0005,4,1,1.3244247436523438,1.2304024696350098,-0.09402227401733398,0.25639232993125916,1.2611730098724365,0.20329671498218344
6,32,0.0,0.0001,8,2,2.6937904357910156,1.230574607849121,-1.4632158279418945,0.09463407099246979,1.2611730098724365,0.07503654950722559
6,32,0.2,0.0001,16,1,3.0693588256835938,1.2314035892486572,-1.8379552364349365,0.08432550728321075,1.2611730098724365,0.06686275921155338
3,32,0.2,0.001,16,2,3.130162477493286,1.2314128875732422,-1.898749589920044,0.1494806706905365,1.2289718389511108,0.12163067204055188
6,32,0.2,0.0005,16,2,3.2274458408355713,1.2318063974380493,-1.995639443397522,0.04069414362311363,1.2611730098724365,0.03226690018305237
3,32,0.1,0.0001,16,1,3.133734941482544,1.2320735454559326,-1.9016613960266113,0.25697430968284607,1.2289718389511108,0.20909698785463274
6,64,0.1,0.0005,8,1,1.371588945388794,1.232110619544983,-0.13947832584381104,0.15120583772659302,1.2611730098724365,0.11989301748686089
6,32,0.4,0.005,8,1,0.7696471214294434,1.232500433921814,0.4628533124923706,0.2111150175333023,1.2611730098724365,0.16739576242172824
6,32,0.1,0.001,8,1,1.290844440460205,1.2325571775436401,-0.05828726291656494,0.18370147049427032,1.2611730098724365,0.14565921491838071
9,8,0.2,0.001,16,2,2.3587591648101807,1.2326323986053467,-1.126126766204834,0.03223791345953941,1.3029779195785522,0.024741718931021298
6,8,0.4,0.0005,16,2,2.663240671157837,1.2327579259872437,-1.4304827451705933,0.07844898104667664,1.2611730098724365,0.06220318737602186
6,16,0.2,0.001,8,1,1.4292205572128296,1.2332085371017456,-0.19601202011108398,0.21053826808929443,1.2611730098724365,0.1669384505069528
3,64,0.2,0.001,16,1,1.8478718996047974,1.2337250709533691,-0.6141468286514282,0.4240192472934723,1.2289718389511108,0.3450194982948995
6,8,0.2,0.005,16,1,1.1841766834259033,1.2339861392974854,0.04980945587158203,0.24434705078601837,1.2611730098724365,0.19374586109381872
6,8,0.3,0.001,16,1,2.2773234844207764,1.2340925931930542,-1.0432308912277222,0.18980056047439575,1.2611730098724365,0.15049526035574884
9,16,0.4,0.0001,4,1,2.8121836185455322,1.2344088554382324,-1.5777747631072998,0.04602940008044243,1.3029779195785522,0.035326308595720966
6,64,0.0,0.001,16,2,0.9469675421714783,1.2346009016036987,0.28763335943222046,0.20679152011871338,1.2611730098724365,0.1639676067438437
3,32,0.4,0.0005,8,2,2.422386646270752,1.2348684072494507,-1.1875182390213013,0.2420940399169922,1.2289718389511108,0.19698908652261057
6,64,0.4,0.0005,4,2,2.023149251937866,1.234926700592041,-0.7882225513458252,0.11967524141073227,1.2611730098724365,0.09489200964016588
9,32,0.2,0.005,4,1,1.010989785194397,1.235031008720398,0.22404122352600098,0.575104296207428,1.3029779195785522,0.44137685494581924
9,32,0.3,0.0001,16,1,3.0464634895324707,1.2350660562515259,-1.8113974332809448,0.12196071445941925,1.3029779195785522,0.09360152050686124
6,64,0.4,0.0005,8,2,2.2756237983703613,1.2350996732711792,-1.0405241250991821,0.10480622202157974,1.2611730098724365,0.08310217646679621
3,32,0.0,0.0005,4,2,1.8816196918487549,1.2351733446121216,-0.6464463472366333,0.4432234466075897,1.2289718389511108,0.360645730487907
9,8,0.4,0.005,8,1,1.014034628868103,1.2353088855743408,0.2212742567062378,0.08999642729759216,1.3029779195785522,0.06906980229312057
3,32,0.3,0.0001,16,2,3.713792562484741,1.2355244159698486,-2.4782681465148926,0.057187460362911224,1.2289718389511108,0.046532767106949285
3,32,0.4,0.0001,4,2,2.781144142150879,1.2362139225006104,-1.5449302196502686,0.19060707092285156,1.2289718389511108,0.1550947425170692
3,32,0.0,0.0005,8,1,1.9122661352157593,1.2362406253814697,-0.6760255098342896,0.43675950169563293,1.2289718389511108,0.35538609417478073
6,8,0.2,0.0005,4,1,1.9606943130493164,1.2363680601119995,-0.7243262529373169,0.22325283288955688,1.2611730098724365,0.17701998943994066
3,8,0.2,0.001,16,1,2.236053466796875,1.2364904880523682,-0.9995629787445068,0.35972854495048523,1.2289718389511108,0.2927069063335921
6,16,0.1,0.0005,4,1,1.4377572536468506,1.2365373373031616,-0.20121991634368896,0.19675542414188385,1.2611730098724365,0.15600985955272306
6,8,0.4,0.005,16,1,1.5329521894454956,1.236598253250122,-0.29635393619537354,0.1819605976343155,1.2611730098724365,0.14427885485173855
9,16,0.3,0.005,4,2,1.5115015506744385,1.236608862876892,-0.2748926877975464,0.3624693751335144,1.3029779195785522,0.27818535501411645
3,16,0.1,0.005,16,2,3.87123966217041,1.2367407083511353,-2.634498953819275,0.13856227695941925,1.2289718389511108,0.11274650286346499
6,8,0.3,0.001,8,1,1.771721363067627,1.2372024059295654,-0.5345189571380615,0.2854793071746826,1.2611730098724365,0.22636014641921168
9,16,0.3,0.005,8,2,2.076239824295044,1.2377351522445679,-0.8385046720504761,0.0435594767332077,1.3029779195785522,0.03343070982146574
9,32,0.1,0.005,8,1,0.6235332489013672,1.2378422021865845,0.6143089532852173,0.30628782510757446,1.3029779195785522,0.23506754834851165
3,64,0.3,0.0005,4,2,2.7797155380249023,1.2382105588912964,-1.541504979133606,0.21923775970935822,1.2289718389511108,0.1783911988548662
3,8,0.3,0.001,8,1,2.01188325881958,1.2386571168899536,-0.7732261419296265,0.37762001156806946,1.2289718389511108,0.3072649832972221
9,64,0.0,0.005,4,2,0.9063284993171692,1.238688588142395,0.33236008882522583,0.15945304930210114,1.3029779195785522,0.12237586447641122
3,32,0.3,0.0005,16,1,2.0890605449676514,1.2387864589691162,-0.8502740859985352,0.3936688303947449,1.2289718389511108,0.32032371932194065
9,8,0.1,0.0001,8,2,3.3793649673461914,1.238887071609497,-2.1404778957366943,0.016145262867212296,1.3029779195785522,0.012391048708204108
3,8,0.3,0.001,4,1,2.036165714263916,1.2390552759170532,-0.7971104383468628,0.40412068367004395,1.2289718389511108,0.3288282699910751
3,16,0.0,0.0005,16,1,2.427724838256836,1.239175796508789,-1.1885490417480469,0.3328891396522522,1.2289718389511108,0.27086799640288156
9,64,0.3,0.005,4,2,1.112107276916504,1.2407615184783936,0.12865424156188965,0.21849651634693146,1.3029779195785522,0.16769011436326112
6,8,0.2,0.001,4,2,2.5164546966552734,1.2409751415252686,-1.2754795551300049,0.08385149389505386,1.2611730098724365,0.06648690801235523
3,64,0.4,0.0005,4,1,1.8125213384628296,1.2412075996398926,-0.571313738822937,0.45759451389312744,1.2289718389511108,0.37233929972200996
3,8,0.0,0.001,16,1,2.294739007949829,1.2412590980529785,-1.0534799098968506,0.3473072946071625,1.2289718389511108,0.28259988032238265
6,16,0.4,0.001,8,1,1.5193294286727905,1.241368293762207,-0.2779611349105835,0.22630050778388977,1.2611730098724365,0.17943652933611332
9,16,0.2,0.0001,8,1,2.967531681060791,1.241471529006958,-1.726060152053833,0.22532224655151367,1.3029779195785522,0.17292867604724574
3,8,0.4,0.0001,16,1,3.142552375793457,1.2420674562454224,-1.9004849195480347,0.18725420534610748,1.2289718389511108,0.15236655504321653
3,64,0.0,0.0001,4,2,2.1397297382354736,1.2425203323364258,-0.8972094058990479,0.3699180781841278,1.2289718389511108,0.3009980102553378
9,8,0.0,0.0001,4,2,2.982952356338501,1.2431132793426514,-1.7398390769958496,0.02842611074447632,1.3029779195785522,0.021816264356705854
9,16,0.4,0.0005,16,1,2.1093156337738037,1.2432142496109009,-0.8661013841629028,0.13209322094917297,1.3029779195785522,0.10137794276045635
3,8,0.1,0.005,16,1,1.7614235877990723,1.2433229684829712,-0.5181006193161011,0.4153692424297333,1.2289718389511108,0.33798109058726516
9,16,0.3,0.001,4,1,1.1930662393569946,1.2434959411621094,0.050429701805114746,0.05874732881784439,1.3029779195785522,0.04508697187811609
9,8,0.3,0.005,8,2,1.7785035371780396,1.2437711954116821,-0.5347323417663574,0.335634708404541,1.3029779195785522,0.2575904805148977
6,16,0.4,0.0005,8,1,2.1008052825927734,1.2438410520553589,-0.8569642305374146,0.1635819971561432,1.2611730098724365,0.12970623052953612
6,32,0.2,0.001,8,1,1.3142483234405518,1.244146466255188,-0.07010185718536377,0.19621790945529938,1.2611730098724365,0.1555836573723903
6,8,0.2,0.001,16,1,2.378384590148926,1.2443653345108032,-1.1340192556381226,0.19862715899944305,1.2611730098724365,0.15749398174920787
6,8,0.2,0.005,4,1,1.1415386199951172,1.24532949924469,0.10379087924957275,0.22900356352329254,1.2611730098724365,0.18157981635402703
3,32,0.2,0.0005,8,1,1.9939115047454834,1.2455718517303467,-0.7483396530151367,0.3924252688884735,1.2289718389511108,0.31931184788041705
6,8,0.4,0.0005,4,1,2.15059757232666,1.2462695837020874,-0.9043279886245728,0.1199803575873375,1.2611730098724365,0.09513394010824344
3,64,0.0,0.0005,8,1,1.8925713300704956,1.2470120191574097,-0.6455593109130859,0.44862309098243713,1.2289718389511108,0.3650393579118322
9,32,0.0,0.005,16,1,0.7270938158035278,1.247289776802063,0.5201959609985352,0.2790546417236328,1.3029779195785522,0.21416682319059785
3,8,0.1,0.001,16,1,2.078267812728882,1.2474907636642456,-0.8307770490646362,0.5528774857521057,1.2289718389511108,0.449869938617934
3,64,0.3,0.001,16,1,1.9085278511047363,1.247529149055481,-0.6609987020492554,0.4172598719596863,1.2289718389511108,0.3395194737056014
6,8,0.3,0.0001,16,1,3.2400577068328857,1.2476603984832764,-1.9923973083496094,0.06627272069454193,1.2611730098724365,0.05254847683526402
6,16,0.3,0.0005,16,2,2.943657875061035,1.248116135597229,-1.6955417394638062,0.08515653014183044,1.2611730098724365,0.067521687726606
6,16,0.1,0.001,4,1,1.3487660884857178,1.2482153177261353,-0.10055077075958252,0.15531721711158752,1.2611730098724365,0.12315298210139888
3,64,0.0,0.0005,16,2,1.9250925779342651,1.248278021812439,-0.6768145561218262,0.3674885332584381,1.2289718389511108,0.2990211179876002
3,64,0.3,0.0005,4,1,1.8190871477127075,1.2483601570129395,-0.5707269906997681,0.464461088180542,1.2289718389511108,0.377926550845091
3,16,0.0,0.001,16,2,2.0077154636383057,1.248551845550537,-0.7591636180877686,0.3530162572860718,1.2289718389511108,0.2872451964296921
9,64,0.2,0.0001,8,1,2.209331750869751,1.248798131942749,-0.960533618927002,0.08502072840929031,1.3029779195785522,0.0652510891641128
6,8,0.1,0.005,8,2,3.2959096431732178,1.2489372491836548,-2.046972393989563,0.045270439237356186,1.2611730098724365,0.0358955027446513
3,32,0.1,0.0005,4,1,1.88756263256073,1.2489488124847412,-0.6386138200759888,0.4848945736885071,1.2289718389511108,0.3945530388249982
3,64,0.3,0.0005,8,1,1.9191977977752686,1.249138355255127,-0.6700594425201416,0.4531453251838684,1.2289718389511108,0.3687190469479055
6,64,0.2,0.001,8,2,3.09696888923645,1.2491987943649292,-1.847770094871521,0.07103881984949112,1.2611730098724365,0.05632757702028246
3,16,0.3,0.001,8,1,1.942673683166504,1.2493680715560913,-0.6933056116104126,0.4099682867527008,1.2289718389511108,0.333586396172101
3,64,0.3,0.0005,16,2,3.2083840370178223,1.2502598762512207,-1.9581241607666016,0.1299397349357605,1.2289718389511108,0.10573044134734609
3,64,0.0,0.0005,16,1,1.9508237838745117,1.2503633499145508,-0.7004604339599609,0.4091337025165558,1.2289718389511108,0.3329073047481207
3,16,0.4,0.001,8,2,2.0511910915374756,1.2507877349853516,-0.800403356552124,0.2726457715034485,1.2289718389511108,0.2218486729005468
9,64,0.0,0.005,16,2,0.8097314834594727,1.2508351802825928,0.4411036968231201,0.3577515780925751,1.3029779195785522,0.27456457451580585
3,64,0.3,0.0001,16,2,3.6852598190307617,1.2510879039764404,-2.4341719150543213,0.045155514031648636,1.2289718389511108,0.03674251321347401
6,16,0.3,0.001,8,1,1.429749608039856,1.2511184215545654,-0.17863118648529053,0.1634393334388733,1.2611730098724365,0.1295931106671912
6,16,0.3,0.005,8,2,2.040423631668091,1.2512909173965454,-0.7891327142715454,0.1430189162492752,1.2611730098724365,0.11340150409953755
6,8,0.1,0.0005,4,2,3.473162889480591,1.2515884637832642,-2.2215744256973267,0.020292900502681732,1.2611730098724365,0.016090496976885266
6,16,0.1,0.005,16,1,1.1332335472106934,1.2517950534820557,0.1185615062713623,0.18741269409656525,1.2611730098724365,0.14860189096143234
3,8,0.4,0.0005,8,1,2.743007183074951,1.2519285678863525,-1.4910786151885986,0.17457649111747742,1.2289718389511108,0.14205084737049223
3,64,0.4,0.001,16,1,1.8712061643600464,1.2521404027938843,-0.6190657615661621,0.42493918538093567,1.2289718389511108,0.34576804114861415
3,64,0.3,0.0005,8,2,3.00065016746521,1.2522872686386108,-1.7483628988265991,0.18508626520633698,1.2289718389511108,0.15060252752764647
3,8,0.0,0.001,8,1,2.0786333084106445,1.252314567565918,-0.8263187408447266,0.3651183545589447,1.2289718389511108,0.29709253132322533
3,16,0.2,0.0001,4,2,3.6265649795532227,1.2523927688598633,-2.3741722106933594,0.03681851550936699,1.2289718389511108,0.029958795102083418
6,8,0.2,0.0001,4,1,2.968663454055786,1.2524808645248413,-1.7161825895309448,0.31411316990852356,1.2611730098724365,0.24906429764168128
6,32,0.3,0.001,16,2,2.581033229827881,1.2524960041046143,-1.3285372257232666,0.08802419900894165,1.2611730098724365,0.0697954985714807
9,16,0.0,0.0001,4,1,2.7899973392486572,1.2526493072509766,-1.5373480319976807,0.21841071546077728,1.3029779195785522,0.1676242645243153
3,8,0.0,0.001,4,1,1.8620423078536987,1.2527470588684082,-0.6092952489852905,0.37058696150779724,1.2289718389511108,0.30154227278639817
6,32,0.4,0.001,4,2,2.0637283325195312,1.2531157732009888,-0.8106125593185425,0.14876943826675415,1.2611730098724365,0.11796116559916049
3,32,0.4,0.001,8,1,1.9272407293319702,1.25316321849823,-0.6740775108337402,0.4394943416118622,1.2289718389511108,0.3576114014027831
6,8,0.2,0.005,8,1,1.118987798690796,1.2535221576690674,0.13453435897827148,0.3220708966255188,1.2611730098724365,0.25537407961029485
3,32,0.4,0.0005,4,2,2.660202741622925,1.253576636314392,-1.4066261053085327,0.27562591433525085,1.2289718389511108,0.22427358023963265
9,8,0.4,0.005,4,2,1.749396800994873,1.2537094354629517,-0.4956873655319214,0.07698194682598114,1.3029779195785522,0.05908154364648092
3,32,0.4,0.0005,16,2,2.3989973068237305,1.2544617652893066,-1.1445355415344238,0.28729546070098877,1.2289718389511108,0.23376895352312263
6,16,0.0,0.001,8,2,1.1686395406723022,1.2548810243606567,0.08624148368835449,0.17480622231960297,1.2611730098724365,0.13860606035113615
9,64,0.3,0.005,4,1,0.6626587510108948,1.2558733224868774,0.5932145714759827,0.2631192207336426,1.3029779195785522,0.20193682239738062
6,8,0.2,0.005,8,2,2.1166651248931885,1.2560725212097168,-0.8605926036834717,0.07839661091566086,1.2611730098724365,0.06216166243804283
6,16,0.2,0.0001,4,1,2.606745958328247,1.2561949491500854,-1.3505510091781616,0.28783053159713745,1.2611730098724365,0.2282244619445595
6,64,0.0,0.005,8,1,2.5590755939483643,1.2563039064407349,-1.3027716875076294,0.6457454562187195,1.2611730098724365,0.5120197238315737
12,32,0.2,0.005,4,2,2.3477494716644287,1.2566622495651245,-1.0910872220993042,0.05959463119506836,0.3633994162082672,0.16399209392486802
3,8,0.3,0.0005,4,1,2.145714521408081,1.256676197052002,-0.8890383243560791,0.46677935123443604,1.2289718389511108,0.3798128943563244
3,8,0.4,0.001,16,2,2.870762348175049,1.2566871643066406,-1.6140751838684082,0.232845738530159,1.2289718389511108,0.18946385193731174
6,64,0.4,0.0005,16,2,2.2313506603240967,1.2569574117660522,-0.9743932485580444,0.12931221723556519,1.2611730098724365,0.10253328942445786
3,8,0.0,0.0005,8,1,2.118391752243042,1.2574154138565063,-0.8609763383865356,0.44508498907089233,1.2289718389511108,0.36216044580057954
9,32,0.0,0.005,8,2,0.5570440888404846,1.2579373121261597,0.700893223285675,0.2398369312286377,1.3029779195785522,0.18406830048679018
9,64,0.3,0.005,8,2,1.649923324584961,1.2579983472824097,-0.39192497730255127,0.33550405502319336,1.3029779195785522,0.2574902076097437
6,32,0.1,0.001,16,2,3.492692470550537,1.258001685142517,-2.23469078540802,0.03302064538002014,1.2611730098724365,0.026182486559365926
6,32,0.3,0.001,4,2,2.0853993892669678,1.258176326751709,-0.8272230625152588,0.15434014797210693,1.2611730098724365,0.12237825164663009
3,8,0.4,0.001,8,1,2.04872989654541,1.2582597732543945,-0.7904701232910156,0.45396220684051514,1.2289718389511108,0.3693837339901602
6,16,0.3,0.0001,16,1,2.961716890335083,1.2583308219909668,-1.7033860683441162,0.08132366091012955,1.2611730098724365,0.06448255732839951
9,16,0.0,0.0001,8,2,2.965531587600708,1.2584726810455322,-1.7070589065551758,0.022549256682395935,1.3029779195785522,0.017305939220895995
9,64,0.3,0.005,16,2,2.193709373474121,1.2586331367492676,-0.9350762367248535,0.24206605553627014,1.3029779195785522,0.1857790925686341
6,32,0.3,0.001,16,1,1.489845871925354,1.2587156295776367,-0.23113024234771729,0.12901031970977783,1.2611730098724365,0.10229391106524457
3,64,0.0,0.0005,4,1,1.7971454858779907,1.2589905261993408,-0.5381549596786499,0.5034217238426208,1.2289718389511108,0.4096283640415029
12,32,0.2,0.0005,4,2,4.007143497467041,1.2591183185577393,-2.7480251789093018,0.033681824803352356,0.3633994162082672,0.09268541252704991
6,16,0.3,0.001,4,1,1.2993968725204468,1.2591357231140137,-0.040261149406433105,0.16653573513031006,1.2611730098724365,0.13204828665589236
3,8,0.4,0.0005,16,2,3.203289747238159,1.2593573331832886,-1.9439324140548706,0.1463717222213745,1.2289718389511108,0.11910095706204156
3,16,0.3,0.0001,16,2,3.798746347427368,1.2599661350250244,-2.5387802124023438,0.025926124304533005,1.2289718389511108,0.021095783876268592
3,32,0.2,0.0005,4,1,1.8304585218429565,1.2606067657470703,-0.5698517560958862,0.4503684937953949,1.2289718389511108,0.36645957175045635
9,64,0.4,0.005,8,1,0.6100505590438843,1.2617888450622559,0.6517382860183716,0.1421028971672058,1.3029779195785522,0.10906009613207332
9,8,0.4,0.0001,4,2,3.4868972301483154,1.2619718313217163,-2.224925398826599,0.06466369330883026,1.3029779195785522,0.04962762019002265
3,16,0.2,0.001,4,2,2.9209914207458496,1.2621080875396729,-1.6588833332061768,0.16457852721214294,1.2289718389511108,0.13391562116883457
6,16,0.3,0.001,16,1,1.5236221551895142,1.2622158527374268,-0.2614063024520874,0.1844065636396408,1.2611730098724365,0.14621829217411886
3,32,0.0,0.0005,16,2,2.0134172439575195,1.2629828453063965,-0.750434398651123,0.39518874883651733,1.2289718389511108,0.32156045916706977
6,8,0.3,0.0001,8,1,3.2659974098205566,1.2630884647369385,-2.002908945083618,0.07908764481544495,1.2611730098724365,0.06270959194047801
6,32,0.4,0.0005,8,2,1.8647792339324951,1.263676643371582,-0.6011025905609131,0.09054308384656906,1.2611730098724365,0.07179275415648738
9,64,0.1,0.005,8,1,0.4564875364303589,1.2638108730316162,0.8073233366012573,0.2784877121448517,1.3029779195785522,0.21373172020821998
3,64,0.2,0.0005,4,2,3.486006498336792,1.2638124227523804,-2.2221940755844116,0.0968032032251358,1.2289718389511108,0.07876763336396245
3,8,0.0,0.0005,16,1,2.789832353591919,1.2638170719146729,-1.526015281677246,0.16565261781215668,1.2289718389511108,0.13478959611762628
3,16,0.1,0.001,4,1,1.7802751064300537,1.2639577388763428,-0.5163173675537109,0.4854753315448761,1.2289718389511108,0.39502559469484194
9,16,0.1,0.0001,8,1,2.9713590145111084,1.2641808986663818,-1.7071781158447266,0.2946724593639374,1.3029779195785522,0.2261530720791102
3,32,0.3,0.0005,8,2,3.198845148086548,1.2643388509750366,-1.9345062971115112,0.1629190742969513,1.2289718389511108,0.1325653437559624
9,32,0.3,0.005,8,1,0.7662234306335449,1.2644405364990234,0.4982171058654785,0.28723466396331787,1.3029779195785522,0.22044476705808172
6,16,0.0,0.0001,16,2,3.1349844932556152,1.2646608352661133,-1.870323657989502,0.12560732662677765,1.2611730098724365,0.09959563489190307
3,8,0.1,0.0005,16,1,2.59995436668396,1.2647727727890015,-1.3351815938949585,0.24162620306015015,1.2289718389511108,0.19660841314831964
6,8,0.0,0.0005,8,2,2.327357530593872,1.2648906707763672,-1.0624668598175049,0.11741803586483002,1.2611730098724365,0.09310224286888796
6,8,0.1,0.0005,16,1,3.1635053157806396,1.2651721239089966,-1.898333191871643,0.1660473495721817,1.2611730098724365,0.13166103958169612
6,8,0.3,0.005,4,1,1.2928214073181152,1.2652643918991089,-0.027557015419006348,0.17307405173778534,1.2611730098724365,0.13723260043068256
3,64,0.4,0.001,8,1,1.8634974956512451,1.2653273344039917,-0.5981701612472534,0.43483608961105347,1.2289718389511108,0.3538210362754711
3,64,0.3,0.0001,8,1,2.6493170261383057,1.265589714050293,-1.3837273120880127,0.3266064524650574,1.2289718389511108,0.2657558473787372
6,16,0.4,0.001,4,1,1.2625236511230469,1.2656359672546387,0.003112316131591797,0.13450364768505096,1.2611730098724365,0.10664964016210239
6,64,0.1,0.005,16,2,3.2640645503997803,1.2658064365386963,-1.998258113861084,0.10969457775354385,1.2611730098724365,0.08697821543504099
3,8,0.4,0.005,8,2,1.6527628898620605,1.2665283679962158,-0.3862345218658447,0.17605255544185638,1.2289718389511108,0.14325190363361925
6,8,0.3,0.0005,16,2,3.434633255004883,1.2670055627822876,-2.167627692222595,0.06073562055826187,1.2611730098724365,0.04815804023938403
6,16,0.1,0.005,8,1,1.1715586185455322,1.267012357711792,0.09545373916625977,0.2589213252067566,1.2611730098724365,0.20530198726100682
6,32,0.1,0.0005,4,1,1.333877444267273,1.267135739326477,-0.0667417049407959,0.18330290913581848,1.2611730098724365,0.14534319058600767
6,8,0.1,0.005,16,1,1.2057756185531616,1.2674317359924316,0.06165611743927002,0.18296952545642853,1.2611730098724365,0.14507884645813607
6,32,0.0,0.0001,16,2,3.024218797683716,1.2675137519836426,-1.7567050457000732,0.10196059942245483,1.2611730098724365,0.08084584638610988
6,32,0.1,0.001,16,1,1.4045170545578003,1.2678650617599487,-0.13665199279785156,0.1797003597021103,1.2611730098724365,0.14248668366308156
6,32,0.0,0.001,8,2,0.7656639218330383,1.2682596445083618,0.5025957226753235,0.252546489238739,1.2611730098724365,0.20024729934894758
6,32,0.2,0.001,4,1,1.9128077030181885,1.2682703733444214,-0.6445373296737671,0.3625718951225281,1.2611730098724365,0.28748783258468324
6,16,0.2,0.001,4,1,1.278719425201416,1.2692925930023193,-0.00942683219909668,0.25696250796318054,1.2611730098724365,0.203748816341361
3,32,0.3,0.0001,4,2,3.3599581718444824,1.2693021297454834,-2.090656042098999,0.10341018438339233,1.2289718389511108,0.08414365659643569
6,32,0.3,0.0005,16,2,2.9890553951263428,1.269439935684204,-1.7196154594421387,0.06068571284413338,1.2611730098724365,0.048118467782839354
6,8,0.1,0.0005,4,1,1.6013084650039673,1.269885778427124,-0.33142268657684326,0.14211076498031616,1.2611730098724365,0.11268141949429301
9,16,0.2,0.001,4,2,2.7595584392547607,1.270234227180481,-1.4893242120742798,0.06863647699356079,1.3029779195785522,0.0526766232660038
3,64,0.0,0.0001,16,1,2.8753867149353027,1.2703025341033936,-1.6050841808319092,0.24337603151798248,1.2289718389511108,0.19803222808237522
6,16,0.0,0.001,8,1,1.4400535821914673,1.270354986190796,-0.1696985960006714,0.12106897681951523,1.2611730098724365,0.09599712003966922
3,32,0.1,0.0005,16,2,3.791907787322998,1.270595908164978,-2.52131187915802,0.05421031638979912,1.2289718389511108,0.044110299904077485
6,8,0.4,0.0005,8,2,1.8380635976791382,1.2710891962051392,-0.566974401473999,0.23257175087928772,1.2611730098724365,0.18440907715176333
9,32,0.4,0.0001,16,1,3.2770893573760986,1.2714484930038452,-2.0056408643722534,0.18764914572238922,1.3029779195785522,0.14401559911551245
6,8,0.0,0.005,16,2,0.6124524474143982,1.2715609073638916,0.6591084599494934,0.21490517258644104,1.2611730098724365,0.1704010242085485
9,8,0.2,0.0001,16,1,3.1104624271392822,1.27174973487854,-1.8387126922607422,0.11409930884838104,1.3029779195785522,0.08756810620803646
3,64,0.4,0.0005,8,2,2.6533203125,1.2719043493270874,-1.3814159631729126,0.21127185225486755,1.2289718389511108,0.17190943320164398
3,16,0.0,0.001,8,2,1.841585636138916,1.2719308137893677,-0.5696548223495483,0.4213418662548065,1.2289718389511108,0.3428409446830032
9,8,0.3,0.0001,4,1,2.8094077110290527,1.2724156379699707,-1.536992073059082,0.38748034834861755,1.3029779195785522,0.2973805945030503
3,32,0.2,0.001,8,2,3.384913206100464,1.2736526727676392,-2.1112605333328247,0.09724750369787216,1.2289718389511108,0.07912915545800453
6,16,0.4,0.005,4,2,0.9797902703285217,1.2738735675811768,0.29408329725265503,0.33212998509407043,1.2611730098724365,0.2633500578383487
6,8,0.4,0.001,8,1,1.593291163444519,1.2740120887756348,-0.3192790746688843,0.12677611410617828,1.2611730098724365,0.10052238123855922
3,8,0.1,0.0005,16,2,3.7434117794036865,1.2740917205810547,-2.469320058822632,0.02648591250181198,1.2289718389511108,0.021551276979964718
6,16,0.4,0.001,8,2,1.644266963005066,1.2749203443527222,-0.36934661865234375,0.10059138387441635,1.2611730098724365,0.07976017809371835
6,8,0.2,0.001,16,2,2.854768753051758,1.2750980854034424,-1.5796706676483154,0.0848025530576706,1.2611730098724365,0.0672410148281306
6,32,0.3,0.0001,16,1,3.0004193782806396,1.2762651443481445,-1.7241542339324951,0.12236744165420532,1.2611730098724365,0.09702668919832211
3,16,0.4,0.0005,16,2,2.652334213256836,1.2763968706130981,-1.3759373426437378,0.2906852960586548,1.2289718389511108,0.23652722287497296
6,64,0.4,0.001,4,2,2.0411250591278076,1.276770830154419,-0.7643542289733887,0.16735795140266418,1.2611730098724365,0.1327002323175247
3,64,0.3,0.0001,8,2,3.450925827026367,1.2769055366516113,-2.174020290374756,0.08698012679815292,1.2289718389511108,0.07077471105634751
3,64,0.1,0.001,8,1,1.7541842460632324,1.2769302129745483,-0.4772540330886841,0.48157310485839844,1.2289718389511108,0.39185039851637776
9,32,0.4,0.005,16,2,1.2122637033462524,1.2769728899002075,0.06470918655395508,0.2059820592403412,1.3029779195785522,0.15808561000555252
6,8,0.3,0.005,16,2,1.5930758714675903,1.2770576477050781,-0.3160182237625122,0.09634776413440704,1.2611730098724365,0.07639535843234728
6,8,0.3,0.005,16,1,1.4081895351409912,1.2770686149597168,-0.13112092018127441,0.20213674008846283,1.2611730098724365,0.1602767728980406
3,16,0.0,0.0005,8,1,2.1124660968780518,1.27743661403656,-0.8350294828414917,0.3472619950771332,1.2289718389511108,0.28256302062503763
6,64,0.3,0.001,4,2,2.275516986846924,1.2783297300338745,-0.9971872568130493,0.21170485019683838,1.2611730098724365,0.16786344818642418
6,8,0.4,0.0001,4,1,3.1058645248413086,1.2785767316818237,-1.8272877931594849,0.2766019105911255,1.2611730098724365,0.21932114660390872
3,64,0.3,0.001,16,2,2.965941905975342,1.2796396017074585,-1.6863023042678833,0.24355089664459229,1.2289718389511108,0.19817451378906728
6,32,0.4,0.0005,4,1,1.4973890781402588,1.2796705961227417,-0.2177184820175171,0.11935613304376602,1.2611730098724365,0.09463898458772005
6,64,0.4,0.0001,16,2,2.945033311843872,1.2797847986221313,-1.6652485132217407,0.06621014326810837,1.2611730098724365,0.052498858403895995
6,32,0.0,0.0001,4,1,2.0176775455474854,1.2809592485427856,-0.7367182970046997,0.19308915734291077,1.2611730098724365,0.15310283032653949
6,8,0.2,0.001,8,2,2.2029242515563965,1.2812206745147705,-0.921703577041626,0.0711553767323494,1.2611730098724365,0.05641999644406165
12,16,0.2,0.0005,4,2,4.144150733947754,1.2812772989273071,-2.8628734350204468,0.024954812601208687,0.3633994162082672,0.06867048071124825
3,64,0.4,0.0005,16,2,2.8564746379852295,1.281412959098816,-1.5750616788864136,0.2356666922569275,1.2289718389511108,0.19175922896497097
6,16,0.0,0.0001,4,2,2.0143344402313232,1.2816972732543945,-0.7326371669769287,0.10723620653152466,1.2611730098724365,0.0850289418597463
6,32,0.1,0.005,16,1,0.820576012134552,1.281872272491455,0.4612962603569031,0.3213346302509308,1.2611730098724365,0.2547902847075935
3,64,0.1,0.0001,8,1,2.6778852939605713,1.281989336013794,-1.3958959579467773,0.26962757110595703,1.2289718389511108,0.219392798565731
6,64,0.0,0.0005,8,2,1.2320092916488647,1.2820053100585938,0.049996018409729004,0.13102014362812042,1.2611730098724365,0.10388752582119774
3,32,0.0,0.0001,4,2,2.50785231590271,1.282326579093933,-1.2255257368087769,0.25451403856277466,1.2289718389511108,0.20709509404218282
6,16,0.3,0.005,16,2,2.1592259407043457,1.2831047773361206,-0.8761211633682251,0.0838700383901596,1.2611730098724365,0.06650161217662182
9,16,0.0,0.0001,4,2,2.225017786026001,1.2833318710327148,-0.9416859149932861,0.06363831460475922,1.3029779195785522,0.04884067001330537
6,64,0.2,0.001,4,2,3.203606605529785,1.2837532758712769,-1.9198533296585083,0.08070345222949982,1.2611730098724365,0.06399078603629704
3,32,0.2,0.0005,8,2,3.5253171920776367,1.2839257717132568,-2.24139142036438,0.08926302194595337,1.2289718389511108,0.0726322761163808
6,32,0.2,0.005,16,2,2.581601619720459,1.2843557596206665,-1.2972458600997925,0.1568797081708908,1.2611730098724365,0.12439190098649405
3,16,0.1,0.001,8,1,1.8734073638916016,1.2846100330352783,-0.5887973308563232,0.4800201654434204,1.2289718389511108,0.3905867898918682
6,32,0.2,0.0005,16,1,1.8814529180526733,1.2847450971603394,-0.596707820892334,0.20831510424613953,1.2611730098724365,0.16517567583151016
6,64,0.3,0.001,4,1,2.363098382949829,1.2848750352859497,-1.0782233476638794,0.3431590795516968,1.2611730098724365,0.27209516606005246
9,16,0.2,0.0005,4,2,2.7485547065734863,1.2848784923553467,-1.4636762142181396,0.05177972465753555,1.3029779195785522,0.0397395258043081
3,64,0.3,0.001,8,2,2.8963539600372314,1.2851005792617798,-1.6112533807754517,0.21246829628944397,1.2289718389511108,0.17288296570796857
9,32,0.1,0.0005,8,2,3.2749876976013184,1.2851365804672241,-1.9898511171340942,0.013808042742311954,1.3029779195785522,0.010597296036127888
9,64,0.4,0.005,8,2,1.8097392320632935,1.2853093147277832,-0.5244299173355103,0.10491792112588882,1.3029779195785522,0.08052164165592651
6,8,0.2,0.005,16,2,2.0332224369049072,1.2853094339370728,-0.7479130029678345,0.059549830853939056,1.2611730098724365,0.04721781261395875
3,8,0.4,0.005,8,1,1.723463535308838,1.2854126691818237,-0.43805086612701416,0.38641899824142456,1.2289718389511108,0.31442461575948
6,16,0.4,0.0001,16,2,3.136065721511841,1.2857197523117065,-1.8503459692001343,0.035122159868478775,1.2611730098724365,0.027848803925823996
9,16,0.0,0.005,4,1,0.8458059430122375,1.2858935594558716,0.44008761644363403,0.14365381002426147,1.3029779195785522,0.11025037943139225
12,32,0.3,0.0005,8,2,3.985276460647583,1.286643385887146,-2.698633074760437,0.03255380317568779,0.3633994162082672,0.08958133041422096
9,64,0.0,0.005,16,1,1.0030637979507446,1.2867443561553955,0.2836805582046509,0.27846217155456543,1.3029779195785522,0.21371211850208016
12,64,0.0,0.005,8,1,1.233691930770874,1.287009358406067,0.05331742763519287,0.09836754202842712,0.3633994162082672,0.2706871217758145
6,16,0.4,0.005,8,1,0.8041061162948608,1.2874982357025146,0.4833921194076538,0.15775273740291595,1.2611730098724365,0.12508413688528913
6,16,0.4,0.0005,4,1,1.5042064189910889,1.2882219552993774,-0.21598446369171143,0.16474328935146332,1.2611730098724365,0.1306270337708278
6,64,0.0,0.0005,16,1,1.4940837621688843,1.2883552312850952,-0.20572853088378906,0.1589294970035553,1.2611730098724365,0.12601720442751188
3,8,0.2,0.001,8,1,2.1000287532806396,1.2883751392364502,-0.8116536140441895,0.3707294762134552,1.2289718389511108,0.3016582353342297
6,64,0.0,0.0005,16,2,1.4012495279312134,1.2884836196899414,-0.11276590824127197,0.14453592896461487,1.2611730098724365,0.11460436263160612
6,64,0.3,0.0005,8,1,1.5037641525268555,1.2885502576828003,-0.21521389484405518,0.1358826458454132,1.2611730098724365,0.10774306521129666
6,64,0.1,0.0005,16,1,1.5091540813446045,1.289224624633789,-0.21992945671081543,0.15327395498752594,1.2611730098724365,0.12153285377002247
6,16,0.3,0.0005,8,1,1.9421733617782593,1.2892506122589111,-0.6529227495193481,0.12101005017757416,1.2611730098724365,0.09595039636141113
3,16,0.0,0.001,8,1,1.8492884635925293,1.2899419069290161,-0.5593465566635132,0.415492981672287,1.2289718389511108,0.3380817757605392
6,32,0.2,0.0005,8,1,1.5168473720550537,1.2901825904846191,-0.22666478157043457,0.20204651355743408,1.2611730098724365,0.16020523114260937
9,16,0.2,0.005,16,1,0.9289641976356506,1.290632724761963,0.36166852712631226,0.09845095127820969,1.3029779195785522,0.07555841875666904
9,16,0.2,0.005,4,1,0.6816434860229492,1.290972113609314,0.6093286275863647,0.24704815447330475,1.3029779195785522,0.18960271756041144
9,16,0.3,0.0005,16,2,2.745441198348999,1.2913308143615723,-1.4541103839874268,0.05242374166846275,1.3029779195785522,0.040233791287437315
6,16,0.4,0.0005,4,2,1.9637598991394043,1.2913841009140015,-0.6723757982254028,0.09898220002651215,1.2611730098724365,0.07848423590711306
6,32,0.3,0.0005,16,1,1.8459374904632568,1.2915500402450562,-0.5543874502182007,0.18188431859016418,1.2611730098724365,0.14421837223471914
6,32,0.4,0.0005,8,1,1.5229629278182983,1.2915740013122559,-0.23138892650604248,0.21369971334934235,1.2611730098724365,0.16944520036228602
3,8,0.2,0.0001,16,2,3.852579116821289,1.2917284965515137,-2.5608506202697754,0.06536979228258133,1.2289718389511108,0.05319063481419754
3,8,0.3,0.005,16,1,1.7579187154769897,1.2917802333831787,-0.46613848209381104,0.37175634503364563,1.2289718389511108,0.30249378647351927
9,8,0.0,0.0005,16,1,2.8794190883636475,1.2921555042266846,-1.587263584136963,0.11485830694437027,1.3029779195785522,0.08815061653655738
9,64,0.2,0.001,4,2,2.9553844928741455,1.292323112487793,-1.6630613803863525,0.05493641644716263,1.3029779195785522,0.04216220061881923
9,64,0.2,0.005,8,1,0.9449955224990845,1.2931901216506958,0.34819459915161133,0.2832147181034088,1.3029779195785522,0.21735956829952616
6,64,0.2,0.0005,16,1,1.5119349956512451,1.2933452129364014,-0.21858978271484375,0.18531136214733124,1.2611730098724365,0.14693571833262978
6,8,0.3,0.0001,4,1,2.91332745552063,1.293652892112732,-1.619674563407898,0.31696560978889465,1.2611730098724365,0.25132603323072594
3,64,0.2,0.0001,8,2,3.5938620567321777,1.2937709093093872,-2.3000911474227905,0.07087388634681702,1.2289718389511108,0.05766925172777406
6,16,0.1,0.001,8,1,1.4232113361358643,1.2939702272415161,-0.12924110889434814,0.12171054631471634,1.2611730098724365,0.09650582859129452
3,64,0.3,0.001,8,1,1.8266098499298096,1.2939847707748413,-0.5326250791549683,0.46626684069633484,1.2289718389511108,0.37939587053050705
6,8,0.3,0.001,4,1,1.4841604232788086,1.2942965030670166,-0.189863920211792,0.13010038435459137,1.2611730098724365,0.1031582370825955
9,64,0.2,0.001,4,1,0.8911902904510498,1.2943440675735474,0.40315377712249756,0.13090676069259644,1.3029779195785522,0.10046736688748968
9,32,0.3,0.005,16,1,0.8010962605476379,1.2950129508972168,0.49391669034957886,0.13240395486354828,1.3029779195785522,0.1016164225610011
3,8,0.4,0.0005,4,2,2.232267141342163,1.2950841188430786,-0.9371830224990845,0.24725531041622162,1.2289718389511108,0.20118875191415803
3,16,0.2,0.0005,4,2,2.883117914199829,1.2956033945083618,-1.5875145196914673,0.11668575555086136,1.2289718389511108,0.09494583346226144
6,16,0.2,0.005,16,1,0.8800351619720459,1.2957789897918701,0.4157438278198242,0.2828480005264282,1.2611730098724365,0.22427375016139725
6,32,0.0,0.0005,4,2,1.2605353593826294,1.2958041429519653,0.03526878356933594,0.14488083124160767,1.2611730098724365,0.11487784000092253
9,16,0.2,0.005,8,2,2.6365816593170166,1.2958793640136719,-1.3407022953033447,0.07376421988010406,1.3029779195785522,0.05661202601496353
6,32,0.0,0.0005,4,1,1.4011545181274414,1.296372413635254,-0.1047821044921875,0.1547064185142517,1.2611730098724365,0.12266867218312874
9,32,0.0,0.001,4,2,1.3300721645355225,1.29680597782135,-0.03326618671417236,0.046703752130270004,1.3029779195785522,0.03584385539347921
9,16,0.4,0.0001,16,1,3.4698052406311035,1.2976579666137695,-2.172147274017334,0.1011619120836258,1.3029779195785522,0.0776390072030895
6,16,0.2,0.0005,8,1,1.6141127347946167,1.2979010343551636,-0.3162117004394531,0.1482289433479309,1.2611730098724365,0.1175326003550645
6,16,0.3,0.005,8,1,0.8412591218948364,1.2986069917678833,0.4573478698730469,0.23141515254974365,1.2611730098724365,0.1834919957358987
6,64,0.1,0.001,4,1,0.8331472277641296,1.2990689277648926,0.46592170000076294,0.35822629928588867,1.2611730098724365,0.28404215478899447
9,32,0.3,0.001,8,2,2.4332993030548096,1.2992792129516602,-1.1340200901031494,0.11746754497289658,1.3029779195785522,0.09015313552733988
6,8,0.0,0.0005,8,1,1.8108686208724976,1.2993007898330688,-0.5115678310394287,0.21906806528568268,1.2611730098724365,0.1737018343802336
3,8,0.0,0.0005,4,2,2.0448858737945557,1.299594521522522,-0.7452913522720337,0.33583059906959534,1.2289718389511108,0.2732614275004188
6,8,0.4,0.001,16,1,1.856195092201233,1.29973304271698,-0.5564620494842529,0.15546196699142456,1.2611730098724365,0.12326775610837805
3,64,0.0,0.001,8,1,1.7239829301834106,1.3000175952911377,-0.42396533489227295,0.5215319395065308,1.2289718389511108,0.424364434543628
3,32,0.1,0.0001,4,1,2.6726818084716797,1.3007673025131226,-1.3719145059585571,0.29661431908607483,1.2289718389511108,0.2413515995120164
6,8,0.4,0.001,4,1,1.691507339477539,1.301019310951233,-0.39048802852630615,0.11879792809486389,1.2611730098724365,0.09419637683721119
3,16,0.1,0.0005,16,1,2.7012345790863037,1.3011374473571777,-1.400097131729126,0.2082221359014511,1.2289718389511108,0.16942791470239238
6,64,0.1,0.005,8,1,0.6097130179405212,1.3011521100997925,0.6914390921592712,0.5726255178451538,1.2611730098724365,0.4540420016624626
3,16,0.4,0.0001,16,2,3.174441337585449,1.301155924797058,-1.8732854127883911,0.06271137297153473,1.2289718389511108,0.051027510138114254
6,32,0.2,0.001,16,1,1.438289999961853,1.3023241758346558,-0.13596582412719727,0.1422499716281891,1.2611730098724365,0.1127917982026726
3,64,0.1,0.0005,4,1,1.8088253736495972,1.3023874759674072,-0.5064378976821899,0.5262898802757263,1.2289718389511108,0.42823591525489985
6,8,0.3,0.001,8,2,1.9752174615859985,1.3023961782455444,-0.6728212833404541,0.14664769172668457,1.2611730098724365,0.11627880598357992
3,64,0.3,0.0001,16,1,3.066803216934204,1.302660346031189,-1.7641428709030151,0.48069432377815247,1.2289718389511108,0.3911353446376852
9,32,0.2,0.005,8,2,1.9840182065963745,1.3032710552215576,-0.6807471513748169,0.1921868771314621,1.3029779195785522,0.14749818415466692
6,16,0.1,0.0005,8,1,1.4958646297454834,1.3034863471984863,-0.19237828254699707,0.18153926730155945,1.2611730098724365,0.14394477671221456
6,32,0.4,0.005,4,1,0.9150506854057312,1.3035567998886108,0.38850611448287964,0.25978806614875793,1.2611730098724365,0.20598923709526154
6,8,0.1,0.0001,8,2,3.671182870864868,1.3038133382797241,-2.367369532585144,0.02002025954425335,1.2611730098724365,0.015874316519252446
6,8,0.2,0.001,8,1,1.7031303644180298,1.303920865058899,-0.39920949935913086,0.2084808200597763,1.2611730098724365,0.1653070739920635
6,16,0.3,0.0005,4,1,1.4718303680419922,1.3042895793914795,-0.1675407886505127,0.10644714534282684,1.2611730098724365,0.0844032852824797
6,32,0.0,0.001,16,1,1.4313126802444458,1.304362416267395,-0.12695026397705078,0.15846531093120575,1.2611730098724365,0.12564914543107292
3,32,0.2,0.0001,16,1,3.038555860519409,1.3046735525131226,-1.7338823080062866,0.28896433115005493,1.2289718389511108,0.23512689387307442
6,8,0.3,0.005,8,1,0.7878119945526123,1.3048251867294312,0.5170131921768188,0.2488757222890854,1.2611730098724365,0.19733670189648156
3,64,0.0,0.001,16,1,1.7709271907806396,1.3050888776779175,-0.46583831310272217,0.4663086533546448,1.2289718389511108,0.37942989300114854
3,32,0.3,0.001,8,1,1.7830480337142944,1.3052769899368286,-0.4777710437774658,0.46182170510292053,1.2289718389511108,0.3757789157293229
6,32,0.2,0.0001,16,2,3.512911319732666,1.3055565357208252,-2.207354784011841,0.04145251587033272,1.2611730098724365,0.032868223111217315
3,32,0.4,0.001,16,2,2.197380304336548,1.3056617975234985,-0.8917185068130493,0.30553486943244934,1.2289718389511108,0.24861014691208372
9,16,0.4,0.0001,16,2,3.5679526329040527,1.3058775663375854,-2.2620750665664673,0.038055192679166794,1.3029779195785522,0.029206322000817738
9,32,0.2,0.005,16,2,2.9872281551361084,1.307105541229248,-1.6801226139068604,0.12340857833623886,1.3029779195785522,0.09471271652566095
9,8,0.1,0.001,8,1,1.5577105283737183,1.3071898221969604,-0.2505207061767578,0.1082950234413147,1.3029779195785522,0.08311347553482923
3,64,0.0,0.0005,8,2,1.8442347049713135,1.307400107383728,-0.5368345975875854,0.41516822576522827,1.2289718389511108,0.33781752568029666
6,8,0.4,0.0005,8,1,2.274121046066284,1.3074214458465576,-0.9666996002197266,0.19973008334636688,1.2611730098724365,0.15836850438669706
6,8,0.0,0.005,16,1,1.1964105367660522,1.3078359365463257,0.11142539978027344,0.22669142484664917,1.2611730098724365,0.1797464924099337
6,64,0.0,0.001,4,1,0.967298686504364,1.3079421520233154,0.3406434655189514,0.19554902613162994,1.2611730098724365,0.1550532913413752
6,16,0.2,0.001,16,1,1.7314002513885498,1.3082655668258667,-0.4231346845626831,0.21994136273860931,1.2611730098724365,0.17439428295476736
9,16,0.2,0.005,16,2,2.911972761154175,1.308362603187561,-1.6036101579666138,0.043637752532958984,1.3029779195785522,0.0334907843619281
3,64,0.4,0.0005,4,2,2.2333385944366455,1.3085875511169434,-0.9247510433197021,0.33050909638404846,1.2289718389511108,0.2689313830544137
3,64,0.3,0.001,4,2,2.109722852706909,1.3087183237075806,-0.8010045289993286,0.34502458572387695,1.2289718389511108,0.28074246682360493
3,32,0.2,0.0001,4,1,2.621134042739868,1.3087481260299683,-1.3123859167099,0.35671326518058777,1.2289718389511108,0.29025340847926295
3,32,0.0,0.001,8,1,1.7978523969650269,1.3100800514221191,-0.4877723455429077,0.5314494371414185,1.2289718389511108,0.4324341862828964
3,16,0.3,0.001,4,2,2.267402410507202,1.3101797103881836,-0.9572227001190186,0.26766377687454224,1.2289718389511108,0.21779488218622237
3,64,0.2,0.0005,4,1,1.7507951259613037,1.3107824325561523,-0.44001269340515137,0.5001446008682251,1.2289718389511108,0.40696180743659915
12,64,0.1,0.0001,4,2,4.39448356628418,1.3111852407455444,-3.0832983255386353,0.005957288201898336,0.3633994162082672,0.016393224469254966
6,64,0.0,0.0001,4,1,1.705037236213684,1.3112680912017822,-0.39376914501190186,0.17065992951393127,1.2611730098724365,0.13531841244461215
9,8,0.4,0.001,8,1,1.4812710285186768,1.31167733669281,-0.1695936918258667,0.08883464336395264,1.3029779195785522,0.06817816482468572
6,64,0.1,0.0001,4,1,1.7658441066741943,1.3120043277740479,-0.4538397789001465,0.17414739727973938,1.2611730098724365,0.13808366966032187
3,8,0.2,0.0001,8,2,3.169323444366455,1.3120635747909546,-1.8572598695755005,0.020551953464746475,1.2289718389511108,0.016722883969649726
9,16,0.1,0.005,4,2,2.2653393745422363,1.3121694326400757,-0.9531699419021606,0.05619253218173981,1.3029779195785522,0.04312623517052021
3,64,0.1,0.005,16,2,2.9996745586395264,1.3122144937515259,-1.6874600648880005,0.1639052778482437,1.2289718389511108,0.1333678060419446
6,32,0.1,0.0005,8,1,1.46310293674469,1.312525749206543,-0.15057718753814697,0.13950596749782562,1.2611730098724365,0.11061604268865236
6,32,0.1,0.0005,8,2,3.6063315868377686,1.3133174180984497,-2.293014168739319,0.012976231053471565,1.2611730098724365,0.010289017408312654
6,32,0.3,0.001,8,1,1.430123209953308,1.3139212131500244,-0.11620199680328369,0.1544528603553772,1.2611730098724365,0.12246762271815474
3,32,0.0,0.001,16,2,1.8496663570404053,1.3146917819976807,-0.5349745750427246,0.38168469071388245,1.2289718389511108,0.31057236514030984
3,64,0.2,0.001,8,2,3.6329033374786377,1.314976453781128,-2.3179268836975098,0.11528299748897552,1.2289718389511108,0.09380442564686102
6,16,0.4,0.001,16,1,1.7218495607376099,1.3150267601013184,-0.4068228006362915,0.17817625403404236,1.2611730098724365,0.14127820103925653
6,32,0.1,0.005,16,2,2.774320125579834,1.3165178298950195,-1.4578022956848145,0.1372031420469284,1.2611730098724365,0.10879010331881908
6,8,0.4,0.001,8,2,2.205814838409424,1.3166236877441406,-0.8891911506652832,0.08559230715036392,1.2611730098724365,0.06786722081772215
3,16,0.4,0.001,4,2,2.295928716659546,1.316705584526062,-0.9792231321334839,0.3229653537273407,1.2289718389511108,0.26279312795562637
6,8,0.0,0.0001,4,2,2.8112869262695312,1.3167237043380737,-1.4945632219314575,0.07674513012170792,1.2611730098724365,0.06085218246897817
3,16,0.3,0.005,16,1,1.8493672609329224,1.316848874092102,-0.5325183868408203,0.40762585401535034,1.2289718389511108,0.33168038607234995
9,64,0.4,0.0001,16,2,3.129193067550659,1.3168517351150513,-1.812341332435608,0.027016209438443184,1.3029779195785522,0.020734203575131623
6,64,0.3,0.0005,16,1,1.5728944540023804,1.3175452947616577,-0.25534915924072266,0.15767024457454681,1.2611730098724365,0.12501872728032346
6,16,0.0,0.005,16,2,0.7226176261901855,1.3178926706314087,0.5952750444412231,0.1422557681798935,1.2611730098724365,0.11279639436169205
6,8,0.4,0.005,8,2,1.144169569015503,1.3178966045379639,0.17372703552246094,0.1764102578163147,1.2611730098724365,0.1398779203450905
6,64,0.4,0.0005,8,1,1.4880090951919556,1.3179258108139038,-0.17008328437805176,0.19844737648963928,1.2611730098724365,0.15735142992769213
6,32,0.3,0.0005,4,2,2.7728142738342285,1.3179917335510254,-1.4548225402832031,0.05623598024249077,1.2611730098724365,0.044590218631604596
3,32,0.2,0.001,4,1,1.6757818460464478,1.3182568550109863,-0.3575249910354614,0.5369530320167542,1.2289718389511108,0.4369123970123081
6,8,0.0,0.0001,4,1,2.8733158111572266,1.3187565803527832,-1.5545592308044434,0.3317527770996094,1.2611730098724365,0.263050964857839
9,64,0.0,0.001,4,2,2.071871519088745,1.3196749687194824,-0.7521965503692627,0.11604874581098557,1.3029779195785522,0.08906424588416778
3,8,0.3,0.0001,8,1,2.942732572555542,1.3199334144592285,-1.6227991580963135,0.1431359052658081,1.2289718389511108,0.1164680106811643
3,32,0.3,0.0001,8,1,2.837942600250244,1.3217397928237915,-1.5162028074264526,0.32579687237739563,1.2289718389511108,0.2650971015376993
3,8,0.2,0.0001,4,2,3.9381656646728516,1.3221176862716675,-2.616047978401184,0.05394701287150383,1.2289718389511108,0.04389605291325953
6,64,0.0,0.005,16,1,0.6848601698875427,1.3223958015441895,0.6375356316566467,0.3097759485244751,1.2611730098724365,0.24562526005516713
3,32,0.0,0.0001,16,1,3.222308874130249,1.3225023746490479,-1.8998064994812012,0.3175257742404938,1.2289718389511108,0.2583670057985154
6,16,0.1,0.0001,8,1,2.9407806396484375,1.3225253820419312,-1.6182552576065063,0.40759286284446716,1.2611730098724365,0.3231855262155458
9,32,0.3,0.005,4,2,1.384765386581421,1.3232275247573853,-0.061537861824035645,0.19064266979694366,1.3029779195785522,0.1463130471609273
9,32,0.4,0.005,4,1,0.6110177636146545,1.323475956916809,0.7124581933021545,0.10780787467956543,1.3029779195785522,0.08273960215261042
6,64,0.2,0.005,16,1,0.6784060597419739,1.3240400552749634,0.6456339955329895,0.33662500977516174,1.2611730098724365,0.26691421965112483
6,16,0.2,0.005,16,2,2.6716668605804443,1.3242323398590088,-1.3474345207214355,0.13024653494358063,1.2611730098724365,0.10327412172954338
6,16,0.0,0.005,4,1,0.950408399105072,1.32444429397583,0.37403589487075806,0.6983795762062073,1.2611730098724365,0.5537539819987474
3,8,0.0,0.005,16,1,1.5231555700302124,1.3251984119415283,-0.19795715808868408,0.5118173360824585,1.2289718389511108,0.41645977544878376
6,64,0.2,0.005,16,2,2.718423843383789,1.3272761106491089,-1.3911477327346802,0.19535446166992188,1.2611730098724365,0.15489901872359393
6,8,0.1,0.001,8,2,3.735525608062744,1.3275437355041504,-2.4079818725585938,0.0854477658867836,1.2611730098724365,0.0677526122252064
6,64,0.4,0.0005,16,1,1.6056967973709106,1.3277201652526855,-0.2779766321182251,0.15812727808952332,1.2611730098724365,0.1253811149237307
3,16,0.2,0.001,8,2,2.663529634475708,1.3283571004867554,-1.3351725339889526,0.18912343680858612,1.2289718389511108,0.15388752680451742
6,16,0.4,0.005,16,2,1.4360541105270386,1.3284751176834106,-0.10757899284362793,0.1737915724515915,1.2611730098724365,0.13780153166231326
6,8,0.3,0.001,16,2,2.825824737548828,1.328536033630371,-1.497288703918457,0.16546787321567535,1.2611730098724365,0.13120156546357734
3,16,0.1,0.001,4,2,3.7341644763946533,1.32878577709198,-2.4053786993026733,0.0504668764770031,1.2289718389511108,0.041064306664727976
9,64,0.0,0.0005,4,1,0.9336103200912476,1.329164743423462,0.39555442333221436,0.12599492073059082,1.3029779195785522,0.09669766374194878
9,8,0.1,0.005,4,2,2.5495948791503906,1.3291693925857544,-1.2204254865646362,0.0641518235206604,1.3029779195785522,0.04923477409456815
9,16,0.3,0.001,16,1,1.71659255027771,1.3292839527130127,-0.38730859756469727,0.11531833559274673,1.3029779195785522,0.08850367597176659
6,32,0.4,0.0001,8,2,3.338331937789917,1.3296229839324951,-2.008708953857422,0.0698653981089592,1.2611730098724365,0.05539715610947451
6,32,0.0,0.0005,16,1,1.5413868427276611,1.329723834991455,-0.21166300773620605,0.13163559138774872,1.2611730098724365,0.10437552211893848
6,16,0.1,0.001,16,2,3.5899035930633545,1.3298020362854004,-2.260101556777954,0.04513416439294815,1.2611730098724365,0.03578744870024876
3,16,0.3,0.0001,8,1,3.0035619735717773,1.329972505569458,-1.6735894680023193,0.21406404674053192,1.2289718389511108,0.17418140917144928
12,32,0.1,0.0005,16,2,4.333291053771973,1.330425500869751,-3.0028655529022217,0.0059803850017488,0.3633994162082672,0.01645678208333002
3,8,0.2,0.0001,16,1,4.060752868652344,1.330468773841858,-2.730284094810486,0.09082452952861786,1.2289718389511108,0.0739028565586448
6,8,0.3,0.0005,8,1,2.8581619262695312,1.3308199644088745,-1.5273419618606567,0.21274755895137787,1.2611730098724365,0.16869022512057769
3,32,0.0,0.0001,16,2,2.9824674129486084,1.3314160108566284,-1.65105140209198,0.4023943245410919,1.2289718389511108,0.32742355177521637
6,64,0.0,0.005,4,1,0.3686809241771698,1.3314323425292969,0.9627514183521271,0.4656163156032562,1.2611730098724365,0.3691930543695601
6,16,0.0,0.001,16,1,1.6249057054519653,1.3314545154571533,-0.293451189994812,0.19177910685539246,1.2611730098724365,0.15206407475750713
3,32,0.4,0.001,8,2,2.2227325439453125,1.3316627740859985,-0.891069769859314,0.3595006763935089,1.2289718389511108,0.29252149235602626
6,8,0.2,0.0005,8,1,2.092761993408203,1.3323835134506226,-0.7603784799575806,0.1682944893836975,1.2611730098724365,0.1334428251051138
6,64,0.1,0.005,16,1,0.6331567764282227,1.3326303958892822,0.6994736194610596,0.36791250109672546,1.2611730098724365,0.2917224664789953
9,8,0.0,0.0001,8,2,3.1664323806762695,1.3329694271087646,-1.8334629535675049,0.05935719236731529,1.3029779195785522,0.04555502551149474
9,64,0.0,0.0001,8,1,2.051652431488037,1.333145022392273,-0.7185074090957642,0.04066101461648941,1.3029779195785522,0.031206219234813436
9,64,0.2,0.001,8,1,1.0838565826416016,1.3344323635101318,0.2505757808685303,0.10245852172374725,1.3029779195785522,0.07863411972237214
3,64,0.0,0.0001,8,2,2.536174774169922,1.334493637084961,-1.201681137084961,0.20727719366550446,1.2289718389511108,0.16865902626573534
6,64,0.1,0.001,8,2,3.5550694465637207,1.3345791101455688,-2.220490336418152,0.04376927390694618,1.2611730098724365,0.03470520980414361
3,16,0.4,0.0001,8,1,3.096261978149414,1.334762454032898,-1.7614995241165161,0.4810861051082611,1.2289718389511108,0.3914541325201179
9,8,0.1,0.005,16,2,3.144343614578247,1.3356798887252808,-1.8086637258529663,0.047177769243717194,1.3029779195785522,0.03620765059393856
6,32,0.1,0.005,8,1,1.5881761312484741,1.335978627204895,-0.2521975040435791,0.23915299773216248,1.2611730098724365,0.1896274308600626
6,32,0.4,0.0001,4,2,2.781761646270752,1.3366953134536743,-1.4450663328170776,0.09648922085762024,1.2611730098724365,0.0765075212538681
3,16,0.0,0.0001,16,2,3.1905431747436523,1.3374240398406982,-1.853119134902954,0.11887943744659424,1.2289718389511108,0.09673080674334583
9,64,0.3,0.001,4,1,1.6136980056762695,1.337538242340088,-0.27615976333618164,0.1248684674501419,1.3029779195785522,0.09583314158579953
6,64,0.1,0.001,4,2,3.595705032348633,1.3380855321884155,-2.2576195001602173,0.04093284159898758,1.2611730098724365,0.03245616682133707
9,64,0.0,0.0005,4,2,4.211266040802002,1.341292381286621,-2.869973659515381,0.13819947838783264,1.3029779195785522,0.10606432872825138
9,32,0.0,0.001,4,1,0.8806077837944031,1.3413928747177124,0.4607850909233093,0.250704288482666,1.3029779195785522,0.19240870065070345
6,8,0.2,0.0001,16,1,3.858614683151245,1.3416272401809692,-2.516987442970276,0.14724905788898468,1.2611730098724365,0.11675563680503949
9,64,0.2,0.005,16,2,2.905879497528076,1.3417960405349731,-1.564083456993103,0.10543051362037659,1.3029779195785522,0.08091504240876012
9,32,0.1,0.0001,4,1,2.0191431045532227,1.3420965671539307,-0.677046537399292,0.04792366921901703,1.3029779195785522,0.03678010847222793
6,8,0.0,0.0001,8,1,3.0983469486236572,1.3420984745025635,-1.7562484741210938,0.11604525148868561,1.2611730098724365,0.09201374480763999
3,64,0.4,0.001,16,2,2.395143508911133,1.3424361944198608,-1.052707314491272,0.3509802222251892,1.2289718389511108,0.2855884985328385
6,8,0.0,0.005,4,1,1.165685772895813,1.3424500226974487,0.17676424980163574,0.314477801322937,1.2611730098724365,0.24935341849311016
6,64,0.1,0.005,4,1,0.8238757252693176,1.3424558639526367,0.5185801386833191,0.5182426571846008,1.2611730098724365,0.41092114494031184
3,16,0.0,0.001,4,2,1.8013453483581543,1.3425294160842896,-0.45881593227386475,0.4117189347743988,1.2289718389511108,0.33501087797568097
3,8,0.0,0.0005,8,2,2.1890358924865723,1.342834711074829,-0.8462011814117432,0.39511021971702576,1.2289718389511108,0.3214965609417381
6,16,0.2,0.001,8,2,3.1836678981781006,1.343247652053833,-1.8404202461242676,0.03791145235300064,1.2611730098724365,0.03006046914755594
3,32,0.2,0.0001,8,1,2.693448781967163,1.3435876369476318,-1.3498611450195312,0.15371613204479218,1.2289718389511108,0.1250770173676104
12,32,0.2,0.0001,8,2,4.263692855834961,1.3439781665802002,-2.9197146892547607,0.018581703305244446,0.3633994162082672,0.051133002631449244
6,32,0.0,0.0001,4,2,1.7506684064865112,1.344017744064331,-0.4066506624221802,0.11276040971279144,1.2611730098724365,0.089409152297191
3,8,0.4,0.005,16,1,1.805720567703247,1.344115138053894,-0.461605429649353,0.3746959865093231,1.2289718389511108,0.30488573833320254
3,64,0.1,0.001,4,2,3.7787351608276367,1.3448705673217773,-2.4338645935058594,0.05306604504585266,1.2289718389511108,0.043179219705427
3,8,0.0,0.0001,8,2,3.2295148372650146,1.3449985980987549,-1.8845162391662598,0.4554899334907532,1.2289718389511108,0.3706268272831212
9,16,0.1,0.005,8,2,3.3407304286956787,1.3455233573913574,-1.9952070713043213,0.023889288306236267,1.3029779195785522,0.01833437692786325
6,16,0.3,0.0001,4,1,2.9710745811462402,1.345648169517517,-1.6254264116287231,0.1202620267868042,1.2611730098724365,0.09535727917216394
9,32,0.4,0.005,16,1,0.9621305465698242,1.345727801322937,0.3835972547531128,0.10343813896179199,1.3029779195785522,0.07938594922256935
6,32,0.4,0.0005,4,2,2.138824701309204,1.346083641052246,-0.792741060256958,0.11428557336330414,1.2611730098724365,0.09061847380865196
6,8,0.2,0.001,4,1,1.4190014600753784,1.3463715314865112,-0.07262992858886719,0.15209490060806274,1.2611730098724365,0.12059796666870205
3,8,0.4,0.001,16,1,2.4315247535705566,1.346856951713562,-1.0846678018569946,0.3581090569496155,1.2289718389511108,0.29138914790370657
6,32,0.4,0.001,8,2,2.02353835105896,1.347212553024292,-0.676325798034668,0.13333627581596375,1.2611730098724365,0.10572401627073376
6,32,0.4,0.005,16,2,1.5321630239486694,1.3474711179733276,-0.1846919059753418,0.23557481169700623,1.2611730098724365,0.18679024198340072
6,32,0.3,0.001,8,2,2.9259307384490967,1.3477020263671875,-1.5782287120819092,0.0985066145658493,1.2611730098724365,0.07810713819177982
9,8,0.3,0.005,16,1,1.4578709602355957,1.348731279373169,-0.10913968086242676,0.2090916484594345,1.3029779195785522,0.16047213488242773
3,32,0.4,0.005,16,1,1.645961880683899,1.3490846157073975,-0.29687726497650146,0.5072628259658813,1.2289718389511108,0.41275382387835213
6,32,0.0,0.005,16,1,0.5990871787071228,1.3491071462631226,0.7500199675559998,0.3237341642379761,1.2611730098724365,0.256692905496543
9,64,0.3,0.001,8,1,1.065126657485962,1.3496640920639038,0.2845374345779419,0.12738801538944244,1.3029779195785522,0.09776682588040023
3,32,0.2,0.001,4,2,3.4105019569396973,1.3507580757141113,-2.059743881225586,0.19655461609363556,1.2289718389511108,0.15993419040536258
6,64,0.3,0.005,16,2,2.1486756801605225,1.3509019613265991,-0.7977737188339233,0.21925292909145355,1.2611730098724365,0.1738484152254656
6,8,0.1,0.005,4,1,0.8194963335990906,1.3512742519378662,0.5317779183387756,0.35247161984443665,1.2611730098724365,0.2794791968154218
6,16,0.0,0.0001,8,2,2.9328255653381348,1.3530192375183105,-1.5798063278198242,0.14972427487373352,1.2611730098724365,0.11871826759825573
3,16,0.3,0.0005,16,2,3.4123780727386475,1.3536535501480103,-2.058724522590637,0.16087494790554047,1.2289718389511108,0.1309020620381686
6,32,0.2,0.0005,4,1,1.5741307735443115,1.356018304824829,-0.21811246871948242,0.12487296760082245,1.2611730098724365,0.0990133523500102
3,64,0.0,0.0001,8,1,2.6291937828063965,1.356027364730835,-1.2731664180755615,0.22561383247375488,1.2289718389511108,0.18357933463008336
3,64,0.2,0.005,4,1,1.5619851350784302,1.3561320304870605,-0.20585310459136963,0.4131490886211395,1.2289718389511108,0.3361745774205448
9,16,0.0,0.005,8,1,0.7788479924201965,1.3562850952148438,0.5774371027946472,0.026962731033563614,1.3029779195785522,0.020693160358607382
6,8,0.3,0.001,4,2,2.015470504760742,1.3567003011703491,-0.6587702035903931,0.16089773178100586,1.2611730098724365,0.12757784262864943
3,8,0.3,0.001,8,2,2.346130132675171,1.3580032587051392,-0.9881268739700317,0.2544071078300476,1.2289718389511108,0.20700808575660784
6,32,0.3,0.0005,4,1,1.5304571390151978,1.358270525932312,-0.17218661308288574,0.13799695670604706,1.2611730098724365,0.109419528982788
6,16,0.4,0.005,4,1,0.7892689108848572,1.358299970626831,0.5690310597419739,0.21998202800750732,1.2611730098724365,0.1744265269598164
6,16,0.4,0.0001,8,1,3.019576072692871,1.3583908081054688,-1.6611852645874023,0.11407341063022614,1.2611730098724365,0.09045024729934895
9,64,0.0,0.001,4,1,0.7104577422142029,1.3593947887420654,0.6489370465278625,0.11054210364818573,1.3029779195785522,0.08483804827939105
9,64,0.0,0.005,4,1,0.50426185131073,1.3594242334365845,0.8551623821258545,0.3906068503856659,1.3029779195785522,0.29978009950622
6,8,0.4,0.0005,4,2,1.8472808599472046,1.3600386381149292,-0.4872422218322754,0.04769942909479141,1.2611730098724365,0.03782147946507042
3,32,0.3,0.001,4,2,2.5793750286102295,1.3602893352508545,-1.219085693359375,0.3477618396282196,1.2289718389511108,0.28296973828547894
6,64,0.4,0.005,4,1,0.6771162748336792,1.3607211112976074,0.6836048364639282,0.4129062592983246,1.2611730098724365,0.3273985853376998
6,16,0.4,0.0005,8,2,2.2128448486328125,1.361108422279358,-0.8517364263534546,0.08256550878286362,1.2611730098724365,0.06546723418321079
6,8,0.0,0.005,8,1,0.9099167585372925,1.361476182937622,0.4515594244003296,0.3098525106906891,1.2611730098724365,0.24568596716324403
6,32,0.4,0.001,8,1,1.7673600912094116,1.361878514289856,-0.40548157691955566,0.14868955314159393,1.2611730098724365,0.1178978236749876
9,8,0.4,0.0005,4,1,1.5459808111190796,1.3619152307510376,-0.184065580368042,0.08037611842155457,1.3029779195785522,0.06168647773214161
3,32,0.3,0.0005,16,2,3.3341758251190186,1.3619847297668457,-1.9721910953521729,0.12917326390743256,1.2289718389511108,0.10510677284328819
9,64,0.1,0.005,4,2,2.61954665184021,1.3620636463165283,-1.2574830055236816,0.13152919709682465,1.3029779195785522,0.10094506984382952
6,64,0.0,0.001,4,2,1.6250568628311157,1.3628231287002563,-0.2622337341308594,0.3010665774345398,1.2611730098724365,0.23871948977483406
6,8,0.1,0.005,8,1,0.8836352825164795,1.363137125968933,0.4795018434524536,0.40715280175209045,1.2611730098724365,0.32283659622027006
9,16,0.4,0.005,8,1,1.2492785453796387,1.3635042905807495,0.11422574520111084,0.06515520066022873,1.3029779195785522,0.050004838670868
6,32,0.4,0.0005,16,1,1.8097392320632935,1.3635826110839844,-0.4461566209793091,0.18267613649368286,1.2611730098724365,0.14484621464596673
9,32,0.4,0.0001,8,2,3.019813299179077,1.3647067546844482,-1.655106544494629,0.07327409833669662,1.3029779195785522,0.0562358711039379
3,64,0.2,0.001,16,2,3.687711715698242,1.3647221326828003,-2.322989583015442,0.12152785807847977,1.2289718389511108,0.09888579561123223
6,8,0.3,0.0005,16,1,2.276510715484619,1.3649126291275024,-0.9115980863571167,0.21321935951709747,1.2611730098724365,0.16906432174493166
6,64,0.3,0.005,8,1,0.9802168607711792,1.3652344942092896,0.38501763343811035,0.38811641931533813,1.2611730098724365,0.3077424082795705
3,32,0.0,0.001,8,2,1.733690857887268,1.3652563095092773,-0.3684345483779907,0.4993102550506592,1.2289718389511108,0.4062829100110259
6,8,0.2,0.0005,16,1,2.3031065464019775,1.3654438257217407,-0.9376627206802368,0.20498846471309662,1.2611730098724365,0.16253794135178212
6,64,0.2,0.005,8,1,1.0287584066390991,1.366162657737732,0.3374042510986328,0.36825963854789734,1.2611730098724365,0.2919977161461341
6,32,0.1,0.0005,16,1,1.619409441947937,1.3662749528884888,-0.25313448905944824,0.1438973993062973,1.2611730098724365,0.1140980644050193
9,32,0.0,0.005,16,2,0.9150173664093018,1.366707682609558,0.45169031620025635,0.08989226818084717,1.3029779195785522,0.06898986301312211
6,8,0.3,0.0005,4,1,1.6868865489959717,1.367656946182251,-0.3192296028137207,0.13775376975536346,1.2611730098724365,0.10922670297970997
6,8,0.4,0.005,4,1,1.0614534616470337,1.3684451580047607,0.30699169635772705,0.25663167238235474,1.2611730098724365,0.20348649263300694
6,16,0.1,0.001,16,1,1.6487380266189575,1.3684664964675903,-0.2802715301513672,0.08199802041053772,1.2611730098724365,0.06501726548907953
6,32,0.0,0.0005,8,2,1.493414044380188,1.3693912029266357,-0.12402284145355225,0.13026799261569977,1.2611730098724365,0.10329113578863851
6,16,0.0,0.0005,8,2,1.5824216604232788,1.3695486783981323,-0.21287298202514648,0.06947137415409088,1.2611730098724365,0.05508472954168095
9,8,0.4,0.0001,16,2,3.6292200088500977,1.3696352243423462,-2.2595847845077515,0.04072942957282066,1.3029779195785522,0.03125872584701557
6,16,0.2,0.005,4,1,0.8241044282913208,1.3697328567504883,0.5456284284591675,0.38456469774246216,1.2611730098724365,0.3049262034091259
9,32,0.3,0.0005,4,1,1.4156527519226074,1.3698874711990356,-0.04576528072357178,0.13173578679561615,1.3029779195785522,0.10110362180061044
6,8,0.0,0.001,8,2,1.5074992179870605,1.3705048561096191,-0.1369943618774414,0.18796305358409882,1.2611730098724365,0.14903827794658456
3,64,0.3,0.0001,4,2,3.3930859565734863,1.3712338209152222,-2.021852135658264,0.14107556641101837,1.2289718389511108,0.1147915370716891
9,32,0.4,0.005,8,1,0.8941147923469543,1.3714702129364014,0.477355420589447,0.2630878686904907,1.3029779195785522,0.20191276055973872
9,32,0.4,0.005,4,2,1.419670581817627,1.3731040954589844,-0.04656648635864258,0.09125053137540817,1.3029779195785522,0.07003229295314777
3,16,0.1,0.0005,8,2,3.8634045124053955,1.3734155893325806,-2.489988923072815,0.029366130009293556,1.2289718389511108,0.023894876252296093
6,8,0.0,0.001,16,2,2.216243028640747,1.3736522197723389,-0.8425908088684082,0.20795775949954987,1.2611730098724365,0.16489233267098233
6,16,0.0,0.0005,4,2,1.5040063858032227,1.3741437196731567,-0.12986266613006592,0.09477955102920532,1.2611730098724365,0.07515190246482674
9,16,0.2,0.001,8,2,2.785649299621582,1.3749653100967407,-1.4106839895248413,0.02260245382785797,1.3029779195785522,0.01734676657849177
6,8,0.0,0.0001,8,2,3.0479955673217773,1.3750073909759521,-1.6729881763458252,0.07325948029756546,1.2611730098724365,0.058088366722164005
9,32,0.3,0.0001,4,1,2.087749481201172,1.3758183717727661,-0.7119311094284058,0.07428636401891708,1.3029779195785522,0.057012757394188984
3,32,0.4,0.001,4,2,1.9299402236938477,1.3760775327682495,-0.5538626909255981,0.40829217433929443,1.2289718389511108,0.3322225631205342
3,64,0.2,0.0001,16,1,2.9377148151397705,1.376238465309143,-1.5614763498306274,0.18825656175613403,1.2289718389511108,0.15318216072127833
6,64,0.3,0.005,4,1,0.49557122588157654,1.3765335083007812,0.8809622824192047,0.4340091049671173,1.2611730098724365,0.3441312980611724
6,8,0.0,0.0005,16,2,2.0935211181640625,1.377703309059143,-0.7158178091049194,0.1343260407447815,1.2611730098724365,0.10650881337713382
3,32,0.1,0.0001,8,1,2.809706926345825,1.3779011964797974,-1.4318057298660278,0.3575102984905243,1.2289718389511108,0.2909019451541283
6,8,0.2,0.0005,16,2,3.6587276458740234,1.3782539367675781,-2.2804737091064453,0.011824865825474262,1.2611730098724365,0.00937608538472474
9,32,0.2,0.001,8,1,1.16312575340271,1.378327488899231,0.215201735496521,0.1300683468580246,1.3029779195785522,0.09982390714655791
6,64,0.2,0.0005,4,2,3.533202886581421,1.3789445161819458,-2.154258370399475,0.043946463614702225,1.2611730098724365,0.03484570576018532
6,32,0.2,0.001,16,2,3.394761323928833,1.3800147771835327,-2.0147465467453003,0.06096978858113289,1.2611730098724365,0.04834371502074865
9,64,0.0,0.001,8,2,1.2505288124084473,1.3800184726715088,0.12948966026306152,0.17209786176681519,1.3029779195785522,0.13208041301458137
9,64,0.0,0.0005,8,1,1.1607528924942017,1.3800204992294312,0.2192676067352295,0.1861368864774704,1.3029779195785522,0.14285498140879954
6,64,0.0,0.0001,4,2,1.7791099548339844,1.3809024095535278,-0.39820754528045654,0.1264432668685913,1.2611730098724365,0.10025846246216498
6,32,0.0,0.001,4,2,1.148559808731079,1.3809683322906494,0.2324085235595703,0.24909985065460205,1.2611730098724365,0.19751441610679385
6,16,0.4,0.0005,16,1,1.8838368654251099,1.3809884786605835,-0.5028483867645264,0.1878301501274109,1.2611730098724365,0.14893289711806415
3,64,0.0,0.001,16,2,1.7104159593582153,1.381263256072998,-0.3291527032852173,0.47248008847236633,1.2289718389511108,0.38445151751858964
3,64,0.4,0.001,4,2,1.804658055305481,1.3818846940994263,-0.4227733612060547,0.4487083852291107,1.2289718389511108,0.36510876084196475
6,8,0.3,0.0005,8,2,2.2077796459198,1.3823996782302856,-0.8253799676895142,0.18927524983882904,1.2611730098724365,0.15007873492152643
6,32,0.2,0.0005,8,2,3.4451582431793213,1.382426142692566,-2.0627321004867554,0.031131597235798836,1.2611730098724365,0.02468463643933174
6,64,0.3,0.0005,8,2,3.1120493412017822,1.3829882144927979,-1.7290611267089844,0.06751608103513718,1.2611730098724365,0.05353435294493513
6,16,0.2,0.001,16,2,3.3352158069610596,1.3832378387451172,-1.9519779682159424,0.05213407427072525,1.2611730098724365,0.04133776560600392
6,8,0.1,0.0001,4,1,3.0101699829101562,1.3847695589065552,-1.625400424003601,0.17694628238677979,1.2611730098724365,0.14030294099354165
9,32,0.1,0.001,8,1,1.1429076194763184,1.3848865032196045,0.24197888374328613,0.16647681593894958,1.3029779195785522,0.1277664137185045
3,64,0.0,0.0001,16,2,2.901562213897705,1.3849281072616577,-1.5166341066360474,0.17875410616397858,1.2289718389511108,0.1454501238340332
9,32,0.3,0.001,4,1,1.5029786825180054,1.3849904537200928,-0.1179882287979126,0.12184780091047287,1.3029779195785522,0.09351486243902314
6,8,0.1,0.0001,4,2,3.8200812339782715,1.385128140449524,-2.4349530935287476,0.013170845806598663,1.2611730098724365,0.010443329902794899
3,32,0.2,0.0001,4,2,3.7626266479492188,1.3860418796539307,-2.376584768295288,0.0708116665482521,1.2289718389511108,0.057618624205976646
6,16,0.1,0.005,4,1,0.6866155862808228,1.3866902589797974,0.7000746726989746,0.3197648525238037,1.2611730098724365,0.25354558813159733
6,64,0.4,0.005,16,2,1.8714405298233032,1.387374997138977,-0.48406553268432617,0.24779637157917023,1.2611730098724365,0.19648087109335935
3,64,0.1,0.0001,16,1,2.9506025314331055,1.388007640838623,-1.5625948905944824,0.17083287239074707,1.2289718389511108,0.1390047086323374
3,8,0.0,0.0001,16,1,3.195289134979248,1.3892126083374023,-1.8060765266418457,0.1982070803642273,1.2289718389511108,0.16127878123992723
6,8,0.1,0.001,4,1,1.1972243785858154,1.390279769897461,0.1930553913116455,0.19009755551815033,1.2611730098724365,0.15073075147507167
9,32,0.4,0.0001,16,2,3.407470941543579,1.3913594484329224,-2.0161114931106567,0.0358814112842083,1.3029779195785522,0.027538004094354973
3,32,0.0,0.0001,4,1,2.761078119277954,1.3915473222732544,-1.3695307970046997,0.3391930162906647,1.2289718389511108,0.27599738703545507
6,16,0.2,0.0005,4,1,1.506356954574585,1.3916548490524292,-0.11470210552215576,0.14098894596099854,1.2611730098724365,0.11179191503254506
9,8,0.2,0.005,4,2,2.1464269161224365,1.3917518854141235,-0.754675030708313,0.09548735618591309,1.3029779195785522,0.0732839403884898
9,64,0.1,0.001,8,1,1.026580572128296,1.3919025659561157,0.3653219938278198,0.10162483900785446,1.3029779195785522,0.07799429098593243
3,64,0.2,0.0005,16,2,3.756035566329956,1.3922147750854492,-2.363820791244507,0.08021944016218185,1.2289718389511108,0.06527361947581048
6,32,0.3,0.0001,8,2,3.182342767715454,1.3922892808914185,-1.7900534868240356,0.10624364018440247,1.2611730098724365,0.08424192347340882
3,16,0.1,0.0001,8,1,3.14302921295166,1.3936747312545776,-1.7493544816970825,0.29497814178466797,1.2289718389511108,0.24002026119363534
6,32,0.0,0.0005,8,1,1.5972269773483276,1.394339680671692,-0.20288729667663574,0.20084832608699799,1.2611730098724365,0.15925517317192914
6,16,0.3,0.001,16,2,2.897676944732666,1.3949098587036133,-1.5027670860290527,0.14050304889678955,1.2611730098724365,0.11140664111659111
9,8,0.1,0.0005,4,2,3.424004077911377,1.3960002660751343,-2.0280038118362427,0.03292573243379593,1.3029779195785522,0.025269601225817968
9,16,0.2,0.0005,4,1,1.627217411994934,1.3965703248977661,-0.23064708709716797,0.07214774191379547,1.3029779195785522,0.05537142328331368
6,16,0.0,0.001,16,2,1.576241374015808,1.3967894315719604,-0.17945194244384766,0.10193701833486557,1.2611730098724365,0.08082714864408347
3,64,0.4,0.0001,16,1,2.984795093536377,1.3969987630844116,-1.5877963304519653,0.2447880655527115,1.2289718389511108,0.19918118364830106
9,64,0.0,0.001,8,1,1.055465579032898,1.398451566696167,0.34298598766326904,0.14335232973098755,1.3029779195785522,0.11001900153254693
9,32,0.2,0.001,4,1,0.9282512068748474,1.399466872215271,0.4712156653404236,0.1279160976409912,1.3029779195785522,0.098172114599122
9,32,0.4,0.001,4,2,1.1121788024902344,1.3996679782867432,0.2874891757965088,0.14888955652713776,1.3029779195785522,0.11426867200888256
3,64,0.4,0.001,4,1,1.6534322500228882,1.4010859727859497,-0.2523462772369385,0.5640392899513245,1.2289718389511108,0.45895216804374817
9,32,0.2,0.005,8,1,0.8928771615028381,1.4019720554351807,0.5090948939323425,0.31969591975212097,1.3029779195785522,0.2453578951326562
6,8,0.0,0.0005,4,1,1.6543335914611816,1.4022283554077148,-0.2521052360534668,0.1356261968612671,1.2611730098724365,0.10753972357447233
6,8,0.2,0.005,4,2,2.4420557022094727,1.4023600816726685,-1.0396956205368042,0.20016755163669586,1.2611730098724365,0.1587153785164988
12,8,0.0,0.005,16,1,0.6469025015830994,1.4023802280426025,0.7554777264595032,0.1548728048801422,0.3633994162082672,0.42617791326165294
3,16,0.4,0.0001,4,1,2.8845438957214355,1.4030210971832275,-1.481522798538208,0.29604828357696533,1.2289718389511108,0.2408910230438098
9,8,0.2,0.0005,8,1,2.0547170639038086,1.403395652770996,-0.6513214111328125,0.19975827634334564,1.3029779195785522,0.1533090264553043
6,8,0.1,0.0001,8,1,3.091870069503784,1.403886079788208,-1.6879839897155762,0.2161671668291092,1.2611730098724365,0.1714016753743991
9,16,0.0,0.005,16,2,0.8342663049697876,1.4054745435714722,0.5712082386016846,0.22211088240146637,1.3029779195785522,0.17046404168791138
6,32,0.4,0.0005,16,2,2.2860028743743896,1.4066226482391357,-0.8793802261352539,0.11525457352399826,1.2611730098724365,0.09138680626828184
9,16,0.1,0.0005,16,1,1.97306489944458,1.406847357749939,-0.5662175416946411,0.1401529461145401,1.3029779195785522,0.10756356190584758
9,16,0.2,0.0005,16,2,3.159970998764038,1.407978892326355,-1.751992106437683,0.015897387638688087,1.3029779195785522,0.01220081123387731
3,8,0.3,0.005,16,2,2.0442662239074707,1.408726692199707,-0.6355395317077637,0.42382657527923584,1.2289718389511108,0.3448627233321787
6,16,0.3,0.0001,4,2,3.2457621097564697,1.4089868068695068,-1.836775302886963,0.05582962930202484,1.2611730098724365,0.04426801784132046
3,8,0.2,0.001,4,2,2.689628839492798,1.4097357988357544,-1.2798930406570435,0.23327727615833282,1.2289718389511108,0.1898149890541249
9,8,0.4,0.0005,8,2,2.518021821975708,1.4100295305252075,-1.1079922914505005,0.021471191197633743,1.3029779195785522,0.016478553377618704
3,64,0.2,0.001,8,1,1.6381253004074097,1.4106175899505615,-0.22750771045684814,0.5896888971328735,1.2289718389511108,0.47982295317373147
3,16,0.2,0.0001,8,1,3.0316922664642334,1.4113787412643433,-1.6203135251998901,0.4282534420490265,1.2289718389511108,0.3484648130054204
6,16,0.3,0.005,4,1,0.6576569676399231,1.4122862815856934,0.7546293139457703,0.36877861618995667,1.2611730098724365,0.29240922006985975
6,16,0.0,0.0001,8,1,3.039464235305786,1.4124633073806763,-1.6270009279251099,0.14003311097621918,1.2611730098724365,0.11103402140708915
6,32,0.3,0.0005,8,1,1.5951749086380005,1.4127769470214844,-0.1823979616165161,0.17878855764865875,1.2611730098724365,0.1417637043047271
6,8,0.0,0.0005,4,2,1.5318094491958618,1.4140326976776123,-0.11777675151824951,0.10170425474643707,1.2611730098724365,0.08064258745651727
9,16,0.4,0.0005,4,1,1.635623574256897,1.4158926010131836,-0.21973097324371338,0.0720280259847641,1.3029779195785522,0.05527954457437125
6,8,0.4,0.005,8,1,1.0935841798782349,1.415969729423523,0.3223855495452881,0.3373352289199829,1.2611730098724365,0.26747736137653566
3,8,0.3,0.005,8,1,1.58121657371521,1.4160146713256836,-0.16520190238952637,0.47058096528053284,1.2289718389511108,0.38290622320700124
3,8,0.0,0.0001,8,1,3.0477185249328613,1.416154384613037,-1.6315641403198242,0.23678617179393768,1.2289718389511108,0.19267013636051034
6,32,0.1,0.005,8,2,2.604667901992798,1.4168109893798828,-1.187856912612915,0.08057496696710587,1.2611730098724365,0.06388890844980559
6,8,0.0,0.001,16,1,1.6621935367584229,1.4173635244369507,-0.24483001232147217,0.1740417182445526,1.2611730098724365,0.1379998754192784
6,8,0.4,0.005,16,2,1.2823340892791748,1.4173955917358398,0.13506150245666504,0.2794741690158844,1.2611730098724365,0.22159859656697878
3,8,0.0,0.0005,16,2,2.8578083515167236,1.41828453540802,-1.4395238161087036,0.08925750106573105,1.2289718389511108,0.07262778384076689
6,64,0.4,0.0001,4,2,2.7503764629364014,1.4182978868484497,-1.3320785760879517,0.11009443551301956,1.2611730098724365,0.08729526770015103
6,16,0.3,0.0005,4,2,2.5883219242095947,1.4188432693481445,-1.1694786548614502,0.06227948144078255,1.2611730098724365,0.04938218702212943
3,64,0.1,0.0005,16,2,3.9538803100585938,1.4195133447647095,-2.5343669652938843,0.03228957578539848,1.2289718389511108,0.02627364986081099
9,16,0.4,0.005,4,2,1.316642165184021,1.4197744131088257,0.10313224792480469,0.21497006714344025,1.3029779195785522,0.16498366082287277
6,16,0.0,0.005,8,1,0.7077000737190247,1.4206502437591553,0.7129501700401306,0.45802760124206543,1.2611730098724365,0.3631758669561073
6,32,0.0,0.005,8,1,0.7342572808265686,1.4207544326782227,0.686497151851654,0.541652500629425,1.2611730098724365,0.4294831053228862
9,64,0.3,0.0005,8,2,2.8158247470855713,1.4208431243896484,-1.3949816226959229,0.038577791303396225,1.3029779195785522,0.029607402185199114
6,64,0.4,0.005,8,2,1.7186815738677979,1.421392560005188,-0.29728901386260986,0.28412312269210815,1.2611730098724365,0.2252848106231248
3,16,0.4,0.005,16,1,1.6896926164627075,1.4219672679901123,-0.2677253484725952,0.6203083395957947,1.2289718389511108,0.5047376350992782
6,16,0.0,0.0005,16,1,1.74371337890625,1.4230024814605713,-0.3207108974456787,0.11306978762149811,1.2611730098724365,0.08965446194644995
3,16,0.1,0.0001,8,2,4.027792930603027,1.4237700700759888,-2.6040228605270386,0.03337469696998596,1.2289718389511108,0.027156600267155207
6,32,0.3,0.005,8,1,1.488188624382019,1.4237868785858154,-0.06440174579620361,0.2868115305900574,1.2611730098724365,0.22741648318264232
9,8,0.1,0.001,8,2,3.294426202774048,1.4241914749145508,-1.870234727859497,0.03550328314304352,1.3029779195785522,0.02724780106367961
9,16,0.1,0.001,8,1,1.3861175775527954,1.4243916273117065,0.03827404975891113,0.15188738703727722,1.3029779195785522,0.11656942512610279
3,64,0.2,0.0001,8,1,2.7717649936676025,1.4249887466430664,-1.3467762470245361,0.27668362855911255,1.2289718389511108,0.2251342299228381
9,8,0.0,0.0005,8,2,1.6321985721588135,1.4252933263778687,-0.20690524578094482,0.07005750387907028,1.3029779195785522,0.053767222626251686
3,8,0.4,0.0001,16,2,4.101302146911621,1.4254488945007324,-2.6758532524108887,0.02429569512605667,1.2289718389511108,0.019769122738233197
9,32,0.4,0.001,8,1,1.3532819747924805,1.4257657527923584,0.07248377799987793,0.1855565756559372,1.3029779195785522,0.14240960868773234
3,8,0.1,0.0001,8,2,4.109804153442383,1.4264307022094727,-2.68337345123291,0.0329773835837841,1.2289718389511108,0.026833311015433254
6,32,0.3,0.005,4,1,0.6507019996643066,1.4271442890167236,0.776442289352417,0.37009766697883606,1.2611730098724365,0.29345511209145697
6,8,0.0,0.001,4,1,1.36245596408844,1.4277019500732422,0.06524598598480225,0.2145444005727768,1.2611730098724365,0.17011496352469296
9,16,0.2,0.001,4,1,1.0624080896377563,1.427833080291748,0.3654249906539917,0.13698914647102356,1.3029779195785522,0.1051354320074224
9,8,0.2,0.001,4,2,3.024073362350464,1.428503155708313,-1.5955702066421509,0.041227664798498154,1.3029779195785522,0.03164110778779216
6,8,0.4,0.001,4,2,1.4566285610198975,1.4285966157913208,-0.02803194522857666,0.08647377789020538,1.2611730098724365,0.06856615009462652
6,32,0.2,0.0001,4,2,3.5915582180023193,1.4298065900802612,-2.161751627922058,0.05179827660322189,1.2611730098724365,0.0410715073964841
6,8,0.0,0.0001,16,1,4.12537145614624,1.4298251867294312,-2.695546269416809,0.22744736075401306,1.2611730098724365,0.18034588353347222
6,32,0.0,0.0005,16,2,1.6094517707824707,1.430413842201233,-0.1790379285812378,0.11292488127946854,1.2611730098724365,0.08953956387862322
6,32,0.0,0.005,16,2,0.9550678730010986,1.4313077926635742,0.4762399196624756,0.28611934185028076,1.2611730098724365,0.22686763799299892
6,32,0.0,0.001,16,2,0.9568179845809937,1.4313685894012451,0.47455060482025146,0.3079283535480499,1.2611730098724365,0.24416027867516438
6,64,0.1,0.005,4,2,2.497365713119507,1.4320927858352661,-1.0652729272842407,0.2821296453475952,1.2611730098724365,0.22370415727191284
12,64,0.1,0.0001,16,2,4.467418670654297,1.4323948621749878,-3.035023808479309,0.008758536539971828,0.3633994162082672,0.024101680270593055
3,16,0.1,0.0001,16,1,3.9617834091186523,1.4330183267593384,-2.528765082359314,0.18228022754192352,1.2289718389511108,0.14831928752533013
6,32,0.2,0.005,8,1,1.8469520807266235,1.4341742992401123,-0.41277778148651123,0.2676585614681244,1.2611730098724365,0.21222985218752594
9,64,0.3,0.001,16,1,1.1602870225906372,1.4344708919525146,0.27418386936187744,0.14501436054706573,1.3029779195785522,0.11129456483343216
9,64,0.0,0.005,8,2,0.5501278638839722,1.4349104166030884,0.8847825527191162,0.2655704915523529,1.3029779195785522,0.20381810586494942
6,32,0.0,0.005,4,2,0.9544342756271362,1.4353502988815308,0.48091602325439453,0.4495423436164856,1.2611730098724365,0.35644779907076773
3,16,0.2,0.0001,8,2,4.115914344787598,1.4359614849090576,-2.67995285987854,0.1076074093580246,1.2289718389511108,0.0875588894289589
9,64,0.1,0.0005,8,1,1.1881340742111206,1.4377049207687378,0.2495708465576172,0.15373556315898895,1.3029779195785522,0.11798784986986938
9,64,0.3,0.005,16,1,1.4357004165649414,1.4385427236557007,0.0028423070907592773,0.21595291793346405,1.3029779195785522,0.16573797198598264
3,32,0.1,0.001,4,1,1.5951837301254272,1.4392679929733276,-0.1559157371520996,0.6150997877120972,1.2289718389511108,0.5004994973986269
6,16,0.0,0.005,8,2,0.7265070676803589,1.4395917654037476,0.7130846977233887,0.36427041888237,1.2611730098724365,0.2888346135152502
6,8,0.1,0.001,8,1,1.40330171585083,1.4420384168624878,0.038736701011657715,0.1708948165178299,1.2611730098724365,0.13550465731510963
6,32,0.3,0.0001,4,2,3.2136099338531494,1.442171335220337,-1.7714385986328125,0.05895259976387024,1.2611730098724365,0.04674426054347064
9,16,0.3,0.005,16,1,1.125636100769043,1.4422616958618164,0.31662559509277344,0.22583815455436707,1.3029779195785522,0.17332462136228244
6,16,0.4,0.001,4,2,2.3433661460876465,1.4427056312561035,-0.900660514831543,0.05168582871556282,1.2611730098724365,0.04098234604686844
9,64,0.4,0.005,4,1,1.6773998737335205,1.4427496194839478,-0.23465025424957275,0.17812637984752655,1.3029779195785522,0.13670713614636038
3,16,0.3,0.005,8,1,1.4397457838058472,1.4434738159179688,0.003728032112121582,0.6186196804046631,1.2289718389511108,0.5033635928815389
12,8,0.3,0.0001,16,2,4.636896133422852,1.4449682235717773,-3.191927909851074,0.007263208739459515,0.3633994162082672,0.019986847571865415
6,16,0.2,0.005,8,2,1.4095240831375122,1.4457324743270874,0.036208391189575195,0.27682194113731384,1.2611730098724365,0.21949561160154663
3,64,0.0,0.0005,4,2,1.6282423734664917,1.4461331367492676,-0.18210923671722412,0.6075870394706726,1.2289718389511108,0.49438646209275977
3,8,0.1,0.001,16,2,2.886538505554199,1.4463094472885132,-1.440229058265686,0.060242075473070145,1.2289718389511108,0.04901827166722134
9,16,0.1,0.001,16,1,1.458794116973877,1.446338415145874,-0.01245570182800293,0.0965503454208374,1.3029779195785522,0.07409975562138964
6,16,0.4,0.0005,16,2,2.421330690383911,1.447036623954773,-0.9742940664291382,0.11805521696805954,1.2611730098724365,0.09360747180912192
9,64,0.2,0.001,16,1,1.1317965984344482,1.44808030128479,0.3162837028503418,0.08416526019573212,1.3029779195785522,0.06459454065265767
6,16,0.4,0.005,8,2,1.4836540222167969,1.4480805397033691,-0.035573482513427734,0.32692772150039673,1.2611730098724365,0.25922511736392484
9,16,0.1,0.001,4,2,3.2883951663970947,1.4492214918136597,-1.839173674583435,0.019967269152402878,1.3029779195785522,0.015324334244176051
3,16,0.4,0.005,8,1,1.5763537883758545,1.4498505592346191,-0.12650322914123535,0.5461665391921997,1.2289718389511108,0.4444093199550738
9,16,0.3,0.005,8,1,0.9566618800163269,1.4501713514328003,0.4935094714164734,0.22569286823272705,1.3029779195785522,0.17321311807473094
9,16,0.2,0.0005,8,1,1.5342251062393188,1.4516386985778809,-0.08258640766143799,0.08458917587995529,1.3029779195785522,0.0649198843732637
9,32,0.4,0.0001,4,1,2.142310380935669,1.4517885446548462,-0.6905218362808228,0.10283931344747543,1.3029779195785522,0.07892636697998595
9,8,0.1,0.005,4,1,1.1128432750701904,1.4519246816635132,0.33908140659332275,0.12910021841526031,1.3029779195785522,0.09908089498325323
9,16,0.1,0.005,16,2,3.1875429153442383,1.4529427289962769,-1.7346001863479614,0.07854172587394714,1.3029779195785522,0.06027863150539914
9,8,0.3,0.0005,8,2,2.7551186084747314,1.4533087015151978,-1.3018099069595337,0.04129687696695328,1.3029779195785522,0.031694226238546494
6,64,0.3,0.005,8,2,1.5845398902893066,1.4549236297607422,-0.12961626052856445,0.3930870592594147,1.2611730098724365,0.31168369143831753
3,64,0.1,0.001,8,2,3.9334471225738525,1.4552615880966187,-2.478185534477234,0.055041491985321045,1.2289718389511108,0.0447866177570816
12,64,0.1,0.0005,16,2,4.524209022521973,1.4555082321166992,-3.0687007904052734,0.003174079116433859,0.3633994162082672,0.008734408958474407
6,16,0.0,0.0005,16,2,1.8945809602737427,1.4557114839553833,-0.4388694763183594,0.1839016079902649,1.2611730098724365,0.14581790646539916
9,8,0.0,0.0005,4,1,1.827433705329895,1.4557996988296509,-0.37163400650024414,0.13971158862113953,1.3029779195785522,0.10722483207261807
9,32,0.2,0.001,16,2,3.2125978469848633,1.455919861793518,-1.7566779851913452,0.0339193232357502,1.3029779195785522,0.026032155055030703
6,16,0.2,0.005,4,2,1.6539099216461182,1.4559481143951416,-0.19796180725097656,0.26104602217674255,1.2611730098724365,0.20698668630971298
6,16,0.1,0.0005,8,2,3.7229433059692383,1.4561656713485718,-2.2667776346206665,0.05733483284711838,1.2611730098724365,0.0454615127332273
9,8,0.2,0.005,4,1,0.707221508026123,1.4572209119796753,0.7499994039535522,0.22268542647361755,1.3029779195785522,0.1709049885861804
3,32,0.0,0.001,4,2,1.6185728311538696,1.4574929475784302,-0.16107988357543945,0.6436039805412292,1.2289718389511108,0.5236930254565679
9,8,0.0,0.001,4,1,1.318197250366211,1.4575408697128296,0.13934361934661865,0.1398245394229889,1.3029779195785522,0.10731151873104272
3,32,0.4,0.0001,4,1,2.7679502964019775,1.4576966762542725,-1.310253620147705,0.24019698798656464,1.2289718389511108,0.19544547757218367
9,8,0.4,0.001,8,2,2.21752667427063,1.4578043222427368,-0.7597223520278931,0.01598338969051838,1.3029779195785522,0.012266815461990484
9,16,0.0,0.005,4,2,0.5846419930458069,1.4578776359558105,0.8732356429100037,0.06001682206988335,1.3029779195785522,0.046061273309447766
6,16,0.4,0.001,16,2,2.4887642860412598,1.4601274728775024,-1.0286368131637573,0.11691362410783768,1.2611730098724365,0.09270228841930506
9,32,0.1,0.005,4,1,0.5121520757675171,1.4612395763397217,0.9490875005722046,0.23924952745437622,1.3029779195785522,0.18361748411804354
3,16,0.1,0.0001,4,1,2.8535752296447754,1.4614452123641968,-1.3921300172805786,0.3500046730041504,1.2289718389511108,0.2847947055506727
9,64,0.0,0.001,16,2,0.9695248603820801,1.4622560739517212,0.4927312135696411,0.19870750606060028,1.3029779195785522,0.15250258893479343
9,64,0.2,0.0005,4,1,1.11078679561615,1.462331771850586,0.35154497623443604,0.09641121327877045,1.3029779195785522,0.07399297549873649
9,32,0.0,0.0005,16,1,1.8478387594223022,1.4632567167282104,-0.3845820426940918,0.06621367484331131,1.3029779195785522,0.050817188724677775
3,8,0.2,0.0005,16,2,3.97265887260437,1.4632620811462402,-2.50939679145813,0.05617921054363251,1.2289718389511108,0.04571236603076252
6,64,0.1,0.005,8,2,2.622851610183716,1.46330988407135,-1.1595417261123657,0.11376740783452988,1.2611730098724365,0.09020761381980183
9,16,0.2,0.001,16,2,3.0971896648406982,1.4639331102371216,-1.6332565546035767,0.03188910707831383,1.3029779195785522,0.02447401955102075
6,32,0.0,0.005,4,1,0.8285788893699646,1.4641941785812378,0.6356152892112732,0.5400848388671875,1.2611730098724365,0.42824008652216183
3,8,0.3,0.0001,4,1,3.0118820667266846,1.4649436473846436,-1.546938419342041,0.16395504772663116,1.2289718389511108,0.13340830320942235
6,32,0.2,0.001,4,2,3.3957743644714355,1.465813159942627,-1.9299612045288086,0.03871365264058113,1.2611730098724365,0.030696543882188607
9,32,0.4,0.005,8,2,1.0092086791992188,1.4664965867996216,0.45728790760040283,0.1722603440284729,1.3029779195785522,0.13220511371688512
6,8,0.0,0.005,8,2,1.081284523010254,1.4671748876571655,0.3858903646469116,0.303592711687088,1.2611730098724365,0.24072249351244474
6,8,0.0,0.001,8,1,1.5444695949554443,1.4676973819732666,-0.07677221298217773,0.1177593469619751,1.2611730098724365,0.09337287274636973
9,64,0.0,0.0005,16,2,1.2216638326644897,1.4703060388565063,0.2486422061920166,0.10889564454555511,1.3029779195785522,0.08357443584368442
9,32,0.3,0.0005,16,2,2.9517464637756348,1.470618724822998,-1.4811277389526367,0.011252219788730145,1.3029779195785522,0.008635771657872507
9,16,0.4,0.005,16,1,1.1017870903015137,1.4721404314041138,0.3703533411026001,0.1857498288154602,1.3029779195785522,0.14255792521452776
12,64,0.1,0.0005,4,2,4.481044292449951,1.4725723266601562,-3.008471965789795,0.012725397944450378,0.3633994162082672,0.03501766204587777
12,16,0.2,0.0001,4,2,4.471770763397217,1.4726089239120483,-2.9991618394851685,0.008795836940407753,0.3633994162082672,0.024204323254517244
3,8,0.3,0.005,8,2,2.1881096363067627,1.4728031158447266,-0.7153065204620361,0.43417221307754517,1.2289718389511108,0.35328084771095947
9,8,0.0,0.0001,4,1,3.04314923286438,1.4738423824310303,-1.5693068504333496,0.1733052283525467,1.3029779195785522,0.13300703392472085
9,32,0.0,0.005,4,2,0.5838351249694824,1.4747225046157837,0.8908873796463013,0.079578697681427,1.3029779195785522,0.06107447907265129
6,32,0.0,0.005,8,2,0.743665874004364,1.4751912355422974,0.7315253615379333,0.3892126679420471,1.2611730098724365,0.3086116376542301
9,32,0.3,0.0005,8,1,1.4797991514205933,1.47601318359375,-0.0037859678268432617,0.0622992143034935,1.3029779195785522,0.04781294707100191
6,16,0.1,0.0005,16,2,3.861407995223999,1.4764763116836548,-2.3849316835403442,0.03140398487448692,1.2611730098724365,0.024900616036544688
9,64,0.4,0.0005,8,1,1.362979769706726,1.4782733917236328,0.11529362201690674,0.16561146080493927,1.3029779195785522,0.12710227726537857
9,8,0.2,0.001,8,2,3.1023030281066895,1.4784868955612183,-1.6238161325454712,0.037729423493146896,1.3029779195785522,0.028956303039540734
6,16,0.2,0.001,4,2,2.3495678901672363,1.4785475730895996,-0.8710203170776367,0.10149720311164856,1.2611730098724365,0.08047841360156817
9,8,0.3,0.0005,8,1,2.371065616607666,1.4788163900375366,-0.8922492265701294,0.09899423271417618,1.3029779195785522,0.0759753724347039
9,32,0.4,0.001,4,1,1.140390157699585,1.4799325466156006,0.3395423889160156,0.17809659242630005,1.3029779195785522,0.13668427511335368
6,64,0.3,0.0005,16,2,3.42193865776062,1.4804104566574097,-1.9415282011032104,0.06266792863607407,1.2611730098724365,0.04969019170685608
3,64,0.4,0.001,8,2,1.9947048425674438,1.4811900854110718,-0.5135147571563721,0.47758421301841736,1.2289718389511108,0.38860468391694036
9,64,0.4,0.001,16,1,1.1269150972366333,1.4812239408493042,0.3543088436126709,0.11148414015769958,1.3029779195785522,0.08556103559587494
9,32,0.4,0.0005,4,2,1.6577811241149902,1.482500433921814,-0.17528069019317627,0.061215728521347046,1.3029779195785522,0.04698140129738135
9,16,0.2,0.0005,16,1,2.21915602684021,1.482584834098816,-0.736571192741394,0.1394328624010086,1.3029779195785522,0.10701091730403851
9,16,0.0,0.0005,8,1,1.5879634618759155,1.484361171722412,-0.10360229015350342,0.16665904223918915,1.3029779195785522,0.12790626743168063
6,64,0.2,0.005,4,1,1.0472524166107178,1.4855372905731201,0.43828487396240234,0.6390672922134399,1.2611730098724365,0.5067245232896948
9,64,0.0,0.001,16,1,1.199399471282959,1.4857298135757446,0.28633034229278564,0.17906494438648224,1.3029779195785522,0.13742745882017765
9,32,0.0,0.005,4,1,0.81519615650177,1.4858081340789795,0.6706119775772095,0.33445361256599426,1.3029779195785522,0.2566840216863945
6,8,0.3,0.005,8,2,1.5223501920700073,1.486196756362915,-0.036153435707092285,0.4700804352760315,1.2611730098724365,0.3727327112111118
3,64,0.1,0.0001,8,2,4.040695667266846,1.4886486530303955,-2.55204701423645,0.019783005118370056,1.2289718389511108,0.016097199700893256
9,8,0.4,0.005,8,2,1.4748883247375488,1.4889588356018066,0.014070510864257812,0.014729673974215984,1.3029779195785522,0.011304622858828101
9,8,0.2,0.0001,8,2,3.7449402809143066,1.4898180961608887,-2.255122184753418,0.04548388347029686,1.3029779195785522,0.034907639482493
9,8,0.3,0.0005,4,1,1.761888027191162,1.4933300018310547,-0.2685580253601074,0.10843897610902786,1.3029779195785522,0.08322395527938219
3,32,0.4,0.0001,8,1,2.999058246612549,1.4948573112487793,-1.5042009353637695,0.30127468705177307,1.2289718389511108,0.24514368637519118
9,16,0.1,0.001,4,1,1.1532410383224487,1.4953205585479736,0.3420795202255249,0.25755947828292847,1.3029779195785522,0.19766987177053313
6,16,0.3,0.001,4,2,2.6804542541503906,1.4959301948547363,-1.1845240592956543,0.060579363256692886,1.2611730098724365,0.04803414185244916
9,8,0.3,0.001,16,2,2.518648147583008,1.497725009918213,-1.020923137664795,0.14593054354190826,1.3029779195785522,0.11199771028284919
6,32,0.1,0.005,4,1,0.6800408959388733,1.4990299940109253,0.818989098072052,0.5306293368339539,1.2611730098724365,0.4207426995980712
6,8,0.3,0.005,4,2,1.6213352680206299,1.4993480443954468,-0.1219872236251831,0.39548707008361816,1.2611730098724365,0.3135866903174691
9,64,0.4,0.001,8,1,1.044866681098938,1.4999117851257324,0.45504510402679443,0.15682139992713928,1.3029779195785522,0.12035614538875924
6,16,0.3,0.005,4,2,1.5568201541900635,1.5005239248275757,-0.05629622936248779,0.4673241972923279,1.2611730098724365,0.37054725532034355
3,8,0.4,0.005,4,1,1.3898670673370361,1.5027170181274414,0.11284995079040527,0.6515844464302063,1.2289718389511108,0.5301866371375225
3,64,0.4,0.005,4,1,1.6353789567947388,1.5027871131896973,-0.1325918436050415,0.6021314263343811,1.2289718389511108,0.4899472935427727
9,16,0.4,0.001,8,1,1.6209220886230469,1.5032243728637695,-0.11769771575927734,0.06967353820800781,1.3029779195785522,0.05347253945066367
9,32,0.0,0.001,8,1,1.5380220413208008,1.5033209323883057,-0.03470110893249512,0.08226627111434937,1.3029779195785522,0.06313711834883462
9,64,0.0,0.0005,8,2,1.30840265750885,1.5056743621826172,0.1972717046737671,0.08970184624195099,1.3029779195785522,0.06884371937090462
3,8,0.2,0.0005,16,1,2.9584574699401855,1.5078957080841064,-1.450561761856079,0.2385154366493225,1.2289718389511108,0.19407721893195534
6,64,0.3,0.0001,4,2,3.381662130355835,1.5094609260559082,-1.8722012042999268,0.05701209604740143,1.2611730098724365,0.04520561065064976
9,8,0.3,0.005,16,2,1.4133009910583496,1.509759783744812,0.0964587926864624,0.030304089188575745,1.3029779195785522,0.023257561569713776
6,8,0.2,0.0001,16,2,3.908121109008789,1.5100674629211426,-2.3980536460876465,0.018694739788770676,1.2611730098724365,0.014823295172374159
12,8,0.2,0.0005,4,2,4.35038423538208,1.5105323791503906,-2.8398518562316895,0.003998429048806429,0.3633994162082672,0.011002849400602494
3,8,0.1,0.0001,4,1,2.829450845718384,1.51073157787323,-1.3187192678451538,0.17402082681655884,1.2289718389511108,0.14159870983299355
9,8,0.4,0.001,16,1,1.8522419929504395,1.5113102197647095,-0.34093177318573,0.04134511202573776,1.3029779195785522,0.03173124533001359
6,32,0.3,0.005,4,2,1.353400707244873,1.5114191770553589,0.15801846981048584,0.38499337434768677,1.2611730098724365,0.3052661065008262
9,64,0.2,0.0005,8,1,1.382553219795227,1.5118012428283691,0.1292480230331421,0.1594446748495102,1.3029779195785522,0.1223694373125544
6,64,0.2,0.005,8,2,2.0689573287963867,1.5119190216064453,-0.5570383071899414,0.19881097972393036,1.2611730098724365,0.1576397355221227
9,8,0.3,0.005,8,1,1.4163247346878052,1.5125735998153687,0.09624886512756348,0.1534973531961441,1.3029779195785522,0.1178050302232234
3,32,0.0,0.001,4,1,1.5255414247512817,1.5135308504104614,-0.012010574340820312,0.662174642086029,1.2289718389511108,0.5388037553823646
12,16,0.1,0.0005,16,2,4.5207319259643555,1.514345645904541,-3.0063862800598145,0.011094440706074238,0.3633994162082672,0.030529605198143527
9,32,0.3,0.005,16,2,2.7456307411193848,1.5143791437149048,-1.23125159740448,0.08552443236112595,1.3029779195785522,0.06563766820299517
6,64,0.0,0.005,4,2,0.22370760142803192,1.5144814252853394,1.2907738238573074,0.6082608699798584,1.2611730098724365,0.48229772221448186
9,8,0.4,0.005,16,2,1.6046788692474365,1.5153712034225464,-0.08930766582489014,0.061420541256666183,1.3029779195785522,0.04713858948318375
9,32,0.3,0.001,8,1,1.2712801694869995,1.5154677629470825,0.244187593460083,0.15366360545158386,1.3029779195785522,0.11793262429288617
6,64,0.2,0.0005,16,2,3.7794957160949707,1.5158382654190063,-2.2636574506759644,0.03903401643037796,1.2611730098724365,0.030950564375244696
3,64,0.1,0.0005,4,2,4.08652400970459,1.518161654472351,-2.5683623552322388,0.030396029353141785,1.2289718389511108,0.024732893293213168
9,8,0.0,0.005,4,2,0.8123888969421387,1.5185540914535522,0.7061651945114136,0.26971927285194397,1.3029779195785522,0.20700218230803524
3,32,0.0,0.0001,8,2,2.809628486633301,1.5193415880203247,-1.290286898612976,0.18881681561470032,1.2289718389511108,0.15363803272811327
6,16,0.3,0.001,8,2,3.2974350452423096,1.519810438156128,-1.7776246070861816,0.05982669070363045,1.2611730098724365,0.04743733828373137
3,64,0.4,0.005,16,1,1.4743165969848633,1.5209681987762451,0.046651601791381836,0.6761463284492493,1.2289718389511108,0.5501723530348093
9,32,0.0,0.0001,4,1,1.9273546934127808,1.5214444398880005,-0.4059102535247803,0.056992143392562866,1.3029779195785522,0.043739914956499766
9,8,0.3,0.001,8,2,2.4191107749938965,1.5226675271987915,-0.896443247795105,0.038344863802194595,1.3029779195785522,0.029428636683726174
3,16,0.3,0.0005,8,2,3.6300647258758545,1.523019790649414,-2.1070449352264404,0.09298808872699738,1.2289718389511108,0.07566331935348479
3,32,0.4,0.005,4,2,1.6429009437561035,1.5231702327728271,-0.11973071098327637,0.5531740188598633,1.2289718389511108,0.4501112241367386
3,16,0.0,0.0001,8,1,3.1180458068847656,1.523575782775879,-1.5944700241088867,0.43469884991645813,1.2289718389511108,0.35370936594239627
9,16,0.4,0.005,4,1,1.046110987663269,1.5243858098983765,0.4782748222351074,0.27138298749923706,1.3029779195785522,0.2082790379034326
6,8,0.3,0.0001,16,2,4.053927421569824,1.5245089530944824,-2.529418468475342,0.037945058196783066,1.2611730098724365,0.03008711564531585
6,32,0.4,0.005,8,2,1.0204178094863892,1.5256789922714233,0.5052611827850342,0.4369926452636719,1.2611730098724365,0.34649698482516067
9,16,0.0,0.001,4,2,1.0132160186767578,1.5266404151916504,0.5134243965148926,0.18903909623622894,1.3029779195785522,0.14508234820845894
9,16,0.0,0.0005,4,1,1.5159639120101929,1.5269755125045776,0.011011600494384766,0.1824241429567337,1.3029779195785522,0.14000555206318363
9,64,0.4,0.001,8,2,2.196955919265747,1.527405858039856,-0.6695500612258911,0.05606064945459366,1.3029779195785522,0.04302501877601
9,8,0.0,0.005,16,2,1.0017913579940796,1.5277491807937622,0.5259578227996826,0.09032151103019714,1.3029779195785522,0.06931929518760502
9,16,0.4,0.001,16,2,2.441678762435913,1.5281118154525757,-0.9135669469833374,0.09164256602525711,1.3029779195785522,0.07033316884978286
3,16,0.1,0.005,8,2,2.9624297618865967,1.5281476974487305,-1.4342820644378662,0.2904493510723114,1.2289718389511108,0.23633523720136734
3,16,0.3,0.0001,4,1,2.959398031234741,1.5287216901779175,-1.4306763410568237,0.15434932708740234,1.2289718389511108,0.1255922407621111
9,16,0.4,0.001,16,1,1.6294808387756348,1.5288037061691284,-0.10067713260650635,0.11944233626127243,1.3029779195785522,0.09166873395667827
9,32,0.1,0.005,16,2,3.460502862930298,1.52891206741333,-1.9315907955169678,0.018296439200639725,1.3029779195785522,0.01404201784674732
9,32,0.2,0.0005,8,1,1.4416744709014893,1.5289303064346313,0.08725583553314209,0.047136981040239334,1.3029779195785522,0.03617634676072314
6,64,0.0,0.005,16,2,0.8884218335151672,1.5293197631835938,0.6408979296684265,0.43029630184173584,1.2611730098724365,0.3411873695943262
9,32,0.3,0.005,4,1,0.509864091873169,1.530648112297058,1.0207840204238892,0.1337699592113495,1.3029779195785522,0.10266479362491218
9,64,0.1,0.001,4,2,3.5240931510925293,1.5307111740112305,-1.9933819770812988,0.017331549897789955,1.3029779195785522,0.013301491634943314
6,64,0.3,0.005,4,2,2.2852649688720703,1.5323634147644043,-0.752901554107666,0.3954099416732788,1.2611730098724365,0.3135255342272772
3,16,0.1,0.0001,4,2,4.127026081085205,1.532597303390503,-2.594428777694702,0.02058894746005535,1.2289718389511108,0.016752985550610645
3,8,0.2,0.005,4,1,1.5313767194747925,1.5327669382095337,0.001390218734741211,0.6422833800315857,1.2289718389511108,0.522618468279757
6,64,0.3,0.0001,16,2,3.507840156555176,1.533045768737793,-1.9747943878173828,0.042513053864240646,1.2611730098724365,0.03370913707433423
9,16,0.0,0.001,16,1,1.7038418054580688,1.533655047416687,-0.17018675804138184,0.0786639004945755,1.3029779195785522,0.06037239719305398
6,32,0.4,0.005,4,2,1.275632619857788,1.5339735746383667,0.2583409547805786,0.4311526417732239,1.2611730098724365,0.34186637233604733
9,16,0.4,0.005,8,2,1.0776954889297485,1.5344151258468628,0.45671963691711426,0.15399101376533508,1.3029779195785522,0.11818390123997145
3,32,0.2,0.005,16,1,1.5552810430526733,1.5352925062179565,-0.019988536834716797,0.7107661366462708,1.2289718389511108,0.5783420857331341
9,32,0.2,0.001,16,1,1.3919740915298462,1.535865306854248,0.14389121532440186,0.14302125573158264,1.3029779195785522,0.10976491127174497
9,32,0.4,0.0005,4,1,1.5427533388137817,1.5358837842941284,-0.00686955451965332,0.10157866775989532,1.3029779195785522,0.07795885581296029
9,8,0.1,0.005,16,1,1.0900909900665283,1.5361474752426147,0.4460564851760864,0.14568564295768738,1.3029779195785522,0.11180975576685855
9,64,0.4,0.0005,4,2,2.019259214401245,1.5366569757461548,-0.48260223865509033,0.053955476731061935,1.3029779195785522,0.04140935615279944
9,64,0.2,0.0001,16,2,3.390263319015503,1.5367850065231323,-1.8534783124923706,0.028478341177105904,1.3029779195785522,0.021856349788580618
3,8,0.1,0.001,4,2,3.9759349822998047,1.5376018285751343,-2.4383331537246704,0.05780760198831558,1.2289718389511108,0.04703736908866241
6,32,0.3,0.005,8,2,1.776789903640747,1.5376425981521606,-0.23914730548858643,0.36835944652557373,1.2611730098724365,0.29207685515156406
3,16,0.3,0.0001,4,2,3.9434187412261963,1.538108468055725,-2.405310273170471,0.04425232112407684,1.2289718389511108,0.03600759571663157
9,64,0.3,0.0005,4,1,1.7573174238204956,1.5381706953048706,-0.219146728515625,0.1516207605600357,1.3029779195785522,0.1163647965800352
3,64,0.2,0.001,4,1,1.5462154150009155,1.5384587049484253,-0.007756710052490234,0.7374900579452515,1.2289718389511108,0.6000870276854157
9,16,0.3,0.001,8,2,2.9001142978668213,1.539587140083313,-1.3605271577835083,0.00802365131676197,1.3029779195785522,0.006157933450903924
3,32,0.1,0.0001,8,2,4.105363845825195,1.540057897567749,-2.5653059482574463,0.01864992268383503,1.2289718389511108,0.015175223786862486
3,64,0.0,0.005,4,1,1.6797622442245483,1.5402284860610962,-0.13953375816345215,0.7040444612503052,1.2289718389511108,0.5728727371419553
9,8,0.0,0.005,4,1,1.1420531272888184,1.5403656959533691,0.3983125686645508,0.22246316075325012,1.3029779195785522,0.17073440571057855
3,64,0.3,0.001,4,1,1.5575331449508667,1.5408128499984741,-0.016720294952392578,0.6967230439186096,1.2289718389511108,0.5669153855577692
3,8,0.3,0.005,4,1,1.5259793996810913,1.5419663190841675,0.015986919403076172,0.65245121717453,1.2289718389511108,0.5308919183464584
9,16,0.3,0.001,8,1,1.7599010467529297,1.5422836542129517,-0.21761739253997803,0.19644790887832642,1.3029779195785522,0.15076840975315026
3,16,0.2,0.0001,4,1,3.0122296810150146,1.5433098077774048,-1.4689198732376099,0.30051809549331665,1.2289718389511108,0.2445280566801266
6,64,0.1,0.0001,4,2,3.941157579421997,1.5436104536056519,-2.397547125816345,0.013214685954153538,1.2611730098724365,0.010478091309209162
9,64,0.4,0.001,4,1,1.7106207609176636,1.543666124343872,-0.1669546365737915,0.09605497121810913,1.3029779195785522,0.07371956943766021
12,8,0.2,0.0005,8,2,4.2544097900390625,1.543725609779358,-2.7106841802597046,0.025289498269557953,0.3633994162082672,0.06959146641849401
3,16,0.4,0.005,4,1,1.4733636379241943,1.5447790622711182,0.07141542434692383,0.6779890060424805,1.2289718389511108,0.5516717182235217
9,16,0.4,0.001,4,2,1.937859058380127,1.5468134880065918,-0.39104557037353516,0.024091392755508423,1.3029779195785522,0.018489486578023344
3,8,0.2,0.001,8,2,3.68241810798645,1.547719120979309,-2.134698987007141,0.08530297130346298,1.2289718389511108,0.06941002926174973
3,32,0.1,0.005,16,1,1.5225579738616943,1.5486905574798584,0.026132583618164062,0.6747313737869263,1.2289718389511108,0.5490210209883967
6,16,0.1,0.0001,8,2,3.935417890548706,1.5489075183868408,-2.3865103721618652,0.011358112096786499,1.2611730098724365,0.00900599046116229
9,8,0.1,0.0001,16,2,3.7012319564819336,1.5489991903305054,-2.1522327661514282,0.013923979364335537,1.3029779195785522,0.010686274230064654
9,32,0.2,0.001,4,2,2.9169838428497314,1.5495355129241943,-1.367448329925537,0.026522159576416016,1.3029779195785522,0.020355033786754115
3,32,0.4,0.005,16,2,1.5348464250564575,1.5509190559387207,0.016072630882263184,0.5390247106552124,1.2289718389511108,0.43859809767102004
9,16,0.3,0.0005,4,1,1.4809865951538086,1.5517300367355347,0.07074344158172607,0.02871759608387947,1.3029779195785522,0.02203997140117936
9,16,0.0,0.001,4,1,0.9962480664253235,1.5524940490722656,0.5562459826469421,0.20328004658222198,1.3029779195785522,0.15601188901802177
3,32,0.3,0.005,16,2,1.6799871921539307,1.5538716316223145,-0.1261155605316162,0.6002344489097595,1.2289718389511108,0.48840374521684804
6,32,0.3,0.0001,16,2,3.8615524768829346,1.5544577836990356,-2.307094693183899,0.03974952548742294,1.2611730098724365,0.03151790053883525
9,8,0.4,0.0005,16,2,3.3590822219848633,1.5546164512634277,-1.8044657707214355,0.08308477699756622,1.3029779195785522,0.06376529928031319
9,64,0.3,0.001,16,2,3.2054545879364014,1.5553160905838013,-1.6501384973526,0.03803312033414841,1.3029779195785522,0.029189382078285874
3,16,0.2,0.005,8,1,1.475329041481018,1.5563825368881226,0.08105349540710449,0.6401745676994324,1.2289718389511108,0.5209025523691425
9,16,0.1,0.0005,8,2,3.408473491668701,1.5570255517959595,-1.8514479398727417,0.03855068236589432,1.3029779195785522,0.02958659681536547
3,16,0.1,0.001,8,2,4.057577610015869,1.557881236076355,-2.499696373939514,0.03220492601394653,1.2289718389511108,0.026204771332622587
9,64,0.1,0.001,16,1,1.5726749897003174,1.558586835861206,-0.014088153839111328,0.14119678735733032,1.3029779195785522,0.10836468157725986
9,64,0.4,0.0005,4,1,1.8095699548721313,1.559661626815796,-0.24990832805633545,0.07779712975025177,1.3029779195785522,0.059707174297639075
9,64,0.3,0.0005,16,1,1.33412766456604,1.559999942779541,0.22587227821350098,0.1333530992269516,1.3029779195785522,0.10234486496139905
3,32,0.4,0.005,8,1,1.4176849126815796,1.5601075887680054,0.14242267608642578,0.6710160970687866,1.2289718389511108,0.5459979438108834
3,16,0.0,0.0001,4,1,2.9270174503326416,1.5602998733520508,-1.3667175769805908,0.3228135108947754,1.2289718389511108,0.26266957522011786
9,64,0.1,0.0005,4,1,0.9717907309532166,1.5605331659317017,0.5887424349784851,0.13079236447811127,1.3029779195785522,0.10037957091430683
9,8,0.1,0.0005,8,1,1.7402137517929077,1.5610055923461914,-0.1792081594467163,0.040717512369155884,1.3029779195785522,0.03124957971837769
9,8,0.2,0.005,16,1,1.8208506107330322,1.5631897449493408,-0.2576608657836914,0.14657139778137207,1.3029779195785522,0.11248954842518018
6,64,0.2,0.005,4,2,1.9207929372787476,1.5637584924697876,-0.35703444480895996,0.4219211935997009,1.2611730098724365,0.3345466405456749
9,32,0.2,0.0001,4,1,1.966687560081482,1.5641855001449585,-0.40250205993652344,0.0403641015291214,1.3029779195785522,0.030978346541879354
9,8,0.1,0.001,16,2,3.6393918991088867,1.564597725868225,-2.0747941732406616,0.014277361333370209,1.3029779195785522,0.010957485248858412
9,8,0.1,0.005,8,1,1.4145543575286865,1.566063404083252,0.15150904655456543,0.18184715509414673,1.3029779195785522,0.13956272962243682
3,8,0.1,0.005,16,2,2.499640703201294,1.5661437511444092,-0.9334969520568848,0.4425489008426666,1.2289718389511108,0.3600968604946785
9,8,0.4,0.0001,8,2,3.7405600547790527,1.5663739442825317,-2.174186110496521,0.05788314342498779,1.3029779195785522,0.04442373316940787
3,16,0.1,0.005,16,1,1.5193939208984375,1.566648244857788,0.047254323959350586,0.6458321809768677,1.2289718389511108,0.5255060860695273
6,64,0.4,0.0001,8,2,3.0610296726226807,1.5673688650131226,-1.493660807609558,0.07083006948232651,1.2611730098724365,0.05616205621898833
9,8,0.4,0.001,4,1,1.675193428993225,1.5679466724395752,-0.1072467565536499,0.05227290466427803,1.3029779195785522,0.04011802800248962
6,8,0.3,0.0001,4,2,3.9012815952301025,1.568068504333496,-2.3332130908966064,0.023322511464357376,1.2611730098724365,0.018492713752823152
9,8,0.4,0.0005,8,1,2.2183609008789062,1.5681513547897339,-0.6502095460891724,0.10983022302389145,1.3029779195785522,0.08429169932474066
9,32,0.1,0.0001,4,2,3.619935989379883,1.5686722993850708,-2.051263689994812,0.0030537941493093967,1.3029779195785522,0.002343703683249786
9,32,0.0,0.0005,4,1,0.9384598731994629,1.5689371824264526,0.6304773092269897,0.1643110066652298,1.3029779195785522,0.1261042141975638
6,32,0.1,0.0001,8,2,3.9262399673461914,1.5691533088684082,-2.357086658477783,0.018537677824497223,1.2611730098724365,0.014698758758223225
6,8,0.4,0.0001,16,1,4.09487771987915,1.5698184967041016,-2.525059223175049,0.044888339936733246,1.2611730098724365,0.03559253138574029
3,8,0.0,0.005,16,2,1.541274070739746,1.5709295272827148,0.02965545654296875,0.6834155321121216,1.2289718389511108,0.5560872189678451
9,32,0.1,0.0005,4,1,1.3300628662109375,1.572234034538269,0.24217116832733154,0.09775283932685852,1.3029779195785522,0.07502263688280815
3,32,0.2,0.005,4,1,1.5721153020858765,1.5722434520721436,0.00012814998626708984,0.6859325766563416,1.2289718389511108,0.5581353086509807
9,16,0.4,0.0005,8,2,2.1880147457122803,1.5727697610855103,-0.61524498462677,0.044791702181100845,1.3029779195785522,0.03437640923001113
9,64,0.0,0.0001,8,2,1.9536793231964111,1.573282241821289,-0.38039708137512207,0.07962121814489365,1.3029779195785522,0.061107112368141356
9,8,0.0,0.001,16,1,1.8164108991622925,1.5735406875610352,-0.24287021160125732,0.13438574969768524,1.3029779195785522,0.1031373960206112
9,16,0.2,0.001,8,1,1.555535912513733,1.5737441778182983,0.01820826530456543,0.1646544188261032,1.3029779195785522,0.12636777366063165
9,64,0.4,0.0001,4,1,1.7529174089431763,1.573812484741211,-0.17910492420196533,0.04832905903458595,1.3029779195785522,0.0370912340941418
3,8,0.2,0.0001,4,1,3.2293167114257812,1.5749390125274658,-1.6543776988983154,0.5125390887260437,1.2289718389511108,0.41704705712661394
9,16,0.3,0.0005,8,1,1.5786609649658203,1.5749964714050293,-0.0036644935607910156,0.034752342849969864,1.3029779195785522,0.026671474879029797
9,32,0.0,0.0005,4,2,1.597482442855835,1.5752876996994019,-0.022194743156433105,0.037784092128276825,1.3029779195785522,0.028998259725305304
9,8,0.3,0.0005,4,2,3.081289529800415,1.5753533840179443,-1.5059361457824707,0.0414469949901104,1.3029779195785522,0.03180943772517374
9,32,0.1,0.001,4,1,0.8112186193466187,1.5761221647262573,0.7649035453796387,0.09634657949209213,1.3029779195785522,0.07394337083106935
9,8,0.1,0.001,4,1,1.2066813707351685,1.576460361480713,0.36977899074554443,0.10710445046424866,1.3029779195785522,0.08219974326110727
9,32,0.4,0.001,16,1,1.3835941553115845,1.5769526958465576,0.19335854053497314,0.12475705146789551,1.3029779195785522,0.09574763285954081
3,8,0.3,0.0001,8,2,4.175642013549805,1.5770303010940552,-2.5986117124557495,0.03419392183423042,1.2289718389511108,0.027823193950004477
3,64,0.1,0.001,4,1,1.5395503044128418,1.5782878398895264,0.03873753547668457,0.7476334571838379,1.2289718389511108,0.6083405929153916
6,16,0.0,0.005,16,1,0.6041678786277771,1.5793952941894531,0.975227415561676,0.5346450209617615,1.2611730098724365,0.4239267862351725
3,8,0.2,0.005,8,1,1.3939886093139648,1.5830901861190796,0.18910157680511475,0.7784019708633423,1.2289718389511108,0.6333765723449645
3,64,0.2,0.0001,4,2,4.014941215515137,1.583451509475708,-2.4314897060394287,0.05286877229809761,1.2289718389511108,0.04301870117969461
3,16,0.4,0.005,16,2,2.1327104568481445,1.5839372873306274,-0.5487731695175171,0.57872074842453,1.2289718389511108,0.47089829895406726
9,32,0.1,0.0005,8,1,1.2902294397354126,1.5854244232177734,0.29519498348236084,0.06575535982847214,1.3029779195785522,0.05046544445644995
9,8,0.1,0.0005,4,1,1.7697001695632935,1.5863515138626099,-0.1833486557006836,0.12475812435150146,1.3029779195785522,0.0957484562684335
3,8,0.3,0.005,4,2,1.631877064704895,1.5876765251159668,-0.04420053958892822,0.5782800912857056,1.2289718389511108,0.4705397413981834
3,16,0.0,0.005,16,1,1.3607850074768066,1.5877646207809448,0.22697961330413818,0.7627831697463989,1.2289718389511108,0.620667736697214
9,8,0.2,0.0005,4,1,1.5565882921218872,1.5893793106079102,0.03279101848602295,0.10085319727659225,1.3029779195785522,0.07740207701233585
9,16,0.0,0.0005,8,2,1.4228557348251343,1.5896925926208496,0.16683685779571533,0.061032649129629135,1.3029779195785522,0.04684089285977319
3,16,0.0,0.0001,4,2,2.7924182415008545,1.5914809703826904,-1.200937271118164,0.18549516797065735,1.2289718389511108,0.15093524692068752
9,32,0.0,0.0001,4,2,1.836787223815918,1.5926826000213623,-0.24410462379455566,0.08365456759929657,1.3029779195785522,0.06420259801973821
6,64,0.1,0.0005,4,2,3.9726929664611816,1.5929080247879028,-2.379784941673279,0.019604520872235298,1.2611730098724365,0.015544672078114191
9,8,0.0,0.001,8,1,1.351334571838379,1.5962210893630981,0.24488651752471924,0.07275936752557755,1.3029779195785522,0.05584082925143623
9,64,0.3,0.0005,4,2,3.190426826477051,1.5963562726974487,-1.594070553779602,0.0339285247027874,1.3029779195785522,0.026039216929908966
9,64,0.1,0.0001,4,1,1.7209264039993286,1.596367597579956,-0.12455880641937256,0.07428397238254547,1.3029779195785522,0.057010921878532364
3,64,0.0,0.001,8,2,1.5819014310836792,1.5966107845306396,0.01470935344696045,0.69733726978302,1.2289718389511108,0.5674151739540066
9,64,0.4,0.0005,8,2,2.316250801086426,1.5968141555786133,-0.7194366455078125,0.03814641386270523,1.3029779195785522,0.0292763317701068
3,32,0.0,0.0001,8,1,2.91231107711792,1.597151756286621,-1.3151593208312988,0.24822254478931427,1.2289718389511108,0.20197577920187698
9,32,0.4,0.0005,8,1,1.6155766248703003,1.5974161624908447,-0.018160462379455566,0.10859037190675735,1.3029779195785522,0.08334014742312815
9,8,0.0,0.005,16,1,1.177929401397705,1.5978330373764038,0.41990363597869873,0.1127467155456543,1.3029779195785522,0.08653002775528397
9,64,0.3,0.0001,4,1,1.818541407585144,1.5984349250793457,-0.22010648250579834,0.06238263472914696,1.3029779195785522,0.04787696997146705
9,32,0.3,0.0001,16,2,3.672999620437622,1.5988824367523193,-2.0741171836853027,0.029306890442967415,1.3029779195785522,0.022492238742193513
9,16,0.0,0.0005,16,1,1.651517629623413,1.599005937576294,-0.05251169204711914,0.019871598109602928,1.3029779195785522,0.015250909329323393
9,32,0.0,0.001,8,2,1.1469902992248535,1.5995776653289795,0.452587366104126,0.11451561748981476,1.3029779195785522,0.08788761173086862
9,16,0.3,0.0001,16,2,3.827808380126953,1.5996476411819458,-2.2281607389450073,0.044423241168260574,1.3029779195785522,0.03409362545654592
3,64,0.2,0.005,16,2,2.571449041366577,1.5999348163604736,-0.9715142250061035,0.24120791256427765,1.2289718389511108,0.19626805506799982
3,64,0.1,0.001,16,2,4.18195915222168,1.602386713027954,-2.5795724391937256,0.026524215936660767,1.2289718389511108,0.021582444036552018
9,32,0.3,0.001,16,1,1.2543680667877197,1.6033891439437866,0.3490210771560669,0.1137155219912529,1.3029779195785522,0.08727356026726389
9,8,0.0,0.001,8,2,1.1650731563568115,1.6060889959335327,0.4410158395767212,0.060156382620334625,1.3029779195785522,0.04616838222384627
9,8,0.2,0.001,16,1,1.9672162532806396,1.6071465015411377,-0.36006975173950195,0.1691131293773651,1.3029779195785522,0.12978971234759273
3,64,0.3,0.005,8,1,1.125924825668335,1.6081514358520508,0.4822266101837158,0.7430004477500916,1.2289718389511108,0.6045707673694292
3,32,0.1,0.0005,8,2,4.2019782066345215,1.6085777282714844,-2.593400478363037,0.0435996875166893,1.2289718389511108,0.0354765553895037
9,16,0.4,0.0001,4,2,2.817506790161133,1.6086745262145996,-1.2088322639465332,0.05922156944870949,1.3029779195785522,0.04545093862209475
9,64,0.2,0.0001,4,1,1.7097073793411255,1.6115756034851074,-0.09813177585601807,0.030744217336177826,1.3029779195785522,0.02359534791358708
6,64,0.0,0.005,8,2,1.1188101768493652,1.6127127408981323,0.4939025640487671,0.6420149803161621,1.2611730098724365,0.5090617823966117
9,16,0.4,0.001,4,1,1.6718040704727173,1.6136304140090942,-0.05817365646362305,0.0718034878373146,1.3029779195785522,0.05510721767298975
9,16,0.4,0.0005,4,2,2.5058727264404297,1.6136804819107056,-0.8921922445297241,0.021622922271490097,1.3029779195785522,0.016595002836643634
9,16,0.3,0.005,16,2,2.1315462589263916,1.6138619184494019,-0.5176843404769897,0.09805984795093536,1.3029779195785522,0.07525825762469773
3,32,0.3,0.005,16,1,1.5307756662368774,1.614606499671936,0.0838308334350586,0.7420209646224976,1.2289718389511108,0.6037737734135465
9,8,0.1,0.0005,8,2,3.512929916381836,1.6150381565093994,-1.8978917598724365,0.02544155716896057,1.3029779195785522,0.019525700924532655
3,32,0.2,0.0001,8,2,4.170156478881836,1.6160778999328613,-2.5540785789489746,0.04153965413570404,1.2289718389511108,0.03380033034048757
9,32,0.2,0.0005,4,1,1.4487247467041016,1.6169008016586304,0.1681760549545288,0.14081133902072906,1.3029779195785522,0.1080688604963271
9,64,0.0,0.0005,16,1,1.341188907623291,1.6172256469726562,0.27603673934936523,0.14153912663459778,1.3029779195785522,0.10862741763143505
3,8,0.1,0.005,4,2,2.524998903274536,1.6175543069839478,-0.9074445962905884,0.3185315430164337,1.2289718389511108,0.2591853880787785
9,16,0.4,0.005,16,2,1.3684618473052979,1.6202298402786255,0.25176799297332764,0.3636121451854706,1.3029779195785522,0.2790623998471753
3,32,0.4,0.005,4,1,1.6880788803100586,1.6204204559326172,-0.0676584243774414,0.7208005785942078,1.2289718389511108,0.5865069936910748
9,8,0.3,0.001,8,1,1.3746975660324097,1.6209112405776978,0.24621367454528809,0.08986030519008636,1.3029779195785522,0.06896533228986079
9,8,0.0,0.0005,4,2,1.209857702255249,1.6212918758392334,0.4114341735839844,0.0664459839463234,1.3029779195785522,0.05099547962241396
3,16,0.1,0.0005,16,2,4.1795735359191895,1.6214004755020142,-2.5581730604171753,0.024860892444849014,1.2289718389511108,0.02022901718078993
9,32,0.2,0.0005,16,1,1.5453124046325684,1.621941328048706,0.0766289234161377,0.08450911939144135,1.3029779195785522,0.06485844320276417
9,32,0.0,0.001,16,1,1.366727352142334,1.6225665807724,0.2558392286300659,0.14849430322647095,1.3029779195785522,0.1139653258855694
6,64,0.3,0.0001,8,2,3.516007423400879,1.6242218017578125,-1.8917856216430664,0.04786397144198418,1.2611730098724365,0.03795194716926702
9,32,0.2,0.0001,4,2,3.452275276184082,1.6244540214538574,-1.8278212547302246,0.024689503014087677,1.3029779195785522,0.01894851988134495
3,32,0.1,0.0005,4,2,4.218735694885254,1.6247739791870117,-2.593961715698242,0.026475174352526665,1.2289718389511108,0.021542539473583384
9,8,0.0,0.001,4,2,1.3506520986557007,1.6256115436553955,0.2749594449996948,0.1656002551317215,1.3029779195785522,0.1270936772169438
9,16,0.1,0.001,8,2,3.5270166397094727,1.626760721206665,-1.9002559185028076,0.009254352189600468,1.3029779195785522,0.00710246278969469
9,8,0.1,0.0005,16,2,3.645890474319458,1.6268261671066284,-2.0190643072128296,0.01290299091488123,1.3029779195785522,0.009902693453972496
9,32,0.0,0.0005,8,1,1.4333434104919434,1.6269404888153076,0.19359707832336426,0.05270741507411003,1.3029779195785522,0.040451502885910935
3,32,0.4,0.005,8,2,1.2878531217575073,1.6288105249404907,0.3409574031829834,0.6845781207084656,1.2289718389511108,0.5570332037003645
9,32,0.0,0.001,16,2,1.5322774648666382,1.6295406818389893,0.09726321697235107,0.1388377547264099,1.3029779195785522,0.10655418840199297
9,64,0.4,0.001,16,2,2.5199637413024902,1.631015658378601,-0.8889480829238892,0.10548276454210281,1.3029779195785522,0.08095514356545748
9,16,0.0,0.001,8,1,1.3467179536819458,1.6311354637145996,0.2844175100326538,0.19451889395713806,1.3029779195785522,0.14928794343656654
9,32,0.3,0.0005,16,1,1.9161113500595093,1.631426215171814,-0.2846851348876953,0.051318176090717316,1.3029779195785522,0.039385299873167585
9,32,0.3,0.0005,4,2,3.038141965866089,1.6324349641799927,-1.4057070016860962,0.039080988615751266,1.3029779195785522,0.029993592392104387
9,64,0.0,0.0001,4,2,1.737307071685791,1.6327089071273804,-0.10459816455841064,0.04802381247282028,1.3029779195785522,0.03685696568699611
9,64,0.1,0.0005,16,1,1.5031265020370483,1.6328831911087036,0.12975668907165527,0.10796043276786804,1.3029779195785522,0.0828566863226568
9,8,0.4,0.0005,4,2,2.6462056636810303,1.633526086807251,-1.0126795768737793,0.005785153713077307,1.3029779195785522,0.004439947620101277
6,32,0.1,0.005,4,2,2.4104483127593994,1.6356451511383057,-0.7748031616210938,0.18332767486572266,1.2611730098724365,0.14536282764587996
6,64,0.2,0.0001,8,2,3.8453996181488037,1.637132167816162,-2.2082674503326416,0.03055058978497982,1.2611730098724365,0.02422394829720461
9,8,0.3,0.001,4,2,2.9240150451660156,1.6372705698013306,-1.286744475364685,0.02807154878973961,1.3029779195785522,0.021544147731083072
9,8,0.3,0.0001,16,1,4.069207191467285,1.639348030090332,-2.429859161376953,0.09155436605215073,1.3029779195785522,0.07026547777706314
3,16,0.0,0.0001,8,2,2.8382179737091064,1.6396161317825317,-1.1986018419265747,0.08981069177389145,1.2289718389511108,0.07307790864479212
9,16,0.0,0.0005,16,2,1.5974022150039673,1.64020836353302,0.042806148529052734,0.08034729957580566,1.3029779195785522,0.06166436005438524
3,64,0.2,0.0001,16,2,4.158609390258789,1.6412118673324585,-2.5173975229263306,0.029274145141243935,1.2289718389511108,0.023820029241864896
9,16,0.3,0.0005,4,2,3.1192030906677246,1.6414210796356201,-1.4777820110321045,0.026470495387911797,1.3029779195785522,0.020315382931794936
9,8,0.1,0.001,4,2,3.4799835681915283,1.6420271396636963,-1.837956428527832,0.028076600283384323,1.3029779195785522,0.02154802461461948
9,64,0.3,0.0005,8,1,1.5776684284210205,1.6421548128128052,0.06448638439178467,0.1609978824853897,1.3029779195785522,0.1235614817920049
9,8,0.2,0.005,8,1,1.1278374195098877,1.6424496173858643,0.5146121978759766,0.08435489237308502,1.3029779195785522,0.06474007817444027
6,16,0.2,0.0005,16,2,3.77160906791687,1.6425081491470337,-2.1291009187698364,0.03549641743302345,1.2611730098724365,0.028145557473208054
6,64,0.2,0.0005,8,2,3.7946393489837646,1.6425970792770386,-2.152042269706726,0.03196929767727852,1.2611730098724365,0.025348859694128808
9,8,0.3,0.001,16,1,1.7514644861221313,1.6427500247955322,-0.10871446132659912,0.09179092198610306,1.3029779195785522,0.07044702800166622
9,64,0.2,0.0005,4,2,3.4569895267486572,1.6431913375854492,-1.813798189163208,0.008208869025111198,1.3029779195785522,0.006300082988180148
3,32,0.2,0.005,8,2,2.0717573165893555,1.6435214281082153,-0.42823588848114014,0.5258948802947998,1.2289718389511108,0.4279145083939716
9,16,0.1,0.0005,8,1,1.6366076469421387,1.6471501588821411,0.010542511940002441,0.03583770990371704,1.3029779195785522,0.027504464477271215
9,64,0.0,0.0001,4,1,1.5734747648239136,1.6476176977157593,0.0741429328918457,0.061355289071798325,1.3029779195785522,0.04708851021177985
9,32,0.4,0.0005,16,1,2.028388738632202,1.6481342315673828,-0.38025450706481934,0.11323292553424835,1.3029779195785522,0.08690318065472169
3,8,0.1,0.005,4,1,1.4809294939041138,1.6481603384017944,0.16723084449768066,0.9333527088165283,1.2289718389511108,0.7594581740889326
9,16,0.0,0.0005,4,2,1.2738791704177856,1.651602029800415,0.3777228593826294,0.029104093089699745,1.3029779195785522,0.02233659730712356
9,64,0.3,0.001,8,2,2.635512590408325,1.651991844177246,-0.9835207462310791,0.06945321708917618,1.3029779195785522,0.053303449003679816
6,32,0.2,0.005,4,2,1.953187346458435,1.6525883674621582,-0.30059897899627686,0.21102219820022583,1.2611730098724365,0.16732216480082301
3,32,0.0,0.005,4,1,0.9295785427093506,1.6526035070419312,0.7230249643325806,0.864083468914032,1.2289718389511108,0.7030946043902033
3,8,0.3,0.0001,16,1,4.447721481323242,1.6530894041061401,-2.794632077217102,0.1782294511795044,1.2289718389511108,0.14502321821435524
12,64,0.2,0.005,4,1,1.0354567766189575,1.6541789770126343,0.6187222003936768,0.24474455416202545,0.3633994162082672,0.6734863713203114
9,8,0.3,0.0001,8,2,3.8157103061676025,1.6556750535964966,-2.160035252571106,0.018186558037996292,1.3029779195785522,0.013957687052654528
9,32,0.1,0.001,16,1,1.4451375007629395,1.6560063362121582,0.21086883544921875,0.10714130848646164,1.3029779195785522,0.08222803078744148
9,32,0.0,0.0005,8,2,1.3251439332962036,1.6574718952178955,0.3323279619216919,0.07275126874446869,1.3029779195785522,0.0558346136579199
9,64,0.2,0.0005,16,1,1.4904863834381104,1.659271001815796,0.16878461837768555,0.14663733541965485,1.3029779195785522,0.11254015376337662
3,32,0.2,0.0005,4,2,4.074934005737305,1.6594882011413574,-2.4154458045959473,0.06865698099136353,1.2289718389511108,0.055865381789350126
9,16,0.0,0.001,8,2,1.5180672407150269,1.6601063013076782,0.14203906059265137,0.051558028906583786,1.3029779195785522,0.03956938036468048
6,16,0.2,0.0001,4,2,3.8290302753448486,1.6609336137771606,-2.168096661567688,0.03429568558931351,1.2611730098724365,0.027193482036839974
6,8,0.0,0.005,4,2,1.0931366682052612,1.6629869937896729,0.5698503255844116,0.5576851963996887,1.2611730098724365,0.4421956321885581
6,32,0.3,0.0005,8,2,3.546358823776245,1.6641103029251099,-1.8822485208511353,0.06278199702501297,1.2611730098724365,0.04978063797239299
9,16,0.4,0.0005,8,1,1.926387906074524,1.664197564125061,-0.2621903419494629,0.09590022265911102,1.3029779195785522,0.0736008041411246
3,64,0.0,0.005,16,1,2.5085299015045166,1.6662213802337646,-0.842308521270752,0.7696016430854797,1.2289718389511108,0.6262158486416668
3,32,0.1,0.001,8,2,4.294849872589111,1.6668537855148315,-2.62799608707428,0.06648240983486176,1.2289718389511108,0.054095958693083174
9,64,0.1,0.005,16,2,3.571765184402466,1.6677093505859375,-1.9040558338165283,0.031224248930811882,1.3029779195785522,0.023963759064245197
9,8,0.4,0.001,4,2,2.5094428062438965,1.6694122552871704,-0.8400305509567261,0.0450790636241436,1.3029779195785522,0.034596951296553366
3,64,0.0,0.001,4,1,1.4849870204925537,1.6719802618026733,0.18699324131011963,0.8327186107635498,1.2289718389511108,0.6775733864449239
9,8,0.3,0.005,4,1,1.1535261869430542,1.6720161437988281,0.5184899568557739,0.15549030900001526,1.3029779195785522,0.11933456942256439
12,8,0.1,0.0005,16,2,3.0179190635681152,1.6724662780761719,-1.3454527854919434,0.038636185228824615,0.3633994162082672,0.10631878727807834
6,16,0.1,0.005,4,2,2.3459572792053223,1.6750047206878662,-0.670952558517456,0.16799800097942352,1.2611730098724365,0.13320773570663075
9,8,0.1,0.001,16,1,1.9825787544250488,1.6771754026412964,-0.30540335178375244,0.16687051951885223,1.3029779195785522,0.1280685704734171
3,32,0.1,0.001,16,2,4.281670093536377,1.6779118776321411,-2.603758215904236,0.021824952214956284,1.2289718389511108,0.017758708151997364
9,8,0.2,0.001,4,1,1.412858009338379,1.6783795356750488,0.2655215263366699,0.24670055508613586,1.3029779195785522,0.1893359445154152
3,16,0.1,0.005,4,1,1.4496906995773315,1.6784666776657104,0.2287759780883789,0.836677074432373,1.2289718389511108,0.6807943419976579
9,16,0.3,0.0001,8,2,3.908515214920044,1.6796129941940308,-2.228902220726013,0.02319665253162384,1.3029779195785522,0.017802797870225453
12,8,0.1,0.0001,4,2,4.675943374633789,1.682674527168274,-2.993268847465515,0.0007722566951997578,0.3633994162082672,0.002125090632388829
3,16,0.3,0.005,4,1,1.3481862545013428,1.685692310333252,0.3375060558319092,0.8420038819313049,1.2289718389511108,0.6851287029082204
3,8,0.4,0.005,16,2,2.0037841796875,1.6857669353485107,-0.31801724433898926,0.6736520528793335,1.2289718389511108,0.5481427901995497
3,32,0.3,0.005,4,1,1.218870997428894,1.6861772537231445,0.4673062562942505,0.8502992391586304,1.2289718389511108,0.6918785379853246
6,8,0.1,0.005,16,2,3.978458881378174,1.6871126890182495,-2.2913461923599243,0.02586974948644638,1.2611730098724365,0.020512450935707083
3,32,0.2,0.0001,16,2,4.30828857421875,1.6872419118881226,-2.6210466623306274,0.02517727203667164,1.2289718389511108,0.020486451551371312
6,64,0.2,0.001,16,2,3.784518241882324,1.690555214881897,-2.0939630270004272,0.04346600919961929,1.2611730098724365,0.03446474738942894
3,16,0.3,0.005,8,2,2.170276641845703,1.6908644437789917,-0.4794121980667114,0.6755393743515015,1.2289718389511108,0.5496784815899877
3,32,0.1,0.005,16,2,2.690598726272583,1.6909005641937256,-0.9996981620788574,0.1005898267030716,1.2289718389511108,0.08184876456479416
9,8,0.0,0.005,8,1,0.7281433343887329,1.6933917999267578,0.9652484655380249,0.14941899478435516,1.3029779195785522,0.11467500142495483
9,32,0.0,0.0005,16,2,1.6341239213943481,1.6945030689239502,0.06037914752960205,0.09211539477109909,1.3029779195785522,0.07069605201053121
3,16,0.2,0.005,16,1,1.4540704488754272,1.695346474647522,0.24127602577209473,0.8390647768974304,1.2289718389511108,0.682737187544953
3,32,0.2,0.005,16,2,2.4003045558929443,1.695504069328308,-0.7048004865646362,0.2624865174293518,1.2289718389511108,0.21358220677650017
3,32,0.2,0.0005,16,2,4.100502014160156,1.696493148803711,-2.4040088653564453,0.06461718678474426,1.2289718389511108,0.05257824853000132
3,64,0.2,0.005,16,1,1.4529404640197754,1.6973999738693237,0.24445950984954834,0.8311029076576233,1.2289718389511108,0.6762587077397507
9,16,0.1,0.0005,4,1,1.2880512475967407,1.6994420289993286,0.4113907814025879,0.2198183387517929,1.3029779195785522,0.16870457699152192
9,8,0.4,0.005,16,1,1.410753846168518,1.6999026536941528,0.28914880752563477,0.2297639548778534,1.3029779195785522,0.17633756599050462
9,8,0.3,0.005,4,2,1.8257923126220703,1.7000623941421509,-0.12572991847991943,0.19306790828704834,1.3029779195785522,0.14817435152661382
3,64,0.4,0.005,8,2,1.5862544775009155,1.7001817226409912,0.11392724514007568,0.7353161573410034,1.2289718389511108,0.5983181502096686
6,16,0.3,0.0005,8,2,3.591280221939087,1.7012195587158203,-1.8900606632232666,0.031007781624794006,1.2611730098724365,0.02458646147837428
6,16,0.2,0.0005,8,2,3.851095199584961,1.7035678625106812,-2.14752733707428,0.06929776072502136,1.2611730098724365,0.054947069262155084
3,64,0.1,0.005,8,2,2.6135811805725098,1.707557201385498,-0.9060239791870117,0.14552707970142365,1.2289718389511108,0.1184136813302626
9,8,0.4,0.005,4,1,1.4166496992111206,1.708949089050293,0.29229938983917236,0.20210322737693787,1.3029779195785522,0.15510871238885468
9,32,0.3,0.001,16,2,3.2149832248687744,1.7125059366226196,-1.5024772882461548,0.02938336506485939,1.3029779195785522,0.022550930927796097
6,32,0.2,0.005,8,2,2.096172332763672,1.7139935493469238,-0.38217878341674805,0.3254183828830719,1.2611730098724365,0.25802834372104655
9,16,0.1,0.0001,8,2,3.7493069171905518,1.7168428897857666,-2.032464027404785,0.014706612564623356,1.3029779195785522,0.011286923856223293
9,32,0.2,0.0005,4,2,3.516141653060913,1.7185105085372925,-1.7976311445236206,0.02279464341700077,1.3029779195785522,0.01749426684404114
6,64,0.2,0.0001,4,2,3.881612539291382,1.7196356058120728,-2.161976933479309,0.025425223633646965,1.2611730098724365,0.02015998077553106
3,32,0.1,0.005,8,2,2.982520818710327,1.72152841091156,-1.260992407798767,0.2140602171421051,1.2289718389511108,0.17417829307203558
3,64,0.1,0.0001,16,2,4.2983856201171875,1.7224949598312378,-2.5758906602859497,0.01747606135904789,1.2289718389511108,0.014220066567158417
9,64,0.2,0.0005,8,2,3.5664401054382324,1.7228726148605347,-1.8435674905776978,0.02617749013006687,1.3029779195785522,0.020090509391390125
9,64,0.4,0.0005,16,1,1.7987959384918213,1.7236725091934204,-0.07512342929840088,0.10548102110624313,1.3029779195785522,0.08095380552600687
9,8,0.2,0.005,16,2,1.9647663831710815,1.7237411737442017,-0.24102520942687988,0.11910060048103333,1.3029779195785522,0.09140646107000522
3,64,0.2,0.005,8,1,1.453989028930664,1.7266093492507935,0.2726203203201294,0.8156782984733582,1.2289718389511108,0.6637078837945661
6,8,0.1,0.005,4,2,2.4142608642578125,1.7271983623504639,-0.6870625019073486,0.28624817728996277,1.2611730098724365,0.22696979323948252
3,8,0.1,0.005,8,1,1.4239223003387451,1.7274020910263062,0.30347979068756104,0.8803468346595764,1.2289718389511108,0.7163279147314922
9,64,0.3,0.0005,16,2,3.231057643890381,1.7274596691131592,-1.5035979747772217,0.044733695685863495,1.3029779195785522,0.03433189082769154
9,8,0.4,0.001,16,2,2.430591583251953,1.727900743484497,-0.702690839767456,0.008593758568167686,1.3029779195785522,0.0065954752103146415
3,8,0.0,0.005,4,1,1.4283136129379272,1.7308049201965332,0.30249130725860596,0.8612467646598816,1.2289718389511108,0.7007864113427764
9,32,0.1,0.0005,16,1,1.5784721374511719,1.7329845428466797,0.1545124053955078,0.10923227667808533,1.3029779195785522,0.08383279181999989
6,32,0.1,0.001,8,2,4.076658725738525,1.7331703901290894,-2.343488335609436,0.016717303544282913,1.2611730098724365,0.013255361011867684
9,32,0.4,0.001,16,2,2.4375500679016113,1.7332794666290283,-0.704270601272583,0.061572447419166565,1.3029779195785522,0.04725517331796547
3,32,0.2,0.005,8,1,1.4348399639129639,1.7357583045959473,0.3009183406829834,0.7946760654449463,1.2289718389511108,0.6466186126145719
3,16,0.1,0.005,4,2,2.160090208053589,1.7367818355560303,-0.4233083724975586,0.4391292631626129,1.2289718389511108,0.35731434134194323
9,32,0.4,0.001,8,2,1.842261552810669,1.7399446964263916,-0.10231685638427734,0.1584995687007904,1.3029779195785522,0.12164409413173866
6,16,0.1,0.0005,4,2,4.210273742675781,1.7419639825820923,-2.468309760093689,0.044508278369903564,1.2611730098724365,0.035291175771677376
3,16,0.1,0.0001,16,2,4.383624076843262,1.747231364250183,-2.6363927125930786,0.010263239033520222,1.2289718389511108,0.008351077468365407
3,8,0.0,0.0001,4,1,2.93047833442688,1.7492038011550903,-1.1812745332717896,0.06945373117923737,1.2289718389511108,0.05651368809110709
9,8,0.0,0.001,16,2,1.9547442197799683,1.7503008842468262,-0.2044433355331421,0.04588104784488678,1.3029779195785522,0.03521245230289627
3,8,0.2,0.0005,8,2,4.1370530128479,1.7522320747375488,-2.3848209381103516,0.08504161983728409,1.2289718389511108,0.06919737063288973
9,16,0.0,0.001,16,2,1.5887930393218994,1.7541471719741821,0.16535413265228271,0.02789926901459694,1.3029779195785522,0.02141192770451624
6,32,0.3,0.005,16,2,1.7270901203155518,1.7554912567138672,0.02840113639831543,0.46428143978118896,1.2611730098724365,0.3681346144793802
9,16,0.4,0.0005,16,2,2.3551244735717773,1.7555484771728516,-0.5995759963989258,0.1232040673494339,1.3029779195785522,0.09455575992360961
3,32,0.0,0.005,8,1,1.0029689073562622,1.7568732500076294,0.7539043426513672,0.8310339450836182,1.2289718389511108,0.6762025937005032
9,32,0.2,0.001,8,2,3.418369770050049,1.7662782669067383,-1.6520915031433105,0.029234757646918297,1.3029779195785522,0.022436878789453524
6,64,0.4,0.005,4,2,1.0783942937850952,1.7682840824127197,0.6898897886276245,0.812084436416626,1.2611730098724365,0.6439120010178189
9,8,0.2,0.0005,16,2,3.7810866832733154,1.7710965871810913,-2.009990096092224,0.03747820481657982,1.3029779195785522,0.028763499560070925
12,16,0.1,0.005,8,1,0.6774559020996094,1.7753355503082275,1.0978796482086182,0.6184787154197693,0.3633994162082672,1.7019254512652107
6,64,0.2,0.0001,16,2,4.006648540496826,1.7824612855911255,-2.2241872549057007,0.027931533753871918,1.2611730098724365,0.022147265708371843
3,64,0.0,0.001,4,2,1.3913989067077637,1.782547116279602,0.3911482095718384,0.8283963799476624,1.2289718389511108,0.6740564378225891
3,64,0.2,0.005,8,2,2.3060951232910156,1.7831461429595947,-0.5229489803314209,0.6379282474517822,1.2289718389511108,0.5190747478772452
3,8,0.1,0.0005,8,2,4.429523468017578,1.785072922706604,-2.644450545310974,0.025153815746307373,1.2289718389511108,0.020467365442462353
3,64,0.1,0.0005,8,2,4.382342338562012,1.7853807210922241,-2.5969616174697876,0.024513600394129753,1.2289718389511108,0.0199464297042407
3,8,0.0,0.0001,4,2,2.9447662830352783,1.7873939275741577,-1.1573723554611206,0.12865450978279114,1.2289718389511108,0.10468466868418544
3,16,0.2,0.005,4,1,1.1767140626907349,1.790903925895691,0.614189863204956,0.8771973848342896,1.2289718389511108,0.7137652442735792
6,16,0.0,0.005,4,2,0.5359206199645996,1.7927122116088867,1.256791591644287,0.848878800868988,1.2611730098724365,0.6730867170673509
9,64,0.1,0.001,8,2,3.800776720046997,1.7978178262710571,-2.00295889377594,0.008661534637212753,1.3029779195785522,0.006647491493957414
9,32,0.4,0.0005,16,2,2.784444808959961,1.798113465309143,-0.9863313436508179,0.03255228325724602,1.3029779195785522,0.02498298917281349
6,16,0.1,0.005,8,2,2.641139507293701,1.800385594367981,-0.8407539129257202,0.13784711062908173,1.2611730098724365,0.10930071413677375
3,64,0.1,0.005,16,1,1.308377981185913,1.8024919033050537,0.4941139221191406,0.938485324382782,1.2289718389511108,0.7636345232969292
3,32,0.3,0.005,8,1,1.3743969202041626,1.8028266429901123,0.4284297227859497,0.9410318732261658,1.2289718389511108,0.7657066202829409
6,64,0.1,0.0001,16,2,4.220943927764893,1.8080284595489502,-2.4129154682159424,0.022921845316886902,1.2611730098724365,0.018175020506667337
6,16,0.1,0.0001,4,2,4.235726833343506,1.8085135221481323,-2.4272133111953735,0.047561462968587875,1.2611730098724365,0.037712084381982265
9,64,0.1,0.0005,8,2,3.8330841064453125,1.811047911643982,-2.0220361948013306,0.025789260864257812,1.3029779195785522,0.019792554023171274
6,64,0.1,0.001,16,2,4.212791919708252,1.8127849102020264,-2.4000070095062256,0.010752079077064991,1.2611730098724365,0.008525459229541019
9,16,0.2,0.001,16,1,1.6790586709976196,1.8129656314849854,0.13390696048736572,0.06332702934741974,1.3029779195785522,0.04860176707207966
3,64,0.4,0.005,16,2,1.3092325925827026,1.813489556312561,0.5042569637298584,0.8183727860450745,1.2289718389511108,0.6659003567921704
9,64,0.3,0.0001,4,2,3.3535332679748535,1.8147107362747192,-1.5388225317001343,0.008297552354633808,1.3029779195785522,0.006368145023760379
3,32,0.1,0.005,8,1,1.2421891689300537,1.8190268278121948,0.5768376588821411,0.9107116460800171,1.2289718389511108,0.7410354063582784
3,64,0.0,0.005,8,1,1.229184627532959,1.8268934488296509,0.5977088212966919,0.8970751166343689,1.2289718389511108,0.7299395219665852
3,16,0.2,0.005,16,2,2.196209192276001,1.8324520587921143,-0.3637571334838867,0.3371852934360504,1.2289718389511108,0.2743637264494421
3,8,0.0,0.005,8,2,1.4317967891693115,1.832826852798462,0.4010300636291504,0.8682332038879395,1.2289718389511108,0.7064711951650166
9,64,0.2,0.001,16,2,3.5781524181365967,1.8333073854446411,-1.7448450326919556,0.012508341111242771,1.3029779195785522,0.009599810498161465
9,16,0.4,0.001,8,2,2.056854248046875,1.8342556953430176,-0.22259855270385742,0.08268734812736511,1.3029779195785522,0.0634602834667454
6,32,0.2,0.0001,8,2,4.15406608581543,1.836153268814087,-2.3179128170013428,0.03080594539642334,1.2611730098724365,0.024426422985010802
3,8,0.1,0.001,8,2,4.3215837478637695,1.8386563062667847,-2.482927441596985,0.06521537899971008,1.2289718389511108,0.05306499053336273
9,64,0.4,0.0005,16,2,2.728137969970703,1.839078664779663,-0.88905930519104,0.02485116757452488,1.3029779195785522,0.019072593020273882
9,32,0.3,0.0001,4,2,3.354762315750122,1.8403241634368896,-1.5144381523132324,0.028299527242779732,1.3029779195785522,0.021719114973132624
9,32,0.1,0.005,4,2,2.4808850288391113,1.8438823223114014,-0.63700270652771,0.16518022119998932,1.3029779195785522,0.1267713126354565
3,32,0.1,0.005,4,1,1.3770489692687988,1.84772789478302,0.4706789255142212,1.1040592193603516,1.2289718389511108,0.8983600635655181
3,32,0.3,0.005,8,2,1.5800901651382446,1.853623390197754,0.2735332250595093,0.6941978335380554,1.2289718389511108,0.5648606514291911
9,32,0.4,0.0001,4,2,2.781486988067627,1.8611844778060913,-0.9203025102615356,0.04712923243641853,1.3029779195785522,0.03617039991872039
3,64,0.1,0.0001,4,2,4.452569484710693,1.8620446920394897,-2.5905247926712036,0.025435488671064377,1.2289718389511108,0.02069655940430073
3,64,0.3,0.005,16,2,1.9602054357528687,1.8689557313919067,-0.09124970436096191,0.49465277791023254,1.2289718389511108,0.40249317537853696
3,8,0.2,0.005,8,2,2.0253186225891113,1.8707212209701538,-0.15459740161895752,0.6914655566215515,1.2289718389511108,0.5626374296840648
6,8,0.2,0.0001,4,2,4.256824493408203,1.872994065284729,-2.383830428123474,0.03773112967610359,1.2611730098724365,0.029917489020733143
9,16,0.2,0.0001,16,2,4.080907344818115,1.8773826360702515,-2.2035247087478638,0.01870395988225937,1.3029779195785522,0.01435477885021195
3,16,0.0,0.005,8,1,1.3098918199539185,1.87964928150177,0.5697574615478516,1.0370784997940063,1.2289718389511108,0.8438586360767392
9,32,0.4,0.0005,8,2,2.5232198238372803,1.8879742622375488,-0.6352455615997314,0.024213049560785294,1.3029779195785522,0.018582854856525118
3,64,0.3,0.005,4,1,2.0943331718444824,1.8898611068725586,-0.20447206497192383,1.1130552291870117,1.2289718389511108,0.9056800114614258
3,64,0.3,0.005,8,2,1.429448127746582,1.8908805847167969,0.46143245697021484,0.7717955112457275,1.2289718389511108,0.6280009734840067
3,64,0.3,0.005,4,2,1.7189427614212036,1.8960437774658203,0.1771010160446167,0.563702404499054,1.2289718389511108,0.45867804829454545
3,16,0.1,0.005,8,1,1.4270455837249756,1.9087026119232178,0.4816570281982422,1.0866366624832153,1.2289718389511108,0.8841835329690108
9,32,0.3,0.0005,8,2,3.3540236949920654,1.910662055015564,-1.4433616399765015,0.031070495024323463,1.3029779195785522,0.02384575713637051
9,32,0.3,0.0001,8,2,3.5957281589508057,1.9134289026260376,-1.682299256324768,0.027641287073493004,1.3029779195785522,0.021213933604057978
3,32,0.0,0.005,4,2,1.4478230476379395,1.9141628742218018,0.4663398265838623,0.9802929759025574,1.2289718389511108,0.7976529199718742
3,64,0.2,0.005,4,2,2.0983781814575195,1.9314202070236206,-0.16695797443389893,0.45729097723960876,1.2289718389511108,0.37209231549999744
3,16,0.3,0.005,4,2,1.5519520044326782,1.9319956302642822,0.380043625831604,1.0744564533233643,1.2289718389511108,0.8742726393473583
3,16,0.1,0.0005,4,2,4.525242805480957,1.9370402097702026,-2.5882025957107544,0.03906503692269325,1.2289718389511108,0.03178676328013671
3,8,0.1,0.0005,4,2,2.741551399230957,1.9386943578720093,-0.8028570413589478,0.08629871904850006,1.2289718389511108,0.07022025754646528
3,8,0.4,0.005,4,2,1.4011863470077515,1.9409141540527344,0.5397278070449829,0.9342404007911682,1.2289718389511108,0.7601804786580897
9,64,0.4,0.0001,8,2,2.9687230587005615,1.942186951637268,-1.0265361070632935,0.010616756975650787,1.3029779195785522,0.008148071288180212
9,16,0.1,0.0005,16,2,3.98484206199646,1.944059133529663,-2.040782928466797,0.0114905321970582,1.3029779195785522,0.008818669928631492
9,16,0.3,0.0005,8,2,3.4179558753967285,1.9443281888961792,-1.4736276865005493,0.026356933638453484,1.3029779195785522,0.02022822738775084
6,8,0.4,0.0001,16,2,4.413425922393799,1.9584789276123047,-2.454946994781494,0.03196784481406212,1.2611730098724365,0.02534770770054424
3,8,0.0,0.005,8,1,1.282551646232605,1.9663585424423218,0.6838068962097168,1.067015528678894,1.2289718389511108,0.8682180460616238
9,64,0.4,0.0001,4,2,2.8977386951446533,1.967867374420166,-0.9298713207244873,0.018606586381793022,1.3029779195785522,0.01428004734555388
9,16,0.1,0.0005,4,2,3.935973882675171,1.9700262546539307,-1.9659476280212402,0.037457648664712906,1.3029779195785522,0.02874772327441172
3,16,0.0,0.005,4,2,1.4502288103103638,1.9730693101882935,0.5228404998779297,1.1479660272598267,1.2289718389511108,0.9340865192155907
6,16,0.1,0.001,8,2,4.282870769500732,1.976815938949585,-2.3060548305511475,0.016043366864323616,1.2611730098724365,0.012720988110859073
9,8,0.3,0.0001,8,1,4.089547157287598,1.9861520528793335,-2.103395104408264,0.10564378648996353,1.3029779195785522,0.0810787235167684
9,64,0.2,0.001,8,2,3.761594533920288,1.9898767471313477,-1.7717177867889404,0.0325099341571331,1.3029779195785522,0.02495048739402156
3,64,0.4,0.005,8,1,1.2574232816696167,1.999241590499878,0.7418183088302612,1.0834461450576782,1.2289718389511108,0.8815874462854786
3,64,0.3,0.005,16,1,1.3132210969924927,2.001765489578247,0.6885443925857544,1.0611506700515747,1.2289718389511108,0.8634458792458856
6,32,0.1,0.0005,4,2,4.405081748962402,2.0024099349975586,-2.4026718139648438,0.04516787454485893,1.2611730098724365,0.035814177905240385
9,8,0.3,0.0001,16,2,4.0406880378723145,2.009265422821045,-2.0314226150512695,0.032704222947359085,1.3029779195785522,0.02509959873912311
3,32,0.0,0.005,16,1,1.4008457660675049,2.010315418243408,0.6094696521759033,1.115524411201477,1.2289718389511108,0.9076891559643404
6,64,0.1,0.0005,16,2,4.400574684143066,2.011523723602295,-2.3890509605407715,0.02270929142832756,1.2611730098724365,0.018006483845245412
3,64,0.0,0.005,4,2,1.298098087310791,2.0116395950317383,0.7135415077209473,1.2952033281326294,1.2289718389511108,1.0538917874945328
6,32,0.1,0.0001,4,2,4.4447126388549805,2.020906686782837,-2.4238059520721436,0.02478308603167534,1.2611730098724365,0.01965082176487591
9,16,0.3,0.0001,4,2,4.008603096008301,2.0340802669525146,-1.9745228290557861,0.02506311796605587,1.3029779195785522,0.01923525916245958
9,32,0.2,0.0005,16,2,3.8250160217285156,2.043365240097046,-1.7816507816314697,0.012697665020823479,1.3029779195785522,0.009745111432840346
3,16,0.0,0.005,8,2,1.13521409034729,2.0436909198760986,0.9084768295288086,1.224515676498413,1.2289718389511108,0.9963740727724885
3,16,0.2,0.005,8,2,2.310664415359497,2.0457003116607666,-0.26496410369873047,0.448426753282547,1.2289718389511108,0.36487960022360255
3,8,0.1,0.0001,16,2,4.707207679748535,2.0774548053741455,-2.6297528743743896,0.011145850643515587,1.2289718389511108,0.009069248204277994
9,64,0.3,0.0001,16,2,3.8672876358032227,2.0891764163970947,-1.778111219406128,0.01331582572311163,1.3029779195785522,0.01021953290460872
9,8,0.2,0.0001,4,2,4.059259414672852,2.0957722663879395,-1.963487148284912,0.046824876219034195,1.3029779195785522,0.03593681482659329
9,64,0.1,0.0001,16,2,4.08350944519043,2.0990970134735107,-1.984412431716919,0.009905606508255005,1.3029779195785522,0.007602282709026235
9,16,0.3,0.001,16,2,3.3827779293060303,2.1004252433776855,-1.2823526859283447,0.005154902581125498,1.3029779195785522,0.003956247073467561
3,32,0.0,0.005,16,2,1.2745825052261353,2.107226610183716,0.8326441049575806,1.2598191499710083,1.2289718389511108,1.0251000959031125
9,16,0.1,0.001,16,2,4.152873992919922,2.1138288974761963,-2.0390450954437256,0.028008636087179184,1.3029779195785522,0.02149586394851462
9,32,0.1,0.001,8,2,4.114223003387451,2.118788957595825,-1.995434045791626,0.008310314267873764,1.3029779195785522,0.006377939443948315
9,32,0.2,0.0005,8,2,3.8553836345672607,2.120236396789551,-1.73514723777771,0.002820072928443551,1.3029779195785522,0.0021643290235921287
9,8,0.2,0.0005,4,2,3.820777654647827,2.122990608215332,-1.6977870464324951,0.02935030311346054,1.3029779195785522,0.022525556782231494
3,16,0.2,0.005,4,2,2.2288877964019775,2.125375270843506,-0.10351252555847168,0.504587709903717,1.2289718389511108,0.41057711325132307
3,64,0.1,0.005,8,1,1.2109256982803345,2.134305238723755,0.9233795404434204,1.15040123462677,1.2289718389511108,0.9360680189454964
9,8,0.1,0.0001,4,2,4.238121509552002,2.1375536918640137,-2.1005678176879883,0.017112627625465393,1.3029779195785522,0.013133474764484471
6,16,0.2,0.0001,8,2,4.534234523773193,2.141148567199707,-2.3930859565734863,0.01984349638223648,1.2611730098724365,0.015734158776711835
6,32,0.1,0.0005,16,2,4.533443927764893,2.1476097106933594,-2.385834217071533,0.01483829878270626,1.2611730098724365,0.01176547441671552
9,32,0.1,0.001,16,2,4.054661750793457,2.1560635566711426,-1.8985981941223145,0.027034880593419075,1.3029779195785522,0.020748533177111318
9,64,0.1,0.001,16,2,4.164373397827148,2.158301591873169,-2.0060718059539795,0.013468999415636063,1.3029779195785522,0.010337089534097866
9,16,0.2,0.0001,8,2,4.143171787261963,2.184877634048462,-1.958294153213501,0.013611879199743271,1.3029779195785522,0.010446745869758122
9,64,0.3,0.0001,8,2,3.7371842861175537,2.1850838661193848,-1.552100419998169,0.026750994846224785,1.3029779195785522,0.020530658612294354
12,16,0.1,0.0001,16,2,5.093481540679932,2.189361095428467,-2.904120445251465,0.013709653168916702,0.3633994162082672,0.03772612876477376
6,8,0.1,0.001,4,2,4.46864128112793,2.2034449577331543,-2.2651963233947754,0.025334639474749565,1.2611730098724365,0.020088155452448256
3,16,0.4,0.005,8,2,1.5617562532424927,2.205584764480591,0.6438285112380981,1.0950978994369507,1.2289718389511108,0.8910683424378403
9,32,0.1,0.0005,16,2,4.226956844329834,2.205914258956909,-2.021042585372925,0.01331882644444704,1.3029779195785522,0.010221835876355457
6,32,0.1,0.0001,16,2,4.607813835144043,2.2063493728637695,-2.4014644622802734,0.013108248822391033,1.2611730098724365,0.010393695963820927
9,16,0.2,0.0005,8,2,3.9922120571136475,2.206817150115967,-1.7853949069976807,0.01050773449242115,1.3029779195785522,0.008064399507107438
9,32,0.2,0.0001,8,2,4.149575233459473,2.2119016647338867,-1.937673568725586,0.012257199734449387,1.3029779195785522,0.00940706634415875
3,64,0.1,0.005,4,1,1.922385573387146,2.213277578353882,0.29089200496673584,1.4546494483947754,1.2289718389511108,1.183631229203977
3,16,0.0,0.005,4,1,1.0744197368621826,2.2177226543426514,1.1433029174804688,1.4391264915466309,1.2289718389511108,1.1710003809158722
9,16,0.2,0.0001,4,2,4.17557954788208,2.224682569503784,-1.950896978378296,0.010638640262186527,1.3029779195785522,0.008164866113485325
9,8,0.4,0.0001,16,1,4.621966361999512,2.227264404296875,-2.3947019577026367,0.03994244337081909,1.3029779195785522,0.030654735410818368
3,8,0.2,0.005,4,2,2.0469980239868164,2.2289299964904785,0.1819319725036621,0.8872289061546326,1.2289718389511108,0.7219277757510333
6,64,0.1,0.0005,8,2,4.611863613128662,2.248016357421875,-2.363847255706787,0.02083527483046055,1.2611730098724365,0.01652055242806692
9,32,0.1,0.0001,16,2,4.238842964172363,2.2553091049194336,-1.9835338592529297,0.022654540836811066,1.3029779195785522,0.017386741936608312
9,32,0.2,0.0001,16,2,4.253484725952148,2.255437135696411,-1.9980475902557373,0.011552861891686916,1.3029779195785522,0.00886650626852041
6,8,0.1,0.0005,8,2,4.59200382232666,2.2559943199157715,-2.3360095024108887,0.017086049541831017,1.2611730098724365,0.013547744368204656
9,16,0.1,0.0001,4,2,4.306058406829834,2.2886457443237305,-2.0174126625061035,0.022612204775214195,1.3029779195785522,0.017354250164521672
9,64,0.1,0.0005,4,2,4.296530246734619,2.2988295555114746,-1.9977006912231445,0.017719043418765068,1.3029779195785522,0.013598882339077769
3,32,0.1,0.005,4,2,2.507020950317383,2.3035693168640137,-0.20345163345336914,0.2816947102546692,1.2289718389511108,0.2292116884428262
6,64,0.1,0.0001,8,2,4.693084716796875,2.305828094482422,-2.387256622314453,0.014508738182485104,1.2611730098724365,0.011504161656577645
9,64,0.2,0.0005,16,2,4.199097156524658,2.316918134689331,-1.8821790218353271,0.013442403636872768,1.3029779195785522,0.010316677999593968
9,8,0.4,0.0001,8,1,4.478578567504883,2.335648536682129,-2.142930030822754,0.08150710165500641,1.3029779195785522,0.06255447650361554
9,8,0.2,0.0005,8,2,3.8874142169952393,2.3529467582702637,-1.5344674587249756,0.012068708427250385,1.3029779195785522,0.009262404409089299
9,64,0.2,0.0001,8,2,4.219403266906738,2.3631062507629395,-1.8562970161437988,0.009887152351439,1.3029779195785522,0.007588119647213205
9,64,0.1,0.0005,16,2,4.327563762664795,2.3635451793670654,-1.9640185832977295,0.008939172141253948,1.3029779195785522,0.006860570702645
6,8,0.1,0.0005,16,2,4.836406707763672,2.3641183376312256,-2.4722883701324463,0.04172283038496971,1.2611730098724365,0.03308255890219997
3,16,0.1,0.001,16,2,4.976459980010986,2.372032642364502,-2.6044273376464844,0.031512949615716934,1.2289718389511108,0.025641718237101555
9,64,0.1,0.0001,4,2,4.352880954742432,2.3731725215911865,-1.9797084331512451,0.0075690667144954205,1.3029779195785522,0.0058090521725369165
3,32,0.2,0.005,4,2,2.05476450920105,2.381014108657837,0.3262495994567871,0.5542333126068115,1.2289718389511108,0.45097315905939095
6,8,0.1,0.0001,16,2,4.807445526123047,2.388791084289551,-2.418654441833496,0.013712983578443527,1.2611730098724365,0.010873197785790349
6,16,0.1,0.0001,16,2,4.812515735626221,2.415625810623169,-2.3968899250030518,0.011785509064793587,1.2611730098724365,0.009344878912359258
9,64,0.1,0.0001,8,2,4.371950149536133,2.4238319396972656,-1.9481182098388672,0.01017716433852911,1.3029779195785522,0.00781069593398859
3,32,0.0,0.005,8,2,0.972784698009491,2.441946029663086,1.469161331653595,1.5335590839385986,1.2289718389511108,1.247839075993347
9,64,0.2,0.0001,4,2,4.319671630859375,2.4919002056121826,-1.8277714252471924,0.004737073089927435,1.3029779195785522,0.0036355743399394207
9,32,0.1,0.0001,8,2,4.467791557312012,2.5281708240509033,-1.9396207332611084,0.009238275699317455,1.3029779195785522,0.007090124522068319
3,8,0.1,0.0001,4,2,5.122653007507324,2.532305955886841,-2.5903470516204834,0.02948092482984066,1.2289718389511108,0.023988283454079558
3,16,0.0,0.005,16,2,1.1585062742233276,2.5437545776367188,1.3852483034133911,1.6306287050247192,1.2289718389511108,1.32682349045232
3,64,0.4,0.005,4,2,1.9739317893981934,2.5597784519195557,0.5858466625213623,1.7611318826675415,1.2289718389511108,1.4330123985351957
9,32,0.1,0.0005,4,2,4.601736068725586,2.6584548950195312,-1.9432811737060547,0.02034110203385353,1.3029779195785522,0.01561124078022201
3,16,0.4,0.005,4,2,2.131572723388672,2.6898202896118164,0.5582475662231445,1.8878861665725708,1.2289718389511108,1.5361508756651598
3,64,0.0,0.005,8,2,1.8888624906539917,2.709209680557251,0.8203471899032593,1.8902363777160645,1.2289718389511108,1.5380632149629418
3,8,0.0,0.005,4,2,0.9679099321365356,2.7240161895751953,1.7561062574386597,2.0523808002471924,1.2289718389511108,1.6699982336445036
3,32,0.3,0.005,4,2,2.041996717453003,2.7407913208007812,0.6987946033477783,1.4347143173217773,1.2289718389511108,1.1674102463944669
3,64,0.1,0.005,4,2,2.53896164894104,2.9130682945251465,0.37410664558410645,0.26187628507614136,1.2289718389511108,0.21308566785358127
9,8,0.1,0.0001,16,1,5.073435306549072,3.138788938522339,-1.9346463680267334,0.023545583710074425,1.3029779195785522,0.018070593028690952
3,64,0.0,0.005,16,2,1.7557340860366821,3.721548080444336,1.9658139944076538,2.6946346759796143,1.2289718389511108,2.1925926946213843
