seq_length,hidden_size,dropout,lr,batch_size,num_layers,train_rmse,test_rmse,rmse_gap,test_pred_std,test_actual_std,test_std_ratio
12,64,0.3,0.0005,4,2,9.866641998291016,0.08570816367864609,-9.78093383461237,0.41982710361480713,0.32116708159446716,1.3071921989343742
12,32,0.4,0.0001,4,1,9.49924373626709,0.13300679624080658,-9.366236940026283,0.23585578799247742,0.32116708159446716,0.7343709910167224
12,8,0.0,0.0005,4,1,9.325858116149902,0.15603233873844147,-9.16982577741146,0.18918944895267487,0.32116708159446716,0.5890686181579516
12,16,0.3,0.0001,4,1,9.797115325927734,0.22733984887599945,-9.569775477051735,0.0703582614660263,0.32116708159446716,0.2190705881708843
12,64,0.3,0.001,8,2,10.478887557983398,0.23182471096515656,-10.247062847018242,0.10085437446832657,0.32116708159446716,0.31402463156443244
12,64,0.2,0.0001,8,1,9.274284362792969,0.23999829590320587,-9.034286066889763,0.4894618093967438,0.32116708159446716,1.5240098921930605
12,16,0.3,0.001,8,2,10.302391052246094,0.2901531159877777,-10.012237936258316,0.0623321570456028,0.32116708159446716,0.1940801552143774
12,64,0.3,0.001,16,2,9.598478317260742,0.315416544675827,-9.283061772584915,0.1696346551179886,0.32116708159446716,0.5281819490211133
12,16,0.3,0.0005,16,1,9.680867195129395,0.32673949003219604,-9.354127705097198,0.3176024556159973,0.32116708159446716,0.9889010232282434
12,16,0.3,0.0005,8,2,9.888040542602539,0.3422110378742218,-9.545829504728317,0.2331577092409134,0.32116708159446716,0.7259701339358251
12,64,0.2,0.005,16,2,8.945600509643555,0.3775511085987091,-8.568049401044846,0.21642912924289703,0.32116708159446716,0.6738832889361271
12,32,0.3,0.001,8,2,10.560746192932129,0.3853971064090729,-10.175349086523056,0.24202406406402588,0.32116708159446716,0.7535768076306961
12,16,0.2,0.0005,16,1,9.17540454864502,0.46097123622894287,-8.714433312416077,0.3138207197189331,0.32116708159446716,0.9771260434317792
12,32,0.3,0.0005,8,2,10.686408042907715,0.5056500434875488,-10.180757999420166,0.23868873715400696,0.32116708159446716,0.7431917865586101
12,32,0.0,0.0001,8,2,9.834497451782227,0.5424292683601379,-9.292068183422089,0.11609939485788345,0.32116708159446716,0.3614921998901507
12,64,0.3,0.005,16,2,8.164811134338379,0.618398129940033,-7.546413004398346,0.3452278673648834,0.32116708159446716,1.074916724500419
12,32,0.1,0.0005,16,1,8.999855041503906,0.71650630235672,-8.283348739147186,0.22795848548412323,0.32116708159446716,0.7097816013783224
12,32,0.0,0.0001,4,1,9.253459930419922,0.7555699944496155,-8.497889935970306,0.3353297710418701,0.32116708159446716,1.0440975749354224
9,64,0.3,0.001,16,2,10.022777557373047,0.7564390897750854,-9.266338467597961,1.7492926120758057,1.7517644166946411,0.9985889628792098
12,32,0.1,0.005,4,2,9.425806999206543,0.7765817642211914,-8.649225234985352,0.1513584405183792,0.32116708159446716,0.4712763206208575
9,64,0.3,0.0005,4,2,10.24053955078125,0.7991691827774048,-9.441370368003845,2.013370990753174,1.7517644166946411,1.1493389017183895
12,16,0.0,0.0001,4,1,9.712831497192383,0.8097362518310547,-8.903095245361328,0.5952146649360657,0.32116708159446716,1.8532866506151906
12,32,0.2,0.005,8,2,8.214227676391602,0.823054850101471,-7.391172826290131,0.3881353735923767,0.32116708159446716,1.208515429618249
12,8,0.2,0.0005,4,1,9.70893669128418,0.8365318775177002,-8.87240481376648,0.16344816982746124,0.32116708159446716,0.5089194353792609
12,16,0.2,0.005,8,2,8.624591827392578,0.8430865406990051,-7.781505286693573,0.7740993499755859,0.32116708159446716,2.410269901051159
12,64,0.1,0.0001,8,1,9.782517433166504,0.8698204159736633,-8.91269701719284,0.5799474120140076,0.32116708159446716,1.805749858095041
12,16,0.1,0.0005,16,1,9.765829086303711,0.8940579891204834,-8.871771097183228,0.5279213190078735,0.32116708159446716,1.6437591187333198
9,64,0.3,0.001,4,2,9.591338157653809,0.8944481611251831,-8.696889996528625,1.975242257118225,1.7517644166946411,1.1275729991394954
12,64,0.0,0.0001,16,1,10.058404922485352,0.9155599474906921,-9.14284497499466,0.2711445093154907,0.32116708159446716,0.8442475111999829
9,16,0.1,0.005,8,2,9.040365219116211,0.9176824688911438,-8.122682750225067,1.5442025661468506,1.7517644166946411,0.8815126916783516
12,16,0.4,0.0005,8,2,8.776338577270508,0.9977521896362305,-7.778586387634277,1.0877642631530762,0.32116708159446716,3.386910818358962
12,64,0.1,0.005,4,2,8.591609001159668,1.0012403726577759,-7.590368628501892,0.23647551238536835,0.32116708159446716,0.7363005922380377
12,8,0.2,0.001,8,2,9.883501052856445,1.0349433422088623,-8.848557710647583,0.03807849809527397,0.32116708159446716,0.1185628922685019
12,8,0.2,0.005,8,2,7.89634895324707,1.0558987855911255,-6.840450167655945,0.6757279634475708,0.32116708159446716,2.103976410324649
12,64,0.2,0.005,4,2,8.315813064575195,1.0879582166671753,-7.22785484790802,0.4378605782985687,0.32116708159446716,1.3633420216192913
12,64,0.0,0.0001,16,2,9.862613677978516,1.1093460321426392,-8.753267645835876,0.10658567398786545,0.32116708159446716,0.33186985870005686
12,8,0.3,0.001,16,1,9.858648300170898,1.1096364259719849,-8.749011874198914,0.17285603284835815,0.32116708159446716,0.5382121728982825
12,8,0.3,0.001,16,2,10.977147102355957,1.1132858991622925,-9.863861203193665,0.02079424262046814,0.32116708159446716,0.06474587157946878
12,8,0.4,0.001,8,1,9.791787147521973,1.139280915260315,-8.652506232261658,0.132796972990036,0.32116708159446716,0.413482516112024
9,32,0.1,0.0001,4,1,9.34821605682373,1.147126317024231,-8.2010897397995,0.710989773273468,1.7517644166946411,0.40587065617819557
9,64,0.0,0.0001,16,1,9.812860488891602,1.1534779071807861,-8.659382581710815,0.5620157122612,1.7517644166946411,0.3208283641938868
12,64,0.4,0.001,4,2,8.888843536376953,1.1744047403335571,-7.714438796043396,0.7227880954742432,0.32116708159446716,2.2505049144074385
9,8,0.0,0.0005,16,1,9.200861930847168,1.1754343509674072,-8.02542757987976,0.6282605528831482,1.7517644166946411,0.3586444312349926
9,8,0.2,0.001,8,1,9.176913261413574,1.207999587059021,-7.968913674354553,1.319115400314331,1.7517644166946411,0.7530210042759835
12,8,0.1,0.0001,4,1,9.964658737182617,1.209771752357483,-8.754886984825134,0.5920337438583374,0.32116708159446716,1.8433823943572445
12,16,0.4,0.005,4,2,7.415111064910889,1.24259352684021,-6.172517538070679,0.8454455733299255,0.32116708159446716,2.6324166509613116
9,64,0.0,0.0001,16,2,9.743645668029785,1.2478492259979248,-8.49579644203186,0.43226727843284607,1.7517644166946411,0.24676107946551398
9,32,0.3,0.0001,4,1,9.785722732543945,1.2718855142593384,-8.513837218284607,0.8915038704872131,1.7517644166946411,0.5089176729422148
12,16,0.3,0.005,8,2,8.02966594696045,1.2766482830047607,-6.7530176639556885,0.5373231172561646,0.32116708159446716,1.6730329727086861
9,8,0.3,0.001,16,1,9.585556983947754,1.3397161960601807,-8.245840787887573,0.4032857418060303,1.7517644166946411,0.23021688188356954
9,64,0.2,0.0001,16,1,10.0324125289917,1.341889500617981,-8.690523028373718,0.6274617314338684,1.7517644166946411,0.35818842160169556
9,32,0.4,0.0005,16,2,10.664895057678223,1.3485479354858398,-9.316347122192383,0.7987540364265442,1.7517644166946411,0.4559711504665065
9,32,0.0,0.0001,8,2,9.563653945922852,1.3485558032989502,-8.215098142623901,0.29387328028678894,1.7517644166946411,0.16775844827427813
12,32,0.3,0.0005,4,2,10.724274635314941,1.355489730834961,-9.36878490447998,0.1341746598482132,0.32116708159446716,0.4177721427180184
12,16,0.2,0.001,16,2,10.272967338562012,1.3580188751220703,-8.914948463439941,0.2239508181810379,0.32116708159446716,0.6973031515845612
12,16,0.3,0.001,16,2,10.622491836547852,1.3585606813430786,-9.263931155204773,0.2557052671909332,0.32116708159446716,0.7961752055081673
9,64,0.3,0.0001,8,1,9.467741012573242,1.3730946779251099,-8.094646334648132,0.4453611969947815,1.7517644166946411,0.25423578236343103
12,16,0.0,0.0001,8,2,10.066468238830566,1.3813369274139404,-8.685131311416626,0.061311863362789154,0.32116708159446716,0.1909033237727854
12,16,0.0,0.0001,16,2,10.013106346130371,1.4020564556121826,-8.611049890518188,0.12811562418937683,0.32116708159446716,0.39890646187440376
9,32,0.4,0.0001,4,2,10.54454517364502,1.4039759635925293,-9.14056921005249,0.6308940649032593,1.7517644166946411,0.3601477795134559
9,8,0.0,0.0005,16,2,9.760865211486816,1.4066542387008667,-8.35421097278595,0.19853845238685608,1.7517644166946411,0.11333627426995757
9,64,0.4,0.0001,8,1,9.620363235473633,1.409053921699524,-8.211309313774109,0.5442078709602356,1.7517644166946411,0.3106627042847961
9,64,0.4,0.0001,16,1,9.868624687194824,1.422468662261963,-8.446156024932861,0.49465441703796387,1.7517644166946411,0.2823749656767857
9,16,0.0,0.0005,16,2,9.758890151977539,1.4500818252563477,-8.308808326721191,0.6985644698143005,1.7517644166946411,0.39877763422801094
12,8,0.3,0.001,8,2,10.715110778808594,1.4673819541931152,-9.247728824615479,0.22189472615718842,0.32116708159446716,0.6909012127132367
9,64,0.2,0.0001,8,1,9.710271835327148,1.4698182344436646,-8.240453600883484,0.743952214717865,1.7517644166946411,0.4246873652803207
12,8,0.0,0.0001,4,1,10.18313980102539,1.471778154373169,-8.711361646652222,0.3313126564025879,0.32116708159446716,1.0315897094987194
12,16,0.1,0.005,8,2,9.6353759765625,1.5085170269012451,-8.126858949661255,0.25731155276298523,0.32116708159446716,0.8011766071589138
12,32,0.2,0.0001,4,1,9.909956932067871,1.5169384479522705,-8.3930184841156,0.47394436597824097,0.32116708159446716,1.4756940955009934
9,16,0.0,0.0005,16,1,9.91416072845459,1.5226835012435913,-8.391477227210999,0.4814791679382324,1.7517644166946411,0.2748538349961024
12,32,0.1,0.0001,4,1,10.09246826171875,1.530805230140686,-8.561663031578064,0.48118820786476135,0.32116708159446716,1.4982488413066892
12,64,0.3,0.0005,16,2,10.826885223388672,1.534437656402588,-9.292447566986084,0.15519413352012634,0.32116708159446716,0.48321930363986565
12,8,0.1,0.005,4,2,8.458479881286621,1.573678731918335,-6.884801149368286,0.15592581033706665,0.32116708159446716,0.48549748486973465
9,32,0.0,0.0001,8,1,9.89305591583252,1.5755722522735596,-8.31748366355896,0.2979457974433899,1.7517644166946411,0.17008325697446014
12,64,0.1,0.0001,16,1,10.055872917175293,1.5773000717163086,-8.478572845458984,0.4700385332107544,0.32116708159446716,1.463532722211752
12,32,0.3,0.0001,8,1,9.97571849822998,1.5794425010681152,-8.396275997161865,0.1741136908531189,0.32116708159446716,0.5421280723687916
12,32,0.3,0.0001,4,1,10.049222946166992,1.5821892023086548,-8.467033743858337,0.352836549282074,0.32116708159446716,1.0986074523278677
12,16,0.0,0.0005,16,1,9.945221900939941,1.585453748703003,-8.359768152236938,0.5803776383399963,0.32116708159446716,1.80708942977173
6,16,0.1,0.0001,4,1,10.57301139831543,1.589716911315918,-8.983294486999512,3.305454730987549,4.662766456604004,0.7089042013472373
9,32,0.0,0.0005,16,1,9.403840065002441,1.5962060689926147,-7.807633996009827,0.5077322125434875,1.7517644166946411,0.28984046467932845
12,64,0.4,0.0001,8,1,10.003615379333496,1.6051281690597534,-8.398487210273743,0.588009238243103,0.32116708159446716,1.8308515160516152
12,8,0.0,0.0005,16,2,10.033600807189941,1.6324089765548706,-8.40119183063507,0.17172986268997192,0.32116708159446716,0.5347056797894768
9,8,0.0,0.0005,8,2,9.824356079101562,1.6390175819396973,-8.185338497161865,0.15286339819431305,1.7517644166946411,0.08726253184360659
12,16,0.0,0.0001,4,2,9.956928253173828,1.6690398454666138,-8.287888407707214,0.053117841482162476,0.32116708159446716,0.1653900556011328
12,16,0.4,0.0005,4,2,9.832195281982422,1.6754907369613647,-8.156704545021057,0.07165773957967758,0.32116708159446716,0.22311670057817048
9,32,0.4,0.001,16,2,9.969171524047852,1.693756103515625,-8.275415420532227,1.916494369506836,1.7517644166946411,1.0940365903327456
12,64,0.0,0.0001,8,1,10.04194164276123,1.6994894742965698,-8.34245216846466,0.12423204630613327,0.32116708159446716,0.38681438237496335
12,8,0.4,0.001,8,2,10.104263305664062,1.7150813341140747,-8.389181971549988,0.0034594133030623198,0.32116708159446716,0.010771381942033737
12,8,0.0,0.001,8,2,10.055814743041992,1.716641902923584,-8.339172840118408,0.0656108409166336,0.32116708159446716,0.2042888100203228
12,32,0.1,0.005,8,2,9.46431827545166,1.7249945402145386,-7.739323735237122,0.12221305072307587,0.32116708159446716,0.38052794861894484
9,32,0.2,0.0001,8,1,10.240589141845703,1.7414292097091675,-8.499159932136536,0.45198553800582886,1.7517644166946411,0.2580173074063627
9,16,0.0,0.0001,8,2,9.917630195617676,1.750321626663208,-8.167308568954468,0.4177095293998718,1.7517644166946411,0.23845074452878606
9,32,0.0,0.0001,16,1,10.351633071899414,1.7620625495910645,-8.58957052230835,0.9523261785507202,1.7517644166946411,0.5436382709198077
9,16,0.2,0.0005,16,1,10.062286376953125,1.762147068977356,-8.300139307975769,0.569082498550415,1.7517644166946411,0.324862460458126
9,16,0.1,0.0001,8,1,10.151994705200195,1.7779862880706787,-8.374008417129517,0.8215041160583496,1.7517644166946411,0.4689581020308795
9,64,0.3,0.0001,16,1,9.693960189819336,1.781463861465454,-7.912496328353882,0.8068661689758301,1.7517644166946411,0.4606019857957184
9,8,0.1,0.0005,8,1,9.557425498962402,1.7932074069976807,-7.764218091964722,0.8609442710876465,1.7517644166946411,0.4914726334675412
12,16,0.4,0.0005,16,1,9.955788612365723,1.795046091079712,-8.16074252128601,0.6945645213127136,0.32116708159446716,2.162626748247287
9,8,0.1,0.001,8,1,8.652021408081055,1.7997723817825317,-6.852249026298523,1.5392602682113647,1.7517644166946411,0.878691365997578
12,64,0.3,0.0001,8,1,10.107131004333496,1.8086384534835815,-8.298492550849915,0.2694431245326996,0.32116708159446716,0.838950004449464
9,32,0.3,0.0005,4,2,10.504590034484863,1.8354073762893677,-8.669182658195496,1.634993553161621,1.7517644166946411,0.9333410004106877
12,8,0.0,0.0001,8,2,10.170716285705566,1.8458137512207031,-8.324902534484863,0.1330775022506714,0.32116708159446716,0.41435598439913074
9,8,0.0,0.0001,4,2,9.955493927001953,1.851054072380066,-8.104439854621887,0.1045253798365593,1.7517644166946411,0.05966862829294451
12,32,0.2,0.0001,16,1,10.255175590515137,1.8582966327667236,-8.396878957748413,0.4121752977371216,0.32116708159446716,1.283367198440247
9,16,0.2,0.005,16,2,9.124739646911621,1.8591443300247192,-7.265595316886902,0.43013548851013184,1.7517644166946411,0.2455441407593741
9,16,0.0,0.0001,16,2,9.956260681152344,1.8683956861495972,-8.087864995002747,0.2318829894065857,1.7517644166946411,0.13237110378353253
12,8,0.3,0.005,4,2,7.470345497131348,1.8772311210632324,-5.593114376068115,1.355499267578125,0.32116708159446716,4.220542344653159
12,16,0.3,0.001,4,2,10.427504539489746,1.8795644044876099,-8.547940135002136,0.7697834968566895,0.32116708159446716,2.396831870299471
9,32,0.4,0.0001,4,1,9.937623023986816,1.8798595666885376,-8.057763457298279,1.1306025981903076,1.7517644166946411,0.6454079026925392
9,32,0.1,0.005,8,2,8.59627914428711,1.8835521936416626,-6.712726950645447,0.6327002048492432,1.7517644166946411,0.3611788199483289
9,32,0.0,0.0001,16,2,10.043787002563477,1.893560528755188,-8.150226473808289,0.31404441595077515,1.7517644166946411,0.17927320189739748
12,64,0.4,0.0001,16,1,10.172142028808594,1.9045324325561523,-8.267609596252441,0.20291785895824432,0.32116708159446716,0.6318140014563063
9,16,0.4,0.0005,16,1,9.835501670837402,1.9062256813049316,-7.929275989532471,0.5842247009277344,1.7517644166946411,0.3335064323489872
9,32,0.3,0.0001,8,1,10.037361145019531,1.9063446521759033,-8.131016492843628,0.858880341053009,1.7517644166946411,0.4902944327831525
12,8,0.4,0.001,16,2,10.130534172058105,1.9160301685333252,-8.21450400352478,0.009999255649745464,0.32116708159446716,0.031134123709388666
9,16,0.3,0.0005,16,1,10.076906204223633,1.930345892906189,-8.146560311317444,0.8584399819374084,1.7517644166946411,0.4900430524540375
12,64,0.2,0.001,4,2,10.151642799377441,1.943203330039978,-8.208439469337463,0.42377811670303345,0.32116708159446716,1.31949424766431
9,64,0.0,0.0001,4,1,9.085472106933594,1.9687888622283936,-7.1166832447052,0.7940589189529419,1.7517644166946411,0.453290928497812
9,32,0.3,0.001,16,2,11.310139656066895,1.9717365503311157,-9.338403105735779,1.0033472776412964,1.7517644166946411,0.5727638191980668
9,8,0.1,0.005,16,2,10.331710815429688,1.981648325920105,-8.350062489509583,0.469608873128891,1.7517644166946411,0.2680776414073896
9,16,0.0,0.0001,8,1,10.184364318847656,1.9831753969192505,-8.201188921928406,0.5776208639144897,1.7517644166946411,0.32973661207503435
12,16,0.3,0.0005,4,2,8.65378475189209,2.0098931789398193,-6.6438915729522705,0.6321649551391602,0.32116708159446716,1.9683367049970124
9,8,0.3,0.0005,16,1,9.681382179260254,2.015239953994751,-7.666142225265503,1.1810991764068604,1.7517644166946411,0.6742340266480842
9,16,0.1,0.0001,4,1,10.026288032531738,2.020143747329712,-8.006144285202026,0.5959775447845459,1.7517644166946411,0.3402155787072559
9,16,0.3,0.001,16,2,9.947369575500488,2.0256714820861816,-7.921698093414307,1.4851484298706055,1.7517644166946411,0.8478014598977262
9,8,0.4,0.001,16,1,9.573907852172852,2.034824848175049,-7.539083003997803,0.9006519913673401,1.7517644166946411,0.5141399053342783
9,64,0.1,0.005,8,2,8.713506698608398,2.0357825756073,-6.677724123001099,0.3971171975135803,1.7517644166946411,0.22669554977197817
9,8,0.4,0.0005,8,1,10.306755065917969,2.04001784324646,-8.266737222671509,0.5049766898155212,1.7517644166946411,0.28826746622034294
12,32,0.4,0.0001,8,1,10.20296573638916,2.046154499053955,-8.156811237335205,0.37943291664123535,0.32116708159446716,1.1814190755711993
9,32,0.1,0.0001,8,1,10.202542304992676,2.0523569583892822,-8.150185346603394,0.8388704061508179,1.7517644166946411,0.4788717011010309
12,64,0.3,0.0001,16,1,10.250935554504395,2.0567896366119385,-8.194145917892456,0.22305595874786377,0.32116708159446716,0.6945168777587024
12,8,0.2,0.0005,8,1,10.029903411865234,2.0573322772979736,-7.972571134567261,0.1311967372894287,0.32116708159446716,0.40849995160801955
12,64,0.0,0.005,4,2,8.028485298156738,2.065528392791748,-5.96295690536499,3.172741174697876,0.32116708159446716,9.878786950849616
9,8,0.2,0.0005,8,1,9.86892318725586,2.088155746459961,-7.780767440795898,0.9814634323120117,1.7517644166946411,0.5602713600975578
12,8,0.1,0.001,8,1,9.603891372680664,2.0908405780792236,-7.51305079460144,0.4613212049007416,0.32116708159446716,1.436390064045371
12,32,0.0,0.0001,16,2,10.200721740722656,2.091012716293335,-8.109709024429321,0.07461071014404297,0.32116708159446716,0.23231120005708678
9,16,0.4,0.0001,8,1,10.164471626281738,2.0932955741882324,-8.071176052093506,0.7823314666748047,1.7517644166946411,0.44659627699880194
9,32,0.0,0.0001,4,2,9.133770942687988,2.1037497520446777,-7.0300211906433105,0.9104130864143372,1.7517644166946411,0.5197120558780227
9,8,0.2,0.0005,4,1,9.440072059631348,2.1050667762756348,-7.335005283355713,1.379714846611023,1.7517644166946411,0.787614380941914
12,8,0.1,0.0005,8,1,10.044889450073242,2.108430862426758,-7.936458587646484,0.6184554100036621,0.32116708159446716,1.9256500601907154
9,32,0.2,0.005,16,2,10.404088020324707,2.109074592590332,-8.295013427734375,0.48468610644340515,1.7517644166946411,0.2766845255128237
12,8,0.1,0.0005,16,1,10.233657836914062,2.1244099140167236,-8.109247922897339,0.18627828359603882,0.32116708159446716,0.5800042852188992
9,32,0.3,0.0005,8,2,11.320807456970215,2.1330535411834717,-9.187753915786743,1.8770067691802979,1.7517644166946411,1.0714949746050746
9,8,0.3,0.0001,4,1,10.140758514404297,2.138394355773926,-8.002364158630371,0.5770244002342224,1.7517644166946411,0.3293961189844207
9,64,0.1,0.0001,16,1,10.157931327819824,2.1401684284210205,-8.017762899398804,0.45736587047576904,1.7517644166946411,0.2610886864220937
9,64,0.0,0.0001,8,1,9.317994117736816,2.1483893394470215,-7.169604778289795,0.7330756187438965,1.7517644166946411,0.4184784276684406
9,32,0.3,0.0001,16,1,10.359662055969238,2.153247833251953,-8.206414222717285,0.9733325242996216,1.7517644166946411,0.5556298067386124
9,32,0.4,0.0001,8,1,10.271074295043945,2.159130811691284,-8.111943483352661,0.5756641030311584,1.7517644166946411,0.3286195892238547
12,32,0.3,0.001,4,2,11.36004638671875,2.1661205291748047,-9.193925857543945,0.4904713034629822,0.32116708159446716,1.5271530974718415
9,32,0.1,0.0005,16,1,8.777079582214355,2.1679177284240723,-6.609161853790283,0.8994213938713074,1.7517644166946411,0.5134374150426017
9,8,0.2,0.001,16,1,10.049369812011719,2.1679673194885254,-7.881402492523193,1.0196532011032104,1.7517644166946411,0.5820721047794587
12,16,0.0,0.0001,8,1,10.416621208190918,2.1687545776367188,-8.2478666305542,0.07759403437376022,0.32116708159446716,0.24160021004810525
9,8,0.1,0.0005,16,1,10.036589622497559,2.190842866897583,-7.845746755599976,0.9377149343490601,1.7517644166946411,0.5352973981047121
9,32,0.2,0.0001,16,1,10.17485523223877,2.197997570037842,-7.976857662200928,0.6743029952049255,1.7517644166946411,0.3849278982828355
6,64,0.0,0.0001,8,1,10.137090682983398,2.201507329940796,-7.9355833530426025,2.47434663772583,4.662766456604004,0.5306606412211242
9,16,0.2,0.0001,4,1,10.029736518859863,2.2410402297973633,-7.7886962890625,0.5190500020980835,1.7517644166946411,0.29630125897720055
12,8,0.2,0.001,8,1,9.881550788879395,2.251709222793579,-7.629841566085815,0.07666140794754028,0.32116708159446716,0.23869634324584824
12,8,0.3,0.0005,4,1,10.201881408691406,2.25870680809021,-7.943174600601196,0.1556864082813263,0.32116708159446716,0.4847520720629432
9,8,0.0,0.0005,8,1,9.561014175415039,2.2620155811309814,-7.298998594284058,0.8702734112739563,1.7517644166946411,0.49679820127643226
12,64,0.3,0.001,4,2,8.60387897491455,2.262521743774414,-6.341357231140137,0.3372489809989929,0.32116708159446716,1.0500733117624805
6,16,0.0,0.0001,8,1,10.247822761535645,2.2641513347625732,-7.983671426773071,2.3664417266845703,4.662766456604004,0.5075188192908341
12,32,0.2,0.005,16,2,9.473878860473633,2.298492431640625,-7.175386428833008,0.40804892778396606,0.32116708159446716,1.2705191508362719
9,16,0.3,0.0001,8,1,10.299056053161621,2.3076019287109375,-7.991454124450684,0.5737724900245667,1.7517644166946411,0.3275397562345758
9,8,0.2,0.001,4,2,9.454370498657227,2.337350606918335,-7.117019891738892,0.34652504324913025,1.7517644166946411,0.19781486594126588
9,16,0.1,0.0005,16,1,9.806142807006836,2.383800745010376,-7.42234206199646,1.5475116968154907,1.7517644166946411,0.8834017188997654
9,8,0.2,0.0001,4,1,10.056928634643555,2.3840739727020264,-7.672854661941528,1.2568285465240479,1.7517644166946411,0.7174643659536852
9,32,0.2,0.0001,4,1,9.124581336975098,2.384488344192505,-6.740092992782593,0.7645069360733032,1.7517644166946411,0.4364210899521704
12,8,0.2,0.001,16,1,9.820878028869629,2.400545597076416,-7.420332431793213,0.6364868879318237,0.32116708159446716,1.9817936656892694
12,16,0.0,0.0001,16,1,10.355725288391113,2.422532081604004,-7.933193206787109,0.2373144030570984,0.32116708159446716,0.7389125992580763
9,16,0.0,0.0001,4,2,9.320051193237305,2.4238617420196533,-6.896189451217651,0.3937838673591614,1.7517644166946411,0.22479270820113012
9,8,0.0,0.001,16,1,9.994074821472168,2.4260213375091553,-7.568053483963013,0.9804085493087769,1.7517644166946411,0.5596691769539904
9,16,0.2,0.001,16,2,10.893505096435547,2.4356114864349365,-8.45789361000061,0.25628215074539185,1.7517644166946411,0.1462994386134204
6,16,0.4,0.0001,4,1,10.499899864196777,2.4551563262939453,-8.044743537902832,2.5420196056365967,4.662766456604004,0.5451741212636255
12,8,0.0,0.0001,4,2,10.243987083435059,2.4555439949035645,-7.788443088531494,0.23749378323554993,0.32116708159446716,0.7394711252986685
9,8,0.2,0.0005,16,1,10.221373558044434,2.4636595249176025,-7.757714033126831,0.4743451178073883,1.7517644166946411,0.27078134096502415
6,8,0.0,0.0005,16,1,10.726397514343262,2.4670679569244385,-8.259329557418823,2.795602798461914,4.662766456604004,0.5995588293946023
12,64,0.4,0.005,4,2,7.2192888259887695,2.4826812744140625,-4.736607551574707,1.7377138137817383,0.32116708159446716,5.410622424797332
9,8,0.1,0.001,16,1,8.627469062805176,2.4932022094726562,-6.1342668533325195,0.9248782396316528,1.7517644166946411,0.5279695322141442
9,8,0.1,0.0001,4,1,10.353667259216309,2.4938085079193115,-7.859858751296997,0.41770488023757935,1.7517644166946411,0.2384480905404711
12,32,0.3,0.001,16,2,11.242704391479492,2.495173454284668,-8.747530937194824,0.02831796184182167,0.32116708159446716,0.08817205580732067
12,16,0.1,0.0001,8,1,10.388961791992188,2.4980218410491943,-7.890939950942993,0.6688684821128845,0.32116708159446716,2.082618426496943
6,16,0.2,0.0005,8,1,9.689769744873047,2.5100696086883545,-7.179700136184692,2.5473060607910156,4.662766456604004,0.546307880632365
9,32,0.4,0.0001,16,1,10.404900550842285,2.512847900390625,-7.89205265045166,0.17155177891254425,1.7517644166946411,0.09793085033445356
9,16,0.4,0.0005,4,2,8.728180885314941,2.5412027835845947,-6.186978101730347,2.2570974826812744,1.7517644166946411,1.2884709046323324
6,64,0.0,0.0001,16,1,10.568592071533203,2.5479423999786377,-8.020649671554565,2.2541356086730957,4.662766456604004,0.4834330927041181
12,64,0.1,0.005,8,2,10.212921142578125,2.5495893955230713,-7.663331747055054,0.037784479558467865,0.32116708159446716,0.11764742317575921
9,16,0.0,0.0001,4,1,10.363460540771484,2.5546603202819824,-7.808800220489502,0.4230804443359375,1.7517644166946411,0.24151674751690472
9,64,0.4,0.0001,8,2,9.82558822631836,2.5613951683044434,-7.264193058013916,0.5364778637886047,1.7517644166946411,0.3062500063797796
6,32,0.0,0.0001,8,1,10.669276237487793,2.58815860748291,-8.081117630004883,2.203665018081665,4.662766456604004,0.4726089197456059
9,16,0.3,0.0005,8,2,12.12080192565918,2.594236135482788,-9.526565790176392,0.6079655885696411,1.7517644166946411,0.3470589896538689
9,64,0.3,0.001,8,2,11.3511323928833,2.607539653778076,-8.743592739105225,2.169945478439331,1.7517644166946411,1.2387199201898078
12,16,0.0,0.0005,8,2,8.61441421508789,2.6223597526550293,-5.992054462432861,0.1492955982685089,0.32116708159446716,0.4648533639478725
12,8,0.4,0.001,16,1,10.331437110900879,2.636106252670288,-7.695330858230591,0.44756513833999634,0.32116708159446716,1.3935585680761957
9,64,0.3,0.005,16,2,7.953623294830322,2.648759365081787,-5.304863929748535,1.603845477104187,1.7517644166946411,0.9155600272612235
9,64,0.1,0.0001,8,1,9.273689270019531,2.6514217853546143,-6.622267484664917,0.7938318252563477,1.7517644166946411,0.45316129137627326
12,64,0.2,0.0001,16,1,10.295968055725098,2.663687229156494,-7.6322808265686035,0.11943203210830688,0.32116708159446716,0.37186884631941175
12,32,0.1,0.0001,16,1,10.435220718383789,2.680701732635498,-7.754518985748291,0.598527729511261,0.32116708159446716,1.863602354699019
12,64,0.2,0.005,8,2,7.812817573547363,2.682530164718628,-5.130287408828735,0.21176734566688538,0.32116708159446716,0.6593681538454829
6,32,0.4,0.0001,8,1,10.492486000061035,2.689588785171509,-7.802897214889526,2.487870931625366,4.662766456604004,0.5335611283086517
6,32,0.0,0.0001,4,1,9.765868186950684,2.692178249359131,-7.073689937591553,2.6722164154052734,4.662766456604004,0.5730967742595258
6,32,0.1,0.0001,4,1,9.618891716003418,2.7099738121032715,-6.9089179039001465,2.981468439102173,4.662766456604004,0.6394204957186816
12,16,0.2,0.0001,4,1,10.18144416809082,2.7181551456451416,-7.463289022445679,0.15425072610378265,0.32116708159446716,0.4802818686709391
9,64,0.3,0.0005,16,2,12.187243461608887,2.7494943141937256,-9.437749147415161,0.6431115865707397,1.7517644166946411,0.3671221886012563
12,16,0.1,0.005,4,2,7.817936897277832,2.757028341293335,-5.060908555984497,0.4866147041320801,0.32116708159446716,1.515145019583673
12,8,0.3,0.0005,16,1,10.127595901489258,2.770247220993042,-7.357348680496216,0.23707501590251923,0.32116708159446716,0.738167232848198
6,8,0.4,0.001,8,2,11.254382133483887,2.778369903564453,-8.476012229919434,2.0641913414001465,4.662766456604004,0.4426967039013021
6,64,0.1,0.0001,16,1,10.644678115844727,2.7802298069000244,-7.864448308944702,1.97523033618927,4.662766456604004,0.42361768588939236
12,8,0.3,0.005,8,2,8.260998725891113,2.7807369232177734,-5.48026180267334,0.410359263420105,0.32116708159446716,1.277712713839893
12,8,0.2,0.0005,16,1,10.188899993896484,2.7820208072662354,-7.406879186630249,0.26091527938842773,0.32116708159446716,0.8123973294307961
9,16,0.3,0.0001,4,1,10.072356224060059,2.799867630004883,-7.272488594055176,0.7181012630462646,1.7517644166946411,0.40993027156084794
12,32,0.0,0.0001,8,1,10.26740837097168,2.818763494491577,-7.4486448764801025,0.32702919840812683,0.32116708159446716,1.0182525456362357
9,8,0.4,0.0001,16,1,10.325644493103027,2.8224828243255615,-7.503161668777466,0.4162013530731201,1.7517644166946411,0.2375897975245094
9,16,0.4,0.0001,16,1,10.753362655639648,2.8237476348876953,-7.929615020751953,0.8727486729621887,1.7517644166946411,0.49821121187571304
12,32,0.1,0.0001,8,1,10.279091835021973,2.8251895904541016,-7.453902244567871,0.08925016969442368,0.32116708159446716,0.27789326742744613
12,16,0.2,0.005,16,2,7.970480918884277,2.8495523929595947,-5.120928525924683,0.3523341715335846,0.32116708159446716,1.0970432267976693
3,8,0.0,0.0001,4,2,10.61890697479248,2.8563525676727295,-7.762554407119751,2.4494571685791016,4.9130449295043945,0.49856193129220816
9,8,0.4,0.0005,8,2,10.441051483154297,2.856984853744507,-7.58406662940979,0.34199970960617065,1.7517644166946411,0.19523156558430446
6,64,0.1,0.0001,8,1,9.815390586853027,2.8651881217956543,-6.950202465057373,2.2429449558258057,4.662766456604004,0.48103308984070203
9,16,0.4,0.0001,4,1,10.536630630493164,2.86897873878479,-7.667651891708374,0.46085911989212036,1.7517644166946411,0.2630828183858783
9,16,0.1,0.001,4,2,10.447330474853516,2.871572971343994,-7.5757575035095215,0.41810017824172974,1.7517644166946411,0.23867374759822563
6,8,0.3,0.0005,4,2,11.103659629821777,2.8869311809539795,-8.216728448867798,2.430530548095703,4.662766456604004,0.5212636255142644
9,16,0.2,0.005,4,2,7.844427585601807,2.893273115158081,-4.951154470443726,0.7412977814674377,1.7517644166946411,0.42317207405444013
9,64,0.3,0.0001,4,2,11.614875793457031,2.8942415714263916,-8.72063422203064,0.3803422451019287,1.7517644166946411,0.2171195176001957
12,8,0.0,0.0005,16,1,10.287659645080566,2.909052848815918,-7.378606796264648,0.8203166127204895,0.32116708159446716,2.5541740101380968
12,16,0.2,0.005,4,1,7.278119087219238,2.9175009727478027,-4.3606181144714355,1.2755591869354248,0.32116708159446716,3.971637381399051
9,16,0.2,0.0001,8,1,10.524188995361328,2.930868148803711,-7.593320846557617,0.6292508244514465,1.7517644166946411,0.35920973074608037
9,8,0.2,0.0001,8,1,10.200958251953125,2.949136734008789,-7.251821517944336,0.4911143481731415,1.7517644166946411,0.2803541066896498
9,8,0.0,0.0001,8,2,10.424724578857422,2.951287031173706,-7.473437547683716,0.17703329026699066,1.7517644166946411,0.10105998762152629
3,8,0.1,0.0001,4,1,10.566842079162598,2.9645211696624756,-7.602320909500122,3.1531991958618164,4.9130449295043945,0.6418014166583037
12,8,0.0,0.001,16,1,10.178620338439941,2.970301866531372,-7.208318471908569,0.5550922155380249,0.32116708159446716,1.7283596213603594
9,16,0.3,0.0001,16,1,10.711771965026855,2.9790377616882324,-7.732734203338623,1.0134283304214478,1.7517644166946411,0.5785186185786667
9,32,0.2,0.0005,8,2,11.33324146270752,2.993589162826538,-8.339652299880981,0.5047383308410645,1.7517644166946411,0.2881313982809641
6,32,0.0,0.0001,16,2,10.52733325958252,2.9987878799438477,-7.528545379638672,1.5721064805984497,4.662766456604004,0.33716174619293493
6,64,0.3,0.0001,8,1,10.0692138671875,2.9993343353271484,-7.069879531860352,2.1536545753479004,4.662766456604004,0.4618834323768501
6,16,0.3,0.001,8,2,11.219449996948242,3.0016050338745117,-8.21784496307373,2.889420986175537,4.662766456604004,0.6196795428351706
12,32,0.4,0.0001,16,1,10.641901969909668,3.0125792026519775,-7.62932276725769,0.33805614709854126,0.32116708159446716,1.0525865397544063
9,8,0.0,0.0001,4,1,10.827828407287598,3.014216661453247,-7.813611745834351,1.4658128023147583,1.7517644166946411,0.8367636585977483
12,32,0.0,0.0001,16,1,10.645377159118652,3.0143826007843018,-7.630994558334351,0.518161416053772,0.32116708159446716,1.6133702541409476
9,8,0.0,0.0001,8,1,10.72859001159668,3.023362159729004,-7.705227851867676,0.931848406791687,1.7517644166946411,0.5319484731571199
9,32,0.1,0.0001,16,1,10.636120796203613,3.050895929336548,-7.585224866867065,0.4872051775455475,1.7517644166946411,0.27812254484814936
9,64,0.1,0.005,4,2,8.291532516479492,3.0629148483276367,-5.2286176681518555,0.3519224226474762,1.7517644166946411,0.2008959762474851
6,32,0.3,0.001,4,2,10.81385326385498,3.064215660095215,-7.749637603759766,3.676466941833496,4.662766456604004,0.7884733185867405
9,64,0.2,0.005,16,2,11.126595497131348,3.0748374462127686,-8.051758050918579,0.6740102171897888,1.7517644166946411,0.38476076506997514
9,32,0.3,0.001,4,2,11.112906455993652,3.1117191314697266,-8.001187324523926,1.7756258249282837,1.7517644166946411,1.0136213568481234
6,64,0.3,0.0001,16,1,10.652084350585938,3.1125950813293457,-7.539489269256592,1.6686705350875854,4.662766456604004,0.3578713518289559
9,64,0.4,0.0001,16,2,11.015074729919434,3.1251931190490723,-7.889881610870361,0.18912670016288757,1.7517644166946411,0.10796354713023903
12,8,0.0,0.001,16,2,8.758517265319824,3.1473021507263184,-5.611215114593506,0.004942982457578182,0.32116708159446716,0.015390688339035978
12,8,0.3,0.0005,8,1,10.11936092376709,3.159899950027466,-6.959460973739624,0.28986915946006775,0.32116708159446716,0.9025494083048062
6,16,0.0,0.0001,8,2,10.163622856140137,3.1708195209503174,-6.992803335189819,1.3123111724853516,4.662766456604004,0.2814447570340327
12,8,0.4,0.0001,8,1,10.519762992858887,3.172731399536133,-7.347031593322754,0.30752161145210266,0.32116708159446716,0.957512861920281
6,8,0.1,0.0001,4,1,10.365365982055664,3.1731884479522705,-7.1921775341033936,1.6422643661499023,4.662766456604004,0.35220815398633537
12,16,0.1,0.0001,4,1,10.458046913146973,3.1966350078582764,-7.261411905288696,0.32422593235969543,0.32116708159446716,1.0095241727453583
9,8,0.2,0.0005,4,2,11.242974281311035,3.197392225265503,-8.045582056045532,0.31599903106689453,1.7517644166946411,0.18038899983089332
6,64,0.2,0.0001,8,1,9.970415115356445,3.2061095237731934,-6.764305591583252,1.7643415927886963,4.662766456604004,0.37838944094869065
12,16,0.4,0.0001,4,1,10.392742156982422,3.2215118408203125,-7.171230316162109,0.6612867712974548,0.32116708159446716,2.0590116770823097
6,32,0.3,0.0001,8,1,10.286775588989258,3.2267889976501465,-7.059986591339111,1.4753658771514893,4.662766456604004,0.3164142769925541
6,16,0.3,0.0005,8,2,10.708128929138184,3.231138229370117,-7.476990699768066,1.3932266235351562,4.662766456604004,0.2987982856318895
9,16,0.3,0.0005,4,2,12.142955780029297,3.2532639503479004,-8.889691829681396,1.2256157398223877,1.7517644166946411,0.6996464411207588
9,8,0.4,0.0001,4,1,10.305542945861816,3.253375768661499,-7.052167177200317,1.7822915315628052,1.7517644166946411,1.01742649558196
6,16,0.0,0.001,16,1,9.851638793945312,3.2621264457702637,-6.589512348175049,1.4280781745910645,4.662766456604004,0.30627272197354816
6,8,0.3,0.0005,8,1,10.304444313049316,3.2673375606536865,-7.03710675239563,1.3592766523361206,4.662766456604004,0.29151720657399427
6,64,0.4,0.0001,16,1,10.692427635192871,3.293278217315674,-7.399149417877197,1.4293756484985352,4.662766456604004,0.3065509846572031
9,8,0.3,0.0001,16,2,10.613214492797852,3.299344778060913,-7.3138697147369385,0.17179690301418304,1.7517644166946411,0.09807078016708558
6,32,0.2,0.005,16,2,10.81711483001709,3.3032617568969727,-7.513853073120117,1.7984795570373535,4.662766456604004,0.38571083792758215
3,32,0.2,0.0001,8,1,10.606155395507812,3.3042986392974854,-7.301856756210327,2.8273956775665283,4.9130449295043945,0.5754874457970289
6,32,0.0,0.0001,4,2,9.698683738708496,3.3092570304870605,-6.3894267082214355,2.311358690261841,4.662766456604004,0.49570543834298203
9,8,0.4,0.0005,16,1,10.843289375305176,3.31567645072937,-7.527612924575806,1.5029085874557495,1.7517644166946411,0.8579398994138429
9,32,0.2,0.005,8,2,7.615518569946289,3.3187503814697266,-4.2967681884765625,0.987823486328125,1.7517644166946411,0.5639020161124311
12,32,0.2,0.0001,8,1,10.45973014831543,3.332463264465332,-7.127266883850098,0.385591059923172,0.32116708159446716,1.2005933422842259
6,32,0.2,0.0001,4,1,9.889730453491211,3.3343212604522705,-6.55540919303894,1.8444063663482666,4.662766456604004,0.39556052903657296
3,32,0.4,0.0001,8,1,11.004627227783203,3.341067314147949,-7.663559913635254,2.857548713684082,4.9130449295043945,0.5816247876186914
6,32,0.4,0.0001,4,1,9.60206127166748,3.3492271900177,-6.25283408164978,1.6315861940383911,4.662766456604004,0.3499180602810443
6,64,0.4,0.0001,4,2,10.752495765686035,3.3542568683624268,-7.398238897323608,3.119516134262085,4.662766456604004,0.6690268884996007
6,8,0.2,0.0005,8,1,10.176186561584473,3.360222101211548,-6.815964460372925,1.6748793125152588,4.662766456604004,0.3592029170028624
12,8,0.4,0.0005,4,2,7.919170379638672,3.3625009059906006,-4.556669473648071,0.02871110662817955,0.32116708159446716,0.08939616876561662
12,64,0.4,0.0005,16,2,10.132803916931152,3.3751888275146484,-6.757615089416504,0.11882444471120834,0.32116708159446716,0.36997703538386345
6,16,0.3,0.0001,8,1,11.161548614501953,3.375444173812866,-7.786104440689087,1.8122632503509521,4.662766456604004,0.38866695709886867
6,32,0.0,0.0001,8,2,9.86629581451416,3.3761725425720215,-6.490123271942139,1.4899674654006958,4.662766456604004,0.3195458059647002
6,32,0.3,0.001,16,2,10.486661911010742,3.3791463375091553,-7.107515573501587,1.7239314317703247,4.662766456604004,0.3697228775695324
6,16,0.2,0.0001,8,1,10.489327430725098,3.384686231613159,-7.1046411991119385,1.2801164388656616,4.662766456604004,0.2745401149252495
3,8,0.4,0.0005,4,1,10.667887687683105,3.389364004135132,-7.278523683547974,2.3316867351531982,4.9130449295043945,0.4745909651977085
6,32,0.1,0.0001,16,1,10.814031600952148,3.3918747901916504,-7.422156810760498,1.3486261367797852,4.662766456604004,0.28923304423057455
9,8,0.0,0.001,8,1,8.396937370300293,3.3989577293395996,-4.997979640960693,2.0071194171905518,1.7517644166946411,1.145770172097532
12,8,0.3,0.0005,4,2,7.96545934677124,3.400212049484253,-4.565247297286987,0.004392713308334351,0.32116708159446716,0.013677346029755824
6,8,0.2,0.001,16,1,10.0341796875,3.4029603004455566,-6.631219387054443,1.1345806121826172,4.662766456604004,0.24332778035144342
12,32,0.3,0.005,16,2,7.213683128356934,3.434074640274048,-3.7796084880828857,0.6663922667503357,0.32116708159446716,2.0749083730560507
3,32,0.4,0.0005,16,1,10.579365730285645,3.4403140544891357,-7.139051675796509,2.204737663269043,4.9130449295043945,0.4487517812077991
12,8,0.3,0.0001,4,2,10.77295970916748,3.4424660205841064,-7.330493688583374,0.010717437602579594,0.32116708159446716,0.03337028673477919
9,64,0.2,0.005,4,2,7.450341701507568,3.4514636993408203,-3.998878002166748,0.7478660941123962,1.7517644166946411,0.4269216151356273
9,8,0.2,0.001,16,2,8.544306755065918,3.453366756439209,-5.090939998626709,0.49274942278862,1.7517644166946411,0.2812874939647285
3,16,0.3,0.001,16,1,10.51783275604248,3.4578335285186768,-7.059999227523804,2.4636807441711426,4.9130449295043945,0.5014569944956044
3,32,0.0,0.0001,16,2,10.819599151611328,3.4635732173919678,-7.35602593421936,2.4228105545043945,4.9130449295043945,0.4931382857817253
6,64,0.3,0.0001,4,2,11.684442520141602,3.479448080062866,-8.204994440078735,1.5719141960144043,4.662766456604004,0.33712050788819997
6,8,0.0,0.0001,16,2,11.360899925231934,3.4885008335113525,-7.872399091720581,2.2857866287231445,4.662766456604004,0.49022112730645606
6,16,0.1,0.0005,16,1,10.538989067077637,3.492445230484009,-7.046543836593628,1.696768045425415,4.662766456604004,0.36389728312946834
3,32,0.2,0.0005,16,1,10.610527038574219,3.4954426288604736,-7.115084409713745,2.175226926803589,4.9130449295043945,0.4427451729050269
6,8,0.2,0.001,8,1,8.727334022521973,3.5043160915374756,-5.223017930984497,3.52575421333313,4.662766456604004,0.7561507199957458
9,8,0.3,0.0005,4,2,11.74393367767334,3.508267402648926,-8.235666275024414,0.5306167602539062,1.7517644166946411,0.30290417775188816
6,8,0.0,0.0005,4,1,9.563307762145996,3.5087268352508545,-6.054580926895142,1.8257874250411987,4.662766456604004,0.39156741862018113
6,64,0.4,0.0001,8,1,9.972704887390137,3.5121805667877197,-6.460524320602417,1.5827172994613647,4.662766456604004,0.33943739498677206
3,16,0.2,0.001,8,1,9.585694313049316,3.5148634910583496,-6.070830821990967,3.2741377353668213,4.9130449295043945,0.6664172183129417
12,8,0.4,0.0001,4,2,10.742701530456543,3.5213751792907715,-7.2213263511657715,0.047130290418863297,0.32116708159446716,0.14674695234916388
6,16,0.2,0.0001,4,1,10.006902694702148,3.524202346801758,-6.482700347900391,1.447247862815857,4.662766456604004,0.31038394830306804
3,64,0.0,0.0001,16,1,10.878694534301758,3.5253167152404785,-7.353377819061279,2.4352529048919678,4.9130449295043945,0.49567079882935755
6,32,0.3,0.0005,4,2,11.846718788146973,3.5266613960266113,-8.320057392120361,2.1071434020996094,4.662766456604004,0.4519084156821117
3,32,0.0,0.0001,8,1,10.702047348022461,3.531881332397461,-7.170166015625,3.196298122406006,4.9130449295043945,0.6505737619477527
12,32,0.3,0.0001,16,1,10.830118179321289,3.5334954261779785,-7.2966227531433105,0.5072713494300842,0.32116708159446716,1.5794624620670437
12,16,0.4,0.001,4,2,8.183676719665527,3.537900447845459,-4.645776271820068,0.285457581281662,0.32116708159446716,0.8888133237829927
6,8,0.4,0.0005,16,1,10.849135398864746,3.5428245067596436,-7.3063108921051025,1.5188344717025757,4.662766456604004,0.3257367671827974
6,8,0.0,0.0001,8,2,10.217574119567871,3.5433359146118164,-6.674238204956055,1.0068717002868652,4.662766456604004,0.21593869426181644
6,64,0.2,0.0001,16,1,10.520057678222656,3.548593282699585,-6.971464395523071,1.203067421913147,4.662766456604004,0.2580158009434956
9,16,0.0,0.0005,8,2,8.311907768249512,3.5525176525115967,-4.759390115737915,1.390136480331421,1.7517644166946411,0.7935636019793308
3,16,0.0,0.0005,16,1,10.914493560791016,3.5538344383239746,-7.360659122467041,1.9803760051727295,4.9130449295043945,0.4030852625181469
9,32,0.3,0.001,8,2,9.109796524047852,3.561814308166504,-5.547982215881348,2.4906747341156006,1.7517644166946411,1.4218091830037227
6,32,0.3,0.0001,4,1,9.790200233459473,3.5620503425598145,-6.228149890899658,1.5714704990386963,4.662766456604004,0.3370253504361085
12,8,0.2,0.0001,4,1,10.694249153137207,3.5656232833862305,-7.128625869750977,0.24937987327575684,0.32116708159446716,0.7764801798418589
12,8,0.3,0.0001,4,1,10.665328025817871,3.5675718784332275,-7.0977561473846436,0.05306726321578026,0.32116708159446716,0.1652325728786473
3,64,0.1,0.0001,8,1,10.49683952331543,3.5714988708496094,-6.92534065246582,2.855485439300537,4.9130449295043945,0.5812048292398957
6,64,0.3,0.005,4,2,7.821043014526367,3.573913097381592,-4.247129917144775,2.9292101860046387,4.662766456604004,0.6282129318005876
6,8,0.1,0.0005,8,1,10.181220054626465,3.588491439819336,-6.592728614807129,0.985619306564331,4.662766456604004,0.21138080059068184
6,8,0.0,0.0005,16,2,10.400519371032715,3.590890645980835,-6.80962872505188,0.8364459276199341,4.662766456604004,0.17938833853350145
6,8,0.2,0.001,8,2,10.339400291442871,3.590925455093384,-6.748474836349487,0.8811189532279968,4.662766456604004,0.18896913697662124
6,8,0.4,0.0005,8,2,11.193404197692871,3.595233678817749,-7.598170518875122,1.331215262413025,4.662766456604004,0.2854990218366155
6,16,0.0,0.0005,16,2,10.238472938537598,3.6005051136016846,-6.637967824935913,1.0749049186706543,4.662766456604004,0.23052943540593523
6,16,0.3,0.0005,16,1,10.515361785888672,3.6162703037261963,-6.899091482162476,0.9568239450454712,4.662766456604004,0.20520520466777725
9,8,0.3,0.001,4,2,11.334566116333008,3.6175527572631836,-7.717013359069824,0.8555536866188049,1.7517644166946411,0.4883954020673208
3,8,0.0,0.0001,8,2,10.661044120788574,3.6229872703552246,-7.03805685043335,1.9350284337997437,4.9130449295043945,0.39385522859342964
6,32,0.3,0.0001,16,1,10.84923267364502,3.6325628757476807,-7.216669797897339,1.2190752029418945,4.662766456604004,0.2614489089873427
6,32,0.3,0.0005,16,1,10.093183517456055,3.635172128677368,-6.4580113887786865,1.6442327499389648,4.662766456604004,0.3526303033278008
6,32,0.2,0.0005,16,1,9.989620208740234,3.638124465942383,-6.351495742797852,1.124313235282898,4.662766456604004,0.24112578782291408
6,64,0.0,0.0001,16,2,10.276305198669434,3.6398398876190186,-6.636465311050415,0.8873363137245178,4.662766456604004,0.19030254291800505
9,16,0.2,0.0001,4,2,10.739285469055176,3.6407670974731445,-7.098518371582031,0.06693527102470398,1.7517644166946411,0.03821020131862388
3,32,0.4,0.0001,4,1,10.695623397827148,3.6509501934051514,-7.044673204421997,2.7173523902893066,4.9130449295043945,0.5530892611974181
6,32,0.0,0.0005,16,2,9.854150772094727,3.6543283462524414,-6.199822425842285,1.04708993434906,4.662766456604004,0.22456409603488459
3,64,0.0,0.0001,8,1,10.401827812194824,3.6549408435821533,-6.746886968612671,2.5547144412994385,4.9130449295043945,0.5199859716237414
9,16,0.0,0.0005,8,1,8.185887336730957,3.6570284366607666,-4.52885890007019,1.509584903717041,1.7517644166946411,0.8617510946851162
3,8,0.0,0.0001,4,1,10.741734504699707,3.657630443572998,-7.084104061126709,2.161313533782959,4.9130449295043945,0.439913244188667
3,8,0.0,0.0005,16,1,10.539535522460938,3.6640782356262207,-6.875457286834717,2.5200998783111572,4.9130449295043945,0.5129405316807012
3,32,0.1,0.0001,4,1,10.479532241821289,3.6706442832946777,-6.808887958526611,3.651374340057373,4.9130449295043945,0.7431998673836079
6,32,0.0,0.0005,16,1,9.752141952514648,3.6789445877075195,-6.073197364807129,1.5258644819259644,4.662766456604004,0.32724445801158253
6,16,0.0,0.0001,4,2,9.54127311706543,3.6805756092071533,-5.860697507858276,2.1148593425750732,4.662766456604004,0.45356321451179266
6,64,0.0,0.0001,8,2,9.786494255065918,3.6870176792144775,-6.09947657585144,1.3191711902618408,4.662766456604004,0.2829159904402809
3,32,0.3,0.0001,8,1,10.75364875793457,3.7019617557525635,-7.051687002182007,3.271895170211792,4.9130449295043945,0.6659607671330304
6,16,0.0,0.0001,16,2,10.529264450073242,3.710174083709717,-6.819090366363525,0.9687275290489197,4.662766456604004,0.20775810627977825
3,64,0.2,0.0001,4,1,10.270596504211426,3.716085195541382,-6.554511308670044,3.239008903503418,4.9130449295043945,0.6592671042049995
6,32,0.2,0.0001,16,1,10.709894180297852,3.72289776802063,-6.986996412277222,0.979170560836792,4.662766456604004,0.20999777062605524
6,8,0.0,0.0005,8,2,10.076769828796387,3.723195791244507,-6.35357403755188,0.7989463210105896,4.662766456604004,0.171345987075767
6,32,0.1,0.005,16,2,9.71810245513916,3.7313075065612793,-5.986794948577881,1.6544049978256226,4.662766456604004,0.35481189401678986
3,64,0.4,0.0001,16,1,10.960527420043945,3.7326784133911133,-7.227849006652832,2.104323387145996,4.9130449295043945,0.42831348325533647
6,32,0.4,0.0001,4,2,10.85932445526123,3.7387919425964355,-7.120532512664795,0.8258926868438721,4.662766456604004,0.17712503822149137
9,8,0.2,0.005,4,2,7.641496181488037,3.7572288513183594,-3.8842673301696777,0.7105552554130554,1.7517644166946411,0.4056226103472199
3,32,0.3,0.0001,4,1,10.71910572052002,3.758535623550415,-6.9605700969696045,3.1876535415649414,4.9130449295043945,0.648814246013113
6,8,0.1,0.0001,8,1,10.569077491760254,3.766807794570923,-6.802269697189331,0.9434612393379211,4.662766456604004,0.20233937258463183
9,8,0.1,0.001,8,2,10.817815780639648,3.773233652114868,-7.04458212852478,0.4320497214794159,1.7517644166946411,0.24663688642257006
6,32,0.0,0.0001,16,1,10.65026569366455,3.7744638919830322,-6.8758018016815186,1.3282285928726196,4.662766456604004,0.284858485886938
6,16,0.4,0.0001,4,2,10.908745765686035,3.7752761840820312,-7.133469581604004,0.8478057384490967,4.662766456604004,0.18182461985594972
3,64,0.2,0.0001,16,1,10.787447929382324,3.788682460784912,-6.998765468597412,2.127507209777832,4.9130449295043945,0.4330323130166133
12,16,0.4,0.001,16,2,8.869587898254395,3.7959961891174316,-5.073591709136963,0.25626227259635925,0.32116708159446716,0.7979095221220018
6,16,0.0,0.0001,4,1,10.200309753417969,3.7963056564331055,-6.404004096984863,1.3886719942092896,4.662766456604004,0.29782147725680647
3,32,0.1,0.0001,16,1,10.906867027282715,3.7968995571136475,-7.109967470169067,1.8529263734817505,4.9130449295043945,0.37714419470384636
3,32,0.2,0.0001,16,1,11.642047882080078,3.809274673461914,-7.832773208618164,2.9399821758270264,4.9130449295043945,0.5984032749571452
3,64,0.1,0.0001,16,1,11.102415084838867,3.812839984893799,-7.289575099945068,2.49845290184021,4.9130449295043945,0.508534511222604
3,32,0.3,0.0001,16,1,11.564888000488281,3.8200929164886475,-7.744795083999634,2.772935152053833,4.9130449295043945,0.5644025633475235
6,16,0.3,0.0001,4,1,10.505075454711914,3.821608543395996,-6.683466911315918,1.9881669282913208,4.662766456604004,0.42639213153715333
6,16,0.2,0.0005,16,1,10.344027519226074,3.822380781173706,-6.521646738052368,1.1720448732376099,4.662766456604004,0.25136255142644137
12,16,0.1,0.0001,16,1,10.788447380065918,3.823976993560791,-6.964470386505127,0.09600108116865158,0.32116708159446716,0.29891320334588556
6,8,0.4,0.0005,4,2,10.302945137023926,3.8268165588378906,-6.476128578186035,0.8186190724372864,4.662766456604004,0.17556510283242982
6,8,0.4,0.0001,4,1,10.375648498535156,3.826965808868408,-6.548682689666748,1.669388771057129,4.662766456604004,0.3580253882741066
6,32,0.4,0.0001,16,1,10.716143608093262,3.8334200382232666,-6.882723569869995,1.0732120275497437,4.662766456604004,0.2301663695872488
9,16,0.4,0.0005,16,2,11.1332426071167,3.8358757495880127,-7.2973668575286865,0.1571670025587082,1.7517644166946411,0.08971925737323888
3,16,0.3,0.0005,16,1,10.928200721740723,3.8401198387145996,-7.088080883026123,1.6314154863357544,4.9130449295043945,0.3320579212574643
6,32,0.1,0.0001,8,1,10.035146713256836,3.842702865600586,-6.19244384765625,1.5635703802108765,4.662766456604004,0.33533105180431005
12,16,0.0,0.001,16,1,7.657314777374268,3.843047857284546,-3.8142669200897217,1.1495583057403564,0.32116708159446716,3.57931547664616
6,8,0.0,0.0001,8,1,11.20557689666748,3.8443613052368164,-7.361215591430664,1.5646605491638184,4.662766456604004,0.3355648548401447
3,8,0.2,0.0005,8,1,10.037951469421387,3.8470308780670166,-6.19092059135437,2.110013246536255,4.9130449295043945,0.42947159588648487
6,64,0.2,0.001,4,2,11.382484436035156,3.852008581161499,-7.530475854873657,1.5157217979431152,4.662766456604004,0.32506920774390424
9,8,0.4,0.0005,4,2,11.15176010131836,3.8540267944335938,-7.297733306884766,0.3160042464733124,1.7517644166946411,0.18039197706137483
12,64,0.4,0.0001,4,2,9.806649208068848,3.8548479080200195,-5.951801300048828,0.26107847690582275,0.32116708159446716,0.8129054684236993
6,16,0.4,0.0005,16,1,10.642684936523438,3.8664863109588623,-6.776198625564575,1.3906643390655518,4.662766456604004,0.29824876540747947
3,32,0.1,0.0001,8,1,10.902559280395508,3.8702611923217773,-7.0322980880737305,3.3954484462738037,4.9130449295043945,0.6911087716464911
3,64,0.2,0.0005,16,1,10.052556037902832,3.870790481567383,-6.181765556335449,1.797634243965149,4.9130449295043945,0.36589004777257067
6,32,0.2,0.001,8,2,12.184255599975586,3.8719944953918457,-8.31226110458374,2.409406900405884,4.662766456604004,0.5167333433552896
3,16,0.2,0.0001,4,1,10.916714668273926,3.8734896183013916,-7.043225049972534,3.5735387802124023,4.9130449295043945,0.727357235988657
3,16,0.4,0.0005,8,1,10.223346710205078,3.8752737045288086,-6.3480730056762695,2.104243278503418,4.9130449295043945,0.42829717796122097
6,16,0.3,0.001,16,1,9.402289390563965,3.8825221061706543,-5.5197672843933105,1.395214557647705,4.662766456604004,0.2992246278326088
3,8,0.1,0.0005,4,1,9.775580406188965,3.888885259628296,-5.886695146560669,2.8828189373016357,4.9130449295043945,0.5867682829418865
12,8,0.4,0.0005,8,1,10.994336128234863,3.8900139331817627,-7.104322195053101,0.15862657129764557,0.32116708159446716,0.4939066933950004
3,8,0.4,0.0005,16,1,11.451608657836914,3.902238130569458,-7.549370527267456,3.2141101360321045,4.9130449295043945,0.6541992149777326
12,64,0.4,0.0001,4,1,8.193059921264648,3.9140336513519287,-4.27902626991272,0.9678089618682861,0.32116708159446716,3.0134126980371043
3,32,0.4,0.0001,16,1,11.459769248962402,3.9172744750976562,-7.542494773864746,2.3858697414398193,4.9130449295043945,0.48561936144974255
6,8,0.3,0.001,16,1,10.505099296569824,3.934744358062744,-6.57035493850708,0.7617930173873901,4.662766456604004,0.16337790547249945
9,16,0.4,0.0001,16,2,10.935959815979004,3.942002534866333,-6.993957281112671,0.06391798704862595,1.7517644166946411,0.036487775661770284
9,16,0.2,0.0005,4,2,11.690348625183105,3.9455015659332275,-7.744847059249878,0.522614061832428,1.7517644166946411,0.29833581322455155
3,8,0.1,0.0001,8,1,11.452479362487793,3.95054030418396,-7.501939058303833,1.8493436574935913,4.9130449295043945,0.37641496954112824
3,8,0.1,0.0005,8,1,10.445158958435059,3.953779458999634,-6.491379499435425,2.0422110557556152,4.9130449295043945,0.41567115405183647
3,64,0.2,0.0001,8,1,10.334733963012695,3.9547743797302246,-6.379959583282471,1.8419946432113647,4.9130449295043945,0.37491915291667743
3,16,0.0,0.0001,8,2,10.461295127868652,3.956176280975342,-6.5051188468933105,1.635926365852356,4.9130449295043945,0.33297606460468104
6,32,0.0,0.001,16,1,9.10789966583252,3.9668354988098145,-5.141064167022705,3.3416452407836914,4.662766456604004,0.716665797415358
6,8,0.3,0.001,8,1,9.422017097473145,3.9675848484039307,-5.454432249069214,1.2336491346359253,4.662766456604004,0.26457450659761744
12,16,0.3,0.0001,8,1,10.708882331848145,3.968061685562134,-6.740820646286011,0.500755786895752,0.32116708159446716,1.5591753189950168
6,16,0.3,0.0005,8,1,8.785506248474121,3.970200538635254,-4.815305709838867,3.284963369369507,4.662766456604004,0.704509522392425
12,32,0.3,0.0001,4,2,11.97156047821045,3.974608898162842,-7.996951580047607,0.021190760657191277,0.32116708159446716,0.06598048763898079
6,64,0.2,0.001,8,2,11.220040321350098,3.9828567504882812,-7.237183570861816,1.2207658290863037,4.662766456604004,0.2618114890479448
6,64,0.3,0.0001,4,1,9.2315673828125,3.987668991088867,-5.243898391723633,2.8676600456237793,4.662766456604004,0.6150125836910046
3,8,0.1,0.001,16,1,10.522858619689941,4.003608226776123,-6.519250392913818,1.112205147743225,4.9130449295043945,0.22637797205233767
3,8,0.2,0.0005,4,1,10.467337608337402,4.00980281829834,-6.4575347900390625,2.487863540649414,4.9130449295043945,0.5063791551567143
12,16,0.2,0.0001,8,1,10.897811889648438,4.0125508308410645,-6.885261058807373,0.3576123118400574,0.32116708159446716,1.1134774774072551
3,16,0.4,0.0005,16,1,10.902512550354004,4.040140628814697,-6.862371921539307,1.4173083305358887,4.9130449295043945,0.2884786015337458
3,8,0.1,0.0005,16,1,10.904377937316895,4.049578666687012,-6.854799270629883,1.05181884765625,4.9130449295043945,0.21408695885106685
12,16,0.2,0.001,4,2,11.486567497253418,4.053085803985596,-7.433481693267822,0.3286442756652832,0.32116708159446716,1.0232813214657452
9,64,0.2,0.005,8,2,7.365481376647949,4.055695533752441,-3.309785842895508,0.9357707500457764,1.7517644166946411,0.5341875546321794
6,8,0.2,0.0001,4,1,10.416804313659668,4.068576812744141,-6.348227500915527,0.35433104634284973,4.662766456604004,0.07599159203888518
3,16,0.0,0.001,16,1,10.190608024597168,4.083558082580566,-6.107049942016602,1.8053992986679077,4.9130449295043945,0.36747054516556765
6,8,0.0,0.0005,8,1,10.005298614501953,4.087213039398193,-5.91808557510376,1.4663102626800537,4.662766456604004,0.3144721650391214
6,16,0.4,0.0001,16,1,10.933276176452637,4.0898942947387695,-6.843381881713867,1.020185112953186,4.662766456604004,0.21879395471507476
9,64,0.3,0.0005,8,2,12.188183784484863,4.097770690917969,-8.090413093566895,1.0949735641479492,1.7517644166946411,0.6250689611643251
6,8,0.2,0.0005,8,2,10.762904167175293,4.106326103210449,-6.656578063964844,0.43311530351638794,4.662766456604004,0.09288805423719107
6,32,0.4,0.0005,16,1,9.849519729614258,4.108642578125,-5.740877151489258,1.1380455493927002,4.662766456604004,0.2440708879555516
6,8,0.4,0.001,16,2,10.458746910095215,4.116261959075928,-6.342484951019287,0.2704946994781494,4.662766456604004,0.05801163365045666
3,32,0.0,0.0005,16,2,10.21441650390625,4.119655132293701,-6.094761371612549,1.2547996044158936,4.9130449295043945,0.25540161395236255
3,16,0.2,0.0005,8,1,9.977179527282715,4.121812343597412,-5.855367183685303,2.258516311645508,4.9130449295043945,0.4596978745466789
6,16,0.1,0.0005,8,1,8.967766761779785,4.123424053192139,-4.8443427085876465,2.4932563304901123,4.662766456604004,0.5347161076358103
9,32,0.3,0.0005,16,2,12.42708683013916,4.136612892150879,-8.290473937988281,0.6987622380256653,1.7517644166946411,0.3988905308078706
3,8,0.4,0.001,16,1,10.195646286010742,4.13924503326416,-6.056401252746582,1.1483752727508545,4.9130449295043945,0.23374003071995056
6,16,0.4,0.0001,8,1,10.646951675415039,4.143739223480225,-6.5032124519348145,1.1210983991622925,4.662766456604004,0.2404363181377978
3,64,0.0,0.0001,16,2,10.553971290588379,4.1446123123168945,-6.409358978271484,1.1058764457702637,4.9130449295043945,0.2250898295533844
3,16,0.3,0.0001,4,1,10.423969268798828,4.146926403045654,-6.277042865753174,1.8605974912643433,4.9130449295043945,0.3787055721983865
3,64,0.3,0.0001,16,1,10.93875789642334,4.147386074066162,-6.791371822357178,2.517132520675659,4.9130449295043945,0.5123365564111737
6,8,0.3,0.0005,4,1,9.921964645385742,4.150742530822754,-5.771222114562988,1.448598027229309,4.662766456604004,0.3106735112537365
6,32,0.2,0.0001,8,1,10.126018524169922,4.15402364730835,-5.971994876861572,0.9623547196388245,4.662766456604004,0.20639136199408295
3,64,0.4,0.0001,8,1,10.33102035522461,4.158407688140869,-6.17261266708374,2.1051652431488037,4.9130449295043945,0.4284848344265321
3,64,0.3,0.0001,8,1,10.452332496643066,4.163417816162109,-6.288914680480957,1.9940141439437866,4.9130449295043945,0.40586116604981537
3,16,0.1,0.0001,8,1,10.891106605529785,4.1641740798950195,-6.726932525634766,3.5480844974517822,4.9130449295043945,0.722176277311125
12,32,0.3,0.005,8,2,6.686010360717773,4.167562484741211,-2.5184478759765625,1.167013168334961,0.32116708159446716,3.633663707193164
3,8,0.0,0.001,16,1,10.85949993133545,4.170230388641357,-6.689269542694092,1.4904649257659912,4.9130449295043945,0.3033688775804341
6,16,0.4,0.0005,16,2,10.975652694702148,4.171768665313721,-6.803884029388428,0.4509866237640381,4.662766456604004,0.09672082613644382
3,32,0.0,0.0001,16,1,10.921313285827637,4.18757438659668,-6.733738899230957,1.7187271118164062,4.9130449295043945,0.3498293088049947
3,32,0.0,0.0005,16,1,10.087027549743652,4.188957214355469,-5.898070335388184,1.1926606893539429,4.9130449295043945,0.24275387391465458
6,8,0.4,0.0001,8,1,10.677059173583984,4.203242778778076,-6.473816394805908,0.3365240693092346,4.662766456604004,0.0721726195041586
6,16,0.2,0.0001,16,1,11.289566993713379,4.211855888366699,-7.07771110534668,1.341050624847412,4.662766456604004,0.28760836240211973
3,8,0.3,0.0005,16,1,11.482100486755371,4.214883327484131,-7.26721715927124,4.2140116691589355,4.9130449295043945,0.8577189359397993
6,8,0.4,0.0005,16,2,11.11974811553955,4.217993259429932,-6.901754856109619,0.48283207416534424,4.662766456604004,0.1035505592353861
6,32,0.2,0.005,8,2,8.189096450805664,4.222056865692139,-3.9670395851135254,2.1280970573425293,4.662766456604004,0.4564022404185496
3,8,0.3,0.0001,4,1,10.954957008361816,4.225924491882324,-6.729032516479492,2.1918785572052,4.9130449295043945,0.4461344418086376
9,16,0.3,0.001,8,2,9.443281173706055,4.230138778686523,-5.213142395019531,2.8029370307922363,1.7517644166946411,1.6000650567392078
6,16,0.4,0.0001,8,2,10.864425659179688,4.231338024139404,-6.633087635040283,0.22964245080947876,4.662766456604004,0.04925025796310897
3,32,0.4,0.0001,8,2,11.574898719787598,4.233165740966797,-7.341732978820801,0.9373549222946167,4.9130449295043945,0.19078899862394963
9,16,0.1,0.005,4,2,8.381040573120117,4.236055850982666,-4.144984722137451,0.4173283278942108,1.7517644166946411,0.23823313449970449
6,16,0.3,0.001,16,2,10.370397567749023,4.245316505432129,-6.1250810623168945,1.7504910230636597,4.662766456604004,0.37541897913081007
3,16,0.4,0.0001,8,2,11.712292671203613,4.248612880706787,-7.463679790496826,1.215264081954956,4.9130449295043945,0.24735456308508588
12,16,0.4,0.0005,16,2,11.237577438354492,4.259720325469971,-6.9778571128845215,0.3325507640838623,0.32116708159446716,1.0354447362191657
3,8,0.3,0.001,16,1,10.374913215637207,4.261673927307129,-6.113239288330078,0.940212070941925,4.9130449295043945,0.1913705419821531
3,16,0.2,0.0001,8,1,11.275157928466797,4.262723445892334,-7.012434482574463,3.443269729614258,4.9130449295043945,0.7008423043185154
3,64,0.0,0.0001,4,1,9.978300094604492,4.2686991691589355,-5.709600925445557,2.950263261795044,4.9130449295043945,0.600495884757287
3,16,0.3,0.0001,8,1,12.028644561767578,4.269830226898193,-7.758814334869385,2.4891750812530518,4.9130449295043945,0.5066461058201941
6,16,0.4,0.001,16,1,9.983648300170898,4.276845932006836,-5.7068023681640625,0.8900761008262634,4.662766456604004,0.19089013123649465
3,16,0.4,0.0001,4,1,10.847015380859375,4.27689790725708,-6.570117473602295,2.8644516468048096,4.9130449295043945,0.5830298089893028
6,16,0.4,0.0005,8,2,11.797382354736328,4.277952671051025,-7.519429683685303,0.9958351254463196,4.662766456604004,0.21357173573123978
3,32,0.0,0.0001,4,2,10.23926830291748,4.27860164642334,-5.960666656494141,1.843592882156372,4.9130449295043945,0.3752444580925795
3,16,0.2,0.0005,16,1,10.6748046875,4.281810283660889,-6.392994403839111,2.0234673023223877,4.9130449295043945,0.4118560549224421
12,32,0.3,0.0005,16,2,11.907066345214844,4.286088943481445,-7.620977401733398,0.12405470013618469,0.32116708159446716,0.38626218951301705
6,8,0.0,0.0001,4,1,9.993559837341309,4.286962032318115,-5.706597805023193,1.5496609210968018,4.662766456604004,0.33234796027623786
12,8,0.1,0.005,8,2,11.954021453857422,4.290829181671143,-7.663192272186279,0.6411473155021667,0.32116708159446716,1.9963045786608162
3,8,0.4,0.0001,4,2,11.503207206726074,4.3007402420043945,-7.20246696472168,0.7726960778236389,4.9130449295043945,0.1572743764632303
6,8,0.4,0.0005,8,1,9.969874382019043,4.305844783782959,-5.664029598236084,0.4389593303203583,4.662766456604004,0.09414139318486521
3,8,0.4,0.0001,8,2,11.306758880615234,4.3072590827941895,-6.999499797821045,0.7066906690597534,4.9130449295043945,0.14383965121423
3,16,0.4,0.001,8,1,9.220000267028809,4.30797004699707,-4.912030220031738,3.2327356338500977,4.9130449295043945,0.6579902443872422
9,8,0.3,0.001,16,2,11.059159278869629,4.310542106628418,-6.748617172241211,0.10907130688428879,1.7517644166946411,0.06226368445712158
3,32,0.4,0.0001,4,2,11.767045974731445,4.3144850730896,-7.452560901641846,1.033644437789917,4.9130449295043945,0.21038774377627895
3,16,0.0,0.0001,8,1,10.545815467834473,4.331544876098633,-6.21427059173584,1.0483626127243042,4.9130449295043945,0.21338347761254
3,16,0.4,0.0001,4,2,10.98029613494873,4.345686435699463,-6.634609699249268,0.3968188464641571,4.9130449295043945,0.08076841391804376
9,8,0.1,0.001,16,2,11.168120384216309,4.348104953765869,-6.8200154304504395,0.2937406003475189,1.7517644166946411,0.16768270753082795
3,16,0.0,0.0001,16,1,11.443485260009766,4.34877347946167,-7.094711780548096,0.7603594064712524,4.9130449295043945,0.15476337330136203
3,8,0.0,0.0005,8,1,9.648069381713867,4.352870941162109,-5.295198440551758,1.320563793182373,4.9130449295043945,0.2687872413402874
12,32,0.2,0.001,4,2,11.81413745880127,4.355018138885498,-7.4591193199157715,0.11705494672060013,0.32116708159446716,0.3644674483433008
12,64,0.4,0.0001,8,2,11.908283233642578,4.359520435333252,-7.548762798309326,0.2907559275627136,0.32116708159446716,0.9053104886068204
3,8,0.4,0.0001,4,1,11.00971794128418,4.361884593963623,-6.647833347320557,3.3147239685058594,4.9130449295043945,0.6746781305825008
9,8,0.3,0.0005,8,1,8.544672012329102,4.363045692443848,-4.181626319885254,0.6587600111961365,1.7517644166946411,0.3760551389890278
12,8,0.3,0.0001,8,1,10.885061264038086,4.373048305511475,-6.512012958526611,0.22971178591251373,0.32116708159446716,0.7152407549742826
6,64,0.4,0.0001,4,1,9.2366361618042,4.377835273742676,-4.858800888061523,2.958953380584717,4.662766456604004,0.6345918046986613
3,32,0.3,0.0005,16,1,10.181347846984863,4.388480186462402,-5.792867660522461,1.6768847703933716,4.9130449295043945,0.34131272855315165
9,32,0.2,0.005,4,2,7.20439338684082,4.38892936706543,-2.8154640197753906,0.8266334533691406,1.7517644166946411,0.4718861997030936
6,64,0.1,0.0001,4,1,9.27219295501709,4.391565322875977,-4.880627632141113,4.048530578613281,4.662766456604004,0.8682679298422156
3,16,0.4,0.0005,16,2,11.560669898986816,4.402205467224121,-7.158464431762695,0.5996095538139343,4.9130449295043945,0.1220443864075186
6,32,0.3,0.0005,8,2,13.235281944274902,4.405877113342285,-8.829404830932617,1.8536827564239502,4.662766456604004,0.39754998962011673
6,64,0.3,0.0005,4,2,11.480209350585938,4.406128883361816,-7.074080467224121,3.1793243885040283,4.662766456604004,0.6818536630761475
3,32,0.0,0.0001,4,1,10.522046089172363,4.406769275665283,-6.11527681350708,2.264256238937378,4.9130449295043945,0.4608661779866495
3,8,0.2,0.001,8,2,11.801033020019531,4.4120259284973145,-7.389007091522217,1.138110637664795,4.9130449295043945,0.23165076932842182
6,32,0.1,0.0005,16,1,9.76945686340332,4.415867328643799,-5.3535895347595215,1.6269530057907104,4.662766456604004,0.3489244037703009
3,16,0.4,0.0001,8,1,10.657805442810059,4.41712760925293,-6.240677833557129,2.0411343574523926,4.9130449295043945,0.4154520031344987
6,8,0.0,0.0001,4,2,9.717345237731934,4.42115592956543,-5.296189308166504,0.5837669372558594,4.662766456604004,0.1251975501430174
3,16,0.1,0.0005,16,1,10.465558052062988,4.421191692352295,-6.044366359710693,0.8941505551338196,4.9130449295043945,0.18199519197639769
9,64,0.2,0.0005,4,2,12.018560409545898,4.422038555145264,-7.596521854400635,0.7256093621253967,1.7517644166946411,0.41421629256206166
3,16,0.3,0.0005,8,2,11.082276344299316,4.429014205932617,-6.653262138366699,0.6199328303337097,4.9130449295043945,0.126180981291422
6,16,0.2,0.001,16,2,11.665594100952148,4.431762218475342,-7.233831882476807,0.8290038704872131,4.662766456604004,0.1777922780826975
9,32,0.0,0.0001,4,1,8.930201530456543,4.434505939483643,-4.4956955909729,0.8606209754943848,1.7517644166946411,0.49128807920317746
3,8,0.0,0.0005,4,1,9.284629821777344,4.4373931884765625,-4.847236633300781,2.6403915882110596,4.9130449295043945,0.5374246777908889
6,8,0.3,0.001,8,2,10.154051780700684,4.439867973327637,-5.714183807373047,1.0642597675323486,4.662766456604004,0.22824642354218885
3,8,0.4,0.001,16,2,11.495462417602539,4.440030097961426,-7.055432319641113,0.43231818079948425,4.9130449295043945,0.08799394001127006
3,16,0.3,0.0005,8,1,9.830804824829102,4.445009708404541,-5.3857951164245605,2.985577344894409,4.9130449295043945,0.6076837048578713
6,64,0.4,0.0001,8,2,11.887064933776855,4.446700096130371,-7.440364837646484,0.9166600704193115,4.662766456604004,0.19659146108873216
3,8,0.2,0.0001,4,1,10.880938529968262,4.447648525238037,-6.433290004730225,0.7546718716621399,4.9130449295043945,0.1536057338149089
6,8,0.1,0.005,4,2,9.58540153503418,4.448004722595215,-5.137396812438965,1.6971741914749146,4.662766456604004,0.3639843872238465
3,32,0.2,0.0001,4,1,10.63231086730957,4.454030513763428,-6.178280353546143,3.145462989807129,4.9130449295043945,0.6402267911122947
3,32,0.1,0.0005,16,1,10.178898811340332,4.460458755493164,-5.718440055847168,1.6468229293823242,4.9130449295043945,0.3351939485618439
3,64,0.4,0.0001,4,2,11.62488079071045,4.463161945343018,-7.161718845367432,0.9530892968177795,4.9130449295043945,0.19399156948355503
3,8,0.0,0.0001,16,1,11.469016075134277,4.46348762512207,-7.005528450012207,0.9259648323059082,4.9130449295043945,0.18847066240839677
9,16,0.2,0.001,4,2,11.927643775939941,4.473910808563232,-7.453732967376709,0.7220704555511475,1.7517644166946411,0.4121960970720044
6,8,0.3,0.0001,4,2,11.312792778015137,4.478175163269043,-6.834617614746094,0.28715091943740845,4.662766456604004,0.06158380912059379
6,8,0.3,0.0005,16,1,10.194266319274902,4.481814384460449,-5.712451934814453,0.47563859820365906,4.662766456604004,0.10200781073433328
6,8,0.4,0.0001,16,2,10.60108470916748,4.4881062507629395,-6.112978458404541,0.15855421125888824,4.662766456604004,0.034004321840808385
6,8,0.3,0.0001,8,1,11.729668617248535,4.489586353302002,-7.240082263946533,2.1318795680999756,4.662766456604004,0.45721345641931865
3,32,0.3,0.0005,8,1,9.580052375793457,4.490183353424072,-5.089869022369385,3.08256459236145,4.9130449295043945,0.6274244662102867
6,64,0.2,0.001,16,2,12.473063468933105,4.492099761962891,-7.980963706970215,1.3567396402359009,4.662766456604004,0.29097310638715634
3,16,0.0,0.0001,16,2,10.876387596130371,4.493305683135986,-6.383081912994385,0.247952401638031,4.9130449295043945,0.05046817303643981
9,16,0.3,0.0005,16,2,8.525684356689453,4.49446964263916,-4.031214714050293,0.5235148668289185,1.7517644166946411,0.2988500404733218
6,8,0.2,0.0005,16,1,10.53431224822998,4.509787082672119,-6.024525165557861,0.4926604628562927,4.662766456604004,0.105658404177315
3,8,0.3,0.0005,4,2,10.497834205627441,4.509911060333252,-5.9879231452941895,1.8446165323257446,4.9130449295043945,0.3754528116053319
6,32,0.4,0.0001,16,2,11.581066131591797,4.512801647186279,-7.068264484405518,0.7657238245010376,4.662766456604004,0.16422092584468218
3,64,0.0,0.0001,8,2,10.1715726852417,4.528858661651611,-5.642714023590088,1.5807911157608032,4.9130449295043945,0.32175384887438147
6,8,0.1,0.001,16,1,10.207021713256836,4.543820381164551,-5.663201332092285,0.4802567958831787,4.662766456604004,0.10299825229354514
9,16,0.0,0.0001,16,1,11.309361457824707,4.559824466705322,-6.749536991119385,0.9590097665786743,1.7517644166946411,0.5474536173010096
6,64,0.4,0.0005,16,1,9.402194023132324,4.561408519744873,-4.840785503387451,2.317084550857544,4.662766456604004,0.4969334347800743
6,16,0.0,0.0001,16,1,11.336039543151855,4.562327861785889,-6.773711681365967,0.5477886199951172,4.662766456604004,0.11748146193753049
12,8,0.4,0.0005,16,1,11.06051254272461,4.564908981323242,-6.495603561401367,0.31219756603240967,0.32116708159446716,0.9720721204753382
3,8,0.0,0.0001,8,1,11.308272361755371,4.565217018127441,-6.74305534362793,0.3353029489517212,4.9130449295043945,0.06824748272463795
3,64,0.4,0.0001,8,2,12.00938606262207,4.575110912322998,-7.434275150299072,0.8283845782279968,4.9130449295043945,0.1686092006310149
3,8,0.4,0.0001,16,2,11.199581146240234,4.580191135406494,-6.61939001083374,0.1333223283290863,4.9130449295043945,0.02713639509552282
3,8,0.4,0.0005,8,1,10.492877960205078,4.58078145980835,-5.9120965003967285,1.0492005348205566,4.9130449295043945,0.21355402807732823
3,8,0.2,0.0005,16,2,11.07044792175293,4.585026264190674,-6.485421657562256,0.18971826136112213,4.9130449295043945,0.03861520993260285
12,8,0.1,0.005,16,2,11.614542961120605,4.585460186004639,-7.029082775115967,0.08046744018793106,0.32116708159446716,0.25054697320921604
3,16,0.2,0.0001,16,1,11.763915061950684,4.592852592468262,-7.171062469482422,0.9948865175247192,4.9130449295043945,0.20249896587554286
9,32,0.2,0.001,16,2,12.395109176635742,4.596526145935059,-7.798583030700684,0.4030795097351074,1.7517644166946411,0.23009915368395695
3,64,0.3,0.0001,4,1,10.093043327331543,4.597692489624023,-5.4953508377075195,2.7366960048675537,4.9130449295043945,0.5570264559220343
6,8,0.3,0.0005,16,2,11.534242630004883,4.601190567016602,-6.933052062988281,0.2870372533798218,4.662766456604004,0.06155943173462678
6,64,0.3,0.0005,8,2,12.453474998474121,4.603107929229736,-7.850367069244385,2.361470937728882,4.662766456604004,0.5064527592593161
3,8,0.4,0.0005,8,2,11.023097038269043,4.604405879974365,-6.418691158294678,0.38093000650405884,4.9130449295043945,0.07753440320003044
9,32,0.2,0.001,4,2,12.358540534973145,4.608160495758057,-7.750380039215088,1.1785014867782593,1.7517644166946411,0.6727511276898427
3,16,0.3,0.0001,16,1,12.40601921081543,4.610764980316162,-7.795254230499268,1.8998992443084717,4.9130449295043945,0.38670504169399583
3,16,0.3,0.001,16,2,11.959822654724121,4.6138529777526855,-7.3459696769714355,0.633577823638916,4.9130449295043945,0.1289582799933459
3,8,0.1,0.005,16,2,11.653483390808105,4.619647979736328,-7.033835411071777,1.0693345069885254,4.9130449295043945,0.21765209199835162
6,16,0.2,0.0005,4,2,12.477238655090332,4.631584167480469,-7.845654487609863,0.8895618319511414,4.662766456604004,0.19077983858514522
6,32,0.4,0.0001,8,2,11.76596450805664,4.633383274078369,-7.1325812339782715,0.6659706234931946,4.662766456604004,0.14282736004286942
3,32,0.2,0.0005,8,1,9.515101432800293,4.634278297424316,-4.880823135375977,2.529086112976074,4.9130449295043945,0.5147695877536371
12,8,0.3,0.005,16,2,7.6747307777404785,4.639403820037842,-3.0353269577026367,0.3439708650112152,0.32116708159446716,1.0710028664940887
3,16,0.2,0.0005,4,2,10.928787231445312,4.640255928039551,-6.288531303405762,1.3063384294509888,4.9130449295043945,0.26589181417943314
6,8,0.4,0.0001,8,2,11.369234085083008,4.640313625335693,-6.7289204597473145,0.2805635929107666,4.662766456604004,0.060171058431072975
9,8,0.1,0.005,4,2,9.759224891662598,4.640618324279785,-5.1186065673828125,0.5118091106414795,1.7517644166946411,0.29216777425311496
3,32,0.0,0.0001,8,2,10.219717979431152,4.640686511993408,-5.579031467437744,1.450549602508545,4.9130449295043945,0.29524452214909214
3,8,0.4,0.001,8,2,11.653390884399414,4.643006801605225,-7.0103840827941895,0.561079204082489,4.9130449295043945,0.11420192815926235
3,8,0.4,0.0005,16,2,10.916692733764648,4.647137641906738,-6.26955509185791,0.3929802477359772,4.9130449295043945,0.0799871064430952
3,8,0.2,0.0001,8,1,12.052254676818848,4.651921272277832,-7.400333404541016,1.2127559185028076,4.9130449295043945,0.24684405209075605
9,32,0.4,0.0005,8,2,8.846962928771973,4.655016899108887,-4.191946029663086,2.4623892307281494,1.7517644166946411,1.4056623180954708
3,16,0.2,0.0005,8,2,11.795258522033691,4.674101829528809,-7.121156692504883,0.6166470646858215,4.9130449295043945,0.1255121973305516
3,8,0.3,0.0001,4,2,11.420519828796387,4.68360710144043,-6.736912727355957,0.22370432317256927,4.9130449295043945,0.04553272489513658
3,16,0.4,0.001,16,1,10.449713706970215,4.68549919128418,-5.764214515686035,0.5738291144371033,4.9130449295043945,0.11679704188965935
9,32,0.2,0.001,8,2,12.677227973937988,4.689964294433594,-7.9872636795043945,1.4222888946533203,1.7517644166946411,0.81191790465581
9,64,0.4,0.001,16,2,9.319695472717285,4.691449165344238,-4.628246307373047,2.2827553749084473,1.7517644166946411,1.3031177897857518
3,8,0.4,0.0001,8,1,12.388884544372559,4.696882724761963,-7.692001819610596,1.9779692888259888,4.9130449295043945,0.40259540004359723
3,16,0.1,0.0001,4,1,10.453164100646973,4.6996073722839355,-5.753556728363037,3.1050784587860107,4.9130449295043945,0.6320069332439907
9,8,0.1,0.0005,4,1,7.812356472015381,4.700355052947998,-3.112001419067383,2.166276454925537,1.7517644166946411,1.2366254470524227
3,32,0.4,0.0005,16,2,12.025732040405273,4.70155143737793,-7.324180603027344,0.633773148059845,4.9130449295043945,0.12899803627966763
12,8,0.1,0.0001,8,1,11.165882110595703,4.703869342803955,-6.462012767791748,0.09937552362680435,0.32116708159446716,0.30942001631501054
3,8,0.0,0.001,16,2,10.49334716796875,4.7043657302856445,-5.7889814376831055,0.41184350848197937,4.9130449295043945,0.08382653006259486
9,8,0.3,0.005,8,2,7.430844783782959,4.705946445465088,-2.724898338317871,1.0701673030853271,1.7517644166946411,0.6109082322294216
6,32,0.2,0.001,4,2,9.578572273254395,4.710217475891113,-4.868354797363281,3.765617847442627,4.662766456604004,0.807593063579086
6,64,0.3,0.001,8,2,10.72496509552002,4.711294174194336,-6.013670921325684,3.316845178604126,4.662766456604004,0.7113470531869309
12,32,0.3,0.005,4,2,6.092189311981201,4.716308116912842,-1.3758811950683594,2.0862677097320557,0.32116708159446716,6.495895218696026
6,16,0.4,0.0001,16,2,11.720166206359863,4.716911315917969,-7.0032548904418945,0.5241467356681824,4.662766456604004,0.1124111062705744
3,8,0.0,0.001,8,1,9.495389938354492,4.721795082092285,-4.773594856262207,2.6865909099578857,4.9130449295043945,0.5468280767847358
9,32,0.1,0.005,4,2,8.377653121948242,4.726745128631592,-3.6509079933166504,0.9447421431541443,1.7517644166946411,0.5393089014427829
3,8,0.0,0.0005,8,2,10.217679977416992,4.729028701782227,-5.488651275634766,1.0533571243286133,4.9130449295043945,0.2144000593202129
6,64,0.4,0.0001,16,2,11.833419799804688,4.738147735595703,-7.095272064208984,0.5209122896194458,4.662766456604004,0.11171743094309676
12,16,0.1,0.005,16,2,12.065705299377441,4.746356964111328,-7.319348335266113,0.25887808203697205,0.32116708159446716,0.8060542218453556
3,32,0.3,0.0001,8,2,12.112885475158691,4.749258518218994,-7.363626956939697,0.5472796559333801,4.9130449295043945,0.11139317140105763
3,8,0.3,0.001,8,2,9.541581153869629,4.749675750732422,-4.791905403137207,1.7205082178115845,4.9130449295043945,0.3501918346969283
6,16,0.2,0.005,8,2,11.516042709350586,4.757068157196045,-6.758974552154541,1.75691556930542,4.662766456604004,0.3767968191537992
6,8,0.3,0.001,16,2,11.800485610961914,4.758236408233643,-7.0422492027282715,0.27885884046554565,4.662766456604004,0.05980544877399773
3,32,0.2,0.001,8,2,11.79839038848877,4.761822700500488,-7.036567687988281,1.643381953239441,4.9130449295043945,0.3344935730936248
3,16,0.3,0.001,8,2,12.036787033081055,4.765749931335449,-7.2710371017456055,1.4304698705673218,4.9130449295043945,0.29115749827095944
3,64,0.1,0.0005,16,1,9.612811088562012,4.777098178863525,-4.835712909698486,2.04551362991333,4.9130449295043945,0.41634335921281146
9,16,0.2,0.001,8,2,11.979074478149414,4.780905723571777,-7.198168754577637,0.5564574599266052,1.7517644166946411,0.3176554190868715
6,8,0.1,0.0005,16,1,10.530713081359863,4.781347751617432,-5.749365329742432,1.0102864503860474,4.662766456604004,0.2166710384894253
6,16,0.1,0.0001,8,1,10.032600402832031,4.786391735076904,-5.246208667755127,0.8179743885993958,4.662766456604004,0.17542684074191112
12,16,0.0,0.0005,8,1,8.308282852172852,4.786601543426514,-3.521681308746338,0.04709387570619583,0.32116708159446716,0.14663356989263476
12,16,0.4,0.0001,8,1,11.107229232788086,4.790647029876709,-6.316582202911377,0.7792763710021973,0.32116708159446716,2.426389302208057
6,64,0.1,0.005,16,2,10.933748245239258,4.791057109832764,-6.142691135406494,1.3609367609024048,4.662766456604004,0.29187324168356593
3,64,0.0,0.0005,16,1,9.620131492614746,4.79482364654541,-4.825307846069336,1.5509617328643799,4.9130449295043945,0.3156823833526053
6,8,0.1,0.001,4,2,11.440474510192871,4.799989700317383,-6.640484809875488,0.45664486289024353,4.662766456604004,0.09793432013809847
3,16,0.0,0.0005,16,2,10.29172134399414,4.813840389251709,-5.477880954742432,0.558198869228363,4.9130449295043945,0.11361566548602102
6,16,0.3,0.0001,8,2,11.707733154296875,4.819443702697754,-6.888289451599121,0.37644055485725403,4.662766456604004,0.0807333067956022
3,8,0.1,0.0005,4,2,11.760862350463867,4.829384803771973,-6.9314775466918945,0.5100604295730591,4.9130449295043945,0.10381757889287441
6,8,0.2,0.0001,8,1,12.002769470214844,4.842715740203857,-7.160053730010986,1.8365328311920166,4.662766456604004,0.3938719316707112
6,32,0.1,0.005,8,2,9.885809898376465,4.849192142486572,-5.036617755889893,1.8589810132980347,4.662766456604004,0.39868628004413753
3,16,0.3,0.0005,4,2,11.939791679382324,4.854370594024658,-7.085421085357666,1.1799964904785156,4.9130449295043945,0.24017620587840793
3,64,0.4,0.0005,16,1,9.801655769348145,4.855285167694092,-4.946370601654053,1.4146521091461182,4.9130449295043945,0.287937954861899
12,32,0.2,0.001,8,2,12.654118537902832,4.856562614440918,-7.797555923461914,0.32052645087242126,0.32116708159446716,0.9980053039095246
3,8,0.1,0.0001,4,2,10.721623420715332,4.86005163192749,-5.861571788787842,0.15512041747570038,4.9130449295043945,0.03157317299179436
3,8,0.3,0.001,8,1,9.595008850097656,4.860629081726074,-4.734379768371582,1.0892786979675293,4.9130449295043945,0.22171152790117282
3,16,0.0,0.0001,4,2,10.292731285095215,4.8728413581848145,-5.4198899269104,0.9843414425849915,4.9130449295043945,0.20035262382269467
3,16,0.3,0.0005,16,2,12.191146850585938,4.874931335449219,-7.316215515136719,0.5759754180908203,4.9130449295043945,0.11723390002641845
3,8,0.2,0.0005,4,2,10.230789184570312,4.876624584197998,-5.3541646003723145,1.214949607849121,4.9130449295043945,0.2472905551001504
6,8,0.2,0.0001,8,2,11.390779495239258,4.879024028778076,-6.511755466461182,0.27029991149902344,4.662766456604004,0.05796985845520748
9,64,0.2,0.001,4,2,12.308318138122559,4.882847309112549,-7.42547082901001,0.7002828121185303,1.7517644166946411,0.39975855511432057
3,8,0.2,0.0005,8,2,12.337992668151855,4.885766983032227,-7.452225685119629,0.7912644147872925,4.9130449295043945,0.16105377136600124
3,16,0.3,0.0001,16,2,11.981487274169922,4.89243221282959,-7.089055061340332,0.12581010162830353,4.9130449295043945,0.025607358254098985
6,8,0.3,0.0001,4,1,10.285013198852539,4.893648147583008,-5.391365051269531,0.7551475167274475,4.662766456604004,0.1619526784700768
9,32,0.4,0.0001,8,2,11.667325019836426,4.906067848205566,-6.761257171630859,0.15349462628364563,1.7517644166946411,0.08762287030197283
3,8,0.3,0.0001,16,2,11.909948348999023,4.906723976135254,-7.0032243728637695,0.15437522530555725,4.9130449295043945,0.031421496754178865
3,8,0.1,0.001,16,2,12.005682945251465,4.909905910491943,-7.0957770347595215,0.09390787780284882,4.9130449295043945,0.019113987181127164
6,16,0.1,0.001,8,2,12.282352447509766,4.915882110595703,-7.3664703369140625,0.8039595484733582,4.662766456604004,0.1724211486798118
3,8,0.3,0.0001,8,1,12.477462768554688,4.924506187438965,-7.552956581115723,1.912863850593567,4.9130449295043945,0.38934385458317555
6,8,0.1,0.001,8,2,11.949790954589844,4.925582408905029,-7.0242085456848145,0.38310950994491577,4.662766456604004,0.08216356395081878
6,32,0.2,0.005,4,2,7.9514689445495605,4.945744037628174,-3.0057249069213867,3.1769933700561523,4.662766456604004,0.6813537413087652
6,16,0.3,0.0001,16,1,11.901678085327148,4.948955059051514,-6.952723026275635,1.2709250450134277,4.662766456604004,0.2725688830529742
6,8,0.2,0.0001,4,2,12.041106224060059,4.954142093658447,-7.086964130401611,0.541912317276001,4.662766456604004,0.11622120093715517
12,8,0.4,0.0001,4,1,10.93731689453125,4.955465316772461,-5.981851577758789,0.7419598698616028,0.32116708159446716,2.3101989972884716
3,64,0.4,0.0001,16,2,12.444643020629883,4.966535568237305,-7.478107452392578,0.7499192357063293,4.9130449295043945,0.15263838341937935
6,16,0.4,0.0005,4,1,8.133115768432617,4.97139835357666,-3.161717414855957,5.078802108764648,4.662766456604004,1.089225067571506
3,64,0.1,0.0001,4,1,9.927068710327148,4.971926212310791,-4.955142498016357,2.3384382724761963,4.9130449295043945,0.47596517150354806
3,16,0.1,0.001,4,2,12.157793045043945,4.974147319793701,-7.183645725250244,0.5201164484024048,4.9130449295043945,0.10586437858097743
3,64,0.4,0.0001,4,1,9.959503173828125,4.974985599517822,-4.984517574310303,2.123206853866577,4.9130449295043945,0.43215701959411074
12,32,0.2,0.005,4,2,6.6422505378723145,4.979892253875732,-1.662358283996582,1.6901655197143555,0.32116708159446716,5.262573957839496
3,8,0.4,0.001,4,1,9.210248947143555,4.984212398529053,-4.226036548614502,2.4753258228302,4.9130449295043945,0.5038272310446589
6,64,0.3,0.005,8,2,8.128185272216797,4.986896514892578,-3.1412887573242188,4.138259410858154,4.662766456604004,0.8875116198447006
3,8,0.0,0.0005,4,2,9.754308700561523,4.999520778656006,-4.754787921905518,0.9369802474975586,4.9130449295043945,0.19071273740459704
3,32,0.2,0.0005,4,2,12.034357070922852,5.004119396209717,-7.030237674713135,0.8335606455802917,4.9130449295043945,0.1696627361525834
3,8,0.2,0.0005,16,1,10.828407287597656,5.004835605621338,-5.823571681976318,1.2826799154281616,4.9130449295043945,0.26107636584498983
3,16,0.0,0.0001,4,1,10.068448066711426,5.006507396697998,-5.061940670013428,0.5958803296089172,4.9130449295043945,0.12128534099708038
6,8,0.3,0.0005,8,2,12.100147247314453,5.008842468261719,-7.091304779052734,0.8294321894645691,4.662766456604004,0.17788413749305879
3,16,0.4,0.0001,16,2,12.427050590515137,5.011354923248291,-7.415695667266846,0.5666512846946716,4.9130449295043945,0.11533606812584814
3,32,0.4,0.001,16,1,9.735136032104492,5.024744987487793,-4.710391044616699,1.7339082956314087,4.9130449295043945,0.35291928335903033
3,16,0.1,0.001,16,1,9.733786582946777,5.0262603759765625,-4.707526206970215,2.2485384941101074,4.9130449295043945,0.45766699193140287
12,8,0.1,0.0001,16,1,11.622583389282227,5.028822898864746,-6.5937604904174805,0.1794579178094864,0.32116708159446716,0.5587680932882318
6,16,0.0,0.0005,16,1,9.608859062194824,5.0359368324279785,-4.572922229766846,2.2587249279022217,4.662766456604004,0.48441734084775523
9,8,0.4,0.0005,16,2,11.302581787109375,5.04289436340332,-6.259687423706055,0.3046932816505432,1.7517644166946411,0.17393507868224717
3,16,0.2,0.0001,8,2,12.144783973693848,5.047113418579102,-7.097670555114746,0.07188990712165833,4.9130449295043945,0.01463245464944491
3,8,0.2,0.001,16,1,10.195769309997559,5.049037933349609,-5.146731376647949,0.440952330827713,4.9130449295043945,0.08975133286073862
12,32,0.2,0.001,16,2,12.539175033569336,5.051069259643555,-7.488105773925781,0.31231287121772766,0.32116708159446716,0.9724311397893525
3,16,0.1,0.0005,16,2,12.032623291015625,5.054755210876465,-6.97786808013916,0.2110549956560135,4.9130449295043945,0.0429580837717484
3,16,0.4,0.0005,4,1,9.307907104492188,5.0570502281188965,-4.250856876373291,2.8979687690734863,4.9130449295043945,0.5898518761084931
6,32,0.3,0.0005,16,2,12.758796691894531,5.065274238586426,-7.6935224533081055,0.8019025325775146,4.662766456604004,0.17197999085752153
3,8,0.0,0.0001,16,2,12.27330493927002,5.065855026245117,-7.207449913024902,0.30000039935112,4.9130449295043945,0.06106201014965736
3,8,0.0,0.0005,16,2,10.472143173217773,5.08009147644043,-5.392051696777344,0.4531795382499695,4.9130449295043945,0.09224005576022366
3,8,0.3,0.0005,4,1,9.780406951904297,5.083573341369629,-4.696833610534668,2.955885410308838,4.9130449295043945,0.601640215532695
3,64,0.0,0.0001,4,2,9.922486305236816,5.090022087097168,-4.832464218139648,2.0587704181671143,4.9130449295043945,0.4190416427506177
3,64,0.3,0.0001,16,2,12.319811820983887,5.0965962409973145,-7.223215579986572,0.22932083904743195,4.9130449295043945,0.04667590920455205
9,32,0.1,0.001,8,2,11.606647491455078,5.106539726257324,-6.500107765197754,0.18670731782913208,1.7517644166946411,0.10658243542897468
3,32,0.2,0.0005,16,2,11.16321086883545,5.118172645568848,-6.045038223266602,0.9562784433364868,4.9130449295043945,0.1946406876097817
3,16,0.3,0.001,4,1,8.651290893554688,5.136312484741211,-3.5149784088134766,3.9588255882263184,4.9130449295043945,0.8057784215349455
3,32,0.2,0.0001,8,2,12.44232177734375,5.1478271484375,-7.29449462890625,0.24008356034755707,4.9130449295043945,0.04886655094598852
3,16,0.3,0.0001,4,2,12.558881759643555,5.151350975036621,-7.407530784606934,0.5161374807357788,4.9130449295043945,0.10505450044558098
9,8,0.4,0.0001,16,2,11.446572303771973,5.151839256286621,-6.294733047485352,0.12825195491313934,1.7517644166946411,0.07321301522674757
6,64,0.1,0.001,4,2,12.811676979064941,5.151981353759766,-7.659695625305176,0.9710798263549805,4.662766456604004,0.20826259161653132
6,8,0.1,0.005,8,2,13.038347244262695,5.15516471862793,-7.883182525634766,1.1326904296875,4.662766456604004,0.24292240244699356
3,32,0.1,0.005,16,2,12.1115083694458,5.160514831542969,-6.950993537902832,1.421559453010559,4.9130449295043945,0.28934387399423994
6,16,0.3,0.0005,4,2,9.684934616088867,5.160833358764648,-4.524101257324219,3.902702808380127,4.662766456604004,0.8369929836079656
9,32,0.1,0.001,4,2,11.95766830444336,5.169565200805664,-6.788103103637695,0.445459246635437,1.7517644166946411,0.2542917542964838
6,32,0.1,0.005,4,2,8.517024993896484,5.170593738555908,-3.346431255340576,2.2655839920043945,4.662766456604004,0.48588836972428373
9,16,0.4,0.0005,8,2,8.165767669677734,5.172982692718506,-2.9927849769592285,1.8288664817810059,1.7517644166946411,1.0440139463683402
3,64,0.3,0.0005,16,2,12.034215927124023,5.199015140533447,-6.835200786590576,1.3531044721603394,4.9130449295043945,0.27541056342361486
3,16,0.1,0.005,8,2,11.140368461608887,5.20145845413208,-5.938910007476807,1.370587944984436,4.9130449295043945,0.2789691453366568
3,16,0.2,0.001,4,2,11.001992225646973,5.201862335205078,-5.8001298904418945,1.1145267486572266,4.9130449295043945,0.22685051015188964
9,64,0.0,0.0001,8,2,8.4146089553833,5.211985111236572,-3.2026238441467285,1.3579847812652588,1.7517644166946411,0.7752097076087463
3,8,0.4,0.0005,4,2,10.293203353881836,5.223540782928467,-5.069662570953369,0.3403092920780182,4.9130449295043945,0.0692664726174908
9,16,0.1,0.0001,16,1,11.636943817138672,5.225744724273682,-6.41119909286499,0.694391667842865,1.7517644166946411,0.39639557763885547
6,64,0.3,0.001,16,2,11.133410453796387,5.2292561531066895,-5.904154300689697,3.4967236518859863,4.662766456604004,0.7499246819307196
3,16,0.2,0.0005,16,2,12.572171211242676,5.238318920135498,-7.333852291107178,0.33015885949134827,4.9130449295043945,0.06720045597560884
6,16,0.4,0.001,16,2,9.085062026977539,5.242475509643555,-3.8425865173339844,4.120199203491211,4.662766456604004,0.8836383382778393
12,8,0.4,0.0005,8,2,11.632920265197754,5.243262767791748,-6.389657497406006,0.2212945520877838,0.32116708159446716,0.6890324842419844
3,16,0.1,0.0005,8,1,10.113043785095215,5.2462544441223145,-4.8667893409729,0.738662600517273,4.9130449295043945,0.15034721056210365
3,64,0.3,0.0001,4,2,12.589059829711914,5.256764888763428,-7.332294940948486,0.5685690641403198,4.9130449295043945,0.11572641249948318
6,32,0.3,0.0001,8,2,12.247772216796875,5.257698059082031,-6.990074157714844,0.31948086619377136,4.662766456604004,0.06851744970869855
3,16,0.0,0.0005,8,2,9.79688835144043,5.2645368576049805,-4.532351493835449,1.6245609521865845,4.9130449295043945,0.3306627510020477
3,32,0.2,0.001,4,2,11.466492652893066,5.273646831512451,-6.192845821380615,1.2427934408187866,4.9130449295043945,0.25295788226063587
9,8,0.2,0.005,16,2,7.528192043304443,5.273808002471924,-2.2543840408325195,1.0557588338851929,1.7517644166946411,0.602683114135448
6,16,0.1,0.0005,16,2,12.062376022338867,5.277561187744141,-6.784814834594727,0.13156259059906006,4.662766456604004,0.02821556512072878
12,8,0.2,0.001,16,2,12.327801704406738,5.2837982177734375,-7.044003486633301,0.004058235790580511,0.32116708159446716,0.012635902068272316
12,8,0.1,0.001,8,2,11.998675346374512,5.290379047393799,-6.708296298980713,0.11483971029520035,0.32116708159446716,0.3575699904394521
6,64,0.2,0.0001,4,1,8.837675094604492,5.293084621429443,-3.544590473175049,4.851471424102783,4.662766456604004,1.040470602432063
6,64,0.3,0.0001,16,2,12.196979522705078,5.298192024230957,-6.898787498474121,0.2614324688911438,4.662766456604004,0.05606810277209356
3,64,0.3,0.0005,4,2,12.254054069519043,5.303843975067139,-6.950210094451904,1.5141092538833618,4.9130449295043945,0.3081814385190445
6,64,0.1,0.005,8,2,8.82974910736084,5.304617404937744,-3.5251317024230957,1.363617181777954,4.662766456604004,0.29244809802700406
3,16,0.2,0.0005,4,1,9.210118293762207,5.322378635406494,-3.887739658355713,2.6705501079559326,4.9130449295043945,0.5435631357487556
3,64,0.1,0.005,4,2,10.272546768188477,5.32520866394043,-4.947338104248047,1.0966402292251587,4.9130449295043945,0.22320989222782922
3,32,0.3,0.0005,8,2,11.300972938537598,5.325985908508301,-5.974987030029297,1.6091357469558716,4.9130449295043945,0.32752310838691917
3,8,0.1,0.001,4,2,12.685904502868652,5.34373140335083,-7.342173099517822,0.5711188912391663,4.9130449295043945,0.11624540370258289
3,32,0.4,0.0005,8,1,9.235020637512207,5.34389066696167,-3.891129970550537,2.9531776905059814,4.9130449295043945,0.6010890868860596
3,32,0.3,0.0001,4,2,12.792848587036133,5.345465183258057,-7.447383403778076,0.5433981418609619,4.9130449295043945,0.11060312894711863
3,8,0.2,0.0001,16,1,12.920137405395508,5.34568977355957,-7.5744476318359375,0.7888519167900085,4.9130449295043945,0.16056273209567093
3,16,0.1,0.001,8,2,12.435147285461426,5.348393440246582,-7.086753845214844,0.3814411461353302,4.9130449295043945,0.07763844043938109
3,8,0.0,0.001,8,2,9.80688190460205,5.350829124450684,-4.456052780151367,1.6559970378875732,4.9130449295043945,0.33706124443169355
12,16,0.3,0.005,4,2,6.361466884613037,5.360184669494629,-1.0012822151184082,0.7734196186065674,0.32116708159446716,2.408153459460558
3,8,0.3,0.0005,8,2,12.903572082519531,5.362161636352539,-7.541410446166992,0.8769097328186035,4.9130449295043945,0.17848599909039753
3,64,0.1,0.005,8,2,11.210850715637207,5.36618709564209,-5.844663619995117,1.1707282066345215,4.9130449295043945,0.23828974158244043
6,16,0.1,0.001,4,2,13.280157089233398,5.385143756866455,-7.895013332366943,1.469185471534729,4.662766456604004,0.31508879657780875
12,8,0.1,0.001,16,2,11.673619270324707,5.389998435974121,-6.283620834350586,0.013375723734498024,0.32116708159446716,0.04164724375889603
9,32,0.3,0.0001,4,2,13.217263221740723,5.391650676727295,-7.825612545013428,0.4629289209842682,1.7517644166946411,0.264264370581152
12,64,0.3,0.0001,4,2,13.56329345703125,5.393779754638672,-8.169513702392578,0.28458765149116516,0.32116708159446716,0.8861046719928467
3,32,0.1,0.001,4,2,12.654658317565918,5.398641586303711,-7.256016731262207,1.055613398551941,4.9130449295043945,0.21485930084063495
3,64,0.3,0.0005,8,2,11.665752410888672,5.405031204223633,-6.260721206665039,1.715835690498352,4.9130449295043945,0.3492407895955142
6,64,0.3,0.0005,16,2,13.412120819091797,5.409432888031006,-8.002687931060791,1.01020085811615,4.662766456604004,0.21665268194708204
6,64,0.2,0.005,16,2,9.09570026397705,5.416053295135498,-3.6796469688415527,2.5057122707366943,4.662766456604004,0.5373874703048414
3,32,0.2,0.001,16,2,12.560288429260254,5.420595645904541,-7.139692783355713,0.8470736145973206,4.9130449295043945,0.17241316266219642
9,64,0.1,0.005,16,2,12.041544914245605,5.423052787780762,-6.618492126464844,0.21802635490894318,1.7517644166946411,0.12446100219362342
12,64,0.2,0.001,8,2,12.654695510864258,5.423548698425293,-7.231146812438965,0.1580304503440857,0.32116708159446716,0.49205058488412695
6,32,0.4,0.0005,8,2,10.108243942260742,5.426385879516602,-4.681858062744141,3.477717399597168,4.662766456604004,0.7458485068819137
6,8,0.0,0.001,8,1,8.3969087600708,5.428546905517578,-2.9683618545532227,2.459275007247925,4.662766456604004,0.5274283046633799
6,8,0.3,0.0001,8,2,12.142245292663574,5.43142032623291,-6.710824966430664,0.217537060379982,4.662766456604004,0.04665407594495287
3,64,0.2,0.0005,4,2,12.514930725097656,5.445213317871094,-7.0697174072265625,0.830018937587738,4.9130449295043945,0.16894185774756726
9,64,0.4,0.005,4,1,5.652407646179199,5.451834201812744,-0.20057344436645508,1.8511931896209717,1.7517644166946411,1.0567592148685954
9,8,0.4,0.0001,8,1,11.33656120300293,5.45756721496582,-5.878993988037109,0.31691622734069824,1.7517644166946411,0.18091258408974836
3,8,0.2,0.001,8,1,9.90785026550293,5.463604927062988,-4.444245338439941,2.265538215637207,4.9130449295043945,0.46112711122015815
12,32,0.4,0.0001,4,2,12.069425582885742,5.4656291007995605,-6.603796482086182,0.23124727606773376,0.32116708159446716,0.720021724890617
12,32,0.4,0.0001,8,2,11.992897033691406,5.467283725738525,-6.525613307952881,0.06146831065416336,0.32116708159446716,0.19139044496402802
3,32,0.3,0.0005,4,2,11.880098342895508,5.476924896240234,-6.403173446655273,2.1025230884552,4.9130449295043945,0.4279470508866877
3,8,0.3,0.001,16,2,10.138581275939941,5.4786200523376465,-4.659961223602295,0.6781811714172363,4.9130449295043945,0.13803683482407073
9,8,0.1,0.005,8,2,12.150848388671875,5.497169017791748,-6.653679370880127,0.3511122465133667,1.7517644166946411,0.20043348475811107
3,32,0.3,0.001,16,2,10.923253059387207,5.509819984436035,-5.413433074951172,2.135277509689331,4.9130449295043945,0.4346138780181536
3,16,0.4,0.001,16,2,10.181313514709473,5.510160446166992,-4.6711530685424805,0.5752334594726562,4.9130449295043945,0.11708288194520607
6,32,0.2,0.0001,8,2,12.424720764160156,5.5103559494018555,-6.914364814758301,0.348113089799881,4.662766456604004,0.07465805826642655
6,8,0.2,0.001,16,2,12.405706405639648,5.527215480804443,-6.878490924835205,0.40958172082901,4.662766456604004,0.08784092547652868
6,32,0.1,0.0001,4,2,12.48653793334961,5.5333170890808105,-6.953220844268799,0.19094246625900269,4.662766456604004,0.040950467503806806
9,16,0.4,0.0001,8,2,11.69511604309082,5.547022819519043,-6.148093223571777,0.10733087360858917,1.7517644166946411,0.061270152873129494
3,32,0.4,0.0001,16,2,13.047237396240234,5.551586627960205,-7.495650768280029,0.8378642201423645,4.9130449295043945,0.17053868469851025
12,16,0.4,0.0001,4,2,11.898710250854492,5.566277027130127,-6.332433223724365,0.01725255884230137,0.32116708159446716,0.05371832865513258
6,8,0.4,0.0001,4,2,12.24153995513916,5.575241565704346,-6.6662983894348145,0.668619692325592,4.662766456604004,0.14339549247177233
3,32,0.3,0.0005,16,2,12.98413372039795,5.581290245056152,-7.402843475341797,0.4230002164840698,4.9130449295043945,0.08609736376392962
9,8,0.4,0.0001,4,2,11.65693187713623,5.583592414855957,-6.073339462280273,0.13455934822559357,1.7517644166946411,0.07681360972013013
6,32,0.3,0.005,4,2,6.906827449798584,5.594499111175537,-1.3123283386230469,4.144008159637451,4.662766456604004,0.8887445249950657
3,8,0.1,0.001,8,1,9.176481246948242,5.6125664710998535,-3.5639147758483887,1.2551321983337402,4.9130449295043945,0.2554693100395384
3,8,0.4,0.001,8,1,9.973676681518555,5.621943473815918,-4.351733207702637,1.6232231855392456,4.9130449295043945,0.3303904622958514
3,32,0.2,0.0005,8,2,13.116050720214844,5.626161098480225,-7.489889621734619,0.6323879957199097,4.9130449295043945,0.12871610270083608
3,32,0.3,0.0001,16,2,13.124897956848145,5.629940509796143,-7.494957447052002,0.724922776222229,4.9130449295043945,0.14755060998299396
12,8,0.3,0.0005,16,2,11.866206169128418,5.648965835571289,-6.217240333557129,0.01230283360928297,0.32116708159446716,0.038306645712892745
12,8,0.2,0.005,16,2,6.774994373321533,5.655205726623535,-1.119788646697998,0.9329531788825989,0.32116708159446716,2.9048841937687278
6,16,0.2,0.005,4,2,6.577549934387207,5.657499313354492,-0.9200506210327148,3.3419642448425293,4.662766456604004,0.7167342126065983
3,8,0.1,0.005,16,1,8.352705001831055,5.68897008895874,-2.6637349128723145,3.22225284576416,4.9130449295043945,0.6558565801858454
9,64,0.4,0.0001,4,2,10.027693748474121,5.693851470947266,-4.3338422775268555,2.821873426437378,1.7517644166946411,1.610874955299011
12,16,0.2,0.0001,16,1,11.4486083984375,5.709096908569336,-5.739511489868164,0.46306169033050537,0.32116708159446716,1.4418093162960157
6,8,0.2,0.0005,16,2,12.476425170898438,5.711944580078125,-6.7644805908203125,0.10093767940998077,4.662766456604004,0.021647594909459805
9,8,0.3,0.0005,8,2,11.998274803161621,5.7253313064575195,-6.272943496704102,0.15239809453487396,1.7517644166946411,0.0869969118464171
9,8,0.3,0.0005,16,2,11.747084617614746,5.725975036621094,-6.021109580993652,0.24073582887649536,1.7517644166946411,0.13742477389210447
3,64,0.1,0.005,16,2,11.543950080871582,5.73156213760376,-5.812387943267822,1.9186458587646484,4.9130449295043945,0.3905207231553229
6,16,0.3,0.0005,16,2,12.57231616973877,5.732400894165039,-6.8399152755737305,0.4325913190841675,4.662766456604004,0.09277567793932216
12,8,0.4,0.0005,16,2,11.684305191040039,5.732817649841309,-5.9514875411987305,0.05240640416741371,0.32116708159446716,0.16317489297856028
6,16,0.1,0.005,16,2,12.985947608947754,5.74161434173584,-7.244333267211914,0.9041236639022827,4.662766456604004,0.19390284122460125
6,64,0.0,0.0001,4,1,8.622492790222168,5.756900310516357,-2.8655924797058105,4.329784870147705,4.662766456604004,0.9285871189227829
9,8,0.2,0.005,8,2,7.2635674476623535,5.773087024688721,-1.4904804229736328,2.3998210430145264,1.7517644166946411,1.3699450794546257
6,8,0.2,0.005,4,2,8.237031936645508,5.778520107269287,-2.4585118293762207,2.041017770767212,4.662766456604004,0.4377267851098273
3,64,0.2,0.0001,16,2,13.126787185668945,5.786600589752197,-7.340186595916748,0.12931905686855316,4.9130449295043945,0.026321570171677276
3,32,0.1,0.0005,8,1,8.96926498413086,5.793840408325195,-3.175424575805664,2.2436463832855225,4.9130449295043945,0.4566712528541544
3,8,0.3,0.0005,16,2,13.208625793457031,5.800854682922363,-7.407771110534668,0.5204755663871765,4.9130449295043945,0.105937473370446
6,16,0.1,0.001,16,2,12.814591407775879,5.807783126831055,-7.006808280944824,0.2570255398750305,4.662766456604004,0.055122970937349476
12,64,0.3,0.005,8,2,6.028852462768555,5.809000492095947,-0.21985197067260742,0.6849611401557922,0.32116708159446716,2.1327252368307232
3,64,0.2,0.0001,4,2,13.285186767578125,5.823745250701904,-7.461441516876221,0.39394885301589966,4.9130449295043945,0.08018425613210084
3,16,0.3,0.0001,8,2,13.288605690002441,5.824619293212891,-7.463986396789551,0.3806504011154175,4.9130449295043945,0.0774774923855247
9,8,0.3,0.005,16,2,8.025667190551758,5.828598499298096,-2.197068691253662,0.18165451288223267,1.7517644166946411,0.1036980264874839
6,16,0.2,0.0001,16,2,12.707284927368164,5.8288798332214355,-6.8784050941467285,0.19462421536445618,4.662766456604004,0.04174007366137855
12,64,0.2,0.0005,4,2,12.465030670166016,5.8336944580078125,-6.631336212158203,0.10421061515808105,0.32116708159446716,0.32447477070413533
6,32,0.4,0.0005,16,2,9.92159366607666,5.846866130828857,-4.074727535247803,1.4457380771636963,4.662766456604004,0.31006015219056443
9,8,0.1,0.0001,8,1,11.349766731262207,5.849485874176025,-5.500280857086182,0.21012772619724274,1.7517644166946411,0.1199520461739526
9,8,0.1,0.0001,16,2,11.921952247619629,5.876731872558594,-6.045220375061035,0.03705153986811638,1.7517644166946411,0.021150983268645205
9,16,0.4,0.0001,4,2,12.15383243560791,5.885233402252197,-6.268599033355713,0.1244606152176857,1.7517644166946411,0.07104871752819777
12,16,0.4,0.0001,16,2,12.031733512878418,5.891378879547119,-6.140354633331299,0.10267174988985062,0.32116708159446716,0.3196832918869708
3,16,0.1,0.0005,4,2,13.28875732421875,5.898967266082764,-7.389790058135986,0.3413749039173126,4.9130449295043945,0.0694833669985894
3,64,0.2,0.001,4,2,10.244667053222656,5.9040703773498535,-4.340596675872803,1.6943820714950562,4.9130449295043945,0.34487412507053494
12,8,0.3,0.0005,8,2,8.158896446228027,5.904963970184326,-2.253932476043701,0.30129534006118774,0.32116708159446716,0.9381264685202976
12,16,0.1,0.001,4,2,12.637972831726074,5.915759563446045,-6.722213268280029,0.3001759350299835,0.32116708159446716,0.9346410396100655
12,16,0.2,0.001,8,2,12.332494735717773,5.920257091522217,-6.412237644195557,0.12596850097179413,0.32116708159446716,0.3922210842605988
12,16,0.2,0.0001,4,2,12.308431625366211,5.932755470275879,-6.375676155090332,0.04435264691710472,0.32116708159446716,0.138098358950461
6,8,0.3,0.001,4,2,9.473764419555664,5.937431335449219,-3.5363330841064453,4.518162250518799,4.662766456604004,0.968987465396128
12,8,0.4,0.0001,16,2,11.9063720703125,5.940713882446289,-5.965658187866211,0.10509873181581497,0.32116708159446716,0.3272400499267903
3,64,0.3,0.001,16,2,11.442926406860352,5.948397159576416,-5.4945292472839355,2.4435336589813232,4.9130449295043945,0.49735626155322293
12,8,0.2,0.0001,8,1,11.584550857543945,5.948530197143555,-5.636020660400391,0.527193009853363,0.32116708159446716,1.6414914232058244
6,64,0.2,0.005,4,2,8.17548656463623,5.961617469787598,-2.213869094848633,1.8265458345413208,4.662766456604004,0.39173007087977435
3,8,0.4,0.005,16,1,8.543567657470703,5.993730068206787,-2.549837589263916,2.6041853427886963,4.9130449295043945,0.5300552671826257
3,8,0.2,0.001,4,2,13.709732055664062,5.994231700897217,-7.715500354766846,0.855052649974823,4.9130449295043945,0.17403721363099295
3,16,0.2,0.001,16,2,13.466733932495117,5.9980621337890625,-7.468671798706055,0.6125104427337646,4.9130449295043945,0.12467023027928058
3,8,0.2,0.001,16,2,10.240470886230469,6.000829696655273,-4.239641189575195,0.9720900654792786,4.9130449295043945,0.19785898143156988
6,16,0.2,0.0005,8,2,13.49497127532959,6.004681587219238,-7.490289688110352,0.6983225345611572,4.662766456604004,0.14976571120608106
6,8,0.1,0.0001,4,2,12.831042289733887,6.00615930557251,-6.824882984161377,0.14577677845954895,4.662766456604004,0.0312640102857996
3,32,0.1,0.0005,16,2,13.419539451599121,6.013002872467041,-7.40653657913208,0.2449985146522522,4.9130449295043945,0.0498669395797621
6,32,0.2,0.0005,4,2,13.654385566711426,6.0287861824035645,-7.625599384307861,1.051634430885315,4.662766456604004,0.22553873128169571
12,16,0.2,0.0005,4,2,14.090816497802734,6.029811382293701,-8.061005115509033,0.18754470348358154,0.32116708159446716,0.5839474660743451
3,32,0.3,0.005,4,2,9.081750869750977,6.039534091949463,-3.0422167778015137,1.4720964431762695,4.9130449295043945,0.299630160989545
9,32,0.2,0.0001,4,2,12.83676528930664,6.053223609924316,-6.783541679382324,0.1969432234764099,1.7517644166946411,0.11242563303575773
3,16,0.2,0.001,16,1,9.353270530700684,6.054168701171875,-3.2991018295288086,2.173741579055786,4.9130449295043945,0.44244284557663577
12,8,0.4,0.0005,4,1,6.6532793045043945,6.055181980133057,-0.5980973243713379,0.2091211974620819,0.32116708159446716,0.65112899000694
12,64,0.3,0.0005,8,2,13.483954429626465,6.0636162757873535,-7.420338153839111,0.034123435616493225,0.32116708159446716,0.10624823517741576
3,64,0.1,0.001,4,2,13.610594749450684,6.064291954040527,-7.546302795410156,0.8421194553375244,4.9130449295043945,0.17140479426115762
6,64,0.2,0.0005,4,2,13.635068893432617,6.070530891418457,-7.56453800201416,0.9558609127998352,4.662766456604004,0.20499866800020045
12,32,0.4,0.001,16,2,7.962137699127197,6.082866191864014,-1.8792715072631836,0.3022286295890808,0.32116708159446716,0.9410323999851901
6,8,0.0,0.001,16,1,9.664373397827148,6.085225582122803,-3.5791478157043457,2.0740468502044678,4.662766456604004,0.44481036515713507
12,64,0.1,0.005,16,2,12.548982620239258,6.085845470428467,-6.463137149810791,0.044718142598867416,0.32116708159446716,0.13923638243639286
3,8,0.3,0.0005,8,1,9.841171264648438,6.095090389251709,-3.7460808753967285,1.7914193868637085,4.9130449295043945,0.36462507723177257
3,8,0.3,0.0001,8,2,13.491716384887695,6.106945514678955,-7.38477087020874,0.5415483713150024,4.9130449295043945,0.11022662708880038
9,8,0.4,0.005,16,1,7.701348781585693,6.110694408416748,-1.5906543731689453,3.115342378616333,1.7517644166946411,1.778402591653615
3,64,0.2,0.001,16,2,13.715385437011719,6.120575428009033,-7.5948100090026855,0.8119879961013794,4.9130449295043945,0.16527184419282098
12,8,0.1,0.0005,4,2,12.018365859985352,6.1312127113342285,-5.887153148651123,0.08717047423124313,0.32116708159446716,0.2714178358456798
3,16,0.2,0.005,16,2,10.10808277130127,6.140747547149658,-3.9673352241516113,2.292750358581543,4.9130449295043945,0.4666658643426705
6,16,0.1,0.0001,4,2,12.930566787719727,6.158468723297119,-6.772098064422607,0.2077993005514145,4.662766456604004,0.044565667717949425
12,8,0.0,0.0001,16,2,11.81283950805664,6.158915042877197,-5.653924465179443,0.08056184649467468,0.32116708159446716,0.25084092085252657
9,64,0.1,0.001,4,2,12.75737190246582,6.168161392211914,-6.589210510253906,0.26339179277420044,1.7517644166946411,0.15035799920584503
12,64,0.4,0.001,16,2,9.441242218017578,6.168318748474121,-3.272923469543457,0.12732663750648499,0.32116708159446716,0.3964498381165303
3,16,0.2,0.001,8,2,13.810197830200195,6.1767988204956055,-7.63339900970459,0.6898333430290222,4.9130449295043945,0.14040851507104157
9,16,0.3,0.0001,8,2,12.267489433288574,6.177670478820801,-6.089818954467773,0.05693190544843674,1.7517644166946411,0.03249974991263955
9,32,0.1,0.005,16,2,12.98971939086914,6.198452472686768,-6.791266918182373,0.29945728182792664,1.7517644166946411,0.17094609239349937
9,32,0.3,0.0001,8,2,12.348227500915527,6.20969820022583,-6.138529300689697,0.07888667285442352,1.7517644166946411,0.045032695094510904
3,32,0.1,0.005,4,2,9.559734344482422,6.223484992980957,-3.336249351501465,1.7530853748321533,4.9130449295043945,0.35682258151239754
3,16,0.1,0.0005,4,1,8.766194343566895,6.2257866859436035,-2.540407657623291,3.7795519828796387,4.9130449295043945,0.7692891144109489
3,8,0.2,0.005,16,2,12.568894386291504,6.225934982299805,-6.342959403991699,2.4420082569122314,4.9130449295043945,0.497045781577774
12,16,0.3,0.0001,16,2,12.25535774230957,6.226250648498535,-6.029107093811035,0.1228766068816185,0.32116708159446716,0.3825940263603134
6,32,0.3,0.0001,4,2,13.30009937286377,6.245202541351318,-7.054896831512451,0.4670954644680023,4.662766456604004,0.1001756079390256
3,16,0.0,0.001,8,1,8.440560340881348,6.245672225952148,-2.194888114929199,3.980323553085327,4.9130449295043945,0.8101541122048814
3,64,0.3,0.0001,8,2,13.727116584777832,6.249293327331543,-7.477823257446289,0.4722191095352173,4.9130449295043945,0.09611536558507569
3,64,0.1,0.0005,16,2,13.671100616455078,6.250984191894531,-7.420116424560547,0.23320719599723816,4.9130449295043945,0.04746693737660629
3,64,0.2,0.0001,8,2,13.68072509765625,6.256408214569092,-7.424316883087158,0.28422772884368896,4.9130449295043945,0.057851644534494526
3,64,0.2,0.001,8,2,13.731792449951172,6.256691932678223,-7.475100517272949,0.6713961958885193,4.9130449295043945,0.1366558225137678
6,16,0.4,0.0005,8,1,8.937084197998047,6.26362943649292,-2.673454761505127,2.498997211456299,4.662766456604004,0.5359473254159879
9,32,0.2,0.0005,16,2,12.819381713867188,6.284426689147949,-6.534955024719238,0.2918340563774109,1.7517644166946411,0.16659435115599905
6,32,0.1,0.001,16,2,13.297562599182129,6.2932610511779785,-7.00430154800415,0.3952578604221344,4.662766456604004,0.0847689593936921
6,16,0.3,0.0001,4,2,13.215831756591797,6.299445629119873,-6.916386127471924,0.4658435583114624,4.662766456604004,0.09990711794104022
3,64,0.4,0.0005,16,2,10.619318008422852,6.3020548820495605,-4.317263126373291,2.168128252029419,4.9130449295043945,0.4413003103246869
9,64,0.2,0.001,8,2,13.217333793640137,6.330173492431641,-6.887160301208496,0.6845378279685974,1.7517644166946411,0.3907704834307767
6,16,0.1,0.001,16,1,8.847081184387207,6.343557357788086,-2.503523826599121,2.848637104034424,4.662766456604004,0.610932829372104
3,64,0.1,0.001,8,2,13.911423683166504,6.345874309539795,-7.565549373626709,0.657900333404541,4.9130449295043945,0.13390887786383565
9,16,0.1,0.0005,16,2,12.353199005126953,6.346710681915283,-6.00648832321167,0.06169439107179642,1.7517644166946411,0.035218429192782646
3,64,0.3,0.001,8,2,10.339380264282227,6.358938694000244,-3.9804415702819824,2.4488487243652344,4.9130449295043945,0.4984380887011882
3,8,0.1,0.001,8,2,13.797054290771484,6.363034248352051,-7.434020042419434,0.32736527919769287,4.9130449295043945,0.06663185130503498
3,16,0.4,0.0001,16,1,13.969212532043457,6.372395992279053,-7.596816539764404,1.1193504333496094,4.9130449295043945,0.22783232179041446
12,8,0.4,0.0001,16,1,12.227420806884766,6.393314361572266,-5.8341064453125,0.018945850431919098,0.32116708159446716,0.05899063608219269
6,32,0.3,0.001,8,2,10.318446159362793,6.401750087738037,-3.916696071624756,4.051057815551758,4.662766456604004,0.8688099335994265
9,8,0.4,0.001,16,2,7.873106479644775,6.4053802490234375,-1.467726230621338,1.2063299417495728,1.7517644166946411,0.6886370851314387
3,32,0.1,0.0001,16,2,13.77159595489502,6.411033630371094,-7.360562324523926,0.10423631966114044,4.9130449295043945,0.021216235787946545
12,8,0.0,0.001,8,1,6.141930103302002,6.415754795074463,0.27382469177246094,0.8889856338500977,0.32116708159446716,2.7679849050426855
6,8,0.4,0.0001,16,1,12.802814483642578,6.4217424392700195,-6.381072044372559,0.5443324446678162,4.662766456604004,0.11674023345022207
3,64,0.1,0.0001,4,2,13.84895133972168,6.424633979797363,-7.424317359924316,0.2227429747581482,4.9130449295043945,0.0453370522668144
6,64,0.2,0.0005,8,2,13.816283226013184,6.433663845062256,-7.382619380950928,0.7817772626876831,4.662766456604004,0.16766382574886
9,32,0.4,0.0001,16,2,12.253252029418945,6.435190200805664,-5.818061828613281,0.10209012776613235,1.7517644166946411,0.05827845730464349
12,64,0.4,0.005,8,2,5.084362030029297,6.435605049133301,1.351243019104004,1.7925385236740112,0.32116708159446716,5.581327061213025
3,32,0.0,0.0005,8,1,9.17250919342041,6.449741840362549,-2.7227673530578613,3.590221643447876,4.9130449295043945,0.7307528620158662
12,8,0.1,0.0005,4,1,7.566126346588135,6.467378616333008,-1.098747730255127,0.021660108119249344,0.32116708159446716,0.06744186861155103
6,64,0.3,0.0001,8,2,13.450461387634277,6.476052284240723,-6.974409103393555,0.5191004276275635,4.662766456604004,0.11132885004187747
6,16,0.2,0.001,4,2,14.120916366577148,6.48302698135376,-7.637889385223389,1.0737872123718262,4.662766456604004,0.23028972657444421
3,8,0.3,0.0001,16,1,14.071199417114258,6.486920356750488,-7.5842790603637695,0.8523592948913574,4.9130449295043945,0.17348900877593634
12,32,0.2,0.0001,4,2,13.067188262939453,6.488874435424805,-6.578313827514648,0.15540386736392975,0.32116708159446716,0.4838723401925602
3,32,0.2,0.0001,16,2,13.882375717163086,6.490706443786621,-7.391669273376465,0.19462548196315765,4.9130449295043945,0.039614024450370856
6,8,0.4,0.005,4,2,7.449666976928711,6.515070915222168,-0.934596061706543,3.341515064239502,4.662766456604004,0.7166378791086185
3,16,0.0,0.0005,8,1,9.272937774658203,6.521087169647217,-2.7518506050109863,3.0428504943847656,4.9130449295043945,0.6193410681248775
12,64,0.4,0.0001,16,2,12.436840057373047,6.524329662322998,-5.912510395050049,0.08919890969991684,0.32116708159446716,0.27773366204618366
9,64,0.2,0.001,16,2,13.38261604309082,6.534220218658447,-6.848395824432373,0.9698770642280579,1.7517644166946411,0.5536572469362597
3,64,0.1,0.001,16,2,13.989253044128418,6.535891056060791,-7.453361988067627,0.272514671087265,4.9130449295043945,0.05546757153608099
12,8,0.4,0.005,4,1,4.4157514572143555,6.546760082244873,2.1310086250305176,3.1952476501464844,0.32116708159446716,9.948864106132381
12,16,0.3,0.005,4,1,3.716641664505005,6.549160957336426,2.832519292831421,2.6017565727233887,0.32116708159446716,8.100944093668316
6,16,0.1,0.005,8,2,9.206327438354492,6.551229476928711,-2.6550979614257812,1.8408939838409424,4.662766456604004,0.3948072460789096
9,64,0.3,0.0001,16,2,12.592508316040039,6.5559234619140625,-6.036584854125977,0.08369526267051697,1.7517644166946411,0.047777693092110746
9,16,0.1,0.0005,8,1,8.025045394897461,6.556013584136963,-1.469031810760498,1.2287909984588623,1.7517644166946411,0.7014590470888981
12,16,0.3,0.005,16,2,6.836151123046875,6.559549808502197,-0.27660131454467773,1.090408444404602,0.32116708159446716,3.3951438578049675
12,64,0.4,0.0005,8,2,7.644471645355225,6.567389011383057,-1.077082633972168,0.9155442118644714,0.32116708159446716,2.8506788657142494
3,64,0.0,0.0005,16,2,8.974258422851562,6.569382190704346,-2.404876232147217,2.5919721126556396,4.9130449295043945,0.5275693892172701
12,32,0.4,0.0005,8,2,8.494126319885254,6.577170372009277,-1.9169559478759766,0.37628301978111267,0.32116708159446716,1.1716114176864476
9,8,0.2,0.0001,8,2,12.403501510620117,6.5777764320373535,-5.825725078582764,0.17368897795677185,1.7517644166946411,0.09915087685392142
3,16,0.3,0.001,4,2,9.612993240356445,6.582159042358398,-3.030834197998047,1.4678655862808228,4.9130449295043945,0.2987690133802408
3,64,0.1,0.0001,16,2,13.97422981262207,6.584483623504639,-7.389746189117432,0.12219832092523575,4.9130449295043945,0.024872217266200036
9,16,0.2,0.0005,8,2,13.501874923706055,6.587483882904053,-6.914391040802002,0.29344865679740906,1.7517644166946411,0.16751605067484457
12,8,0.2,0.0005,8,2,12.510520935058594,6.5874857902526855,-5.923035144805908,0.1223297119140625,0.32116708159446716,0.3808911900520564
3,16,0.2,0.0001,4,2,14.018364906311035,6.61168909072876,-7.406675815582275,0.3753625452518463,4.9130449295043945,0.07640120345687765
9,64,0.3,0.005,8,2,6.74677848815918,6.636998653411865,-0.10977983474731445,1.6927118301391602,1.7517644166946411,0.9662896528821463
9,16,0.3,0.005,16,2,7.188802719116211,6.657919406890869,-0.5308833122253418,2.2327001094818115,1.7517644166946411,1.2745435905671811
3,32,0.1,0.001,16,2,14.094435691833496,6.661679267883301,-7.432756423950195,0.19230611622333527,4.9130449295043945,0.0391419412976413
12,8,0.4,0.005,8,2,6.312900066375732,6.669195652008057,0.3562955856323242,1.2714699506759644,0.32116708159446716,3.9589049549026645
6,32,0.1,0.001,4,2,13.890567779541016,6.675393104553223,-7.215174674987793,0.626640796661377,4.662766456604004,0.1343924904868114
6,32,0.3,0.0001,16,2,13.473135948181152,6.683579444885254,-6.789556503295898,0.4494626522064209,4.662766456604004,0.09639398764435964
6,64,0.2,0.0001,16,2,13.362534523010254,6.686081409454346,-6.676453113555908,0.14645567536354065,4.662766456604004,0.03140960988001264
3,64,0.2,0.0005,16,2,14.212800979614258,6.69817590713501,-7.514625072479248,0.48763370513916016,4.9130449295043945,0.09925284871928709
9,8,0.4,0.0001,8,2,12.546339988708496,6.705487251281738,-5.840852737426758,0.11561582237482071,1.7517644166946411,0.06599964086094019
3,16,0.1,0.005,16,2,9.693812370300293,6.706219673156738,-2.9875926971435547,1.746532678604126,4.9130449295043945,0.3554888472758803
3,64,0.1,0.0005,4,2,14.182868957519531,6.708914279937744,-7.473954677581787,0.36805328726768494,4.9130449295043945,0.07491347881990822
6,16,0.2,0.001,8,2,13.767535209655762,6.712523937225342,-7.05501127243042,0.28844261169433594,4.662766456604004,0.061860831842823004
9,8,0.3,0.0001,8,1,11.608235359191895,6.717317581176758,-4.890917778015137,0.6937438249588013,1.7517644166946411,0.39602575457481237
12,8,0.3,0.001,4,2,7.517022609710693,6.719940662384033,-0.7970819473266602,0.06983968615531921,0.32116708159446716,0.21745592919608348
12,8,0.0,0.0001,8,1,12.712727546691895,6.733885288238525,-5.978842258453369,0.24201394617557526,0.32116708159446716,0.7535453041266621
6,32,0.1,0.0005,4,2,13.837910652160645,6.736003398895264,-7.101907253265381,0.49149349331855774,4.662766456604004,0.10540813010749059
12,8,0.2,0.0005,4,2,13.330182075500488,6.736641883850098,-6.593540191650391,0.07327887415885925,0.32116708159446716,0.22816433675287862
3,32,0.3,0.001,8,2,9.52156925201416,6.752098560333252,-2.769470691680908,2.0685436725616455,4.9130449295043945,0.421030888632706
3,16,0.1,0.005,4,2,9.129942893981934,6.752253532409668,-2.3776893615722656,0.6958502531051636,4.9130449295043945,0.14163319552124629
9,8,0.4,0.001,4,1,6.669495582580566,6.752609729766846,0.0831141471862793,3.075040578842163,1.7517644166946411,1.755396187715913
12,32,0.0,0.0001,4,2,7.425015449523926,6.757951736450195,-0.6670637130737305,0.02313423715531826,0.32116708159446716,0.0720317818391161
6,32,0.2,0.001,16,2,14.127366065979004,6.806647300720215,-7.320718765258789,0.7189160585403442,4.662766456604004,0.15418230040711642
3,8,0.2,0.0001,4,2,14.246772766113281,6.820827960968018,-7.425944805145264,0.4178856611251831,4.9130449295043945,0.08505634837891407
9,8,0.2,0.0001,4,2,12.560989379882812,6.842698097229004,-5.718291282653809,0.046499308198690414,1.7517644166946411,0.02654427031143192
12,64,0.4,0.005,16,2,5.122532367706299,6.872976303100586,1.750443935394287,1.2033079862594604,0.32116708159446716,3.7466728541590055
6,32,0.1,0.001,8,2,13.91087818145752,6.876689910888672,-7.034188270568848,0.4388577938079834,4.662766456604004,0.09411961716127067
9,32,0.4,0.005,4,2,5.8824639320373535,6.878506183624268,0.9960422515869141,2.5382983684539795,1.7517644166946411,1.4489952782825837
3,8,0.2,0.0001,16,2,14.22645092010498,6.883940696716309,-7.342510223388672,0.172626793384552,4.9130449295043945,0.03513641659327667
12,32,0.2,0.0001,8,2,12.7733793258667,6.885552406311035,-5.887826919555664,0.04830770567059517,0.32116708159446716,0.15041300444231884
3,8,0.1,0.0005,8,2,14.36432933807373,6.887189865112305,-7.477139472961426,0.48633047938346863,4.9130449295043945,0.0989875904579866
6,8,0.4,0.0005,4,1,9.30319881439209,6.892178535461426,-2.411020278930664,0.9066445231437683,4.662766456604004,0.19444347718931168
9,8,0.1,0.001,4,2,12.78569221496582,6.899694442749023,-5.885997772216797,0.38700348138809204,1.7517644166946411,0.220922104422191
9,32,0.1,0.0001,4,2,12.711791038513184,6.909875869750977,-5.801915168762207,0.04895578697323799,1.7517644166946411,0.02794655862779277
3,32,0.1,0.0001,4,2,14.343156814575195,6.911196231842041,-7.431960582733154,0.1593976616859436,4.9130449295043945,0.03244376226415314
3,32,0.4,0.0005,8,2,10.226394653320312,6.916776657104492,-3.3096179962158203,3.288161277770996,4.9130449295043945,0.6692715668087104
3,64,0.1,0.0005,8,2,14.33790111541748,6.919755935668945,-7.418145179748535,0.19495441019535065,4.9130449295043945,0.03968097442475796
6,16,0.2,0.005,16,2,8.140485763549805,6.922506332397461,-1.2179794311523438,6.349883556365967,4.662766456604004,1.3618274934985115
3,16,0.1,0.0001,16,1,14.117629051208496,6.940419673919678,-7.177209377288818,1.0116145610809326,4.9130449295043945,0.2059037878945226
12,64,0.1,0.001,4,2,12.891887664794922,6.943567276000977,-5.948320388793945,0.11135804653167725,0.32116708159446716,0.3467293284817009
12,32,0.3,0.0001,16,2,12.74938678741455,6.948248386383057,-5.801138401031494,0.04346317797899246,0.32116708159446716,0.13532886920793696
6,16,0.1,0.005,4,2,8.46861743927002,6.961879730224609,-1.5067377090454102,1.4391577243804932,4.662766456604004,0.30864889712461896
9,16,0.3,0.0001,4,2,12.548172950744629,6.973330497741699,-5.57484245300293,0.41511544585227966,1.7517644166946411,0.2369699041127632
9,16,0.0,0.001,16,1,7.685131549835205,6.982153415679932,-0.7029781341552734,1.4784594774246216,1.7517644166946411,0.8439830512223148
12,8,0.2,0.001,4,2,12.774884223937988,6.986593723297119,-5.788290500640869,0.013085078448057175,0.32116708159446716,0.040742277767369404
3,64,0.2,0.005,16,2,9.254931449890137,6.986635208129883,-2.268296241760254,2.6540420055389404,4.9130449295043945,0.5402030804971019
9,16,0.2,0.0001,16,2,12.69759464263916,6.992640972137451,-5.704953670501709,0.022353624925017357,1.7517644166946411,0.012760634199429528
6,64,0.1,0.001,8,2,13.98493766784668,7.008528232574463,-6.976409435272217,0.31931960582733154,4.662766456604004,0.06848286501140764
9,16,0.3,0.005,8,2,6.3807501792907715,7.040421009063721,0.6596708297729492,1.723452091217041,1.7517644166946411,0.9838378236207002
12,32,0.1,0.0005,16,2,12.855636596679688,7.045138359069824,-5.810498237609863,0.05060116946697235,0.32116708159446716,0.15755403454101716
3,64,0.2,0.0005,8,2,14.649620056152344,7.047908306121826,-7.601711750030518,0.5664368271827698,4.9130449295043945,0.1152924174947265
9,16,0.4,0.001,16,2,8.085528373718262,7.062773704528809,-1.0227546691894531,1.3260170221328735,1.7517644166946411,0.756960815904059
3,64,0.3,0.001,4,2,9.362320899963379,7.065699100494385,-2.296621799468994,2.1818220615386963,4.9130449295043945,0.4440875450652124
3,32,0.4,0.0005,4,2,10.926957130432129,7.128761291503906,-3.7981958389282227,3.7262253761291504,4.9130449295043945,0.7584350295174351
6,32,0.4,0.005,4,2,6.09992790222168,7.137247562408447,1.0373196601867676,8.475525856018066,4.662766456604004,1.8177032744185475
9,64,0.4,0.0005,4,2,8.019623756408691,7.137551784515381,-0.8820719718933105,5.623592376708984,1.7517644166946411,3.2102446670996976
3,32,0.2,0.0001,4,2,14.55374526977539,7.153321266174316,-7.400424003601074,0.22514165937900543,4.9130449295043945,0.04582527996578217
6,64,0.2,0.0005,16,2,14.524715423583984,7.168026924133301,-7.356688499450684,0.6773301959037781,4.662766456604004,0.14526359023288776
6,32,0.2,0.0005,8,1,8.152348518371582,7.173190593719482,-0.9791579246520996,4.33326530456543,4.662766456604004,0.9293335501348362
6,16,0.4,0.0005,4,2,8.628119468688965,7.183156490325928,-1.444962978363037,4.81938362121582,4.662766456604004,1.0335888932181012
3,32,0.1,0.005,8,2,9.373390197753906,7.191914081573486,-2.18147611618042,1.6078966856002808,4.9130449295043945,0.32727091013240095
12,16,0.4,0.0001,16,1,12.158740997314453,7.212676525115967,-4.946064472198486,0.0655326172709465,0.32116708159446716,0.20404524942470148
6,64,0.2,0.0001,4,2,14.426278114318848,7.221050262451172,-7.205227851867676,0.5000486969947815,4.662766456604004,0.10724292148206326
3,8,0.3,0.001,4,2,9.468551635742188,7.237563133239746,-2.2309885025024414,1.9768171310424805,4.9130449295043945,0.40236089012153464
3,32,0.1,0.0001,8,2,14.610138893127441,7.2446489334106445,-7.365489959716797,0.2217208594083786,4.9130449295043945,0.04512901115088007
6,32,0.2,0.0001,4,2,14.28369140625,7.245935440063477,-7.037755966186523,0.44107484817504883,4.662766456604004,0.09459509762714846
6,64,0.4,0.0005,16,2,10.047234535217285,7.251148700714111,-2.796085834503174,3.1304125785827637,4.662766456604004,0.6713637939444886
9,64,0.2,0.0001,4,1,7.369163513183594,7.254347324371338,-0.11481618881225586,1.9413151741027832,1.7517644166946411,1.108205621487506
6,32,0.2,0.0005,8,2,14.519997596740723,7.268352031707764,-7.251645565032959,0.45290476083755493,4.662766456604004,0.09713219931830244
3,64,0.3,0.0005,16,1,8.94747543334961,7.278331279754639,-1.6691441535949707,3.3238706588745117,4.9130449295043945,0.6765398457713288
3,8,0.4,0.0001,16,1,14.594450950622559,7.282464027404785,-7.311986923217773,0.06117286905646324,4.9130449295043945,0.012451111262813971
6,16,0.4,0.001,8,1,8.11579418182373,7.2941131591796875,-0.821681022644043,4.671464443206787,4.662766456604004,1.0018654133085443
9,16,0.1,0.005,16,2,13.184589385986328,7.304940700531006,-5.879648685455322,0.4942331314086914,1.7517644166946411,0.2821344735048604
6,64,0.4,0.005,4,2,5.333254814147949,7.309617519378662,1.976362705230713,5.907327651977539,4.662766456604004,1.2669147612166656
6,8,0.2,0.0001,16,1,13.770679473876953,7.312539100646973,-6.4581403732299805,1.4180479049682617,4.662766456604004,0.3041215806465798
6,64,0.2,0.005,8,2,7.869960308074951,7.313228130340576,-0.556732177734375,2.459418535232544,4.662766456604004,0.5274590863861951
9,8,0.1,0.0005,8,2,13.676465034484863,7.31994104385376,-6.3565239906311035,0.06788928061723709,1.7517644166946411,0.03875480057149215
12,64,0.4,0.0005,4,2,6.505688667297363,7.321322917938232,0.8156342506408691,0.8227226734161377,0.32116708159446716,2.561665626911843
3,64,0.2,0.001,16,1,8.466382026672363,7.322900772094727,-1.1434812545776367,4.136753559112549,4.9130449295043945,0.8419938385399308
12,16,0.0,0.005,4,1,4.309597492218018,7.32763147354126,3.018033981323242,2.1066815853118896,0.32116708159446716,6.559456762670232
12,8,0.4,0.001,4,2,6.998748302459717,7.333356857299805,0.3346085548400879,0.06169624254107475,0.32116708159446716,0.19210014374691634
12,32,0.4,0.0005,4,2,6.941109657287598,7.342679023742676,0.4015693664550781,0.13028433918952942,0.32116708159446716,0.40565906861537415
3,16,0.0,0.0005,4,1,8.210410118103027,7.351414680480957,-0.8589954376220703,4.237842082977295,4.9130449295043945,0.8625693727178654
12,16,0.4,0.005,16,2,6.382108211517334,7.352393627166748,0.9702854156494141,1.3387417793273926,0.32116708159446716,4.1683654896419355
9,32,0.4,0.0005,4,2,7.055514812469482,7.35767126083374,0.3021564483642578,3.0950753688812256,1.7517644166946411,1.7668331080278723
6,32,0.2,0.0005,16,2,14.645565032958984,7.38226318359375,-7.263301849365234,0.44499850273132324,4.662766456604004,0.09543658402643342
12,8,0.4,0.0001,8,2,12.846460342407227,7.4039812088012695,-5.442479133605957,0.09622766077518463,0.32116708159446716,0.2996186916089048
9,64,0.4,0.001,8,2,7.057394504547119,7.413066864013672,0.35567235946655273,4.019368648529053,1.7517644166946411,2.2944687140712077
3,8,0.0,0.001,4,2,8.658419609069824,7.4138970375061035,-1.2445225715637207,3.740241527557373,4.9130449295043945,0.761287873655711
6,32,0.2,0.0001,16,2,14.044723510742188,7.418323516845703,-6.626399993896484,0.16227978467941284,4.662766456604004,0.03480332677815582
6,64,0.1,0.0001,8,2,14.18764877319336,7.45765495300293,-6.72999382019043,0.14548790454864502,4.662766456604004,0.031202056955391046
6,32,0.3,0.005,8,2,4.463294506072998,7.473574638366699,3.010280132293701,5.749241352081299,4.662766456604004,1.2330107899653628
3,8,0.1,0.0001,8,2,14.742875099182129,7.488061904907227,-7.254813194274902,0.1657540500164032,4.9130449295043945,0.033737540037746754
9,64,0.3,0.005,4,2,5.950244426727295,7.49997615814209,1.549731731414795,1.4403846263885498,1.7517644166946411,0.8222479076874813
9,16,0.2,0.005,8,2,6.030712127685547,7.505325794219971,1.4746136665344238,1.6298463344573975,1.7517644166946411,0.9304026950911084
12,32,0.4,0.005,4,2,2.9090280532836914,7.511496543884277,4.602468490600586,3.3906540870666504,0.32116708159446716,10.55729021241342
12,16,0.3,0.0005,16,2,13.407443046569824,7.516750812530518,-5.890692234039307,0.08854884654283524,0.32116708159446716,0.27570959670967937
3,64,0.2,0.005,8,2,9.039369583129883,7.560484409332275,-1.4788851737976074,1.7277603149414062,4.9130449295043945,0.35166792482715903
12,16,0.4,0.0001,8,2,12.946459770202637,7.583515167236328,-5.362944602966309,0.07596345990896225,0.32116708159446716,0.2365231814289117
9,16,0.4,0.005,16,2,6.632338523864746,7.59158992767334,0.9592514038085938,2.8647165298461914,1.7517644166946411,1.6353320700802627
6,16,0.1,0.0001,16,1,13.81927490234375,7.59494161605835,-6.2243332862854,0.75586998462677,4.662766456604004,0.16210762251585872
6,64,0.1,0.005,4,2,7.891315460205078,7.605471134185791,-0.2858443260192871,1.9312574863433838,4.662766456604004,0.4141870506098565
9,16,0.3,0.001,4,2,6.782733917236328,7.608156204223633,0.8254222869873047,2.2737038135528564,1.7517644166946411,1.2979506786894606
12,32,0.2,0.0005,4,2,13.824263572692871,7.614097595214844,-6.210165977478027,0.16269560158252716,0.32116708159446716,0.5065762056771449
6,64,0.0,0.0005,16,1,8.338225364685059,7.622380256652832,-0.7158451080322266,2.9019694328308105,4.662766456604004,0.6223707448870127
12,32,0.4,0.0001,16,2,12.94805908203125,7.622861385345459,-5.325197696685791,0.06675184518098831,0.32116708159446716,0.20784149125617693
9,16,0.3,0.0001,16,2,13.109728813171387,7.644732475280762,-5.464996337890625,0.06623844057321548,1.7517644166946411,0.037812413553986374
6,16,0.3,0.0001,16,2,14.266318321228027,7.65039587020874,-6.615922451019287,0.421512633562088,4.662766456604004,0.09039968814330988
3,8,0.2,0.0001,8,2,15.081480979919434,7.660799980163574,-7.420680999755859,0.4291192293167114,4.9130449295043945,0.0873428261849824
12,64,0.4,0.001,8,2,6.848711967468262,7.665557384490967,0.8168454170227051,1.360230565071106,0.32116708159446716,4.235273921343684
3,8,0.2,0.005,8,2,8.575881004333496,7.672152519226074,-0.9037284851074219,2.4496028423309326,4.9130449295043945,0.49859158169311457
6,8,0.3,0.001,4,1,7.542057037353516,7.684325218200684,0.14226818084716797,4.3146562576293945,4.662766456604004,0.9253425617142863
6,16,0.0,0.0005,8,2,8.4638671875,7.688149929046631,-0.7757172584533691,3.629807710647583,4.662766456604004,0.7784665486530185
3,32,0.1,0.0005,8,2,15.09085464477539,7.693962574005127,-7.396892070770264,0.18175818026065826,4.9130449295043945,0.03699501691286043
9,32,0.3,0.005,16,2,6.497909069061279,7.705572128295898,1.2076630592346191,1.7874159812927246,1.7517644166946411,1.0203518031638943
12,64,0.2,0.0005,16,2,13.853320121765137,7.720609188079834,-6.132710933685303,0.10604146867990494,0.32116708159446716,0.3301753970346248
3,8,0.1,0.0001,16,1,14.851909637451172,7.740018367767334,-7.111891269683838,1.4863709211349487,4.9130449295043945,0.3025355848485772
3,16,0.4,0.0005,8,2,9.5338773727417,7.751204967498779,-1.78267240524292,3.0641868114471436,4.9130449295043945,0.6236838570406162
3,8,0.1,0.005,8,2,9.054973602294922,7.761162281036377,-1.293811321258545,1.454138159751892,4.9130449295043945,0.29597493623950616
9,32,0.1,0.001,16,2,13.532499313354492,7.772512912750244,-5.759986400604248,0.13360990583896637,1.7517644166946411,0.0762716176705264
3,32,0.2,0.005,16,2,9.564652442932129,7.782681465148926,-1.7819709777832031,3.532087802886963,4.9130449295043945,0.7189203138924406
3,32,0.3,0.001,16,1,8.751544952392578,7.783938407897949,-0.9676065444946289,3.818229913711548,4.9130449295043945,0.7771616112814
6,64,0.3,0.001,4,2,8.891524314880371,7.843078136444092,-1.0484461784362793,6.092739105224609,4.662766456604004,1.3066790202617367
3,16,0.1,0.0001,16,2,15.13111400604248,7.844083309173584,-7.2870306968688965,0.05971897020936012,4.9130449295043945,0.012155185036214253
12,64,0.0,0.001,4,2,6.192416667938232,7.84694242477417,1.6545257568359375,1.0172253847122192,0.32116708159446716,3.167277853203693
6,16,0.1,0.0005,8,2,14.547727584838867,7.848719596862793,-6.699007987976074,0.1567084640264511,4.662766456604004,0.03360847374298591
9,8,0.0,0.001,16,2,7.005629062652588,7.8631391525268555,0.8575100898742676,2.8266634941101074,1.7517644166946411,1.613609379875215
3,64,0.4,0.001,16,1,8.302515029907227,7.8770623207092285,-0.42545270919799805,3.9795918464660645,4.9130449295043945,0.8100051808130946
12,16,0.3,0.0005,8,1,6.85160493850708,7.877143859863281,1.0255389213562012,0.8213348388671875,0.32116708159446716,2.557344404007988
3,64,0.1,0.0001,8,2,15.211641311645508,7.882895469665527,-7.3287458419799805,0.07880418002605438,4.9130449295043945,0.01603978411693536
12,8,0.2,0.005,8,1,5.60656213760376,7.894701957702637,2.288139820098877,1.344276785850525,0.32116708159446716,4.185599530240534
12,64,0.3,0.0001,8,2,14.64643669128418,7.918893337249756,-6.727543354034424,0.10947795957326889,0.32116708159446716,0.34087540675013844
12,32,0.2,0.005,4,1,4.131140232086182,7.924577236175537,3.7934370040893555,2.081477165222168,0.32116708159446716,6.480979167878786
9,8,0.3,0.0001,8,2,13.443379402160645,7.943309307098389,-5.500070095062256,0.14160527288913727,1.7517644166946411,0.08083579706244325
6,8,0.1,0.0005,4,1,7.571902275085449,7.947253704071045,0.3753514289855957,5.63789176940918,4.662766456604004,1.2091302066875083
6,16,0.1,0.0001,16,2,14.50805950164795,7.9521684646606445,-6.555891036987305,0.08459050208330154,4.662766456604004,0.018141698253725254
3,8,0.2,0.001,4,1,8.244166374206543,7.964615821838379,-0.27955055236816406,2.094879627227783,4.9130449295043945,0.4263913026008303
6,8,0.1,0.0001,16,1,14.43796443939209,7.979118347167969,-6.458846092224121,0.6126726865768433,4.662766456604004,0.1313968203809775
3,32,0.4,0.001,16,2,9.59804630279541,7.987290859222412,-1.610755443572998,3.477199077606201,4.9130449295043945,0.7077482757636749
12,32,0.1,0.005,16,2,13.77065658569336,7.992365837097168,-5.778290748596191,0.12360389530658722,0.32116708159446716,0.3848585436992574
6,8,0.2,0.0005,4,2,14.831766128540039,7.993290901184082,-6.838475227355957,0.3480004668235779,4.662766456604004,0.07463390458484047
9,64,0.1,0.001,8,2,13.944283485412598,7.996919631958008,-5.94736385345459,0.17776153981685638,1.7517644166946411,0.10147571107322184
6,64,0.1,0.001,16,2,14.71776008605957,7.997694492340088,-6.720065593719482,0.3366691470146179,4.662766456604004,0.0722037335877683
12,8,0.2,0.005,4,2,6.69167423248291,8.002105712890625,1.3104314804077148,1.152888298034668,0.32116708159446716,3.5896838876233357
3,8,0.1,0.0005,16,2,15.288567543029785,8.00605297088623,-7.282514572143555,0.09765993803739548,4.9130449295043945,0.019877680631601096
12,16,0.2,0.0005,16,2,14.034100532531738,8.026861190795898,-6.00723934173584,0.10695892572402954,0.32116708159446716,0.3330320317792873
3,16,0.1,0.0005,8,2,15.405256271362305,8.032570838928223,-7.372685432434082,0.08355098962783813,4.9130449295043945,0.017005948617747808
3,32,0.1,0.0005,4,2,15.436705589294434,8.032790184020996,-7.4039154052734375,0.27497223019599915,4.9130449295043945,0.05596778253435127
6,16,0.2,0.0001,8,2,14.623381614685059,8.064170837402344,-6.559210777282715,0.3819456994533539,4.662766456604004,0.0819139673856909
3,32,0.1,0.001,8,2,15.485184669494629,8.073582649230957,-7.411602020263672,0.3358323574066162,4.9130449295043945,0.06835523839601716
9,64,0.3,0.0001,4,1,7.229788303375244,8.075087547302246,0.845299243927002,2.568939447402954,1.7517644166946411,1.4664868306037517
9,16,0.2,0.0001,16,1,13.273710250854492,8.079418182373047,-5.194292068481445,0.19292055070400238,1.7517644166946411,0.11012927815260637
6,64,0.3,0.005,16,2,7.332143783569336,8.096517562866211,0.764373779296875,4.456552028656006,4.662766456604004,0.9557742319142039
12,16,0.3,0.0001,4,2,13.778639793395996,8.12291145324707,-5.655728340148926,0.11035528779029846,0.32116708159446716,0.34360709460766725
6,64,0.1,0.0005,4,2,15.018178939819336,8.125548362731934,-6.892630577087402,0.44751298427581787,4.662766456604004,0.09597585219864335
12,8,0.2,0.0001,16,1,12.763314247131348,8.148483276367188,-4.61483097076416,0.15800617635250092,0.32116708159446716,0.49197500431259306
3,16,0.1,0.001,8,1,8.609663963317871,8.15037727355957,-0.4592866897583008,4.060744285583496,4.9130449295043945,0.826522929028684
9,8,0.3,0.001,8,2,8.916275978088379,8.150684356689453,-0.7655916213989258,0.737967312335968,1.7517644166946411,0.4212708657071705
6,64,0.2,0.0001,8,2,15.012374877929688,8.168587684631348,-6.84378719329834,0.23038268089294434,4.662766456604004,0.04940901137492036
12,32,0.0,0.005,16,2,2.374415636062622,8.17837142944336,5.803955793380737,1.156281590461731,0.32116708159446716,3.6002493926876054
12,8,0.2,0.0005,16,2,13.418131828308105,8.197388648986816,-5.220743179321289,0.10921225696802139,0.32116708159446716,0.3400481033916236
12,64,0.1,0.0005,4,2,13.703672409057617,8.205453872680664,-5.498218536376953,0.039732675999403,0.32116708159446716,0.12371341359813721
6,16,0.2,0.0001,4,2,14.768980979919434,8.21159553527832,-6.557385444641113,0.356200248003006,4.662766456604004,0.0763924702895016
6,8,0.1,0.0005,16,2,14.846442222595215,8.233781814575195,-6.6126604080200195,0.08641716092824936,4.662766456604004,0.018533452561376812
12,16,0.2,0.0005,8,2,13.887714385986328,8.242098808288574,-5.645615577697754,0.11151853948831558,0.32116708159446716,0.34722904643486585
9,64,0.4,0.0005,16,2,7.925900936126709,8.249778747558594,0.32387781143188477,3.2194128036499023,1.7517644166946411,1.8378115076252828
9,32,0.1,0.0005,4,2,13.84414005279541,8.278345108032227,-5.565794944763184,0.17991667985916138,1.7517644166946411,0.10270597926554616
12,8,0.3,0.001,4,1,6.594648838043213,8.287202835083008,1.692553997039795,0.4693877696990967,0.32116708159446716,1.4615064762203294
3,64,0.4,0.0005,8,2,10.067426681518555,8.297629356384277,-1.7697973251342773,4.3589396476745605,4.9130449295043945,0.887217542322429
9,32,0.3,0.005,4,2,5.532357215881348,8.302839279174805,2.770482063293457,1.756087064743042,1.7517644166946411,1.0024675966740764
9,16,0.4,0.005,4,2,6.135805606842041,8.309551239013672,2.173745632171631,1.7168712615966797,1.7517644166946411,0.9800811371863573
3,64,0.2,0.005,4,2,8.27121639251709,8.320301055908203,0.04908466339111328,2.3858165740966797,4.9130449295043945,0.4856085397813266
9,32,0.4,0.001,8,2,7.367103099822998,8.352378845214844,0.9852757453918457,3.1180455684661865,1.7517644166946411,1.7799457157313117
3,16,0.2,0.0001,16,2,15.617074966430664,8.362667083740234,-7.25440788269043,0.38813772797584534,4.9130449295043945,0.07900146111934679
6,32,0.3,0.005,16,2,7.35373067855835,8.379522323608398,1.0257916450500488,3.496394395828247,4.662766456604004,0.7498540680449924
3,32,0.2,0.001,8,1,7.830157279968262,8.385541915893555,0.555384635925293,4.835517406463623,4.9130449295043945,0.984220066343136
12,16,0.1,0.001,8,2,14.140101432800293,8.393656730651855,-5.7464447021484375,0.21511347591876984,0.32116708159446716,0.6697868126796083
12,32,0.0,0.005,4,1,3.6177003383636475,8.396760940551758,4.77906060218811,2.9006850719451904,0.32116708159446716,9.031701062090297
3,16,0.1,0.001,16,2,15.752958297729492,8.400641441345215,-7.352316856384277,0.2565656304359436,4.9130449295043945,0.052221307583650525
9,16,0.4,0.001,4,2,7.677415370941162,8.41534423828125,0.7379288673400879,4.026038646697998,1.7517644166946411,2.2982763026404123
12,32,0.2,0.0005,8,2,14.563749313354492,8.425352096557617,-6.138397216796875,0.10077952593564987,0.32116708159446716,0.3137915798696414
3,32,0.2,0.005,4,2,8.208309173583984,8.449258804321289,0.2409496307373047,2.0303969383239746,4.9130449295043945,0.413266511391092
9,8,0.2,0.0001,16,2,13.647506713867188,8.453349113464355,-5.194157600402832,0.016106517985463142,1.7517644166946411,0.009194454363820288
12,8,0.3,0.005,16,1,6.944507122039795,8.464274406433105,1.5197672843933105,0.6544468402862549,0.32116708159446716,2.037714566004666
3,64,0.4,0.005,4,2,5.468693256378174,8.464323997497559,2.9956307411193848,3.7898621559143066,4.9130449295043945,0.7713876445857397
12,16,0.2,0.0001,8,2,13.58174991607666,8.467842102050781,-5.113907814025879,0.0571831576526165,0.32116708159446716,0.1780480034526727
6,16,0.4,0.001,8,2,8.989357948303223,8.48422622680664,-0.505131721496582,4.905101299285889,4.662766456604004,1.0519723312195186
6,64,0.1,0.0001,4,2,15.099469184875488,8.489124298095703,-6.610344886779785,0.17769932746887207,4.662766456604004,0.038110278334269054
9,64,0.3,0.0001,8,2,14.43801212310791,8.506322860717773,-5.931689262390137,0.1680842489004135,1.7517644166946411,0.0959514003701293
12,16,0.2,0.005,4,2,5.362615585327148,8.515970230102539,3.1533546447753906,0.7026115655899048,0.32116708159446716,2.1876823804660086
12,16,0.4,0.005,8,2,4.061416149139404,8.533058166503906,4.471642017364502,2.261993646621704,0.32116708159446716,7.043043251480827
6,64,0.1,0.0005,16,2,15.136380195617676,8.54299545288086,-6.593384742736816,0.17192688584327698,4.662766456604004,0.03687229189868007
6,8,0.1,0.001,16,2,15.018794059753418,8.579883575439453,-6.438910484313965,0.15672244131565094,4.662766456604004,0.033611471381690294
6,16,0.4,0.001,4,2,8.454791069030762,8.579899787902832,0.1251087188720703,6.817567348480225,4.662766456604004,1.4621292770999321
9,64,0.2,0.0001,16,2,13.976015090942383,8.581981658935547,-5.394033432006836,0.05165934935212135,1.7517644166946411,0.029489895364809407
9,64,0.4,0.0005,8,2,8.9094820022583,8.582738876342773,-0.32674312591552734,4.270899772644043,1.7517644166946411,2.4380560148051718
6,16,0.3,0.005,4,2,5.816695213317871,8.583918571472168,2.767223358154297,4.480152606964111,4.662766456604004,0.9608357288876753
12,16,0.4,0.005,4,1,2.9960715770721436,8.584562301635742,5.588490724563599,3.060152530670166,0.32116708159446716,9.5282259796917
6,16,0.2,0.0005,16,2,15.232763290405273,8.595398902893066,-6.637364387512207,0.2631371021270752,4.662766456604004,0.05643368686295384
3,64,0.2,0.0005,8,1,8.159822463989258,8.617218017578125,0.4573955535888672,5.03176212310791,4.9130449295043945,1.0241636694365608
3,16,0.3,0.005,8,2,8.501941680908203,8.625288963317871,0.12334728240966797,2.7248172760009766,4.9130449295043945,0.5546086622651432
12,32,0.4,0.005,16,2,5.655655860900879,8.645167350769043,2.989511489868164,1.289770483970642,0.32116708159446716,4.0158863030651935
9,32,0.1,0.0005,16,2,14.071382522583008,8.663703918457031,-5.407678604125977,0.08614303171634674,1.7517644166946411,0.04917500943356744
9,32,0.3,0.005,8,2,5.7264084815979,8.69605827331543,2.9696497917175293,4.445370674133301,1.7517644166946411,2.53765325506563
12,8,0.2,0.001,4,1,7.369369029998779,8.748600959777832,1.3792319297790527,0.25668981671333313,0.32116708159446716,0.7992407423543223
3,8,0.3,0.001,4,1,7.986644268035889,8.756961822509766,0.770317554473877,3.9786481857299805,4.9130449295043945,0.8098131083306271
12,32,0.2,0.0005,16,2,14.178190231323242,8.799145698547363,-5.379044532775879,0.1043212041258812,0.32116708159446716,0.32481910539513514
12,8,0.1,0.001,4,2,14.31197452545166,8.814705848693848,-5.4972686767578125,0.18506714701652527,0.32116708159446716,0.5762332369112684
6,8,0.4,0.001,16,1,9.052705764770508,8.838244438171387,-0.2144613265991211,2.7734670639038086,4.662766456604004,0.5948114900705934
12,32,0.1,0.001,4,2,14.18338680267334,8.844649314880371,-5.338737487792969,0.07795784622430801,0.32116708159446716,0.24273299068285029
3,32,0.4,0.0005,4,1,8.071107864379883,8.848594665527344,0.7774868011474609,4.784303188323975,4.9130449295043945,0.9737959365265958
12,64,0.2,0.0001,4,2,14.605385780334473,8.856745719909668,-5.748640060424805,0.07859679311513901,0.32116708159446716,0.24472244392213893
12,8,0.2,0.0001,4,2,13.940178871154785,8.86998462677002,-5.070194244384766,0.055943701416254044,0.32116708159446716,0.17418877781158565
12,32,0.1,0.0005,4,2,14.173213958740234,8.887600898742676,-5.285613059997559,0.051167286932468414,0.32116708159446716,0.15931672286724757
9,8,0.4,0.0005,4,1,7.046945571899414,8.895567893981934,1.8486223220825195,1.5078191757202148,1.7517644166946411,0.8607431235332886
9,32,0.2,0.0005,4,2,14.65658950805664,8.899046897888184,-5.757542610168457,0.4540523588657379,1.7517644166946411,0.25919715832707546
3,16,0.1,0.0001,8,2,16.135530471801758,8.900774955749512,-7.234755516052246,0.12597844004631042,4.9130449295043945,0.025641621815784728
12,32,0.4,0.0005,16,2,7.930746078491211,8.905076026916504,0.974329948425293,0.01449446938931942,0.32116708159446716,0.04513061960572089
12,64,0.2,0.0005,8,2,15.050265312194824,8.919326782226562,-6.130938529968262,0.15116557478904724,0.32116708159446716,0.4706758053738575
6,32,0.1,0.0001,16,2,15.325084686279297,8.927922248840332,-6.397162437438965,0.022653372958302498,4.662766456604004,0.004858354620403067
12,64,0.2,0.0001,8,2,14.64455795288086,8.982684135437012,-5.661873817443848,0.05654050409793854,0.32116708159446716,0.17604700898123607
9,8,0.2,0.0005,8,2,14.132406234741211,9.01594352722168,-5.116462707519531,0.07214220613241196,1.7517644166946411,0.04118259592721675
12,64,0.3,0.005,4,2,4.172488212585449,9.022533416748047,4.850045204162598,2.1994612216949463,0.32116708159446716,6.8483395333528385
6,16,0.3,0.001,4,2,8.485844612121582,9.061219215393066,0.5753746032714844,5.788445472717285,4.662766456604004,1.2414186999477426
12,32,0.4,0.005,8,1,5.0622639656066895,9.062152862548828,3.9998888969421387,2.633967638015747,0.32116708159446716,8.201237888201813
9,8,0.4,0.001,4,2,6.4210944175720215,9.068275451660156,2.6471810340881348,1.679871678352356,1.7517644166946411,0.9589598135130878
3,16,0.1,0.0001,4,2,16.336788177490234,9.101995468139648,-7.234792709350586,0.18821747601032257,4.9130449295043945,0.03830974043815819
9,64,0.4,0.005,16,2,5.120932579040527,9.102816581726074,3.981884002685547,3.563662052154541,1.7517644166946411,2.0343272292736274
12,64,0.2,0.0001,16,2,14.498080253601074,9.142668724060059,-5.355411529541016,0.08500142395496368,0.32116708159446716,0.26466418517416335
6,64,0.1,0.0005,8,2,15.683040618896484,9.153302192687988,-6.529738426208496,0.16520290076732635,4.662766456604004,0.035430232739481295
9,8,0.2,0.001,8,2,14.241623878479004,9.176520347595215,-5.065103530883789,0.11294066905975342,1.7517644166946411,0.06447252152367511
9,64,0.2,0.0001,8,2,14.89076042175293,9.207001686096191,-5.683758735656738,0.12898573279380798,1.7517644166946411,0.07363189454275354
12,32,0.3,0.0001,8,2,14.460902214050293,9.211686134338379,-5.249216079711914,0.06483735889196396,0.32116708159446716,0.20188046225058992
12,16,0.3,0.0001,8,2,14.359623908996582,9.212868690490723,-5.146755218505859,0.05974872037768364,0.32116708159446716,0.18603625278485872
12,8,0.3,0.0001,16,1,13.868673324584961,9.223917007446289,-4.644756317138672,0.37119439244270325,0.32116708159446716,1.1557672430184014
12,8,0.4,0.001,4,1,6.140931129455566,9.267805099487305,3.1268739700317383,0.725445032119751,0.32116708159446716,2.2587776696111077
6,32,0.4,0.005,8,2,5.344930648803711,9.283086776733398,3.9381561279296875,5.720841884613037,4.662766456604004,1.2269200994423497
9,64,0.2,0.0005,8,2,14.965973854064941,9.310928344726562,-5.655045509338379,0.32522478699684143,1.7517644166946411,0.1856555504252676
9,8,0.2,0.005,8,1,4.697968482971191,9.315925598144531,4.61795711517334,4.184165954589844,1.7517644166946411,2.3885437532090292
12,64,0.3,0.0001,16,2,14.636528968811035,9.330431938171387,-5.306097030639648,0.1285802572965622,0.32116708159446716,0.40035316402357374
6,8,0.2,0.001,4,2,16.049362182617188,9.332307815551758,-6.71705436706543,0.40521061420440674,4.662766456604004,0.08690347628938092
6,32,0.1,0.0001,8,2,15.733345985412598,9.340177536010742,-6.3931684494018555,0.06345247477293015,4.662766456604004,0.013608332170070552
6,8,0.1,0.001,8,1,8.07807445526123,9.34386920928955,1.2657947540283203,3.661634922027588,4.662766456604004,0.7852923701210713
6,32,0.1,0.0005,16,2,15.828896522521973,9.345810890197754,-6.483085632324219,0.17602628469467163,4.662766456604004,0.03775146929037391
9,16,0.1,0.001,8,2,14.832871437072754,9.346383094787598,-5.486488342285156,0.18421877920627594,1.7517644166946411,0.10516184565152521
3,32,0.2,0.001,16,1,8.576855659484863,9.351960182189941,0.7751045227050781,4.4729228019714355,4.9130449295043945,0.9104176465210229
3,32,0.4,0.001,8,2,9.621002197265625,9.357053756713867,-0.2639484405517578,4.648069858551025,4.9130449295043945,0.9460670368874281
9,32,0.2,0.0001,8,2,14.736700057983398,9.370678901672363,-5.366021156311035,0.10023460537195206,1.7517644166946411,0.05721922675029679
6,32,0.1,0.0005,8,2,15.913012504577637,9.401445388793945,-6.511567115783691,0.17811036109924316,4.662766456604004,0.03819843064346073
9,16,0.2,0.0005,16,2,14.585179328918457,9.409505844116211,-5.175673484802246,0.11827419698238373,1.7517644166946411,0.06751718202242757
9,32,0.3,0.0001,16,2,14.42074203491211,9.472640991210938,-4.948101043701172,0.16155259311199188,1.7517644166946411,0.09222278496604086
9,64,0.2,0.0005,16,2,15.070396423339844,9.478240013122559,-5.592156410217285,0.1410674899816513,1.7517644166946411,0.08052880206793325
12,8,0.1,0.001,4,1,5.960245609283447,9.501946449279785,3.541700839996338,0.25600871443748474,0.32116708159446716,0.7971200322477106
6,8,0.1,0.005,16,2,15.592201232910156,9.50302791595459,-6.089173316955566,0.4439150393009186,4.662766456604004,0.09520421909019045
9,16,0.1,0.0005,8,2,14.571614265441895,9.507857322692871,-5.063756942749023,0.08983161300420761,1.7517644166946411,0.05128064718525825
12,32,0.4,0.005,8,2,4.00618314743042,9.582914352416992,5.576731204986572,1.9720314741134644,0.32116708159446716,6.1402042336440905
12,16,0.0,0.0005,4,1,6.397872447967529,9.618121147155762,3.2202486991882324,0.0038734639529138803,0.32116708159446716,0.012060588319586393
3,16,0.3,0.001,8,1,8.087347030639648,9.629876136779785,1.5425291061401367,3.7493984699249268,4.9130449295043945,0.7631516755339645
9,8,0.2,0.0005,16,2,14.45149040222168,9.652634620666504,-4.798855781555176,0.12693537771701813,1.7517644166946411,0.0724614431639896
12,64,0.1,0.005,4,1,5.157617568969727,9.7136869430542,4.556069374084473,1.1869779825210571,0.32116708159446716,3.6958270337924493
6,16,0.3,0.005,8,2,6.356129169464111,9.72327709197998,3.367147922515869,3.811408519744873,4.662766456604004,0.8174135580705894
3,64,0.3,0.0005,8,1,8.015564918518066,9.726548194885254,1.7109832763671875,4.759918689727783,4.9130449295043945,0.9688327214642309
12,16,0.0,0.0005,4,2,6.073785305023193,9.728071212768555,3.6542859077453613,0.9961262941360474,0.32116708159446716,3.101582793574844
12,32,0.1,0.0005,8,2,14.647069931030273,9.75780200958252,-4.889267921447754,0.027468955144286156,0.32116708159446716,0.0855285510828622
3,16,0.2,0.005,8,2,8.466552734375,9.810650825500488,1.3440980911254883,1.9363830089569092,4.9130449295043945,0.39413093849973047
3,8,0.1,0.0001,16,2,16.976964950561523,9.832066535949707,-7.144898414611816,0.08346245437860489,4.9130449295043945,0.01698792817411181
3,32,0.3,0.001,4,2,8.235077857971191,9.833505630493164,1.5984277725219727,3.315796375274658,4.9130449295043945,0.6748964080019395
9,8,0.4,0.005,16,2,6.381239891052246,9.833839416503906,3.45259952545166,0.9964792132377625,1.7517644166946411,0.5688431639215468
3,64,0.4,0.001,8,2,9.106191635131836,9.845941543579102,0.7397499084472656,4.592984199523926,4.9130449295043945,0.9348549149106286
12,64,0.0,0.0005,4,2,2.3505733013153076,9.851274490356445,7.500701189041138,5.156352996826172,0.32116708159446716,16.055048267172726
9,64,0.2,0.0001,4,2,15.291692733764648,9.887349128723145,-5.404343605041504,0.18482369184494019,1.7517644166946411,0.10550716185551892
3,64,0.4,0.0005,4,2,8.934477806091309,9.896780014038086,0.9623022079467773,4.6352128982543945,4.9130449295043945,0.943450134237216
9,16,0.3,0.005,4,2,5.110451698303223,9.90996265411377,4.799510955810547,2.3322219848632812,1.7517644166946411,1.331355953253058
9,16,0.1,0.0001,16,2,14.763300895690918,9.910924911499023,-4.8523759841918945,0.01035156287252903,1.7517644166946411,0.005909220882600827
6,16,0.4,0.005,16,2,6.756441593170166,9.916945457458496,3.16050386428833,5.631985187530518,4.662766456604004,1.2078634518685323
3,32,0.2,0.005,8,2,7.923318386077881,9.919855117797852,1.9965367317199707,3.053441286087036,4.9130449295043945,0.6214967153567337
9,16,0.1,0.001,16,2,15.173608779907227,9.944639205932617,-5.228969573974609,0.10190799832344055,1.7517644166946411,0.058174488163041986
6,8,0.1,0.0005,4,2,16.439380645751953,9.951355934143066,-6.488024711608887,0.2365332841873169,4.662766456604004,0.050728100235925035
6,8,0.1,0.0005,8,2,16.234716415405273,9.965278625488281,-6.269437789916992,0.12500150501728058,4.662766456604004,0.026808442194276645
12,8,0.0,0.005,4,1,3.235652446746826,9.980719566345215,6.745067119598389,4.148783206939697,0.32116708159446716,12.917834500169302
6,32,0.0,0.005,8,2,4.484395980834961,9.995171546936035,5.510775566101074,6.117221355438232,4.662766456604004,1.311929604961073
9,32,0.2,0.0001,16,2,14.881580352783203,9.99655532836914,-4.8850250244140625,0.03816496208310127,1.7517644166946411,0.021786583697774697
9,32,0.1,0.0001,8,2,14.947383880615234,10.057219505310059,-4.890164375305176,0.05004020780324936,1.7517644166946411,0.028565603528851746
6,8,0.4,0.001,8,1,7.4871954917907715,10.059372901916504,2.5721774101257324,6.635519504547119,4.662766456604004,1.4230863943762508
9,64,0.1,0.0005,8,2,15.118803977966309,10.07261848449707,-5.046185493469238,0.13134385645389557,1.7517644166946411,0.0749780365454191
9,64,0.1,0.0001,8,2,15.05586051940918,10.099637031555176,-4.956223487854004,0.05438325181603432,1.7517644166946411,0.03104484330070402
6,64,0.1,0.0001,16,2,16.478052139282227,10.162714004516602,-6.315338134765625,0.07453140616416931,4.662766456604004,0.015984374696401196
3,16,0.2,0.005,4,2,8.165925979614258,10.176795959472656,2.0108699798583984,3.5996017456054688,4.9130449295043945,0.7326620857848699
9,16,0.1,0.0005,4,2,15.090792655944824,10.1813325881958,-4.909460067749023,0.1707693636417389,1.7517644166946411,0.09748420621761411
12,64,0.0,0.005,4,1,3.0760445594787598,10.19646167755127,7.12041711807251,3.3760664463043213,0.32116708159446716,10.511869490308566
9,8,0.1,0.0005,16,2,15.10804271697998,10.21308422088623,-4.89495849609375,0.11348579078912735,1.7517644166946411,0.06478370590679125
9,8,0.2,0.0001,16,1,15.04983901977539,10.216424942016602,-4.833414077758789,1.0541328191757202,1.7517644166946411,0.6017548987350343
12,16,0.4,0.001,8,2,6.49223518371582,10.247599601745605,3.755364418029785,1.353074312210083,0.32116708159446716,4.21299189659353
6,64,0.4,0.005,8,2,4.777106761932373,10.259653091430664,5.482546329498291,9.5104398727417,4.662766456604004,2.0396560628233487
12,16,0.4,0.005,16,1,5.746082782745361,10.296574592590332,4.550491809844971,0.6581125855445862,0.32116708159446716,2.049128392229111
3,8,0.0,0.001,4,1,7.409187316894531,10.315873146057129,2.9066858291625977,4.689926624298096,4.9130449295043945,0.9545865530627651
12,64,0.2,0.001,16,2,15.702988624572754,10.321639060974121,-5.381349563598633,0.09059111028909683,0.32116708159446716,0.28206847924559364
12,8,0.3,0.0001,8,2,15.00076961517334,10.39406681060791,-4.60670280456543,0.08581064641475677,0.32116708159446716,0.26718381594010493
3,16,0.4,0.005,16,2,8.305230140686035,10.426324844360352,2.1210947036743164,5.344864368438721,4.9130449295043945,1.0878924262102945
9,8,0.1,0.0001,16,1,15.302337646484375,10.43649673461914,-4.865840911865234,0.05989425256848335,1.7517644166946411,0.034190814699556614
3,8,0.3,0.005,16,2,8.226421356201172,10.459391593933105,2.2329702377319336,3.2752397060394287,4.9130449295043945,0.6666415131623517
12,64,0.1,0.0001,4,2,15.254900932312012,10.470483779907227,-4.784417152404785,0.03154809772968292,0.32116708159446716,0.09822954947019828
6,8,0.3,0.0001,16,2,16.6347713470459,10.475049018859863,-6.159722328186035,0.34371238946914673,4.662766456604004,0.07371426226641428
12,32,0.1,0.001,8,2,15.325379371643066,10.484495162963867,-4.840884208679199,0.0844363197684288,0.32116708159446716,0.26290465183802764
6,8,0.3,0.0001,16,1,16.587099075317383,10.498628616333008,-6.088470458984375,0.20708933472633362,4.662766456604004,0.04441340492896172
9,64,0.1,0.005,4,1,5.480825901031494,10.504913330078125,5.024087429046631,4.5147480964660645,1.7517644166946411,2.5772575658231633
12,16,0.0,0.0005,16,2,6.821633338928223,10.510965347290039,3.6893320083618164,0.5357922911643982,0.32116708159446716,1.6682665250261701
6,8,0.2,0.0001,16,2,16.743555068969727,10.545599937438965,-6.197955131530762,0.25958240032196045,4.662766456604004,0.05567132789897868
9,8,0.1,0.0001,8,2,15.285590171813965,10.561188697814941,-4.724401473999023,0.025620775297284126,1.7517644166946411,0.014625696842060134
12,8,0.0,0.0001,16,1,15.040885925292969,10.586807250976562,-4.454078674316406,0.18258385360240936,0.32116708159446716,0.568501144936626
12,8,0.0,0.0005,8,2,6.725056171417236,10.6155424118042,3.890486240386963,0.20116522908210754,0.32116708159446716,0.6263569357214381
6,16,0.3,0.0005,4,1,7.543713569641113,10.627595901489258,3.0838823318481445,6.160830974578857,4.662766456604004,1.321282339983617
12,16,0.4,0.001,8,1,6.696625709533691,10.644353866577148,3.947728157043457,0.7526645064353943,0.32116708159446716,2.3435294261750412
12,32,0.0,0.005,16,1,2.499458074569702,10.647228240966797,8.147770166397095,1.6889017820358276,0.32116708159446716,5.258639128428419
6,16,0.3,0.001,8,1,7.342798233032227,10.648274421691895,3.305476188659668,6.168907165527344,4.662766456604004,1.3230143999149155
9,8,0.1,0.0001,4,2,15.51745319366455,10.678350448608398,-4.839102745056152,0.07968039065599442,1.7517644166946411,0.04548579129512248
12,16,0.1,0.001,16,1,5.645687103271484,10.679036140441895,5.03334903717041,0.07789546996355057,0.32116708159446716,0.2425387732043722
6,16,0.1,0.001,8,1,7.115655422210693,10.770949363708496,3.6552939414978027,7.063445568084717,4.662766456604004,1.5148615384930046
12,8,0.0,0.001,4,1,5.5607404708862305,10.780726432800293,5.2199859619140625,0.837229311466217,0.32116708159446716,2.6068341353967712
12,8,0.4,0.005,16,1,5.43566370010376,10.824492454528809,5.388828754425049,1.5802034139633179,0.32116708159446716,4.9201910921824075
9,8,0.4,0.001,8,1,7.781431674957275,10.82542610168457,3.043994426727295,3.077707529067993,1.7517644166946411,1.7569186242949493
6,8,0.1,0.0001,8,2,16.956218719482422,10.830833435058594,-6.125385284423828,0.06287002563476562,4.662766456604004,0.013483417241650841
12,8,0.3,0.001,8,1,6.598671913146973,10.863018989562988,4.264347076416016,0.09063797444105148,0.32116708159446716,0.28221439753747457
3,16,0.3,0.0005,4,1,8.134440422058105,10.870994567871094,2.7365541458129883,5.3823089599609375,4.9130449295043945,1.0955138894900927
12,8,0.1,0.005,8,1,3.0226869583129883,10.917640686035156,7.894953727722168,3.3738815784454346,0.32116708159446716,10.505066589313733
12,8,0.2,0.0001,8,2,15.389290809631348,10.923362731933594,-4.465928077697754,0.07243829220533371,0.32116708159446716,0.22554706368319669
12,16,0.3,0.0001,16,1,15.234456062316895,10.99476432800293,-4.239691734313965,0.13468143343925476,0.32116708159446716,0.41935005533759834
6,16,0.1,0.0005,4,2,17.207195281982422,11.006036758422852,-6.20115852355957,0.04259809851646423,4.662766456604004,0.009135799297031353
9,64,0.1,0.001,16,2,15.85390567779541,11.03458309173584,-4.81932258605957,0.08037769794464111,1.7517644166946411,0.04588385126368973
12,32,0.3,0.001,4,1,5.399718761444092,11.046788215637207,5.647069454193115,1.0179792642593384,0.32116708159446716,3.1696251658341668
12,32,0.4,0.001,8,2,6.902710914611816,11.086132049560547,4.1834211349487305,0.2891867160797119,0.32116708159446716,0.9004245224760102
6,8,0.2,0.0005,4,1,7.358748912811279,11.094472885131836,3.7357239723205566,8.121132850646973,4.662766456604004,1.7416983943394355
6,8,0.1,0.0001,16,2,17.31179428100586,11.154531478881836,-6.157262802124023,0.14070117473602295,4.662766456604004,0.03017547115977555
3,64,0.3,0.005,16,2,8.445208549499512,11.158624649047852,2.71341609954834,4.017165660858154,4.9130449295043945,0.8176529460851862
6,8,0.3,0.005,8,2,6.147078990936279,11.177148818969727,5.030069828033447,7.190787315368652,4.662766456604004,1.5421718806405462
12,16,0.1,0.0005,16,2,15.707962989807129,11.188965797424316,-4.5189971923828125,0.03629754111170769,0.32116708159446716,0.11301762600172095
9,64,0.1,0.0005,16,2,15.991705894470215,11.195039749145508,-4.796666145324707,0.056902963668107986,1.7517644166946411,0.032483228410060246
6,16,0.1,0.0001,8,2,17.305593490600586,11.19826889038086,-6.107324600219727,0.046373073011636734,4.662766456604004,0.009945399033648206
9,8,0.0,0.0001,16,1,15.878473281860352,11.246177673339844,-4.632295608520508,0.14958728849887848,1.7517644166946411,0.08539235474432735
9,8,0.3,0.0001,4,2,15.972171783447266,11.255987167358398,-4.716184616088867,0.07410091906785965,1.7517644166946411,0.04230073311323377
9,64,0.1,0.005,8,1,4.656932353973389,11.282157897949219,6.62522554397583,5.4427385330200195,1.7517644166946411,3.107003705035739
12,8,0.1,0.001,16,1,5.894684791564941,11.305726051330566,5.411041259765625,1.517921805381775,0.32116708159446716,4.726268326896689
9,64,0.1,0.0001,4,2,15.987716674804688,11.31868839263916,-4.669028282165527,0.05508573353290558,1.7517644166946411,0.031445857107227596
12,32,0.1,0.001,16,2,15.951301574707031,11.322465896606445,-4.628835678100586,0.07757414132356644,0.32116708159446716,0.24153827016903973
9,16,0.2,0.0001,8,2,15.883535385131836,11.3246488571167,-4.558886528015137,0.12697434425354004,1.7517644166946411,0.07248368732887304
12,8,0.1,0.0001,8,2,15.774836540222168,11.337701797485352,-4.437134742736816,0.008037909865379333,0.32116708159446716,0.025027190910956065
12,8,0.3,0.0001,16,2,15.770408630371094,11.403308868408203,-4.367099761962891,0.09619225561618805,0.32116708159446716,0.29950845254324215
9,64,0.1,0.0005,4,2,16.1900691986084,11.405865669250488,-4.78420352935791,0.15311947464942932,1.7517644166946411,0.08740871386024983
6,8,0.0,0.0001,16,1,17.494916915893555,11.406916618347168,-6.088000297546387,0.07664314657449722,4.662766456604004,0.01643726900924781
6,32,0.4,0.0005,4,2,8.328679084777832,11.41733169555664,3.0886526107788086,6.986216068267822,4.662766456604004,1.498298517261797
6,16,0.0,0.005,4,2,2.781722068786621,11.42493724822998,8.64321517944336,7.107668876647949,4.662766456604004,1.5243458883901773
9,16,0.4,0.001,8,2,7.735482215881348,11.506874084472656,3.7713918685913086,3.212646961212158,1.7517644166946411,1.8339492060662006
12,8,0.3,0.005,4,1,3.201660394668579,11.520794868469238,8.31913447380066,1.9818068742752075,0.32116708159446716,6.170641351026147
12,64,0.1,0.001,8,2,16.15337562561035,11.52147102355957,-4.631904602050781,0.04439782723784447,0.32116708159446716,0.13823903439115512
9,16,0.1,0.0001,4,2,16.137453079223633,11.547653198242188,-4.589799880981445,0.02697877027094364,1.7517644166946411,0.01540091236802788
3,32,0.4,0.001,8,1,7.79315710067749,11.549591064453125,3.7564339637756348,5.397366523742676,4.9130449295043945,1.0985787024518698
6,8,0.0,0.001,4,1,6.458189010620117,11.55478286743164,5.096593856811523,7.289849281311035,4.662766456604004,1.5634172007448972
12,8,0.4,0.005,8,1,4.426441669464111,11.565784454345703,7.139342784881592,3.1651406288146973,0.32116708159446716,9.855121555736751
12,16,0.1,0.0001,16,2,15.95530891418457,11.574533462524414,-4.380775451660156,0.013766846619546413,0.32116708159446716,0.042865061236037894
12,32,0.1,0.0001,4,2,16.097238540649414,11.610386848449707,-4.486851692199707,0.05107590928673744,0.32116708159446716,0.1590322053965363
9,64,0.1,0.0001,16,2,16.245010375976562,11.628859519958496,-4.616150856018066,0.03404176980257034,1.7517644166946411,0.01943284695027821
12,8,0.1,0.0005,16,2,16.03485870361328,11.659817695617676,-4.3750410079956055,0.002054068725556135,0.32116708159446716,0.006395639040459871
3,16,0.4,0.005,16,1,7.3647894859313965,11.676018714904785,4.311229228973389,5.320471286773682,4.9130449295043945,1.0829274641521316
9,8,0.0,0.0001,16,2,16.15296745300293,11.680578231811523,-4.472389221191406,0.011209179647266865,1.7517644166946411,0.006398794004742473
3,32,0.4,0.001,4,2,7.878620624542236,11.692460060119629,3.8138394355773926,6.088804244995117,4.9130449295043945,1.2393137722860856
12,8,0.2,0.0001,16,2,16.117794036865234,11.785632133483887,-4.332161903381348,0.002181858057156205,0.32116708159446716,0.006793529543327247
12,16,0.1,0.0001,4,2,16.216224670410156,11.786667823791504,-4.429556846618652,0.05299544706940651,0.32116708159446716,0.1650089629556838
12,16,0.3,0.005,8,1,2.9618799686431885,11.800651550292969,8.83877158164978,4.111208438873291,0.32116708159446716,12.800840043950869
12,8,0.0,0.001,4,2,5.551425457000732,11.844278335571289,6.292852878570557,0.4346156120300293,0.32116708159446716,1.3532383514285935
12,32,0.4,0.001,8,1,4.977741241455078,11.850696563720703,6.872955322265625,0.21505816280841827,0.32116708159446716,0.6696145873379669
9,32,0.4,0.005,16,2,4.669936656951904,11.851221084594727,7.181284427642822,3.152317523956299,1.7517644166946411,1.7995099648754853
3,16,0.3,0.005,16,1,7.752295970916748,11.862043380737305,4.109747409820557,5.654308319091797,4.9130449295043945,1.1508765745527545
12,32,0.2,0.0001,16,2,16.066604614257812,11.86376953125,-4.2028350830078125,0.0038832419086247683,0.32116708159446716,0.012091033394039054
12,64,0.1,0.001,16,2,16.40586280822754,11.873618125915527,-4.532244682312012,0.03256130591034889,0.32116708159446716,0.10138431917958379
12,64,0.1,0.0005,8,2,16.354022979736328,11.904706954956055,-4.449316024780273,0.04168255999684334,0.32116708159446716,0.12978465847093035
12,16,0.1,0.0005,8,2,16.421566009521484,11.9226713180542,-4.498894691467285,0.03507460653781891,0.32116708159446716,0.10920984293809752
3,16,0.4,0.001,8,2,8.447772026062012,11.927703857421875,3.4799318313598633,5.7953033447265625,4.9130449295043945,1.179574668638572
9,8,0.1,0.0005,4,2,16.405656814575195,11.933817863464355,-4.47183895111084,0.032215386629104614,1.7517644166946411,0.018390250607950465
12,8,0.1,0.0005,8,2,16.356313705444336,11.992888450622559,-4.363425254821777,0.029717911034822464,0.32116708159446716,0.09253099940157261
12,64,0.1,0.0001,8,2,16.399253845214844,11.993426322937012,-4.405827522277832,0.03417586907744408,0.32116708159446716,0.1064114943155894
12,32,0.3,0.005,8,1,3.1861181259155273,12.013784408569336,8.827666282653809,1.4042911529541016,0.32116708159446716,4.372462912395483
12,64,0.3,0.001,8,1,4.961428642272949,12.019172668457031,7.057744026184082,0.4332089126110077,0.32116708159446716,1.3488583900326812
12,16,0.3,0.001,16,1,7.117722034454346,12.04845142364502,4.930729389190674,0.8437340259552002,0.32116708159446716,2.6270875015160193
12,8,0.1,0.0001,16,2,16.286834716796875,12.059473991394043,-4.227360725402832,0.019949620589613914,0.32116708159446716,0.06211601914670695
9,16,0.1,0.001,16,1,6.1184210777282715,12.071855545043945,5.953434467315674,6.783939361572266,1.7517644166946411,3.8726322426235287
9,8,0.4,0.005,4,2,4.773604393005371,12.078564643859863,7.304960250854492,0.8300212621688843,1.7517644166946411,0.47382014057291444
3,32,0.4,0.005,4,2,4.795799255371094,12.088907241821289,7.293107986450195,6.774555206298828,4.9130449295043945,1.378891360348747
6,16,0.4,0.005,8,2,4.445942401885986,12.09276294708252,7.646820545196533,6.456821918487549,4.662766456604004,1.3847620245578836
6,16,0.0,0.0005,8,1,7.4668450355529785,12.104565620422363,4.637720584869385,7.421032905578613,4.662766456604004,1.5915514908682593
12,64,0.1,0.0005,16,2,16.556251525878906,12.122335433959961,-4.433916091918945,0.055931564420461655,0.32116708159446716,0.17415098752581873
3,16,0.4,0.001,4,1,7.403042793273926,12.12623405456543,4.723191261291504,6.76396369934082,4.9130449295043945,1.3767355675339077
12,32,0.4,0.005,4,1,2.098670721054077,12.145059585571289,10.046388864517212,3.533634901046753,0.32116708159446716,11.002481585297152
3,32,0.0,0.001,8,1,7.422055244445801,12.153852462768555,4.731797218322754,6.014124393463135,4.9130449295043945,1.224113453012898
6,32,0.4,0.005,16,2,5.28126859664917,12.16421890258789,6.882950305938721,9.284957885742188,4.662766456604004,1.9912980785455483
12,64,0.0,0.0001,4,1,6.321970462799072,12.166440963745117,5.844470500946045,1.5336017608642578,0.32116708159446716,4.775090128323654
3,32,0.3,0.0005,4,1,7.689907073974609,12.168885231018066,4.478978157043457,6.616912364959717,4.9130449295043945,1.3468047738018958
12,8,0.1,0.0001,4,2,16.453596115112305,12.171242713928223,-4.282353401184082,0.0047376430593431,0.32116708159446716,0.014751334526012383
3,64,0.3,0.005,4,2,7.026663303375244,12.174145698547363,5.147482395172119,4.049117565155029,4.9130449295043945,0.824156429109531
12,64,0.3,0.005,16,1,4.719325542449951,12.185220718383789,7.465895175933838,2.3099467754364014,0.32116708159446716,7.19235222977533
6,8,0.3,0.005,4,2,5.396642208099365,12.19487190246582,6.798229694366455,5.54679012298584,4.662766456604004,1.1895920961535118
12,64,0.1,0.0001,16,2,16.56853675842285,12.198049545288086,-4.370487213134766,0.037866245955228806,0.32116708159446716,0.11790201463748375
3,32,0.1,0.001,16,1,7.966290473937988,12.21191692352295,4.245626449584961,6.350650310516357,4.9130449295043945,1.2926098583749328
6,16,0.2,0.001,16,1,8.066478729248047,12.274971961975098,4.208493232727051,8.321822166442871,4.662766456604004,1.7847392194941367
3,8,0.4,0.005,8,2,7.804440975189209,12.301360130310059,4.49691915512085,4.776879787445068,4.9130449295043945,0.9722849792718948
3,8,0.4,0.005,4,1,7.318770885467529,12.310153007507324,4.991382122039795,4.915210723876953,4.9130449295043945,1.0004408252730506
9,8,0.1,0.001,4,1,4.876214981079102,12.311559677124023,7.435344696044922,3.751375913619995,1.7517644166946411,2.141484253172792
12,32,0.2,0.005,8,1,2.3903088569641113,12.33083724975586,9.940528392791748,2.1956350803375244,0.32116708159446716,6.836426290755164
3,64,0.4,0.001,16,2,8.934569358825684,12.349383354187012,3.414813995361328,6.647466659545898,4.9130449295043945,1.3530237876771187
9,8,0.3,0.0001,16,1,16.859107971191406,12.351242065429688,-4.507865905761719,0.2638521194458008,1.7517644166946411,0.15062077807451787
6,64,0.0,0.005,8,2,2.207411289215088,12.368587493896484,10.161176204681396,10.513619422912598,4.662766456604004,2.254802920275338
12,8,0.0,0.005,16,1,2.766354560852051,12.37574577331543,9.609391212463379,5.909906387329102,0.32116708159446716,18.40134536201145
3,64,0.0,0.001,16,1,7.925532341003418,12.401277542114258,4.47574520111084,6.331535339355469,4.9130449295043945,1.2887192016772713
9,32,0.1,0.0005,8,2,16.90790367126465,12.413605690002441,-4.494297981262207,0.042401231825351715,1.7517644166946411,0.024204871055297207
6,16,0.3,0.005,16,2,8.301162719726562,12.419331550598145,4.118168830871582,7.087403774261475,4.662766456604004,1.5199997341113645
12,16,0.2,0.0005,4,1,5.9033708572387695,12.444768905639648,6.541398048400879,1.1843345165252686,0.32116708159446716,3.687596221398275
6,32,0.4,0.001,8,2,8.094942092895508,12.461989402770996,4.367047309875488,7.2956647872924805,4.662766456604004,1.5646644229756415
3,64,0.1,0.0005,8,1,7.623970985412598,12.462864875793457,4.838893890380859,6.239699840545654,4.9130449295043945,1.2700270260249964
6,64,0.0,0.005,4,1,3.130635976791382,12.466076850891113,9.335440874099731,11.468841552734375,4.662766456604004,2.4596645917126603
12,16,0.2,0.0001,16,2,16.654062271118164,12.467146873474121,-4.186915397644043,0.06634503602981567,0.32116708159446716,0.2065748323285154
3,32,0.0,0.001,16,1,7.930410385131836,12.493143081665039,4.562732696533203,6.650562763214111,4.9130449295043945,1.3536539678836175
9,16,0.4,0.0005,8,1,6.315791606903076,12.531779289245605,6.215987682342529,1.12752366065979,1.7517644166946411,0.6436502819182075
3,8,0.3,0.005,4,2,7.712209224700928,12.547649383544922,4.835440158843994,7.136012554168701,4.9130449295043945,1.4524623032276136
3,16,0.4,0.0005,4,2,8.45510482788086,12.63447093963623,4.179366111755371,7.221147537231445,4.9130449295043945,1.4697906574935153
12,64,0.1,0.001,8,1,4.967333793640137,12.663215637207031,7.6958818435668945,0.8680430054664612,0.32116708159446716,2.7027770130019926
3,32,0.4,0.005,16,2,7.909214496612549,12.723821640014648,4.8146071434021,5.656382083892822,4.9130449295043945,1.1512986681486368
12,8,0.0,0.005,8,2,4.154123783111572,12.72649097442627,8.572367191314697,2.3463454246520996,0.32116708159446716,7.305684670432054
12,16,0.1,0.001,16,2,17.015579223632812,12.732748031616211,-4.282831192016602,0.04897531121969223,0.32116708159446716,0.15249169054483802
3,64,0.4,0.0005,8,1,8.012421607971191,12.738539695739746,4.726118087768555,7.032447814941406,4.9130449295043945,1.431382760761931
12,16,0.4,0.005,8,1,3.0422589778900146,12.745006561279297,9.702747583389282,3.00184965133667,0.32116708159446716,9.34669156139439
12,16,0.1,0.0005,8,1,5.811925888061523,12.757830619812012,6.945904731750488,0.6436437368392944,0.32116708159446716,2.0040775463159504
12,64,0.0,0.001,8,2,3.5734975337982178,12.770106315612793,9.196608781814575,1.7430614233016968,0.32116708159446716,5.427272977816059
12,64,0.3,0.005,4,1,4.0031938552856445,12.770477294921875,8.76728343963623,4.766451358795166,0.32116708159446716,14.84103331864407
12,64,0.3,0.005,8,1,2.6063225269317627,12.825628280639648,10.219305753707886,1.8532785177230835,0.32116708159446716,5.770449787451101
3,32,0.3,0.005,16,2,7.98645544052124,12.868916511535645,4.882461071014404,5.325493335723877,4.9130449295043945,1.0839496508046567
12,64,0.0,0.001,16,2,4.100916385650635,12.873847007751465,8.77293062210083,0.012513230554759502,0.32116708159446716,0.03896174692822277
12,64,0.0,0.005,8,1,1.6480450630187988,12.875205993652344,11.227160930633545,1.7776299715042114,0.32116708159446716,5.534907135186407
9,32,0.1,0.0001,16,2,17.173181533813477,12.900094032287598,-4.273087501525879,0.017820099368691444,1.7517644166946411,0.010172657464018894
9,16,0.2,0.005,4,1,3.5744450092315674,12.90516471862793,9.330719709396362,4.615063190460205,1.7517644166946411,2.634522739746163
3,8,0.4,0.005,16,2,8.212372779846191,12.926569938659668,4.714197158813477,5.98948860168457,4.9130449295043945,1.219099089795778
3,16,0.3,0.005,16,2,8.089810371398926,13.027316093444824,4.937505722045898,5.419236183166504,4.9130449295043945,1.1030300477453951
9,16,0.4,0.005,8,2,4.030982971191406,13.04017162322998,9.009188652038574,3.2060964107513428,1.7517644166946411,1.8302098045813964
3,8,0.1,0.005,4,2,8.947622299194336,13.050649642944336,4.10302734375,1.8186146020889282,4.9130449295043945,0.3701603848903498
3,16,0.4,0.001,4,2,7.635709285736084,13.05526351928711,5.419554233551025,3.9625680446624756,4.9130449295043945,0.8065401602305724
12,16,0.2,0.005,16,1,2.9045841693878174,13.061631202697754,10.157047033309937,6.188897132873535,0.32116708159446716,19.27002326062844
12,16,0.1,0.0005,4,2,17.378170013427734,13.118759155273438,-4.259410858154297,0.04030250012874603,0.32116708159446716,0.12548764315651562
3,8,0.2,0.005,4,2,8.266867637634277,13.13704776763916,4.870180130004883,3.457787275314331,4.9130449295043945,0.7037972021279961
3,64,0.4,0.001,4,2,7.365935802459717,13.177053451538086,5.811117649078369,5.321808338165283,4.9130449295043945,1.0831996072753447
6,32,0.4,0.001,16,1,7.6213884353637695,13.186229705810547,5.564841270446777,7.80730676651001,4.662766456604004,1.6743936972121576
6,16,0.1,0.001,4,1,5.962368965148926,13.208029747009277,7.245660781860352,9.352322578430176,4.662766456604004,2.005745444356156
12,16,0.2,0.005,8,1,3.858285903930664,13.211565017700195,9.353279113769531,2.5676910877227783,0.32116708159446716,7.9948762960861695
3,32,0.0,0.0005,4,1,7.313518047332764,13.213801383972168,5.900283336639404,7.374241352081299,4.9130449295043945,1.5009513362673805
3,32,0.0,0.001,16,2,7.916855335235596,13.24217700958252,5.325321674346924,6.119997978210449,4.9130449295043945,1.2456629373482662
9,16,0.2,0.001,4,1,4.496703147888184,13.254402160644531,8.757699012756348,3.7008283138275146,1.7517644166946411,2.1126290033967647
9,16,0.0,0.005,4,2,3.591667652130127,13.389031410217285,9.797363758087158,4.768564701080322,1.7517644166946411,2.7221495399923716
12,8,0.1,0.005,4,1,3.1960608959198,13.42839527130127,10.23233437538147,4.100017070770264,0.32116708159446716,12.765994106292915
12,8,0.2,0.005,16,1,3.1116628646850586,13.428980827331543,10.317317962646484,3.4776558876037598,0.32116708159446716,10.828182858400611
12,32,0.1,0.0001,16,2,17.520723342895508,13.463815689086914,-4.056907653808594,0.03046863153576851,0.32116708159446716,0.09486847588645711
12,32,0.1,0.0001,8,2,17.547210693359375,13.47659969329834,-4.070611000061035,0.0205813180655241,0.32116708159446716,0.06408290028774438
12,16,0.1,0.005,16,1,4.3971405029296875,13.506814956665039,9.109674453735352,3.102809190750122,0.32116708159446716,9.661043639173434
9,64,0.4,0.005,4,2,2.771517276763916,13.508016586303711,10.736499309539795,3.662468910217285,1.7517644166946411,2.090731422166859
3,64,0.0,0.005,4,2,2.7921841144561768,13.545720100402832,10.753535985946655,5.361129283905029,4.9130449295043945,1.091202983247669
12,16,0.4,0.001,4,1,4.7385149002075195,13.618300437927246,8.879785537719727,2.8159611225128174,0.32116708159446716,8.767900833836045
12,8,0.4,0.005,4,2,3.7477753162384033,13.68822193145752,9.940446615219116,2.9273529052734375,0.32116708159446716,9.114735204929135
12,64,0.4,0.0005,4,1,4.455435276031494,13.714780807495117,9.259345531463623,0.20803683996200562,0.32116708159446716,0.6477526866364548
6,16,0.4,0.005,4,2,3.962613105773926,13.72751522064209,9.764902114868164,6.0152716636657715,4.662766456604004,1.2900649688654635
6,16,0.1,0.0005,4,1,6.974311351776123,13.739785194396973,6.76547384262085,7.013524055480957,4.662766456604004,1.504155123520611
6,32,0.3,0.0005,8,1,7.760292053222656,13.784979820251465,6.024687767028809,9.822164535522461,4.662766456604004,2.1065100787132627
3,32,0.3,0.005,8,2,6.559174537658691,13.785289764404297,7.2261152267456055,5.343472003936768,4.9130449295043945,1.0876090246697159
3,32,0.1,0.0005,4,1,7.136149883270264,13.852267265319824,6.7161173820495605,7.345725059509277,4.9130449295043945,1.495147136838881
3,8,0.1,0.001,4,1,7.204110622406006,13.8687162399292,6.664605617523193,7.396113872528076,4.9130449295043945,1.5054032638928385
9,16,0.1,0.0001,8,2,18.04144287109375,13.933178901672363,-4.108263969421387,0.020709285512566566,1.7517644166946411,0.011821958087059664
9,8,0.3,0.001,8,1,5.694072723388672,13.953511238098145,8.259438514709473,1.3542704582214355,1.7517644166946411,0.773089375098036
12,32,0.4,0.0005,16,1,6.909982681274414,14.004034042358398,7.094051361083984,0.9579864144325256,0.32116708159446716,2.9828287808218175
12,16,0.1,0.0001,8,2,17.916030883789062,14.007182121276855,-3.908848762512207,0.017936771735548973,0.32116708159446716,0.055848724117366
6,64,0.4,0.005,16,2,5.221388339996338,14.057696342468262,8.836308002471924,10.75736141204834,4.662766456604004,2.307077035096277
9,32,0.0,0.0005,8,1,4.6755757331848145,14.06389045715332,9.388314723968506,5.031863689422607,1.7517644166946411,2.8724545615083907
9,8,0.3,0.0005,4,1,5.5252485275268555,14.087864875793457,8.562616348266602,3.825408458709717,1.7517644166946411,2.183745954794413
6,8,0.4,0.001,4,1,6.571267127990723,14.136895179748535,7.5656280517578125,5.404007911682129,4.662766456604004,1.158970315579131
12,64,0.0,0.005,16,1,2.1985154151916504,14.31100082397461,12.112485408782959,2.6523935794830322,0.32116708159446716,8.258609712785477
9,32,0.4,0.001,4,2,4.8066253662109375,14.317995071411133,9.511369705200195,6.2268805503845215,1.7517644166946411,3.5546335403557636
3,64,0.3,0.001,16,1,7.862823486328125,14.326141357421875,6.46331787109375,8.327089309692383,4.9130449295043945,1.6948937836260296
9,32,0.0,0.005,8,1,3.847992420196533,14.340063095092773,10.49207067489624,6.625148773193359,1.7517644166946411,3.781986156388643
12,8,0.3,0.005,8,1,4.629326343536377,14.344585418701172,9.715259075164795,1.750229835510254,0.32116708159446716,5.44959286244735
6,32,0.4,0.001,4,2,6.903473854064941,14.34902572631836,7.445551872253418,6.96589994430542,4.662766456604004,1.4939414206429802
9,8,0.2,0.005,16,1,5.640489101409912,14.358478546142578,8.717989444732666,2.0707638263702393,1.7517644166946411,1.1821017750078004
6,8,0.4,0.005,8,2,5.899662494659424,14.369597434997559,8.469934940338135,3.63557505607605,4.662766456604004,0.7797034421329178
9,64,0.2,0.005,8,1,3.8575470447540283,14.380231857299805,10.522684812545776,5.941452980041504,1.7517644166946411,3.391696351072296
12,32,0.4,0.001,4,2,4.105485916137695,14.392993927001953,10.287508010864258,2.818558692932129,0.32116708159446716,8.775988743737692
12,8,0.4,0.005,16,2,4.16996955871582,14.403791427612305,10.233821868896484,2.063084840774536,0.32116708159446716,6.423712014731206
12,64,0.0,0.005,8,2,2.071021795272827,14.422469139099121,12.351447343826294,3.0662283897399902,0.32116708159446716,9.54714404265027
3,8,0.2,0.005,8,1,7.0471038818359375,14.4306001663208,7.383496284484863,6.368933200836182,4.9130449295043945,1.2963311535355022
12,32,0.3,0.0005,8,1,6.300950050354004,14.432827949523926,8.131877899169922,1.9015767574310303,0.32116708159446716,5.920833318254337
6,64,0.2,0.0005,16,1,7.953138828277588,14.444686889648438,6.49154806137085,8.581058502197266,4.662766456604004,1.8403363286710783
3,64,0.0,0.0005,8,1,7.199440002441406,14.464583396911621,7.265143394470215,7.796943187713623,4.9130449295043945,1.586987967663496
3,16,0.0,0.001,4,1,6.912450790405273,14.477128028869629,7.5646772384643555,6.363664150238037,4.9130449295043945,1.2952586922261211
3,16,0.4,0.005,4,1,6.485164642333984,14.478404998779297,7.9932403564453125,5.97947359085083,4.9130449295043945,1.2170606368653771
12,64,0.4,0.005,8,1,3.040846824645996,14.568076133728027,11.527229309082031,2.1949782371520996,0.32116708159446716,6.834381114823174
12,64,0.2,0.001,4,1,3.944887161254883,14.572702407836914,10.627815246582031,2.5247175693511963,0.32116708159446716,7.861072052643051
9,8,0.2,0.001,4,1,6.477093696594238,14.635624885559082,8.158531188964844,3.36460542678833,1.7517644166946411,1.9206951543957702
3,32,0.2,0.0005,4,1,7.259769439697266,14.655252456665039,7.395483016967773,8.041264533996582,4.9130449295043945,1.6367170765539383
3,16,0.3,0.005,4,2,6.8440070152282715,14.665910720825195,7.821903705596924,7.995830059051514,4.9130449295043945,1.6274693542967653
12,32,0.0,0.005,4,2,3.2088358402252197,14.683931350708008,11.475095510482788,4.053297996520996,0.32116708159446716,12.62052753475848
3,16,0.2,0.005,16,1,7.518276214599609,14.739702224731445,7.221426010131836,6.774117469787598,4.9130449295043945,1.3788022635630446
3,8,0.4,0.005,8,1,7.237981796264648,14.771656036376953,7.533674240112305,8.117818832397461,4.9130449295043945,1.6522989202983636
3,16,0.0,0.0005,4,2,7.588778495788574,14.772059440612793,7.183280944824219,8.298662185668945,4.9130449295043945,1.6891077335427658
12,8,0.0,0.0005,4,2,5.760542392730713,14.785901069641113,9.0253586769104,0.12295550853013992,0.32116708159446716,0.3828396980154834
12,16,0.4,0.0005,4,1,6.146967887878418,14.82479476928711,8.677826881408691,1.8863797187805176,0.32116708159446716,5.873515147988986
9,16,0.3,0.005,4,1,3.1383156776428223,14.850876808166504,11.712561130523682,5.90660285949707,1.7517644166946411,3.3718020546633127
12,32,0.0,0.001,4,1,2.8168163299560547,14.872729301452637,12.055912971496582,1.828385591506958,0.32116708159446716,5.692942073732304
12,16,0.0,0.001,8,1,5.574509143829346,14.913987159729004,9.339478015899658,1.3449443578720093,0.32116708159446716,4.187678111949999
9,16,0.2,0.005,8,1,3.519925117492676,14.97177791595459,11.451852798461914,7.573930740356445,1.7517644166946411,4.323601203549675
6,32,0.4,0.001,16,2,8.20706844329834,14.980167388916016,6.773098945617676,9.484567642211914,4.662766456604004,2.0341073760575465
9,16,0.3,0.0005,8,1,5.5803070068359375,14.984705924987793,9.404398918151855,3.061774253845215,1.7517644166946411,1.7478230660846492
6,8,0.3,0.005,4,1,4.964599132537842,14.992827415466309,10.028228282928467,9.106499671936035,4.662766456604004,1.9530250456868261
9,8,0.4,0.005,8,2,3.8432486057281494,14.999215126037598,11.155966520309448,8.307760238647461,1.7517644166946411,4.742509985631035
9,8,0.3,0.005,16,1,4.946177959442139,15.008378028869629,10.06220006942749,2.9238123893737793,1.7517644166946411,1.6690671197047404
12,32,0.0,0.001,8,2,3.1577181816101074,15.028107643127441,11.870389461517334,1.7120643854141235,0.32116708159446716,5.330759232591345
9,64,0.4,0.005,16,1,3.8170042037963867,15.034854888916016,11.217850685119629,5.243187427520752,1.7517644166946411,2.9930893546827413
9,8,0.0,0.005,8,2,3.4724862575531006,15.056501388549805,11.584015130996704,10.152997016906738,1.7517644166946411,5.795868965111282
12,16,0.0,0.005,4,2,2.2219431400299072,15.110788345336914,12.888845205307007,5.976677894592285,0.32116708159446716,18.60924807399454
9,16,0.1,0.005,16,1,3.993121862411499,15.145541191101074,11.152419328689575,6.0209221839904785,1.7517644166946411,3.437061585798849
12,32,0.4,0.0005,4,1,5.020390510559082,15.169771194458008,10.149380683898926,0.7367107272148132,0.32116708159446716,2.2938550350718905
9,8,0.4,0.005,4,1,3.965484857559204,15.1698579788208,11.204373121261597,5.653773784637451,1.7517644166946411,3.2274738148325963
6,8,0.2,0.005,16,2,7.434031963348389,15.178313255310059,7.74428129196167,4.928579330444336,4.662766456604004,1.0570075461240085
9,32,0.1,0.005,4,1,2.1440815925598145,15.18277359008789,13.038691997528076,5.81233549118042,1.7517644166946411,3.3179892431812066
3,8,0.1,0.005,8,1,7.012274265289307,15.215938568115234,8.203664302825928,5.648737907409668,4.9130449295043945,1.149742774279796
12,32,0.0,0.0005,4,1,5.003735542297363,15.262099266052246,10.258363723754883,1.1547589302062988,0.32116708159446716,3.5955083705134996
12,8,0.1,0.005,16,1,4.739281177520752,15.271086692810059,10.531805515289307,2.8648338317871094,0.32116708159446716,8.920073058435335
6,64,0.0,0.005,16,2,2.7616662979125977,15.376139640808105,12.614473342895508,10.887031555175781,4.662766456604004,2.334886736554472
3,64,0.4,0.001,8,1,7.449761867523193,15.382913589477539,7.933151721954346,8.896324157714844,4.9130449295043945,1.810755709619017
12,32,0.0,0.001,8,1,4.573686599731445,15.404921531677246,10.8312349319458,1.0601489543914795,0.32116708159446716,3.300926574193907
3,16,0.4,0.005,8,2,6.956144332885742,15.440314292907715,8.484169960021973,7.684650421142578,4.9130449295043945,1.5641319245818033
12,16,0.3,0.005,16,1,3.3285951614379883,15.532973289489746,12.204378128051758,4.0050740242004395,0.32116708159446716,12.470375246170422
12,8,0.0,0.005,4,2,2.223198652267456,15.555912017822266,13.33271336555481,6.52421760559082,0.32116708159446716,20.314091883890054
3,8,0.3,0.005,8,2,7.215384483337402,15.604975700378418,8.389591217041016,5.798057556152344,4.9130449295043945,1.1801352601791137
3,8,0.0,0.005,16,1,7.34920072555542,15.626066207885742,8.276865482330322,8.413487434387207,4.9130449295043945,1.7124792374402162
6,16,0.0,0.0005,4,1,6.868727207183838,15.629319190979004,8.760591983795166,10.293827056884766,4.662766456604004,2.207665160305281
3,16,0.1,0.005,4,1,6.108288288116455,15.642041206359863,9.533752918243408,6.409173488616943,4.9130449295043945,1.304521652168866
6,8,0.0,0.001,8,2,7.472830772399902,15.66683292388916,8.194002151489258,4.957733631134033,4.662766456604004,1.0632601219201658
9,8,0.3,0.005,4,2,4.09908390045166,15.675622940063477,11.576539039611816,1.810685157775879,1.7517644166946411,1.0336350827312806
6,16,0.4,0.001,4,1,6.823742866516113,15.686166763305664,8.86242389678955,9.40966796875,4.662766456604004,2.0180440209315713
3,8,0.0,0.005,4,1,6.564713954925537,15.695075988769531,9.130362033843994,4.721997261047363,4.9130449295043945,0.9611142028623167
9,8,0.1,0.005,16,1,4.855193614959717,15.696483612060547,10.84128999710083,2.5060007572174072,1.7517644166946411,1.4305580895094987
12,64,0.2,0.005,16,1,3.559100866317749,15.702310562133789,12.14320969581604,1.8731367588043213,0.32116708159446716,5.832281283327482
6,64,0.4,0.0005,8,2,8.209177017211914,15.71369743347168,7.504520416259766,9.826690673828125,4.662766456604004,2.1074807767629693
6,64,0.0,0.005,4,2,3.016998767852783,15.720682144165039,12.703683376312256,10.017213821411133,4.662766456604004,2.1483413151056445
6,8,0.0,0.001,4,2,6.918464183807373,15.72156047821045,8.803096294403076,6.638560771942139,4.662766456604004,1.4237386396523812
3,32,0.4,0.001,4,1,7.1697893142700195,15.73354721069336,8.56375789642334,8.363152503967285,4.9130449295043945,1.7022340776376579
3,64,0.4,0.0005,4,1,7.279780864715576,15.761516571044922,8.481735706329346,8.170557975769043,4.9130449295043945,1.6630334330350305
9,32,0.4,0.0005,16,1,6.938372611999512,15.786011695861816,8.847639083862305,3.2828261852264404,1.7517644166946411,1.874011227731592
3,32,0.1,0.001,8,1,7.144412517547607,15.786043167114258,8.64163064956665,8.60383415222168,4.9130449295043945,1.7512223632543893
12,32,0.2,0.0005,4,1,4.981721878051758,15.786091804504395,10.804369926452637,0.6142501831054688,0.32116708159446716,1.9125564801223096
12,64,0.2,0.005,8,1,2.4855239391326904,15.802595138549805,13.317071199417114,3.740701913833618,0.32116708159446716,11.647214575237651
12,8,0.0,0.005,8,1,2.4415059089660645,15.833359718322754,13.39185380935669,6.0895843505859375,0.32116708159446716,18.960798598516284
9,8,0.3,0.005,8,1,4.66514253616333,15.857832908630371,11.192690372467041,3.5882816314697266,1.7517644166946411,2.0483813903700376
3,8,0.4,0.001,4,2,8.358993530273438,15.875016212463379,7.516022682189941,8.927003860473633,4.9130449295043945,1.8170002490439565
12,32,0.0,0.005,8,2,1.9110170602798462,15.884655952453613,13.973638892173767,2.0660696029663086,0.32116708159446716,6.4330055020243435
12,16,0.2,0.0005,8,1,5.837368011474609,15.904146194458008,10.066778182983398,1.5270066261291504,0.32116708159446716,4.754555225735365
9,64,0.0,0.005,4,2,2.22798752784729,15.91016960144043,13.68218207359314,7.4898905754089355,1.7517644166946411,4.275626621952634
3,64,0.1,0.001,16,1,7.766815185546875,15.91115665435791,8.144341468811035,9.048175811767578,4.9130449295043945,1.8416635592787702
9,16,0.3,0.005,16,1,3.949256420135498,15.91955852508545,11.970302104949951,4.495297431945801,1.7517644166946411,2.566154095325136
9,8,0.0,0.001,8,2,5.664775848388672,15.919831275939941,10.25505542755127,2.375462293624878,1.7517644166946411,1.3560398139077834
9,16,0.3,0.001,16,1,4.832761287689209,15.921594619750977,11.088833332061768,3.75365948677063,1.7517644166946411,2.142787837792317
3,16,0.3,0.005,4,1,6.294349670410156,15.957315444946289,9.662965774536133,7.11201286315918,4.9130449295043945,1.4475774118101963
9,64,0.4,0.005,8,2,4.152745723724365,16.003801345825195,11.85105562210083,5.464785575866699,1.7517644166946411,3.119589325931201
9,16,0.4,0.005,8,1,4.913680553436279,16.01438331604004,11.10070276260376,4.880894184112549,1.7517644166946411,2.7862731641291023
9,32,0.2,0.005,16,1,4.421103477478027,16.021465301513672,11.600361824035645,6.623345851898193,1.7517644166946411,3.780956953330296
12,8,0.2,0.005,4,1,4.7709736824035645,16.02303123474121,11.252057552337646,6.450576305389404,0.32116708159446716,20.084799081415355
12,16,0.3,0.001,4,1,4.493656635284424,16.02549171447754,11.531835079193115,2.545962333679199,0.32116708159446716,7.92722068849493
12,64,0.4,0.005,4,1,2.5782556533813477,16.03729248046875,13.459036827087402,4.755184173583984,0.32116708159446716,14.805951313491972
9,64,0.4,0.0005,4,1,4.682064056396484,16.051828384399414,11.36976432800293,7.850688457489014,1.7517644166946411,4.481589180982609
6,64,0.0,0.0001,4,2,7.413696765899658,16.066659927368164,8.652963161468506,7.279958248138428,4.662766456604004,1.5612959207570054
3,8,0.3,0.005,4,1,6.831960201263428,16.100116729736328,9.2681565284729,7.916534423828125,4.9130449295043945,1.6113295395054954
9,64,0.0,0.005,8,2,1.9710637331008911,16.121768951416016,14.150705218315125,5.745174407958984,1.7517644166946411,3.279650136289105
12,32,0.3,0.005,16,1,4.3928914070129395,16.178417205810547,11.785525798797607,1.9402790069580078,0.32116708159446716,6.0413383505099345
12,32,0.1,0.001,8,1,4.455742359161377,16.23943328857422,11.783690929412842,0.07697296142578125,0.32116708159446716,0.23966640990614926
9,8,0.1,0.005,8,1,3.513315200805664,16.268871307373047,12.755556106567383,6.167105674743652,1.7517644166946411,3.520510872335336
9,16,0.1,0.0005,4,1,5.009665489196777,16.269336700439453,11.259671211242676,3.4619710445404053,1.7517644166946411,1.9762766109113625
12,16,0.4,0.0005,8,1,6.544247150421143,16.270471572875977,9.726224422454834,1.8029680252075195,0.32116708159446716,5.613800817495051
12,32,0.4,0.0005,8,1,5.9479660987854,16.278085708618164,10.330119609832764,0.04054459556937218,0.32116708159446716,0.12624144220536035
6,8,0.3,0.005,16,2,7.420729637145996,16.28516387939453,8.864434242248535,5.456184387207031,4.662766456604004,1.1701603410737607
3,64,0.3,0.005,8,2,6.820113658905029,16.299135208129883,9.479021549224854,7.284122467041016,4.9130449295043945,1.482608559774723
9,32,0.3,0.001,8,1,5.292505264282227,16.300086975097656,11.00758171081543,4.879984378814697,1.7517644166946411,2.7857537990311583
12,16,0.0,0.005,8,1,1.9209340810775757,16.31414031982422,14.393206238746643,3.532391309738159,0.32116708159446716,10.998609484512665
9,16,0.0,0.0005,4,1,4.639284610748291,16.334562301635742,11.695277690887451,3.5670127868652344,1.7517644166946411,2.036240006287911
9,16,0.3,0.0005,4,1,5.273785591125488,16.34278106689453,11.068995475769043,2.9393417835235596,1.7517644166946411,1.6779321211865506
3,16,0.0,0.005,16,1,7.296126365661621,16.382801055908203,9.086674690246582,8.096673965454102,4.9130449295043945,1.6479950990944545
6,8,0.2,0.005,8,2,9.452191352844238,16.401147842407227,6.948956489562988,1.6032284498214722,4.662766456604004,0.3438363179332681
3,16,0.2,0.005,4,1,5.5301642417907715,16.420602798461914,10.890438556671143,6.517326831817627,4.9130449295043945,1.3265351579992706
12,16,0.3,0.0005,4,1,5.027116298675537,16.471799850463867,11.44468355178833,1.1760413646697998,0.32116708159446716,3.661774297761841
3,8,0.3,0.005,16,1,7.471334457397461,16.4752254486084,9.003890991210938,8.068321228027344,4.9130449295043945,1.6422241896414407
3,32,0.3,0.005,16,1,7.307464599609375,16.478708267211914,9.171243667602539,7.60225248336792,4.9130449295043945,1.547360667864847
9,16,0.4,0.005,16,1,4.380824089050293,16.48087501525879,12.100050926208496,4.4963860511779785,1.7517644166946411,2.566775536896732
12,8,0.0,0.0005,8,1,5.969700813293457,16.517559051513672,10.547858238220215,1.2326894998550415,0.32116708159446716,3.838156431646815
9,64,0.4,0.001,4,2,4.8166985511779785,16.553945541381836,11.737246990203857,6.589741230010986,1.7517644166946411,3.7617736535857933
3,8,0.4,0.005,4,2,5.598605155944824,16.5610408782959,10.962435722351074,9.63697338104248,4.9130449295043945,1.9615072769168862
6,16,0.0,0.005,8,1,3.256119966506958,16.566085815429688,13.30996584892273,13.155323028564453,4.662766456604004,2.8213557661529904
9,16,0.3,0.001,8,1,4.630307674407959,16.57480812072754,11.94450044631958,4.550024032592773,1.7517644166946411,2.597394940341405
9,8,0.0,0.0005,4,2,5.585042953491211,16.607072830200195,11.022029876708984,2.790135383605957,1.7517644166946411,1.592757197837476
6,32,0.4,0.0005,8,1,7.164103031158447,16.64988899230957,9.485785961151123,9.70000171661377,4.662766456604004,2.080310435208564
12,64,0.2,0.001,8,1,3.6114063262939453,16.676300048828125,13.06489372253418,2.443875312805176,0.32116708159446716,7.609358034678723
9,8,0.4,0.001,8,2,6.119885444641113,16.73118019104004,10.611294746398926,1.3174265623092651,1.7517644166946411,0.7520569260078266
3,32,0.2,0.005,4,1,5.307229518890381,16.744367599487305,11.437138080596924,8.645431518554688,4.9130449295043945,1.7596890813344952
12,32,0.2,0.005,16,1,3.804858684539795,16.749698638916016,12.94483995437622,4.681177139282227,0.32116708159446716,14.57551974518073
12,16,0.0,0.005,8,2,2.2747139930725098,16.75525665283203,14.480542659759521,3.801659345626831,0.32116708159446716,11.837014325232525
9,8,0.0,0.0005,4,1,6.071778297424316,16.796117782592773,10.724339485168457,2.335541248321533,1.7517644166946411,1.3332507648079788
12,32,0.3,0.005,4,1,4.30727481842041,16.824939727783203,12.517664909362793,3.491196870803833,0.32116708159446716,10.870344661325268
12,64,0.0,0.0005,8,1,4.393824577331543,16.852216720581055,12.458392143249512,2.8986592292785645,0.32116708159446716,9.025393308952683
12,64,0.3,0.001,4,1,3.6475322246551514,16.868122100830078,13.220589876174927,2.058663845062256,0.32116708159446716,6.409946607360276
3,64,0.2,0.0005,4,1,7.211208343505859,16.925634384155273,9.714426040649414,9.931156158447266,4.9130449295043945,2.0213851696750256
9,16,0.0,0.001,16,2,4.953813076019287,16.940082550048828,11.986269474029541,3.9785468578338623,1.7517644166946411,2.2711654717481244
9,8,0.3,0.005,4,1,3.282900094985962,16.949899673461914,13.666999578475952,5.2676897048950195,1.7517644166946411,3.0070765536124355
12,16,0.1,0.005,8,1,2.8176920413970947,16.9517822265625,14.134090185165405,7.086379528045654,0.32116708159446716,22.064464056728948
3,32,0.3,0.001,8,1,7.396841049194336,16.963117599487305,9.566276550292969,10.55370044708252,4.9130449295043945,2.148097686569931
3,16,0.0,0.001,16,2,7.998587131500244,16.985862731933594,8.98727560043335,9.712620735168457,4.9130449295043945,1.9769045214386471
9,32,0.4,0.005,16,1,4.129441261291504,17.016828536987305,12.8873872756958,7.268828868865967,1.7517644166946411,4.149432880125132
12,32,0.4,0.005,16,1,3.232415199279785,17.055200576782227,13.822785377502441,4.399904251098633,0.32116708159446716,13.699736066519812
9,8,0.3,0.001,4,1,5.468289375305176,17.057172775268555,11.588883399963379,3.6744420528411865,1.7517644166946411,2.0975663267406675
12,64,0.4,0.001,8,1,4.708566665649414,17.058361053466797,12.349794387817383,0.6386252045631409,0.32116708159446716,1.988451622727398
3,16,0.4,0.005,4,2,5.900282859802246,17.122072219848633,11.221789360046387,5.690984725952148,4.9130449295043945,1.158341681708624
6,64,0.0,0.005,8,1,3.766310453414917,17.151208877563477,13.38489842414856,16.329721450805664,4.662766456604004,3.5021529820944455
3,32,0.2,0.005,8,1,6.232935905456543,17.167667388916016,10.934731483459473,6.96024227142334,4.9130449295043945,1.4166860615552028
9,8,0.4,0.005,8,1,4.283316612243652,17.181312561035156,12.897995948791504,4.372936725616455,1.7517644166946411,2.496304117118463
3,8,0.2,0.005,16,1,7.368730545043945,17.188405990600586,9.81967544555664,7.849654197692871,4.9130449295043945,1.597716754136158
3,32,0.1,0.001,4,1,6.8653106689453125,17.188886642456055,10.323575973510742,9.295784950256348,4.9130449295043945,1.8920618646152019
3,8,0.1,0.005,4,1,6.51739501953125,17.2020206451416,10.684625625610352,8.058951377868652,4.9130449295043945,1.6403170525618627
9,64,0.1,0.0005,8,1,4.533044815063477,17.21589469909668,12.682849884033203,6.29503870010376,1.7517644166946411,3.5935418256649516
6,16,0.2,0.001,8,1,6.8748016357421875,17.230484008789062,10.355682373046875,9.845488548278809,4.662766456604004,2.1115122620680205
9,32,0.4,0.0005,8,1,4.695945739746094,17.234024047851562,12.538078308105469,4.793484687805176,1.7517644166946411,2.736375189564518
12,16,0.0,0.005,16,2,2.612654209136963,17.2359676361084,14.623313426971436,3.097689390182495,0.32116708159446716,9.645102402163062
3,32,0.2,0.001,4,1,7.049090385437012,17.271230697631836,10.222140312194824,9.560721397399902,4.9130449295043945,1.9459869662466824
6,8,0.1,0.005,16,1,6.620676517486572,17.305416107177734,10.684739589691162,10.261466979980469,4.662766456604004,2.2007250578563444
9,32,0.0,0.005,8,2,1.9663432836532593,17.348705291748047,15.382362008094788,7.957015037536621,1.7517644166946411,4.542286029847841
12,64,0.0,0.0005,4,1,3.0152533054351807,17.376436233520508,14.361182928085327,1.8120043277740479,0.32116708159446716,5.641936647984486
12,64,0.0,0.0005,16,2,5.4978742599487305,17.44103240966797,11.943158149719238,1.8679941892623901,0.32116708159446716,5.816269151833805
12,64,0.0,0.001,4,1,2.628206729888916,17.477853775024414,14.849647045135498,0.9223564863204956,0.32116708159446716,2.8718898641210724
12,64,0.0,0.005,16,2,2.93379545211792,17.495628356933594,14.561832904815674,2.7054851055145264,0.32116708159446716,8.423917831437974
9,16,0.1,0.001,4,1,4.285116672515869,17.521060943603516,13.235944271087646,7.104970455169678,1.7517644166946411,4.055893810524969
3,16,0.2,0.005,8,1,7.015697956085205,17.533899307250977,10.518201351165771,7.747677326202393,4.9130449295043945,1.5769604058931215
9,32,0.1,0.001,16,1,4.6410298347473145,17.540666580200195,12.89963674545288,5.285033702850342,1.7517644166946411,3.016977427148871
6,8,0.4,0.005,4,1,3.9982621669769287,17.61789321899414,13.619631052017212,6.106183052062988,4.662766456604004,1.3095622757203793
3,64,0.2,0.001,8,1,7.049880027770996,17.64929962158203,10.599419593811035,9.274774551391602,4.9130449295043945,1.8877854130121294
6,64,0.2,0.005,4,1,3.5722928047180176,17.6641845703125,14.091891765594482,13.670527458190918,4.662766456604004,2.931849061157454
12,64,0.1,0.005,16,1,2.7969043254852295,17.676692962646484,14.879788637161255,6.8774824142456055,0.32116708159446716,21.414032783502073
9,32,0.2,0.001,4,1,4.41892147064209,17.678211212158203,13.259289741516113,7.83113431930542,1.7517644166946411,4.4704266422318275
3,32,0.0,0.0005,4,2,7.089905261993408,17.68023109436035,10.590325832366943,9.133551597595215,4.9130449295043945,1.8590409264823404
6,16,0.0,0.0005,4,2,6.880427837371826,17.735544204711914,10.855116367340088,12.216694831848145,4.662766456604004,2.6200529118384868
3,8,0.2,0.005,4,1,6.0175275802612305,17.74749755859375,11.72996997833252,7.653942108154297,4.9130449295043945,1.5578815618375368
9,64,0.4,0.001,4,1,4.430619716644287,17.771333694458008,13.34071397781372,7.899167537689209,1.7517644166946411,4.509263610111423
3,16,0.1,0.005,8,1,6.266160011291504,17.795413970947266,11.529253959655762,8.027884483337402,4.9130449295043945,1.633993704215365
3,16,0.3,0.005,8,1,6.800714015960693,17.813140869140625,11.012426853179932,8.13327693939209,4.9130449295043945,1.655445259730718
6,8,0.4,0.005,16,1,6.776326656341553,17.876272201538086,11.099945545196533,12.825650215148926,4.662766456604004,2.7506525009382803
9,32,0.3,0.005,8,1,3.2061822414398193,17.88943099975586,14.68324875831604,7.063440799713135,1.7517644166946411,4.0321864814681865
6,32,0.0,0.005,16,2,3.719991445541382,17.900808334350586,14.180816888809204,15.09194564819336,4.662766456604004,3.236693449833462
6,64,0.4,0.0005,4,2,7.621074676513672,17.902790069580078,10.281715393066406,10.672112464904785,4.662766456604004,2.2887941234520937
3,64,0.0,0.0005,4,1,6.996936798095703,17.939088821411133,10.94215202331543,10.175195693969727,4.9130449295043945,2.0710569188700974
3,64,0.0,0.001,8,1,7.1140642166137695,18.003400802612305,10.889336585998535,9.553876876831055,4.9130449295043945,1.9445938341530302
12,32,0.2,0.001,8,1,4.555100440979004,18.030731201171875,13.475630760192871,1.2644567489624023,0.32116708159446716,3.9370683405188234
6,8,0.4,0.001,4,2,7.58862829208374,18.055496215820312,10.466867923736572,7.51923131942749,4.662766456604004,1.61261160931142
12,32,0.1,0.005,4,1,3.60536789894104,18.068994522094727,14.463626623153687,3.8820133209228516,0.32116708159446716,12.087208009146503
6,8,0.0,0.0005,4,2,6.581023693084717,18.070751190185547,11.48972749710083,11.74412727355957,4.662766456604004,2.518703731542471
12,64,0.2,0.005,4,1,3.8207590579986572,18.10953712463379,14.288778066635132,6.252971172332764,0.32116708159446716,19.469527017804072
9,32,0.4,0.0005,4,1,4.8749003410339355,18.11951446533203,13.244614124298096,3.0672109127044678,1.7517644166946411,1.7509265991895808
6,64,0.2,0.005,16,1,6.204531669616699,18.14726448059082,11.942732810974121,16.662500381469727,4.662766456604004,3.573522400606226
12,32,0.4,0.001,4,1,4.515214920043945,18.16577911376953,13.650564193725586,2.6717541217803955,0.32116708159446716,8.318891551762391
9,32,0.4,0.005,4,1,3.107710123062134,18.21817970275879,15.110469579696655,7.280543327331543,1.7517644166946411,4.156120114067057
12,32,0.2,0.001,16,1,5.559667110443115,18.259254455566406,12.699587345123291,0.5255556702613831,0.32116708159446716,1.6363933303880573
6,32,0.2,0.005,4,1,4.6006693840026855,18.267744064331055,13.66707468032837,12.489875793457031,4.662766456604004,2.678640654576915
9,8,0.0,0.005,16,1,4.381723403930664,18.27998924255371,13.898265838623047,5.911823272705078,1.7517644166946411,3.374782143286107
12,16,0.0,0.001,4,1,3.738623857498169,18.35095977783203,14.612335920333862,3.0434205532073975,0.32116708159446716,9.476128556195802
12,16,0.0,0.001,8,2,4.30847692489624,18.358226776123047,14.049749851226807,1.6525907516479492,0.32116708159446716,5.145579501621062
12,32,0.1,0.001,4,1,3.4246649742126465,18.383563995361328,14.958899021148682,6.220044136047363,0.32116708159446716,19.367003944387175
3,64,0.1,0.001,8,1,7.137466907501221,18.384428024291992,11.246961116790771,10.171367645263672,4.9130449295043945,2.0702777587441505
9,64,0.0,0.005,16,2,3.144841432571411,18.41383171081543,15.268990278244019,6.851941108703613,1.7517644166946411,3.9114512450437617
9,64,0.0,0.005,4,1,1.5929841995239258,18.48291778564453,16.889933586120605,8.678890228271484,1.7517644166946411,4.954370659410618
12,64,0.1,0.005,8,1,2.255581855773926,18.536352157592773,16.280770301818848,3.978128433227539,0.32116708159446716,12.386476264870327
9,64,0.0,0.005,8,1,1.9273215532302856,18.578182220458984,16.6508606672287,9.339742660522461,1.7517644166946411,5.331620263268836
9,16,0.4,0.001,16,1,5.564510822296143,18.60169219970703,13.037181377410889,3.2157371044158936,1.7517644166946411,1.8357132236328813
12,32,0.0,0.0005,4,2,3.9642207622528076,18.60555648803711,14.641335725784302,0.3470877408981323,0.32116708159446716,1.080707708819283
3,16,0.2,0.001,4,1,6.9232707023620605,18.64491844177246,11.7216477394104,9.09499740600586,4.9130449295043945,1.8511936154679784
6,8,0.4,0.005,16,2,5.844491481781006,18.663427352905273,12.818935871124268,3.849543809890747,4.662766456604004,0.8255922413696128
12,16,0.1,0.001,8,1,4.39306116104126,18.666414260864258,14.273353099822998,4.359924793243408,0.32116708159446716,13.575254262043641
12,64,0.0,0.0001,8,2,6.346028804779053,18.714292526245117,12.368263721466064,1.740188717842102,0.32116708159446716,5.4183283953098655
9,16,0.2,0.0005,4,1,5.5112996101379395,18.729948043823242,13.218648433685303,5.139413356781006,1.7517644166946411,2.933849613453407
12,64,0.2,0.001,16,1,4.151920795440674,18.756874084472656,14.604953289031982,0.5913695096969604,0.32116708159446716,1.8413142055563272
12,64,0.1,0.0005,8,1,4.648772716522217,18.786405563354492,14.137632846832275,1.4777345657348633,0.32116708159446716,4.601139563863448
9,8,0.2,0.005,4,1,2.7749481201171875,18.80742645263672,16.03247833251953,4.497058391571045,1.7517644166946411,2.5671593444376657
9,32,0.0,0.005,4,2,1.4402039051055908,18.807621002197266,17.367417097091675,6.413177013397217,1.7517644166946411,3.660981438073776
6,32,0.4,0.005,4,1,3.50997257232666,18.81757354736328,15.307600975036621,14.336012840270996,4.662766456604004,3.0745723539223175
3,16,0.1,0.001,4,1,6.82927942276001,18.89923667907715,12.069957256317139,9.006271362304688,4.9130449295043945,1.8331343375712217
3,64,0.1,0.0005,4,1,7.141382694244385,18.90110969543457,11.759727001190186,10.59850025177002,4.9130449295043945,2.157216228193368
12,32,0.3,0.0005,16,1,5.758473873138428,18.944141387939453,13.185667514801025,1.5192017555236816,0.32116708159446716,4.730253636149283
6,16,0.2,0.005,4,1,3.8384366035461426,18.947471618652344,15.109035015106201,13.581219673156738,4.662766456604004,2.9126956710262175
6,16,0.4,0.005,4,1,4.028281211853027,18.965795516967773,14.937514305114746,14.244494438171387,4.662766456604004,3.054944863900811
9,64,0.3,0.005,16,1,3.623084783554077,18.98944664001465,15.366361856460571,7.699422359466553,1.7517644166946411,4.395238472759021
3,32,0.0,0.001,4,1,6.7824602127075195,18.990413665771484,12.207953453063965,9.560576438903809,4.9130449295043945,1.9459574614287591
3,32,0.4,0.005,8,1,6.798708438873291,19.023277282714844,12.224568843841553,8.806309700012207,4.9130449295043945,1.792434188241903
3,64,0.0,0.005,8,2,3.2633938789367676,19.0310001373291,15.767606258392334,9.565605163574219,4.9130449295043945,1.9469810068557938
6,32,0.1,0.005,4,1,3.7221834659576416,19.052043914794922,15.32986044883728,13.823965072631836,4.662766456604004,2.9647560522900682
9,16,0.0,0.005,16,1,3.880845069885254,19.068164825439453,15.1873197555542,5.899412155151367,1.7517644166946411,3.367697219402832
9,64,0.1,0.001,8,1,3.8991434574127197,19.099458694458008,15.200315237045288,10.443264961242676,1.7517644166946411,5.961569296485541
9,16,0.4,0.0005,4,1,4.915455341339111,19.106569290161133,14.191113948822021,4.365634918212891,1.7517644166946411,2.492135858342353
9,32,0.0,0.005,16,2,2.9894773960113525,19.138813018798828,16.149335622787476,6.791253089904785,1.7517644166946411,3.876807306497882
9,16,0.0,0.005,4,1,2.4967987537384033,19.172700881958008,16.675902128219604,9.872391700744629,1.7517644166946411,5.635684574169276
12,32,0.2,0.001,4,1,2.734957695007324,19.20614242553711,16.471184730529785,4.311213970184326,0.32116708159446716,13.423586093508895
12,32,0.0,0.0005,16,1,6.2568039894104,19.21006202697754,12.953258037567139,1.6120812892913818,0.32116708159446716,5.019447451737699
3,64,0.3,0.001,8,1,7.397651672363281,19.21855926513672,11.820907592773438,11.26846694946289,4.9130449295043945,2.293581090983347
12,16,0.0,0.001,4,2,2.7027790546417236,19.264142990112305,16.56136393547058,6.380115509033203,0.32116708159446716,19.865409236085032
9,64,0.1,0.0005,4,1,4.045336723327637,19.264463424682617,15.21912670135498,10.543376922607422,1.7517644166946411,6.0187185115344715
9,32,0.4,0.001,8,1,4.731026649475098,19.305665969848633,14.574639320373535,5.808894634246826,1.7517644166946411,3.316025019624202
12,16,0.1,0.005,4,1,3.1696321964263916,19.316368103027344,16.146735906600952,2.834984540939331,0.32116708159446716,8.827132989049678
6,64,0.1,0.0005,16,1,7.409841537475586,19.32388687133789,11.914045333862305,11.215727806091309,4.662766456604004,2.405380563336207
3,16,0.4,0.005,8,1,6.9491424560546875,19.345977783203125,12.396835327148438,9.402015686035156,4.9130449295043945,1.9136840433868347
9,16,0.0,0.005,8,2,2.7070658206939697,19.365415573120117,16.658349752426147,8.95089340209961,1.7517644166946411,5.109644491460112
12,64,0.0,0.0005,8,2,3.9105329513549805,19.377479553222656,15.466946601867676,1.96956205368042,0.32116708159446716,6.132515337195598
3,32,0.4,0.005,8,2,6.142115592956543,19.39484405517578,13.252728462219238,8.574604034423828,4.9130449295043945,1.745272872008682
6,16,0.1,0.005,4,1,3.7790088653564453,19.40260887145996,15.623600006103516,17.601276397705078,4.662766456604004,3.7748569570272834
9,32,0.0,0.001,16,1,4.435020923614502,19.40606689453125,14.971045970916748,6.446547508239746,1.7517644166946411,3.680031085688776
3,32,0.3,0.001,4,1,6.980186939239502,19.466773986816406,12.486587047576904,10.444184303283691,4.9130449295043945,2.125806796628919
9,32,0.2,0.0005,4,1,4.070172309875488,19.47332763671875,15.403155326843262,9.040777206420898,1.7517644166946411,5.160954932216118
6,32,0.0,0.0005,8,1,6.682586193084717,19.494123458862305,12.811537265777588,11.662766456604004,4.662766456604004,2.5012546875655133
6,8,0.1,0.005,4,1,4.102376461029053,19.558183670043945,15.455807209014893,7.539273738861084,4.662766456604004,1.6169100059006825
6,32,0.1,0.001,16,1,7.055522441864014,19.579599380493164,12.52407693862915,12.652570724487305,4.662766456604004,2.7135330156986788
3,32,0.3,0.005,8,1,6.908479690551758,19.590160369873047,12.681680679321289,9.329081535339355,4.9130449295043945,1.8988390436479137
9,16,0.1,0.005,4,1,3.159088611602783,19.599117279052734,16.44002866744995,5.774868011474609,1.7517644166946411,3.2966008194018794
3,32,0.0,0.001,4,2,6.6356611251831055,19.633792877197266,12.99813175201416,8.574728012084961,4.9130449295043945,1.7452981063924324
12,16,0.1,0.0005,4,1,4.988166332244873,19.66583251953125,14.677666187286377,1.533452033996582,0.32116708159446716,4.774623932140246
3,8,0.3,0.005,8,1,7.011098861694336,19.66989517211914,12.658796310424805,10.237065315246582,4.9130449295043945,2.0836498469146405
9,32,0.2,0.001,8,1,4.015775203704834,19.695480346679688,15.679705142974854,8.065157890319824,1.7517644166946411,4.6040197034814545
9,32,0.1,0.001,8,1,4.2952046394348145,19.700199127197266,15.404994487762451,6.955678462982178,1.7517644166946411,3.970670026570506
12,32,0.4,0.001,16,1,5.436214923858643,19.72321128845215,14.286996364593506,0.9966508746147156,0.32116708159446716,3.1032161505056477
6,16,0.0,0.005,4,1,2.8714590072631836,19.801448822021484,16.9299898147583,14.077439308166504,4.662766456604004,3.019117392900569
3,8,0.0,0.005,8,1,6.690994739532471,19.802093505859375,13.111098766326904,9.649210929870605,4.9130449295043945,1.9639981047036696
3,8,0.0,0.005,4,2,4.329838752746582,19.84250259399414,15.512663841247559,9.595552444458008,4.9130449295043945,1.9530764693059632
3,64,0.3,0.0005,4,1,7.104378700256348,19.852462768554688,12.74808406829834,11.77165699005127,4.9130449295043945,2.3960002725313445
12,32,0.3,0.0005,4,1,3.9341626167297363,19.852590560913086,15.91842794418335,1.647773265838623,0.32116708159446716,5.130579565184833
12,32,0.0,0.005,8,1,1.89320969581604,19.878231048583984,17.985021352767944,2.3867874145507812,0.32116708159446716,7.431606635092639
3,32,0.1,0.005,16,1,7.0426764488220215,19.904735565185547,12.862059116363525,9.990199089050293,4.9130449295043945,2.0334027537700656
12,64,0.3,0.0005,8,1,4.902264595031738,19.905033111572266,15.002768516540527,0.06110146641731262,0.32116708159446716,0.19024822255745538
6,16,0.0,0.001,8,2,6.979010105133057,19.938108444213867,12.95909833908081,9.394848823547363,4.662766456604004,2.0148658336171184
9,32,0.4,0.001,4,1,5.3797078132629395,19.974279403686523,14.594571590423584,7.22019624710083,1.7517644166946411,4.121670801330941
6,64,0.1,0.005,4,1,4.818203449249268,20.025835037231445,15.207631587982178,19.50217056274414,4.662766456604004,4.1825321392888295
6,64,0.3,0.001,16,1,7.429819583892822,20.085346221923828,12.655526638031006,12.604789733886719,4.662766456604004,2.703285667682157
6,32,0.2,0.001,16,1,7.342175006866455,20.103389739990234,12.76121473312378,12.55884075164795,4.662766456604004,2.6934312212571827
12,64,0.1,0.001,16,1,4.322218418121338,20.110641479492188,15.78842306137085,1.1796936988830566,0.32116708159446716,3.6731463667644437
3,16,0.1,0.005,16,1,7.227519512176514,20.149396896362305,12.921877384185791,10.979301452636719,4.9130449295043945,2.2347244143245115
9,32,0.0,0.001,8,2,4.570529937744141,20.216217041015625,15.645687103271484,6.531262397766113,1.7517644166946411,3.7283908358463993
9,64,0.3,0.005,4,1,2.3565821647644043,20.345487594604492,17.988905429840088,7.115109920501709,1.7517644166946411,4.0616819548869625
3,64,0.4,0.005,8,2,5.012699127197266,20.36729621887207,15.354597091674805,12.523419380187988,4.9130449295043945,2.5490138111664478
6,64,0.3,0.0005,16,1,7.41065788269043,20.369842529296875,12.959184646606445,12.213244438171387,4.662766456604004,2.6193129233126045
12,16,0.2,0.001,4,1,4.823194980621338,20.39919662475586,15.576001644134521,1.4363700151443481,0.32116708159446716,4.472345073515445
12,32,0.1,0.0005,4,1,3.914137363433838,20.431745529174805,16.517608165740967,2.2591195106506348,0.32116708159446716,7.034094214870971
9,16,0.4,0.001,8,1,4.521801948547363,20.450071334838867,15.928269386291504,3.3480827808380127,1.7517644166946411,1.9112631521283114
3,64,0.4,0.001,4,1,7.043956756591797,20.49852752685547,13.454570770263672,10.89242172241211,4.9130449295043945,2.2170409346349875
9,8,0.0,0.005,8,1,2.2243964672088623,20.507164001464844,18.28276753425598,7.758515357971191,1.7517644166946411,4.428971889159921
9,32,0.4,0.005,8,2,3.58469295501709,20.522825241088867,16.938132286071777,7.724817276000977,1.7517644166946411,4.409735237445189
9,64,0.2,0.005,16,1,3.2603304386138916,20.53033447265625,17.27000403404236,7.629578113555908,1.7517644166946411,4.355367674354273
6,16,0.2,0.0005,4,1,6.744604587554932,20.571420669555664,13.826816082000732,11.572237014770508,4.662766456604004,2.4818392948633385
9,32,0.4,0.005,8,1,3.987358331680298,20.60406494140625,16.616706609725952,7.486725807189941,1.7517644166946411,4.27382000447095
12,32,0.0,0.0005,8,2,5.266283988952637,20.61652183532715,15.350237846374512,0.027656424790620804,0.32116708159446716,0.08611226484768497
12,32,0.0,0.0005,8,1,5.19888162612915,20.618242263793945,15.419360637664795,1.304599404335022,0.32116708159446716,4.062058283987897
12,8,0.0,0.005,16,2,2.4534339904785156,20.627593994140625,18.17416000366211,8.305465698242188,0.32116708159446716,25.860264560766456
9,16,0.0,0.005,8,1,3.111935615539551,20.636890411376953,17.524954795837402,8.03822135925293,1.7517644166946411,4.588642903490437
6,32,0.3,0.001,8,1,6.581019401550293,20.68951416015625,14.108494758605957,14.012325286865234,4.662766456604004,3.0051527172284587
6,8,0.0,0.001,16,2,7.700059413909912,20.773733139038086,13.073673725128174,8.2291259765625,4.662766456604004,1.7648591352687981
12,64,0.0,0.001,8,1,2.9959466457366943,20.787612915039062,17.791666269302368,0.860049307346344,0.32116708159446716,2.6778874817323755
3,64,0.4,0.005,16,2,7.837882995605469,20.805212020874023,12.967329025268555,12.691886901855469,4.9130449295043945,2.583303650580653
9,32,0.0,0.005,4,1,3.711116313934326,20.870025634765625,17.1589093208313,8.157144546508789,1.7517644166946411,4.656530563567614
12,64,0.4,0.005,16,1,3.5477817058563232,20.882488250732422,17.3347065448761,3.3368542194366455,0.32116708159446716,10.389776570097059
3,8,0.0,0.005,16,2,7.009920120239258,20.964847564697266,13.954927444458008,9.916772842407227,4.9130449295043945,2.0184575929387205
6,64,0.4,0.005,4,1,3.7243738174438477,20.98330307006836,17.25892925262451,17.96988296508789,4.662766456604004,3.8539101480488376
9,16,0.4,0.005,4,1,3.5745739936828613,21.107187271118164,17.532613277435303,5.804459095001221,1.7517644166946411,3.31349297866976
3,16,0.0,0.005,8,1,6.549023628234863,21.162702560424805,14.613678932189941,10.010849952697754,4.9130449295043945,2.0376060256602626
9,32,0.2,0.005,8,1,3.1874992847442627,21.211597442626953,18.02409815788269,8.292705535888672,1.7517644166946411,4.733915963161281
12,32,0.0,0.001,16,1,4.774625301361084,21.22476577758789,16.450140476226807,0.0020635114051401615,0.32116708159446716,0.0064250401843664855
12,64,0.1,0.0005,4,1,3.7969136238098145,21.22734260559082,17.430428981781006,3.2197279930114746,0.32116708159446716,10.02508718211967
3,32,0.0,0.0005,8,2,7.687283992767334,21.264480590820312,13.577196598052979,12.973193168640137,4.9130449295043945,2.6405606614203734
6,16,0.2,0.001,4,1,5.413665294647217,21.280841827392578,15.867176532745361,12.648226737976074,4.662766456604004,2.7126013828254347
9,64,0.2,0.0005,4,1,4.112336158752441,21.307640075683594,17.195303916931152,9.70483684539795,1.7517644166946411,5.540035379705768
3,32,0.3,0.005,4,1,5.9028096199035645,21.35308074951172,15.450271129608154,11.737552642822266,4.9130449295043945,2.389058681782968
12,16,0.2,0.001,8,1,4.690409183502197,21.439838409423828,16.74942922592163,1.145026683807373,0.32116708159446716,3.5652056185919485
9,64,0.2,0.001,8,1,4.130685329437256,21.45566749572754,17.324982166290283,12.196866035461426,1.7517644166946411,6.962617757971917
12,32,0.0,0.001,16,2,4.771333694458008,21.457693099975586,16.686359405517578,0.15718819200992584,0.32116708159446716,0.4894280921617148
12,64,0.2,0.0005,4,1,3.830094337463379,21.48674774169922,17.65665340423584,0.9521923661231995,0.32116708159446716,2.964788176284886
6,8,0.2,0.001,4,1,6.0290846824646,21.51148223876953,15.482397556304932,12.417610168457031,4.662766456604004,2.6631422105367575
9,32,0.3,0.005,16,1,3.9446604251861572,21.525331497192383,17.580671072006226,8.117227554321289,1.7517644166946411,4.633743828201212
6,32,0.3,0.005,4,1,4.152230739593506,21.683307647705078,17.531076908111572,14.82461166381836,4.662766456604004,3.179359678806528
12,16,0.0,0.005,16,1,3.6841366291046143,21.786909103393555,18.10277247428894,4.576335906982422,0.32116708159446716,14.24908145711176
9,8,0.0,0.001,4,1,3.448453426361084,21.788347244262695,18.33989381790161,11.459223747253418,1.7517644166946411,6.541532433268356
6,16,0.3,0.005,4,1,4.064405918121338,21.83716583251953,17.772759914398193,14.966875076293945,4.662766456604004,3.209870195213391
3,32,0.0,0.005,8,2,3.442775249481201,21.88494873046875,18.44217348098755,9.995389938354492,4.9130449295043945,2.0344592980066194
3,32,0.4,0.005,16,1,7.710695743560791,21.91448211669922,14.203786373138428,12.658914566040039,4.9130449295043945,2.57659246916698
6,8,0.0,0.005,4,2,3.6540255546569824,21.960365295410156,18.306339740753174,11.070862770080566,4.662766456604004,2.3743120898539964
3,64,0.3,0.001,4,1,7.119292736053467,22.01042366027832,14.891130924224854,12.407567977905273,4.9130449295043945,2.5254334442158037
12,64,0.4,0.0005,8,1,4.817140579223633,22.025354385375977,17.208213806152344,0.5287898778915405,0.32116708159446716,1.6464635020074552
3,32,0.0,0.001,8,2,7.412173271179199,22.050418853759766,14.638245582580566,13.375503540039062,4.9130449295043945,2.722446819021523
9,64,0.4,0.005,8,1,3.1614468097686768,22.08077049255371,18.919323682785034,10.311513900756836,1.7517644166946411,5.886358806290497
9,64,0.2,0.005,4,1,2.1518588066101074,22.138187408447266,19.986328601837158,12.739436149597168,1.7517644166946411,7.27234554383453
6,8,0.1,0.001,4,1,6.136737823486328,22.204662322998047,16.06792449951172,13.360746383666992,4.662766456604004,2.8654118768362933
12,64,0.4,0.001,4,1,3.8171324729919434,22.205730438232422,18.38859796524048,0.7729529738426208,0.32116708159446716,2.4067004937281116
9,64,0.2,0.001,16,1,4.502273082733154,22.284896850585938,17.782623767852783,7.3403778076171875,1.7517644166946411,4.190276807578702
6,8,0.0,0.005,8,2,3.063981056213379,22.315792083740234,19.251811027526855,12.31323528289795,4.662766456604004,2.6407574553639455
9,32,0.3,0.0005,8,1,4.618910312652588,22.32187843322754,17.70296812057495,7.639357566833496,1.7517644166946411,4.360950304749312
9,16,0.2,0.005,16,1,3.891887903213501,22.34699249267578,18.45510458946228,6.473771095275879,1.7517644166946411,3.695571752445497
3,32,0.0,0.005,16,1,7.195186138153076,22.34925651550293,15.154070377349854,12.18839168548584,4.9130449295043945,2.4808223536265013
6,32,0.0,0.005,8,1,2.6813955307006836,22.355905532836914,19.67451000213623,18.13544273376465,4.662766456604004,3.889416916448587
9,16,0.0,0.005,16,2,3.3639156818389893,22.416465759277344,19.052550077438354,7.678943157196045,1.7517644166946411,4.383547858384545
12,64,0.1,0.0001,4,1,5.914433002471924,22.46654510498047,16.552112102508545,1.497066855430603,0.32116708159446716,4.661333434293017
12,32,0.1,0.0005,8,1,5.3520002365112305,22.50750160217285,17.15550136566162,0.31585726141929626,0.32116708159446716,0.983467109553041
9,32,0.0,0.0005,4,1,3.9204554557800293,22.508573532104492,18.588118076324463,8.0525484085083,1.7517644166946411,4.596821542763408
9,64,0.0,0.005,16,1,2.2534430027008057,22.527204513549805,20.273761510849,10.85023307800293,1.7517644166946411,6.193888273216529
6,32,0.0,0.005,4,2,4.609888076782227,22.55703353881836,17.947145462036133,18.557022094726562,4.662766456604004,3.979830915280722
3,64,0.0,0.001,16,2,7.45731782913208,22.59024429321289,15.13292646408081,12.853124618530273,4.9130449295043945,2.616121937200936
9,8,0.1,0.005,4,1,2.753993034362793,22.63789176940918,19.883898735046387,7.383808135986328,1.7517644166946411,4.215069141499429
9,32,0.0,0.0005,16,2,4.971734523773193,22.690500259399414,17.71876573562622,6.244190692901611,1.7517644166946411,3.5645150874131883
3,64,0.2,0.001,4,1,6.918915271759033,22.69358253479004,15.774667263031006,12.985723495483398,4.9130449295043945,2.6431110811749363
3,32,0.0,0.005,4,2,3.9386367797851562,22.738767623901367,18.80013084411621,10.672264099121094,4.9130449295043945,2.1722301041927703
12,16,0.1,0.001,4,1,3.4128494262695312,22.785024642944336,19.372175216674805,6.363100528717041,0.32116708159446716,19.812430642414444
12,64,0.3,0.0001,4,1,5.814861297607422,22.80071449279785,16.98585319519043,0.3643726706504822,0.32116708159446716,1.1345268289686365
6,32,0.1,0.0005,8,1,6.5476484298706055,22.812097549438477,16.26444911956787,14.863897323608398,4.662766456604004,3.1877850760799427
12,64,0.0,0.0001,4,2,6.018157005310059,22.84922218322754,16.83106517791748,1.5589802265167236,0.32116708159446716,4.854109639060781
6,64,0.3,0.005,4,1,6.1258134841918945,22.864242553710938,16.738429069519043,18.916000366210938,4.662766456604004,4.056819174252163
6,32,0.3,0.0005,4,1,6.43082332611084,22.914281845092773,16.483458518981934,13.685614585876465,4.662766456604004,2.9350847213231437
9,32,0.3,0.001,16,1,5.35267448425293,22.915828704833984,17.563154220581055,6.044720649719238,1.7517644166946411,3.4506470117282464
9,16,0.0,0.0005,4,2,3.601900815963745,22.917211532592773,19.31531071662903,9.322318077087402,1.7517644166946411,5.321673387268274
3,64,0.3,0.005,16,1,7.394886016845703,22.93703842163086,15.542152404785156,12.737831115722656,4.9130449295043945,2.592655124977168
9,64,0.1,0.001,16,1,4.443965911865234,22.946514129638672,18.502548217773438,7.755282878875732,1.7517644166946411,4.427126618720213
6,32,0.0,0.005,16,1,3.392301321029663,22.9477481842041,19.55544686317444,18.896215438842773,4.662766456604004,4.05257600068722
3,16,0.0,0.001,8,2,7.474454402923584,22.976240158081055,15.50178575515747,14.499822616577148,4.9130449295043945,2.9512904572683856
12,64,0.1,0.001,4,1,3.52189564704895,22.995777130126953,19.473881483078003,0.7541062235832214,0.32116708159446716,2.3480184203168744
3,64,0.4,0.005,4,1,5.155406951904297,23.051570892333984,17.896163940429688,11.676149368286133,4.9130449295043945,2.376560673843455
9,64,0.1,0.0001,4,1,5.310556411743164,23.060029983520508,17.749473571777344,5.710394859313965,1.7517644166946411,3.259796126061723
3,64,0.1,0.001,4,1,6.920320510864258,23.1455020904541,16.225181579589844,13.157954216003418,4.9130449295043945,2.6781668811912804
9,32,0.0,0.001,16,2,4.551110744476318,23.152536392211914,18.601425647735596,6.872843265533447,1.7517644166946411,3.9233833043039184
3,16,0.0,0.005,8,2,6.176346778869629,23.23236656188965,17.05601978302002,10.623275756835938,4.9130449295043945,2.1622590286198675
9,32,0.3,0.0005,16,1,4.914771556854248,23.38644027709961,18.47166872024536,4.148811340332031,1.7517644166946411,2.3683614650423803
3,64,0.1,0.005,4,1,4.464667797088623,23.486846923828125,19.022179126739502,14.938414573669434,4.9130449295043945,3.040561360218693
9,64,0.3,0.0005,16,1,4.652411937713623,23.577043533325195,18.924631595611572,6.84182071685791,1.7517644166946411,3.9056739888389584
9,8,0.0,0.005,4,2,3.4385831356048584,23.578914642333984,20.140331506729126,9.18071174621582,1.7517644166946411,5.2408369862533615
9,16,0.1,0.005,8,1,3.191943407058716,23.612380981445312,20.420437574386597,6.573933124542236,1.7517644166946411,3.75274954890705
6,16,0.3,0.001,4,1,5.714890003204346,23.638214111328125,17.92332410812378,12.585269927978516,4.662766456604004,2.699099353379291
3,64,0.4,0.005,8,1,5.5969743728637695,23.63979721069336,18.04282283782959,11.120699882507324,4.9130449295043945,2.2635046172128392
9,8,0.0,0.001,4,2,4.7130255699157715,23.703765869140625,18.990740299224854,4.484523296356201,1.7517644166946411,2.5600036475326586
12,32,0.3,0.001,16,1,4.924452304840088,23.7113037109375,18.786851406097412,2.1135168075561523,0.32116708159446716,6.5807392123233175
12,32,0.2,0.0005,16,1,5.470573902130127,23.789186477661133,18.318612575531006,1.642405390739441,0.32116708159446716,5.113865912364211
3,16,0.0,0.005,4,2,4.6396613121032715,23.79142189025879,19.151760578155518,12.911322593688965,4.9130449295043945,2.6279675392651862
6,64,0.3,0.005,8,1,4.553694248199463,23.84458351135254,19.290889263153076,21.333877563476562,4.662766456604004,4.5753690994454175
3,16,0.0,0.005,4,1,4.587196350097656,23.852331161499023,19.265134811401367,11.770450592041016,4.9130449295043945,2.3957547225663913
12,64,0.3,0.0005,4,1,4.657954692840576,23.868371963500977,19.2104172706604,0.33636558055877686,0.32116708159446716,1.0473227171628399
9,64,0.0,0.0005,8,1,4.3876633644104,23.944591522216797,19.556928157806396,9.796971321105957,1.7517644166946411,5.592630623010146
9,64,0.0,0.001,8,2,3.5661308765411377,23.97102165222168,20.404890775680542,13.643586158752441,1.7517644166946411,7.78848230317189
9,64,0.4,0.0005,8,1,4.669055938720703,23.98077964782715,19.311723709106445,7.662941932678223,1.7517644166946411,4.374413511114256
3,64,0.0,0.001,4,1,7.026223659515381,24.029499053955078,17.003275394439697,13.351949691772461,4.9130449295043945,2.7176526743302842
3,32,0.4,0.005,4,1,5.362020015716553,24.043493270874023,18.68147325515747,12.090282440185547,4.9130449295043945,2.460853221101147
6,16,0.1,0.005,8,1,4.168371677398682,24.044296264648438,19.875924587249756,15.415882110595703,4.662766456604004,3.3061664687841628
9,64,0.0,0.001,4,1,3.2178683280944824,24.077028274536133,20.85915994644165,14.576486587524414,1.7517644166946411,8.321031326248999
6,32,0.4,0.0005,4,1,6.355932235717773,24.1420841217041,17.786151885986328,14.019113540649414,4.662766456604004,3.006608559773299
12,16,0.0,0.001,16,2,5.147742748260498,24.240930557250977,19.09318780899048,0.26289650797843933,0.32116708159446716,0.8185661702104164
9,32,0.0,0.005,16,1,2.722487449645996,24.24120330810547,21.518715858459473,9.8447265625,1.7517644166946411,5.619891846573616
6,32,0.1,0.005,16,1,5.078633785247803,24.325592041015625,19.246958255767822,20.675458908081055,4.662766456604004,4.4341613719035475
12,32,0.1,0.005,8,1,4.405800819396973,24.36811637878418,19.962315559387207,6.118238925933838,0.32116708159446716,19.050018748992606
6,32,0.1,0.0005,4,1,6.01758337020874,24.44940757751465,18.431824207305908,15.22443675994873,4.662766456604004,3.2651081502025354
3,64,0.0,0.001,4,2,6.569861888885498,24.459300994873047,17.88943910598755,12.544241905212402,4.9130449295043945,2.5532520229726066
9,32,0.4,0.001,16,1,4.754477024078369,24.512981414794922,19.758504390716553,4.801512241363525,1.7517644166946411,2.7409577427216925
9,32,0.3,0.005,4,1,3.459388017654419,24.516050338745117,21.0566623210907,9.024679183959961,1.7517644166946411,5.151765327548093
3,16,0.0,0.001,4,2,7.05276346206665,24.622217178344727,17.569453716278076,13.319039344787598,4.9130449295043945,2.7109541101084864
9,16,0.0,0.001,4,2,3.6936776638031006,24.67613410949707,20.98245644569397,10.52485179901123,1.7517644166946411,6.008143388864069
6,64,0.4,0.0005,8,1,6.6819658279418945,24.677526473999023,17.99556064605713,15.107829093933105,4.662766456604004,3.2400998923151025
3,32,0.1,0.005,8,1,5.761201858520508,24.70948600769043,18.948284149169922,13.555233001708984,4.9130449295043945,2.7590289110334627
12,32,0.0,0.0005,16,2,5.9216742515563965,24.792558670043945,18.87088441848755,0.7607849836349487,0.32116708159446716,2.368813702381804
3,64,0.3,0.005,8,1,5.688936233520508,24.812759399414062,19.123823165893555,12.339611053466797,4.9130449295043945,2.5116015079291287
9,64,0.0,0.001,16,2,4.184081554412842,24.817378997802734,20.633297443389893,13.142655372619629,1.7517644166946411,7.502524453269901
6,32,0.0,0.005,4,1,2.860781669616699,24.822856903076172,21.962075233459473,20.8878231048584,4.662766456604004,4.479706049886844
12,64,0.3,0.001,16,1,4.647940158843994,24.83266258239746,20.184722423553467,0.31005245447158813,0.32116708159446716,0.9653930064448096
6,8,0.3,0.005,16,1,6.209079265594482,24.875545501708984,18.666466236114502,14.646586418151855,4.662766456604004,3.1411795024405507
3,64,0.0,0.0005,4,2,7.194314479827881,24.950620651245117,17.756306171417236,14.516505241394043,4.9130449295043945,2.954686034767934
9,32,0.1,0.0005,4,1,3.9803900718688965,24.96895980834961,20.988569736480713,9.686145782470703,1.7517644166946411,5.529365530067817
3,8,0.0,0.005,8,2,6.138814449310303,24.99630355834961,18.857489109039307,11.584060668945312,4.9130449295043945,2.3578169618151366
3,64,0.0,0.0005,8,2,7.55473518371582,25.099294662475586,17.544559478759766,15.845258712768555,4.9130449295043945,3.2251402012655626
9,64,0.3,0.0005,4,1,4.0429534912109375,25.144514083862305,21.101560592651367,10.973299026489258,1.7517644166946411,6.264140841035287
12,16,0.4,0.001,16,1,5.700343608856201,25.148555755615234,19.448212146759033,2.308562994003296,0.32116708159446716,7.188043626831854
12,64,0.2,0.0001,4,1,6.274693489074707,25.15619659423828,18.881503105163574,0.5393259525299072,0.32116708159446716,1.6792690890123851
3,16,0.0,0.005,16,2,6.016199588775635,25.220558166503906,19.20435857772827,10.715751647949219,4.9130449295043945,2.181081549569744
6,64,0.2,0.0005,8,1,6.585528373718262,25.249156951904297,18.663628578186035,15.66801643371582,4.662766456604004,3.3602404451384817
6,32,0.2,0.0005,4,1,6.210861682891846,25.263948440551758,19.053086757659912,15.927084922790527,4.662766456604004,3.415801557084756
9,32,0.1,0.005,16,1,3.0431761741638184,25.303457260131836,22.260281085968018,7.569149494171143,1.7517644166946411,4.320871814746171
12,16,0.2,0.001,16,1,6.116955280303955,25.312862396240234,19.19590711593628,0.6660874485969543,0.32116708159446716,2.0739592778004967
9,32,0.2,0.001,16,1,4.445460319519043,25.320716857910156,20.875256538391113,5.882148742675781,1.7517644166946411,3.3578423483305224
9,8,0.0,0.005,16,2,3.4978859424591064,25.33846664428711,21.840580701828003,7.520068645477295,1.7517644166946411,4.292853864258025
9,16,0.2,0.001,8,1,4.50086784362793,25.374814987182617,20.873947143554688,4.975172996520996,1.7517644166946411,2.840092508505522
9,16,0.3,0.001,4,1,4.071386337280273,25.40890884399414,21.337522506713867,7.247966766357422,1.7517644166946411,4.137523685995074
3,64,0.0,0.001,8,2,6.9387640953063965,25.530935287475586,18.59217119216919,14.47452449798584,4.9130449295043945,2.9461412842088466
9,64,0.4,0.0001,4,1,4.930440902709961,25.57280731201172,20.642366409301758,8.674086570739746,1.7517644166946411,4.951628477022416
9,64,0.4,0.001,8,1,4.063355445861816,25.581453323364258,21.51809787750244,10.289880752563477,1.7517644166946411,5.874009458406048
9,16,0.0,0.001,4,1,3.788728952407837,25.637033462524414,21.848304510116577,12.113444328308105,1.7517644166946411,6.914996224871749
9,64,0.0,0.0005,16,1,4.8228654861450195,25.656484603881836,20.833619117736816,7.123772621154785,1.7517644166946411,4.06662708367855
9,16,0.3,0.005,8,1,2.8280045986175537,25.854087829589844,23.02608323097229,9.82273006439209,1.7517644166946411,5.607335079294706
6,8,0.2,0.005,16,1,4.871523857116699,25.886837005615234,21.015313148498535,16.993629455566406,4.662766456604004,3.6445379827029214
9,64,0.1,0.005,16,1,3.3915417194366455,25.933073043823242,22.541531324386597,10.364465713500977,1.7517644166946411,5.9165865082802735
9,32,0.2,0.0005,16,1,5.35634708404541,26.026561737060547,20.670214653015137,9.016260147094727,1.7517644166946411,5.146959294964602
9,64,0.2,0.001,4,1,3.7889060974121094,26.137033462524414,22.348127365112305,11.943086624145508,1.7517644166946411,6.817747015709229
6,32,0.4,0.005,8,1,4.490029335021973,26.139131546020508,21.649102210998535,21.2059383392334,4.662766456604004,4.547930619428483
6,32,0.4,0.001,8,1,6.819797992706299,26.154708862304688,19.33491086959839,17.03960609436035,4.662766456604004,3.654398360489767
12,32,0.1,0.001,16,1,4.655726432800293,26.184085845947266,21.528359413146973,0.9578056931495667,0.32116708159446716,2.9822660790590407
9,64,0.3,0.001,16,1,4.397254943847656,26.21708869934082,21.819833755493164,9.409225463867188,1.7517644166946411,5.371284731094842
9,32,0.2,0.0005,8,1,4.844664096832275,26.33859634399414,21.493932247161865,6.393503665924072,1.7517644166946411,3.6497508483405596
12,16,0.3,0.001,8,1,4.814263343811035,26.42059326171875,21.606329917907715,2.5675885677337646,0.32116708159446716,7.9945570853236445
12,32,0.2,0.0005,8,1,5.560047626495361,26.43204116821289,20.87199354171753,0.3914410471916199,0.32116708159446716,1.2188081208331512
9,64,0.0,0.0001,4,2,4.7600579261779785,26.582918167114258,21.82286024093628,9.38336181640625,1.7517644166946411,5.356520389945739
12,64,0.0,0.001,16,1,4.051611423492432,26.600008010864258,22.548396587371826,1.8529750108718872,0.32116708159446716,5.769504775123905
6,32,0.0,0.0005,8,2,6.549682140350342,26.724369049072266,20.174686908721924,15.53207778930664,4.662766456604004,3.3310863698326845
9,64,0.3,0.005,8,1,3.4130587577819824,26.74758529663086,23.334526538848877,9.286571502685547,1.7517644166946411,5.301267347471379
9,32,0.2,0.005,4,1,4.840667724609375,26.767934799194336,21.92726707458496,8.655930519104004,1.7517644166946411,4.941264040193632
9,64,0.0,0.001,16,1,4.26025390625,26.792011260986328,22.531757354736328,9.075927734375,1.7517644166946411,5.181020717100838
9,64,0.1,0.0005,16,1,4.4974684715271,26.792585372924805,22.295116901397705,8.744950294494629,1.7517644166946411,4.992081247428949
12,32,0.3,0.001,8,1,4.824095726013184,26.86985969543457,22.045763969421387,1.0931611061096191,0.32116708159446716,3.4037146667787614
12,64,0.2,0.0005,8,1,4.528968334197998,26.900157928466797,22.3711895942688,1.5018762350082397,0.32116708159446716,4.676308130808487
6,8,0.2,0.005,4,1,4.019055366516113,26.955839157104492,22.93678379058838,17.787752151489258,4.662766456604004,3.814849471239542
3,64,0.4,0.005,16,1,7.355163097381592,26.998403549194336,19.643240451812744,15.807683944702148,4.9130449295043945,3.2174922418828267
6,16,0.0,0.001,8,1,6.426064968109131,27.219261169433594,20.793196201324463,14.331192970275879,4.662766456604004,3.0735386607189423
3,32,0.0,0.005,16,2,6.178226947784424,27.3146915435791,21.136464595794678,13.207658767700195,4.9130449295043945,2.6882837338580017
3,64,0.2,0.005,16,1,7.453635215759277,27.35283088684082,19.899195671081543,15.968016624450684,4.9130449295043945,3.250126317501734
12,32,0.1,0.005,16,1,2.9734597206115723,27.42270278930664,24.44924306869507,10.015963554382324,0.32116708159446716,31.186146178671358
9,16,0.0,0.001,8,1,4.343874454498291,27.4443302154541,23.10045576095581,6.987882614135742,1.7517644166946411,3.989053863373362
6,64,0.4,0.001,16,2,7.848852634429932,27.655792236328125,19.806939601898193,18.348989486694336,4.662766456604004,3.9352152112843135
6,8,0.0,0.005,16,2,5.876468658447266,27.856189727783203,21.979721069335938,15.19320297241211,4.662766456604004,3.2584095973525673
3,64,0.2,0.005,8,1,5.360482692718506,27.969013214111328,22.608530521392822,15.151933670043945,4.9130449295043945,3.084020986466412
9,64,0.2,0.0005,16,1,4.3523430824279785,27.984989166259766,23.632646083831787,8.084898948669434,1.7517644166946411,4.615288946172694
6,64,0.3,0.0005,8,1,6.829895973205566,28.007719039916992,21.177823066711426,17.599788665771484,4.662766456604004,3.774537890664548
12,64,0.0,0.0005,16,1,5.076056480407715,28.02617073059082,22.950114250183105,0.5010066628456116,0.32116708159446716,1.5599564574249398
3,64,0.1,0.005,8,1,5.448728084564209,28.03376007080078,22.585031986236572,14.431522369384766,4.9130449295043945,2.9373886411497874
6,64,0.2,0.001,16,1,6.235361099243164,28.053983688354492,21.818622589111328,19.912792205810547,4.662766456604004,4.270596091641586
9,16,0.1,0.001,8,1,3.8753252029418945,28.13559913635254,24.260273933410645,8.241521835327148,1.7517644166946411,4.70469759334298
9,16,0.2,0.001,16,1,5.272467136383057,28.154159545898438,22.88169240951538,4.023156642913818,1.7517644166946411,2.296631102089063
9,16,0.4,0.001,4,1,5.246042251586914,28.449783325195312,23.2037410736084,5.059242248535156,1.7517644166946411,2.888083694542277
3,64,0.2,0.005,4,1,4.225302696228027,28.5140323638916,24.288729667663574,16.75055694580078,4.9130449295043945,3.4094043889581322
9,64,0.2,0.0005,8,1,4.328700542449951,28.65444564819336,24.325745105743408,9.06457233428955,1.7517644166946411,5.174538452718007
3,64,0.3,0.005,4,1,4.691661357879639,28.695032119750977,24.003370761871338,17.240644454956055,4.9130449295043945,3.509156684365028
6,32,0.2,0.001,8,1,5.625302791595459,28.715938568115234,23.090635776519775,19.819721221923828,4.662766456604004,4.250635627236405
6,64,0.4,0.001,8,2,7.321932315826416,28.722787857055664,21.400855541229248,20.401721954345703,4.662766456604004,4.375454388338533
9,64,0.0,0.001,4,2,3.035604953765869,28.741548538208008,25.70594358444214,12.079444885253906,1.7517644166946411,6.895587540273422
9,32,0.0,0.001,4,1,3.3461780548095703,28.74516487121582,25.39898681640625,17.414445877075195,1.7517644166946411,9.941088945015826
9,64,0.3,0.001,4,1,4.056971549987793,28.853662490844727,24.796690940856934,12.169785499572754,1.7517644166946411,6.9471587523941185
3,32,0.2,0.005,16,1,7.447727203369141,28.860889434814453,21.413162231445312,17.982444763183594,4.9130449295043945,3.660142543210485
6,16,0.0,0.001,16,2,7.087432384490967,28.878929138183594,21.791496753692627,13.550649642944336,4.662766456604004,2.906139470861162
9,64,0.0,0.0005,16,2,4.821882724761963,29.113313674926758,24.291430950164795,7.1019134521484375,1.7517644166946411,4.054148711131406
6,32,0.0,0.001,8,1,5.828888893127441,29.276477813720703,23.44758892059326,17.91171646118164,4.662766456604004,3.841435471384758
9,64,0.3,0.001,8,1,3.9857029914855957,29.331789016723633,25.346086025238037,12.510241508483887,1.7517644166946411,7.141509091781381
6,32,0.1,0.001,8,1,5.7239460945129395,29.487712860107422,23.763766765594482,20.190330505371094,4.662766456604004,4.330118330669333
6,8,0.0,0.005,16,1,4.669738292694092,29.831707000732422,25.16196870803833,19.505277633666992,4.662766456604004,4.18319849711562
9,64,0.4,0.001,16,1,4.326998233795166,29.835012435913086,25.50801420211792,8.187442779541016,1.7517644166946411,4.673826401263298
6,64,0.0,0.001,16,1,6.244715690612793,29.848342895507812,23.60362720489502,19.720399856567383,4.662766456604004,4.229334675048294
9,32,0.3,0.001,4,1,3.8718936443328857,29.969350814819336,26.09745717048645,9.34005355834961,1.7517644166946411,5.331797740231027
6,64,0.4,0.001,4,2,5.273270606994629,30.137964248657227,24.864693641662598,17.524555206298828,4.662766456604004,3.758402950136677
12,32,0.0,0.001,4,2,5.7193169593811035,30.157745361328125,24.43842840194702,3.4974870681762695,0.32116708159446716,10.889930097482699
12,64,0.4,0.001,16,1,4.72625207901001,30.20723533630371,25.4809832572937,0.10578925907611847,0.32116708159446716,0.3293901060809743
9,32,0.0,0.001,8,1,4.283353805541992,30.21280860900879,25.929454803466797,7.67077112197876,1.7517644166946411,4.378882827436659
9,16,0.0,0.001,8,2,4.9546685218811035,30.216548919677734,25.26188039779663,3.178222179412842,1.7517644166946411,1.814297715562545
3,32,0.0,0.005,8,1,5.969566822052002,30.259855270385742,24.29028844833374,16.317617416381836,4.9130449295043945,3.3212839797961875
9,64,0.0,0.0005,8,2,4.544694900512695,30.27581024169922,25.731115341186523,10.563803672790527,1.7517644166946411,6.030379183476677
9,64,0.4,0.0005,16,1,4.980379104614258,30.33016586303711,25.34978675842285,9.635717391967773,1.7517644166946411,5.500578331274224
6,32,0.3,0.001,16,1,6.579043388366699,30.378767013549805,23.799723625183105,18.237930297851562,4.662766456604004,3.9113969073061083
6,64,0.4,0.005,8,1,4.2336506843566895,30.47052001953125,26.23686933517456,26.269344329833984,4.662766456604004,5.633853759205116
6,8,0.0,0.005,4,1,3.076292037963867,30.557544708251953,27.481252670288086,20.036617279052734,4.662766456604004,4.297152230447725
6,64,0.1,0.005,8,1,3.670325756072998,30.569808959960938,26.89948320388794,23.961545944213867,4.662766456604004,5.138911881438212
9,64,0.3,0.0005,8,1,4.366944313049316,30.64256477355957,26.275620460510254,8.678120613098145,1.7517644166946411,4.953931322268017
6,16,0.0,0.001,4,2,5.878158092498779,30.66948699951172,24.79132890701294,19.929569244384766,4.662766456604004,4.274194178470588
3,32,0.1,0.005,4,1,4.911636829376221,30.674821853637695,25.763185024261475,20.843852996826172,4.9130449295043945,4.242552896606383
12,64,0.2,0.0005,16,1,5.446988582611084,30.887775421142578,25.440786838531494,1.060970425605774,0.32116708159446716,3.3034843432224643
9,32,0.0,0.0005,4,2,4.191190719604492,31.07363510131836,26.882444381713867,12.105502128601074,1.7517644166946411,6.910462396217999
9,8,0.0,0.005,4,1,7.376367568969727,31.074792861938477,23.69842529296875,6.4798126220703125,1.7517644166946411,3.699020576235304
9,64,0.0,0.001,8,1,3.6077425479888916,31.237537384033203,27.62979483604431,17.972835540771484,1.7517644166946411,10.259847368451496
6,16,0.0,0.005,16,1,4.293459415435791,31.313549041748047,27.020089626312256,22.730667114257812,4.662766456604004,4.874931508110115
9,32,0.3,0.0005,4,1,4.140296936035156,31.424463272094727,27.28416633605957,8.047080993652344,1.7517644166946411,4.593700452505008
6,32,0.4,0.001,4,1,5.0586838722229,31.607534408569336,26.548850536346436,20.939733505249023,4.662766456604004,4.490839011589676
9,64,0.0,0.0005,4,1,3.818074941635132,31.6917781829834,27.873703241348267,16.033100128173828,1.7517644166946411,9.15254355858322
12,64,0.1,0.0005,16,1,5.168679237365723,31.931568145751953,26.76288890838623,0.5359865427017212,0.32116708159446716,1.6688713551860939
3,64,0.0,0.005,4,1,4.1345391273498535,32.025081634521484,27.89054250717163,21.619091033935547,4.9130449295043945,4.400344662859898
6,32,0.1,0.005,8,1,3.6925628185272217,32.084136962890625,28.391574144363403,22.114431381225586,4.662766456604004,4.742770539130115
3,32,0.0,0.005,4,1,3.7894744873046875,32.30923080444336,28.519756317138672,21.044879913330078,4.9130449295043945,4.283469867525309
6,64,0.0,0.0005,16,2,6.841575622558594,32.50929641723633,25.667720794677734,19.719911575317383,4.662766456604004,4.229229955831807
9,32,0.1,0.0005,8,1,4.602391719818115,32.52080154418945,27.918409824371338,8.65300464630127,1.7517644166946411,4.9395937968807475
3,64,0.1,0.005,16,1,7.267889499664307,32.54484176635742,25.276952266693115,19.580448150634766,4.9130449295043945,3.9853997737834552
6,16,0.1,0.005,16,1,4.577329158782959,32.610877990722656,28.033548831939697,24.090166091918945,4.662766456604004,5.166496395675015
6,64,0.1,0.0005,8,1,6.278556823730469,32.81319046020508,26.53463363647461,21.093673706054688,4.662766456604004,4.523853789884574
9,16,0.2,0.0005,8,1,5.693747043609619,32.88318634033203,27.189439296722412,3.128216505050659,1.7517644166946411,1.7857518255526676
6,32,0.3,0.005,8,1,3.5030767917633057,32.89431381225586,29.391237020492554,25.945112228393555,4.662766456604004,5.564317336041307
9,32,0.0,0.001,4,2,2.943528413772583,33.256744384765625,30.313215970993042,15.61059284210205,1.7517644166946411,8.911354000189862
6,8,0.4,0.005,8,1,4.234099388122559,33.42832946777344,29.19423007965088,22.870418548583984,4.662766456604004,4.904903293235281
9,32,0.1,0.005,8,1,6.20526123046875,33.61262130737305,27.407360076904297,11.639166831970215,1.7517644166946411,6.644253485826511
9,64,0.0,0.0005,4,2,3.6967992782592773,33.737701416015625,30.040902137756348,20.021177291870117,1.7517644166946411,11.429149434173095
6,64,0.1,0.001,16,1,5.930026054382324,33.93964385986328,28.009617805480957,21.026721954345703,4.662766456604004,4.509494985442597
6,64,0.3,0.0005,4,1,5.391964912414551,34.11229705810547,28.720332145690918,22.283588409423828,4.662766456604004,4.7790487936325805
3,64,0.0,0.005,16,1,6.83712911605835,34.168975830078125,27.331846714019775,21.495256423950195,4.9130449295043945,4.375139395706389
6,16,0.3,0.005,8,1,4.120291709899902,34.462432861328125,30.342141151428223,24.291793823242188,4.662766456604004,5.209738478073903
9,64,0.1,0.001,4,1,4.410973072052002,35.530914306640625,31.119941234588623,17.99807357788086,1.7517644166946411,10.27425457804478
6,8,0.1,0.005,8,1,4.240286350250244,35.606651306152344,31.3663649559021,24.634492874145508,4.662766456604004,5.283235414730026
9,32,0.0,0.0005,8,2,4.631892681121826,35.97843933105469,31.34654664993286,6.673806190490723,1.7517644166946411,3.809762389787181
6,8,0.3,0.005,8,1,4.888221263885498,36.105289459228516,31.217068195343018,24.070402145385742,4.662766456604004,5.162257721763905
6,16,0.4,0.005,8,1,4.668260097503662,36.5412712097168,31.873011112213135,25.130338668823242,4.662766456604004,5.389576960954254
6,16,0.3,0.005,16,1,3.711179256439209,36.56523895263672,32.85405969619751,26.4798583984375,4.662766456604004,5.679001649532189
6,32,0.0,0.0005,4,1,5.864073753356934,36.892539978027344,31.02846622467041,24.023326873779297,4.662766456604004,5.152161725739963
6,64,0.1,0.005,16,1,3.5430362224578857,36.90296173095703,33.359925508499146,29.067481994628906,4.662766456604004,6.233956228594686
6,64,0.0,0.005,16,1,6.810055732727051,36.94346618652344,30.133410453796387,30.033658981323242,4.662766456604004,6.4411673329222285
12,64,0.3,0.0005,16,1,5.1337103843688965,37.130123138427734,31.996412754058838,1.0685689449310303,0.32116708159446716,3.3271434283551393
6,32,0.2,0.005,16,1,3.824923038482666,37.275169372558594,33.45024633407593,28.50139045715332,4.662766456604004,6.112549432276631
6,64,0.4,0.001,4,1,4.864752769470215,38.371826171875,33.507073402404785,24.032506942749023,4.662766456604004,5.154130528821817
6,64,0.0,0.0005,8,2,6.18011999130249,38.49037170410156,32.31025171279907,25.003660202026367,4.662766456604004,5.3624088692267655
6,32,0.0,0.001,16,2,6.47194242477417,38.79078674316406,32.31884431838989,23.43673324584961,4.662766456604004,5.026357949507748
9,32,0.1,0.001,4,1,6.579153060913086,38.93777084350586,32.35861778259277,14.082820892333984,1.7517644166946411,8.03922077542053
6,64,0.3,0.005,16,1,3.8096814155578613,39.23076629638672,35.42108488082886,32.046165466308594,4.662766456604004,6.872779446399408
6,32,0.2,0.005,8,1,3.827800989151001,40.262874603271484,36.43507361412048,34.507686614990234,4.662766456604004,7.400689469685116
6,64,0.4,0.005,16,1,4.267456531524658,41.144649505615234,36.877192974090576,31.8508243560791,4.662766456604004,6.830885623912796
6,32,0.3,0.001,4,1,4.9509968757629395,41.65034484863281,36.69934797286987,26.841312408447266,4.662766456604004,5.7565208676559765
12,64,0.4,0.0005,16,1,5.067867279052734,41.670719146728516,36.60285186767578,1.3307452201843262,0.32116708159446716,4.143467050164992
3,64,0.0,0.005,16,2,5.046003341674805,42.058143615722656,37.01214027404785,29.769983291625977,4.9130449295043945,6.059375340300223
6,64,0.0,0.0005,8,1,6.146511554718018,42.62678146362305,36.48026990890503,27.25981903076172,4.662766456604004,5.8462758717312315
6,64,0.2,0.0005,4,1,5.394056797027588,43.16846466064453,37.77440786361694,28.317258834838867,4.662766456604004,6.0730596521154
6,16,0.0,0.005,8,2,3.543140411376953,43.57008361816406,40.02694320678711,25.112407684326172,4.662766456604004,5.385731393164412
3,64,0.0,0.005,8,1,4.789755344390869,44.767425537109375,39.977670192718506,27.566612243652344,4.9130449295043945,5.610901719645608
6,16,0.4,0.005,16,1,5.181152820587158,45.07490539550781,39.893752574920654,30.33513641357422,4.662766456604004,6.505823676973942
6,64,0.3,0.001,4,1,4.579709053039551,45.253013610839844,40.67330455780029,29.903940200805664,4.662766456604004,6.413347200448329
6,64,0.0,0.0005,4,1,5.251837253570557,45.8160400390625,40.56420278549194,31.07978630065918,4.662766456604004,6.665524981771289
6,64,0.3,0.001,8,1,5.057561874389648,46.161956787109375,41.10439491271973,33.26715087890625,4.662766456604004,7.134638028415314
6,32,0.1,0.001,4,1,4.941847801208496,46.596309661865234,41.65446186065674,30.840356826782227,4.662766456604004,6.614175750342843
6,64,0.4,0.0005,4,1,5.710633754730225,46.78306198120117,41.07242822647095,31.389328002929688,4.662766456604004,6.731910829132804
6,64,0.2,0.005,8,1,4.472736358642578,47.59004211425781,43.117305755615234,37.45689392089844,4.662766456604004,8.03319108291328
6,8,0.0,0.005,8,1,4.116518974304199,47.767921447753906,43.65140247344971,29.225297927856445,4.662766456604004,6.267802215670454
6,64,0.4,0.001,16,1,6.1382269859313965,49.122947692871094,42.9847207069397,34.01996994018555,4.662766456604004,7.2960913347916305
6,16,0.0,0.005,16,2,3.9295589923858643,49.38249206542969,45.45293307304382,31.38607406616211,4.662766456604004,6.73121297372918
6,64,0.0,0.001,16,2,5.558307647705078,49.81571960449219,44.25741195678711,30.824440002441406,4.662766456604004,6.610762149321013
6,32,0.3,0.005,16,1,4.680177211761475,50.419593811035156,45.73941659927368,38.27433776855469,4.662766456604004,8.2085041412155
6,32,0.2,0.001,4,1,5.429019927978516,50.80954360961914,45.380523681640625,33.85321807861328,4.662766456604004,7.260328904242253
6,64,0.1,0.001,8,1,4.679504871368408,50.85639190673828,46.17688703536987,35.84410095214844,4.662766456604004,7.687303510854903
6,64,0.1,0.0005,4,1,5.110755443572998,50.86103057861328,45.75027513504028,34.17445755004883,4.662766456604004,7.329223513145636
6,64,0.4,0.001,8,1,5.335954666137695,51.29677963256836,45.960824966430664,34.83144760131836,4.662766456604004,7.470124855167392
6,64,0.0,0.001,4,2,4.7285661697387695,51.88938522338867,47.1608190536499,32.70756149291992,4.662766456604004,7.014625715726188
6,16,0.2,0.005,8,1,4.8495283126831055,52.60685348510742,47.757325172424316,36.58841323852539,4.662766456604004,7.846932412131475
6,16,0.0,0.001,4,1,5.053977012634277,52.905067443847656,47.85109043121338,33.13842010498047,4.662766456604004,7.107029788731026
6,32,0.0,0.0005,4,2,5.605626583099365,53.93678283691406,48.3311562538147,32.29690170288086,4.662766456604004,6.926553582184643
6,64,0.1,0.001,4,1,4.82941198348999,54.44606399536133,49.61665201187134,38.22089767456055,4.662766456604004,8.197043113842264
6,64,0.2,0.001,4,1,4.6005659103393555,54.59407043457031,49.99350452423096,39.36771011352539,4.662766456604004,8.44299419237861
6,32,0.0,0.001,8,2,5.255215167999268,55.90303039550781,50.647815227508545,40.232540130615234,4.662766456604004,8.628469923393393
6,8,0.2,0.005,8,1,4.759105682373047,58.005985260009766,53.24687957763672,36.979801177978516,4.662766456604004,7.930871409097278
6,64,0.0,0.001,4,1,4.525094509124756,60.57732009887695,56.0522255897522,45.41217803955078,4.662766456604004,9.739320736347898
6,64,0.2,0.001,8,1,5.276089191436768,60.61426544189453,55.338176250457764,44.162139892578125,4.662766456604004,9.47123136095098
6,64,0.0,0.001,8,1,4.52261209487915,61.389503479003906,56.866891384124756,46.22616958618164,4.662766456604004,9.913893397064793
6,32,0.4,0.005,16,1,4.681134223937988,63.55888366699219,58.8777494430542,49.2291374206543,4.662766456604004,10.557924759652012
6,32,0.0,0.001,4,1,4.282259941101074,75.41089630126953,71.12863636016846,56.088829040527344,4.662766456604004,12.029088216736053
6,16,0.2,0.005,16,1,4.7248101234436035,75.74285888671875,71.01804876327515,57.4433708190918,4.662766456604004,12.319589958817941
6,64,0.0,0.001,8,2,3.9921467304229736,76.51034545898438,72.5181987285614,62.184329986572266,4.662766456604004,13.336359555066048
6,32,0.0,0.001,4,2,5.138190746307373,77.61837768554688,72.4801869392395,55.0157356262207,4.662766456604004,11.798947285532693
6,64,0.0,0.0005,4,2,4.771836280822754,104.56416320800781,99.79232692718506,83.3343505859375,4.662766456604004,17.87229777890951
