seq_length,hidden_size,dropout,lr,batch_size,num_layers,train_rmse,test_rmse,rmse_gap,test_pred_std,test_actual_std,test_std_ratio
12,16,0.0,0.005,4,2,0.425223708152771,0.06129132956266403,-0.36393237859010696,0.39221182465553284,0.3633994162082672,1.0792857862786247
12,64,0.0,0.005,16,2,0.7710714936256409,0.07846180349588394,-0.6926096901297569,0.4299270212650299,0.3633994162082672,1.1830702034442322
12,16,0.3,0.005,16,1,1.13437020778656,0.13632531464099884,-0.9980448931455612,0.23419587314128876,0.3633994162082672,0.644458583849428
12,32,0.4,0.005,16,1,1.1541520357131958,0.1369350105524063,-1.0172170251607895,0.25041264295578003,0.3633994162082672,0.6890837788585397
12,32,0.1,0.005,16,1,0.8709959983825684,0.13882523775100708,-0.7321707606315613,0.1940258890390396,0.3633994162082672,0.5339190994402747
12,16,0.2,0.005,4,1,1.115689992904663,0.14010734856128693,-0.9755826443433762,0.2338123470544815,0.3633994162082672,0.6434031994164837
12,16,0.1,0.005,8,1,0.9042816162109375,0.16089516878128052,-0.743386447429657,0.18740259110927582,0.3633994162082672,0.5156931540084639
12,16,0.0,0.005,16,2,0.9251022338867188,0.16787691414356232,-0.7572253197431564,0.17885319888591766,0.3633994162082672,0.4921669956217415
12,32,0.0,0.005,8,1,0.7739220261573792,0.16971032321453094,-0.6042117029428482,0.129058375954628,0.3633994162082672,0.3551419462948822
12,8,0.0,0.005,4,2,1.04839289188385,0.17577150464057922,-0.8726213872432709,0.13606351613998413,0.3633994162082672,0.3744186426045467
12,16,0.4,0.005,16,1,1.4587039947509766,0.17683811485767365,-1.281865879893303,0.12463480234146118,0.3633994162082672,0.34296918702266693
12,32,0.0,0.001,8,1,1.1576213836669922,0.17853040993213654,-0.9790909737348557,0.15855222940444946,0.3633994162082672,0.43630292821819466
12,16,0.4,0.005,4,1,1.249778151512146,0.1819688081741333,-1.0678093433380127,0.1192440539598465,0.3633994162082672,0.32813496291228694
12,32,0.4,0.001,8,1,1.4912246465682983,0.1876768171787262,-1.3035478293895721,0.10041183233261108,0.3633994162082672,0.2763125856951411
12,64,0.1,0.001,8,1,1.3193986415863037,0.19334237277507782,-1.126056268811226,0.09317437559366226,0.3633994162082672,0.25639660230016237
12,16,0.3,0.0001,16,1,3.535874366760254,0.19433683156967163,-3.3415375351905823,0.12602734565734863,0.3633994162082672,0.3468011780875325
12,32,0.0,0.005,16,1,0.7925016283988953,0.19748204946517944,-0.5950195789337158,0.1134355440735817,0.3633994162082672,0.31215114558293855
12,64,0.3,0.005,8,1,0.831159770488739,0.20012237131595612,-0.6310373991727829,0.12412989139556885,0.3633994162082672,0.341579776574074
12,32,0.3,0.005,16,1,1.693425178527832,0.20496174693107605,-1.488463431596756,0.0744883194565773,0.3633994162082672,0.2049764422678308
12,64,0.2,0.0005,8,1,1.6882599592208862,0.205537348985672,-1.4827226102352142,0.12332151085138321,0.3633994162082672,0.3393552805839034
12,8,0.0,0.005,8,1,0.882434606552124,0.208443284034729,-0.673991322517395,0.24758778512477875,0.3633994162082672,0.6813103546178625
12,8,0.0,0.005,8,2,0.9637710452079773,0.20847313106060028,-0.755297914147377,0.09705609828233719,0.3633994162082672,0.26707829994617693
12,32,0.4,0.001,16,2,2.233502149581909,0.21213868260383606,-2.021363466978073,0.1048654094338417,0.3633994162082672,0.2885679083582855
12,32,0.0,0.001,4,1,1.1521583795547485,0.21302634477615356,-0.939132034778595,0.09210704267024994,0.3633994162082672,0.25345952294392965
12,16,0.4,0.001,4,2,1.988068699836731,0.21649718284606934,-1.7715715169906616,0.06433446705341339,0.3633994162082672,0.17703514145587612
12,32,0.0,0.0005,8,1,1.5809125900268555,0.2183329313993454,-1.36257965862751,0.09051642566919327,0.3633994162082672,0.2490824740822301
12,16,0.2,0.005,16,1,1.0887621641159058,0.22031903266906738,-0.8684431314468384,0.29502472281455994,0.3633994162082672,0.8118469916459052
12,32,0.2,0.001,8,1,1.6630513668060303,0.22154216468334198,-1.4415092021226883,0.16652439534664154,0.3633994162082672,0.4582406793169008
12,8,0.0,0.005,4,1,0.7926484942436218,0.22239355742931366,-0.5702549368143082,0.09814298152923584,0.3633994162082672,0.2700691777473558
12,8,0.2,0.005,4,1,0.9362701177597046,0.2235690802335739,-0.7127010375261307,0.14588524401187897,0.3633994162082672,0.40144600542855835
12,64,0.2,0.005,16,1,0.9210810661315918,0.22390776872634888,-0.6971732974052429,0.16398242115974426,0.3633994162082672,0.4512456923314499
12,16,0.1,0.001,8,1,1.6422233581542969,0.22546932101249695,-1.4167540371418,0.04453910514712334,0.3633994162082672,0.12256240148057257
12,64,0.3,0.0005,4,2,2.9424009323120117,0.22602194547653198,-2.7163789868354797,0.04496849700808525,0.3633994162082672,0.12374399903359623
12,64,0.3,0.001,16,2,2.866323232650757,0.22626091539859772,-2.640062317252159,0.04433578625321388,0.3633994162082672,0.12200290995460675
12,8,0.3,0.005,8,1,1.5535460710525513,0.22627773880958557,-1.3272683322429657,0.043986473232507706,0.3633994162082672,0.12104167280031813
12,16,0.4,0.0001,8,2,3.5471816062927246,0.2279594987630844,-3.31922210752964,0.04127660021185875,0.3633994162082672,0.11358466296545394
12,32,0.3,0.001,8,1,1.4087828397750854,0.2323608100414276,-1.1764220297336578,0.12582436203956604,0.3633994162082672,0.3462426091720936
12,8,0.3,0.005,16,2,2.351759195327759,0.23382310569286346,-2.1179360896348953,0.03599964454770088,0.3633994162082672,0.09906357286790243
12,32,0.3,0.0005,4,1,1.5827385187149048,0.2338474690914154,-1.3488910496234894,0.09797928482294083,0.3633994162082672,0.2696187182832129
12,8,0.3,0.005,4,1,1.6073428392410278,0.23688825964927673,-1.370454579591751,0.14394615590572357,0.3633994162082672,0.3961100361901155
12,32,0.0,0.0005,4,1,1.3931795358657837,0.23853105306625366,-1.15464848279953,0.0263077262789011,0.3633994162082672,0.07239341921183474
12,8,0.4,0.0001,16,2,3.558743953704834,0.24059435725212097,-3.318149596452713,0.031104374676942825,0.3633994162082672,0.08559280309662537
12,16,0.0,0.005,8,1,0.5560510754585266,0.2408866584300995,-0.3151644170284271,0.0473921075463295,0.3633994162082672,0.13041327374936862
12,16,0.1,0.0005,8,2,3.5295538902282715,0.24274900555610657,-3.286804884672165,0.022448087111115456,0.3633994162082672,0.061772490845858355
12,16,0.3,0.0005,8,1,2.166120767593384,0.2435898333787918,-1.922530934214592,0.0465983971953392,0.3633994162082672,0.12822914709536373
12,32,0.2,0.0005,4,1,1.4725761413574219,0.24457617104053497,-1.227999970316887,0.07957442849874496,0.3633994162082672,0.21897236195101702
12,32,0.1,0.0005,4,2,3.479750394821167,0.24507391452789307,-3.234676480293274,0.02205258049070835,0.3633994162082672,0.06068413846341964
12,64,0.0,0.0005,4,1,1.039113163948059,0.24546755850315094,-0.7936456054449081,0.10834504663944244,0.3633994162082672,0.29814314995307806
12,64,0.3,0.001,4,2,2.494781970977783,0.2454851120710373,-2.249296858906746,0.016691837459802628,0.3633994162082672,0.04593248286958281
12,64,0.1,0.0005,16,1,1.5861903429031372,0.24702221155166626,-1.339168131351471,0.07938038557767868,0.3633994162082672,0.21843839598296197
12,64,0.0,0.001,16,2,1.033146858215332,0.248132586479187,-0.785014271736145,0.12209520488977432,0.3633994162082672,0.33598074032072894
12,32,0.3,0.0001,16,2,3.586353063583374,0.2503916621208191,-3.335961401462555,0.012346329167485237,0.3633994162082672,0.03397454320732715
12,32,0.4,0.0001,16,2,3.4934520721435547,0.25144320726394653,-3.242008864879608,0.032392214983701706,0.3633994162082672,0.08913667314516945
12,32,0.4,0.0001,8,2,3.4935123920440674,0.2522691786289215,-3.241243213415146,0.035359520465135574,0.3633994162082672,0.09730208384504047
12,64,0.4,0.0005,4,1,1.4269458055496216,0.2533297538757324,-1.1736160516738892,0.08105024695396423,0.3633994162082672,0.2230335089683074
12,32,0.3,0.0001,8,2,3.6154284477233887,0.25496309995651245,-3.360465347766876,0.021477023139595985,0.3633994162082672,0.059100323725581674
12,16,0.3,0.005,16,2,2.4900636672973633,0.2586227059364319,-2.2314409613609314,0.06797898560762405,0.3633994162082672,0.18706410240533997
12,64,0.3,0.001,8,2,2.766691207885742,0.26070636510849,-2.505984842777252,0.015900993719697,0.3633994162082672,0.043756244535582876
12,16,0.0,0.001,16,1,2.024756908416748,0.26319384574890137,-1.7615630626678467,0.006146022118628025,0.3633994162082672,0.016912581155897315
12,16,0.3,0.0001,4,2,3.5086493492126465,0.266642302274704,-3.2420070469379425,0.02276604250073433,0.3633994162082672,0.06264743828781201
12,8,0.0,0.001,4,1,1.4358901977539062,0.26668113470077515,-1.169209063053131,0.010911482386291027,0.3633994162082672,0.030026141759230473
12,16,0.2,0.0001,8,2,3.5897953510284424,0.2676999270915985,-3.322095423936844,0.0005357707268558443,0.3633994162082672,0.0014743301804007016
12,16,0.4,0.0001,16,2,3.5035417079925537,0.26800140738487244,-3.2355403006076813,0.041069407016038895,0.3633994162082672,0.11301451016228842
12,8,0.1,0.005,4,1,1.3235383033752441,0.269713431596756,-1.0538248717784882,0.03609287366271019,0.3633994162082672,0.09932012010174796
12,32,0.2,0.005,16,2,2.5288476943969727,0.2700604200363159,-2.2587872743606567,0.01709442399442196,0.3633994162082672,0.04704031771098114
12,64,0.4,0.0001,4,2,3.0997848510742188,0.27019572257995605,-2.8295891284942627,0.04318821430206299,0.3633994162082672,0.11884502939683168
12,16,0.3,0.0005,4,2,2.916750192642212,0.2710886299610138,-2.645661562681198,0.09886200726032257,0.3633994162082672,0.27204778778088057
12,32,0.0,0.0005,16,2,1.775441288948059,0.27527621388435364,-1.5001650750637054,0.002449406310915947,0.3633994162082672,0.0067402593445889634
12,8,0.3,0.0005,16,2,3.6372692584991455,0.2763839364051819,-3.3608853220939636,0.0025647198781371117,0.3633994162082672,0.007057578421279713
12,32,0.2,0.0001,8,2,3.614614486694336,0.2769162356853485,-3.3376982510089874,0.006191035266965628,0.3633994162082672,0.017036448026150636
12,32,0.3,0.005,8,1,1.0162009000778198,0.2772749960422516,-0.7389259040355682,0.11844798922538757,0.3633994162082672,0.3259443574821376
12,16,0.2,0.0005,4,2,3.0945560932159424,0.2778312861919403,-2.816724807024002,0.018657734617590904,0.3633994162082672,0.051342225070879044
12,32,0.0,0.005,8,2,0.9712775945663452,0.2779175043106079,-0.6933600902557373,0.023586386814713478,0.3633994162082672,0.06490485609695071
12,32,0.1,0.005,8,2,2.8956351280212402,0.27887147665023804,-2.616763651371002,0.011401228606700897,0.3633994162082672,0.03137382202113049
12,16,0.1,0.005,4,1,1.2432039976119995,0.27985090017318726,-0.9633530974388123,0.15200193226337433,0.3633994162082672,0.4182778658517733
12,8,0.1,0.001,16,2,3.583897829055786,0.28023985028266907,-3.303657978773117,0.0032240652944892645,0.3633994162082672,0.008871960577508265
12,8,0.4,0.005,16,1,1.794999122619629,0.2823309004306793,-1.5126682221889496,0.02773110941052437,0.3633994162082672,0.07631027506833264
12,8,0.2,0.005,16,1,1.084769606590271,0.28398504853248596,-0.800784558057785,0.09670998901128769,0.3633994162082672,0.26612587884803424
12,8,0.4,0.005,4,1,1.200393795967102,0.2848023474216461,-0.9155914485454559,0.17828217148780823,0.3633994162082672,0.4905956463772447
12,32,0.0,0.001,16,1,1.469386100769043,0.2853785753250122,-1.1840075254440308,0.10091675072908401,0.3633994162082672,0.27770201664619015
12,16,0.0,0.001,4,2,1.2397710084915161,0.2858876585960388,-0.9538833498954773,0.04956570640206337,0.3633994162082672,0.13639456804646283
12,32,0.2,0.005,8,1,0.9896436929702759,0.2876829206943512,-0.7019607722759247,0.12851636111736298,0.3633994162082672,0.35365043361464615
12,32,0.0,0.001,8,2,1.0601215362548828,0.28771141171455383,-0.772410124540329,0.1487530916929245,0.3633994162082672,0.4093377288412397
12,8,0.4,0.001,4,2,1.7075320482254028,0.28969934582710266,-1.4178327023983002,0.031882911920547485,0.3633994162082672,0.08773517649867418
12,32,0.4,0.0005,8,2,2.0392775535583496,0.29157888889312744,-1.7476986646652222,0.04172605648636818,0.3633994162082672,0.11482147363289827
12,8,0.3,0.001,16,2,2.5544419288635254,0.2962311804294586,-2.2582107484340668,0.022233810275793076,0.3633994162082672,0.06118284533250514
12,16,0.1,0.005,16,2,2.5899808406829834,0.29755520820617676,-2.2924256324768066,0.027868002653121948,0.3633994162082672,0.07668697694646423
12,32,0.0,0.0005,4,2,1.1614636182785034,0.2975998520851135,-0.8638637661933899,0.1129213497042656,0.3633994162082672,0.3107361890739787
12,32,0.3,0.001,4,1,1.7573107481002808,0.2992662191390991,-1.4580445289611816,0.07631766051054001,0.3633994162082672,0.21001041032713638
12,16,0.3,0.0001,16,2,3.684652328491211,0.3032436966896057,-3.3814086318016052,0.029542917385697365,0.3633994162082672,0.0812959957226956
12,8,0.2,0.0005,16,2,3.473255157470703,0.3052138090133667,-3.1680413484573364,0.014111438766121864,0.3633994162082672,0.03883175959213562
12,8,0.4,0.001,8,2,2.4432578086853027,0.3064747452735901,-2.1367830634117126,0.029795460402965546,0.3633994162082672,0.08199094185085185
12,64,0.3,0.005,4,1,0.8737772107124329,0.30647677183151245,-0.5673004388809204,0.04440861940383911,0.3633994162082672,0.12220333171473276
12,16,0.1,0.005,16,1,1.385941982269287,0.30675482749938965,-1.0791871547698975,0.09030434489250183,0.3633994162082672,0.24849887166782805
12,64,0.1,0.0005,8,1,1.2983219623565674,0.30711254477500916,-0.9912094175815582,0.14614486694335938,0.3633994162082672,0.4021604340156742
12,16,0.0,0.001,4,1,1.1429263353347778,0.30985093116760254,-0.8330754041671753,0.15497851371765137,0.3633994162082672,0.4264688021095551
12,64,0.0,0.001,4,1,0.8793421387672424,0.311630517244339,-0.5677116215229034,0.07322272658348083,0.3633994162082672,0.2014937925533603
12,32,0.4,0.0005,16,2,2.5402615070343018,0.31167978048324585,-2.228581726551056,0.03189589083194733,0.3633994162082672,0.08777089177729314
12,8,0.1,0.005,8,1,1.0729447603225708,0.31519854068756104,-0.7577462196350098,0.14902552962303162,0.3633994162082672,0.41008742165293915
12,64,0.3,0.005,16,2,2.2134974002838135,0.3158509135246277,-1.8976464867591858,0.024991899728775024,0.3633994162082672,0.06877253681236505
12,64,0.4,0.0001,16,2,3.4226996898651123,0.3169991075992584,-3.105700582265854,0.011251186020672321,0.3633994162082672,0.030960935870695438
12,16,0.4,0.0001,4,2,3.4264841079711914,0.3175305128097534,-3.108953595161438,0.03296254575252533,0.3633994162082672,0.0907061054100159
12,8,0.0,0.001,8,1,1.2942750453948975,0.31897690892219543,-0.975298136472702,0.0038717780262231827,0.3633994162082672,0.010654331992664056
12,64,0.0,0.001,8,2,1.0299829244613647,0.31986525654792786,-0.7101176679134369,0.12925241887569427,0.3633994162082672,0.35567591226293727
12,8,0.4,0.0001,4,2,3.4428722858428955,0.32149097323417664,-3.121381312608719,0.006209916435182095,0.3633994162082672,0.01708840509425348
12,16,0.2,0.005,8,2,2.360574245452881,0.3245890140533447,-2.035985231399536,0.00264378753490746,0.3633994162082672,0.0072751562522937125
12,64,0.0,0.0005,16,1,1.7863497734069824,0.32496872544288635,-1.461381047964096,0.03533979505300522,0.3633994162082672,0.09724780359237475
12,32,0.2,0.005,4,1,0.7784795761108398,0.32500985264778137,-0.45346972346305847,0.06075333431363106,0.3633994162082672,0.167180605152136
12,8,0.2,0.001,4,1,2.3108913898468018,0.33020490407943726,-1.9806864857673645,0.05436943471431732,0.3633994162082672,0.14961343439021307
12,8,0.1,0.005,16,1,1.216691493988037,0.33025577664375305,-0.8864357173442841,0.04811298847198486,0.3633994162082672,0.13239698889447557
12,64,0.4,0.0001,8,2,3.076704740524292,0.3306659460067749,-2.746038794517517,0.0009612853173166513,0.3633994162082672,0.0026452582872772993
12,16,0.0,0.001,8,1,1.635178565979004,0.33068418502807617,-1.3044943809509277,0.0134741785004735,0.3633994162082672,0.03707815120085756
12,16,0.2,0.0001,16,2,3.470160484313965,0.33208924531936646,-3.1380712389945984,0.01645851321518421,0.3633994162082672,0.04529042282707384
12,64,0.2,0.0005,4,1,1.337438702583313,0.33558714389801025,-1.0018515586853027,0.09103179723024368,0.3633994162082672,0.2505006699792622
12,8,0.4,0.005,8,1,0.9778169989585876,0.33952078223228455,-0.6382962167263031,0.36976897716522217,0.3633994162082672,1.017527713785056
12,32,0.4,0.0005,8,1,1.983691930770874,0.3408612012863159,-1.642830729484558,0.04352690652012825,0.3633994162082672,0.11977704029987385
12,64,0.1,0.001,16,1,1.3220477104187012,0.3411349654197693,-0.9809127449989319,0.16089795529842377,0.3633994162082672,0.4427578805085692
12,16,0.2,0.0005,8,2,3.554403781890869,0.3414805829524994,-3.2129231989383698,0.008984191343188286,0.3633994162082672,0.024722635597299286
12,64,0.3,0.0005,4,1,1.3485655784606934,0.34219110012054443,-1.006374478340149,0.07442627847194672,0.3633994162082672,0.20480571831544275
12,64,0.2,0.001,4,2,3.1689646244049072,0.3425617516040802,-2.826402872800827,0.006881569046527147,0.3633994162082672,0.018936654104538417
12,64,0.3,0.001,4,1,1.0780330896377563,0.3428235650062561,-0.7352095246315002,0.11086542904376984,0.3633994162082672,0.30507872082059684
12,64,0.0,0.001,8,1,1.0000437498092651,0.3438619077205658,-0.6561818420886993,0.16789516806602478,0.3633994162082672,0.46201276220488663
12,32,0.4,0.005,4,2,1.457204818725586,0.3483758568763733,-1.1088289618492126,0.29454460740089417,0.3633994162082672,0.8105258133713903
12,16,0.2,0.001,8,2,3.5878827571868896,0.3488054871559143,-3.2390772700309753,0.039448607712984085,0.3633994162082672,0.1085544058507121
12,32,0.4,0.005,16,2,1.9785022735595703,0.3519398868083954,-1.626562386751175,0.11036337912082672,0.3633994162082672,0.30369718331516676
12,32,0.2,0.0005,8,1,1.7144670486450195,0.35244086384773254,-1.362026184797287,0.02788098342716694,0.3633994162082672,0.07672269735069721
12,32,0.3,0.005,16,2,2.406606435775757,0.352480947971344,-2.054125487804413,0.059922534972429276,0.3633994162082672,0.16489441727140028
12,64,0.4,0.0005,4,2,2.228516101837158,0.3542659878730774,-1.8742501139640808,0.025813931599259377,0.3633994162082672,0.07103459842782246
12,16,0.1,0.001,16,2,3.328444719314575,0.3554295003414154,-2.97301521897316,0.009036622010171413,0.3633994162082672,0.02486691394405667
12,64,0.4,0.001,8,2,1.4444953203201294,0.3558172285556793,-1.08867809176445,0.00914434902369976,0.3633994162082672,0.02516335639476938
12,16,0.1,0.001,16,1,1.6697276830673218,0.35723620653152466,-1.3124914765357971,0.1323520541191101,0.3633994162082672,0.36420546708654605
12,16,0.2,0.001,16,1,1.7689223289489746,0.3594611883163452,-1.4094611406326294,0.10025403648614883,0.3633994162082672,0.2758783641762716
12,16,0.4,0.005,4,2,1.5182819366455078,0.3598864674568176,-1.1583954691886902,0.11372382938861847,0.3633994162082672,0.3129444471188759
12,32,0.2,0.0005,16,2,3.4910290241241455,0.36038708686828613,-3.1306419372558594,0.03016955591738224,0.3633994162082672,0.08302037529992018
12,32,0.3,0.0005,16,1,2.084801435470581,0.3646467328071594,-1.7201547026634216,0.017182933166623116,0.3633994162082672,0.047283876638853584
12,8,0.3,0.005,4,2,2.291158676147461,0.3650204539299011,-1.9261382222175598,0.007491686847060919,0.3633994162082672,0.020615572048050212
12,32,0.3,0.001,16,2,3.0880000591278076,0.3658815920352936,-2.722118467092514,0.06253740936517715,0.3633994162082672,0.17209001053908257
12,32,0.2,0.001,16,1,1.4228763580322266,0.3758748173713684,-1.0470015406608582,0.10405972599983215,0.3633994162082672,0.28635083425724234
12,8,0.1,0.0005,8,2,3.7302463054656982,0.3764857053756714,-3.353760600090027,0.01565789058804512,0.3633994162082672,0.04308727501937277
12,8,0.0,0.005,16,2,1.1928404569625854,0.38044482469558716,-0.8123956322669983,0.12539446353912354,0.3633994162082672,0.34505961745205155
12,64,0.0,0.005,4,2,0.7790741920471191,0.38090601563453674,-0.3981681764125824,0.05129760131239891,0.3633994162082672,0.14116038448174015
12,64,0.0,0.005,16,1,0.7520934343338013,0.3818412721157074,-0.37025216221809387,0.010099733248353004,0.3633994162082672,0.027792376096071558
12,64,0.4,0.001,16,2,1.7715400457382202,0.38253456354141235,-1.3890054821968079,0.04915232956409454,0.3633994162082672,0.13525704052294057
12,64,0.1,0.001,4,1,0.8768755793571472,0.38273006677627563,-0.4941455125808716,0.02624720335006714,0.3633994162082672,0.07222687263488792
12,16,0.2,0.0001,4,2,3.647223711013794,0.3830947279930115,-3.2641289830207825,0.0031387601047754288,0.3633994162082672,0.008637218346483472
12,8,0.3,0.0005,8,2,3.335099458694458,0.3832319676876068,-2.951867491006851,0.016738031059503555,0.3633994162082672,0.04605959809773291
12,64,0.2,0.005,16,2,2.5678489208221436,0.3857981264591217,-2.182050794363022,0.022382168099284172,0.3633994162082672,0.06159109536504254
12,64,0.0,0.005,8,1,1.2055304050445557,0.38675859570503235,-0.8187718093395233,0.06187528371810913,0.3633994162082672,0.17026797776320007
12,64,0.1,0.005,8,1,0.5069298148155212,0.3886481821537018,-0.11828163266181946,0.3959074318408966,0.3633994162082672,1.0894553325699312
12,8,0.3,0.005,16,1,1.4979841709136963,0.38870668411254883,-1.1092774868011475,0.10991695523262024,0.3633994162082672,0.30246871714737683
12,32,0.4,0.0005,4,2,1.507943868637085,0.39221569895744324,-1.1157281696796417,0.10403528064489365,0.3633994162082672,0.2862835656986036
12,32,0.4,0.001,4,2,2.050244092941284,0.3952883183956146,-1.6549557745456696,0.045663412660360336,0.3633994162082672,0.12565626311900913
12,32,0.4,0.0005,4,1,1.7196133136749268,0.3967250883579254,-1.3228882253170013,0.00317938975058496,0.3633994162082672,0.008749022724799386
12,16,0.3,0.001,4,2,2.5871169567108154,0.39929166436195374,-2.1878252923488617,0.011823202483355999,0.3633994162082672,0.032535006816246576
12,64,0.2,0.001,8,2,3.515068292617798,0.4010227918624878,-3.11404550075531,0.03989098221063614,0.3633994162082672,0.10977172893358278
12,64,0.4,0.0005,16,2,2.4280800819396973,0.4046483635902405,-2.023431718349457,0.055461376905441284,0.3633994162082672,0.15261823335911995
12,64,0.2,0.0001,16,2,3.739187240600586,0.40620991587638855,-3.3329773247241974,0.013989634811878204,0.3633994162082672,0.03849658031332837
12,64,0.4,0.0001,4,1,2.0055196285247803,0.4147585332393646,-1.5907610952854156,0.04524970054626465,0.3633994162082672,0.12451781298495997
12,32,0.2,0.001,4,1,1.1977050304412842,0.4157329797744751,-0.7819720506668091,0.09893113374710083,0.3633994162082672,0.27223800956907035
12,32,0.1,0.001,8,1,1.485599160194397,0.41717585921287537,-1.0684233009815216,0.17054452002048492,0.3633994162082672,0.46930323058841805
12,8,0.2,0.005,8,1,1.244209885597229,0.41738754510879517,-0.8268223404884338,0.07634732872247696,0.3633994162082672,0.2100920511075386
12,16,0.2,0.001,16,2,3.2577128410339355,0.41859716176986694,-2.8391156792640686,0.003874812740832567,0.3633994162082672,0.010662682899335975
12,8,0.4,0.0005,8,2,3.384225845336914,0.41956666111946106,-2.964659184217453,0.0016373207326978445,0.3633994162082672,0.004505567867394378
12,64,0.2,0.005,8,1,1.016025185585022,0.4209628105163574,-0.5950623750686646,0.2191362977027893,0.3633994162082672,0.6030177483202133
12,32,0.4,0.005,4,1,0.7676782011985779,0.4210734963417053,-0.34660470485687256,0.0704813301563263,0.3633994162082672,0.19395003682651174
12,16,0.4,0.001,16,2,2.4312920570373535,0.4215434789657593,-2.0097485780715942,0.11377660185098648,0.3633994162082672,0.31308966601580934
12,16,0.2,0.0001,16,1,3.8974037170410156,0.4260450005531311,-3.4713587164878845,0.12866540253162384,0.3633994162082672,0.3540605647475356
12,16,0.4,0.001,8,1,1.515485405921936,0.42620667815208435,-1.0892787277698517,0.06609030812978745,0.3633994162082672,0.18186685278522996
12,16,0.2,0.005,8,1,0.7720181941986084,0.4267466366291046,-0.3452715575695038,0.16329441964626312,0.3633994162082672,0.4493524545253472
12,8,0.1,0.005,8,2,3.1700146198272705,0.4273848235607147,-2.742629796266556,0.030765512958168983,0.3633994162082672,0.08466032576270573
12,64,0.2,0.001,4,1,1.0880366563796997,0.4292318522930145,-0.6588048040866852,0.05009271204471588,0.3633994162082672,0.1378447785287782
12,32,0.0,0.001,16,2,1.2807518243789673,0.4302257001399994,-0.8505261242389679,0.10109781473875046,0.3633994162082672,0.27820026733562625
12,8,0.3,0.0001,16,2,3.8412210941314697,0.4309892952442169,-3.410231798887253,0.009079442359507084,0.3633994162082672,0.02498474668518339
12,32,0.3,0.0005,8,2,3.370617628097534,0.43142443895339966,-2.9391931891441345,0.018616095185279846,0.3633994162082672,0.051227641969052606
12,8,0.1,0.0001,16,1,3.4566574096679688,0.43251386284828186,-3.024143546819687,0.0820445716381073,0.3633994162082672,0.22576968475669448
12,32,0.0,0.005,16,2,1.20413076877594,0.43401437997817993,-0.77011638879776,0.11599823832511902,0.3633994162082672,0.3192031498989516
12,16,0.4,0.0001,16,1,3.783417224884033,0.43747270107269287,-3.3459445238113403,0.012699519284069538,0.3633994162082672,0.034946449327236506
12,32,0.3,0.001,4,2,2.1761410236358643,0.43845975399017334,-1.737681269645691,0.0052651530131697655,0.3633994162082672,0.014488611644197751
12,8,0.0,0.0001,8,1,3.455507755279541,0.4402173161506653,-3.0152904391288757,0.048909563571214676,0.3633994162082672,0.1345889987428714
12,16,0.4,0.0005,4,2,2.6910910606384277,0.4420510232448578,-2.24904003739357,0.024639805778861046,0.3633994162082672,0.06780364711631724
12,32,0.1,0.0005,8,1,1.8096357583999634,0.44354960322380066,-1.3660861551761627,0.08840671926736832,0.3633994162082672,0.24327699859787802
12,64,0.0,0.0005,8,1,1.4223544597625732,0.4440402090549469,-0.9783142507076263,0.06468512862920761,0.3633994162082672,0.17800008955472849
12,32,0.2,0.005,16,1,0.7845244407653809,0.4498773515224457,-0.3346470892429352,0.15702836215496063,0.3633994162082672,0.432109560861172
12,8,0.4,0.001,4,1,1.5293675661087036,0.4499405324459076,-1.079427033662796,0.16492196917533875,0.3633994162082672,0.4538311340621984
12,16,0.2,0.0005,16,2,3.2540557384490967,0.45127004384994507,-2.8027856945991516,0.031223734840750694,0.3633994162082672,0.08592125756981435
12,16,0.4,0.005,16,2,1.9259467124938965,0.45170992612838745,-1.474236786365509,0.11806107312440872,0.3633994162082672,0.32487964443164363
12,32,0.4,0.001,4,1,1.1672663688659668,0.45235559344291687,-0.7149107754230499,0.17451712489128113,0.3633994162082672,0.4802350171945899
12,16,0.0,0.001,8,2,1.2807079553604126,0.4526817500591278,-0.8280262053012848,0.06389664858579636,0.3633994162082672,0.17583035562494315
12,64,0.2,0.0001,4,1,2.2229509353637695,0.45505163073539734,-1.7678993046283722,0.0004074757744092494,0.3633994162082672,0.0011212890176348596
12,64,0.3,0.0005,8,1,1.91107976436615,0.4569978713989258,-1.4540818929672241,0.04885612055659294,0.3633994162082672,0.13444193462488419
12,64,0.1,0.005,8,2,3.494818687438965,0.4597996175289154,-3.0350190699100494,0.007436137180775404,0.3633994162082672,0.020462710860585678
12,32,0.3,0.0001,4,2,3.652392864227295,0.4637551009654999,-3.188637763261795,0.012098506093025208,0.3633994162082672,0.03329258538514397
12,32,0.2,0.0005,8,2,3.564054489135742,0.4641745686531067,-3.0998799204826355,0.027564460411667824,0.3633994162082672,0.07585169150593903
12,32,0.3,0.0005,8,1,2.1301469802856445,0.46573156118392944,-1.664415419101715,0.04885898903012276,0.3633994162082672,0.13444982807050318
12,16,0.3,0.001,8,2,2.9896538257598877,0.46760961413383484,-2.522044211626053,0.02974674105644226,0.3633994162082672,0.0818568762900658
12,64,0.0,0.0005,16,2,1.5147703886032104,0.4687206447124481,-1.0460497438907623,0.1277111917734146,0.3633994162082672,0.35143477418307756
12,64,0.4,0.001,16,1,1.3311553001403809,0.4758818745613098,-0.855273425579071,0.12699873745441437,0.3633994162082672,0.34947424731587995
12,64,0.4,0.005,4,2,1.3735631704330444,0.4769262373447418,-0.8966369330883026,0.041577696800231934,0.3633994162082672,0.11441321847474684
12,64,0.4,0.005,4,1,1.6396442651748657,0.4786933362483978,-1.160950928926468,0.1132514476776123,0.3633994162082672,0.3116445503938481
12,64,0.0,0.001,16,1,1.8175318241119385,0.48437386751174927,-1.3331579566001892,0.09682547301054001,0.3633994162082672,0.2664436669184095
12,64,0.4,0.0005,8,2,2.14676833152771,0.48555099964141846,-1.6612173318862915,0.04672129824757576,0.3633994162082672,0.12856734536083952
12,16,0.3,0.001,4,1,1.6395384073257446,0.486051470041275,-1.1534869372844696,0.05728936940431595,0.3633994162082672,0.15764849047386179
12,8,0.3,0.001,16,1,2.8644747734069824,0.48988306522369385,-2.3745917081832886,0.03408617898821831,0.3633994162082672,0.0937981115761706
12,8,0.2,0.0001,8,1,3.7381436824798584,0.48992061614990234,-3.248223066329956,0.025237953290343285,0.3633994162082672,0.06944962530121183
12,32,0.4,0.0005,16,1,1.8558075428009033,0.4909915626049042,-1.3648159801959991,0.02232586033642292,0.3633994162082672,0.06143614805266441
12,16,0.2,0.001,4,1,1.945356011390686,0.49201810359954834,-1.4533379077911377,0.11823278665542603,0.3633994162082672,0.3253521645386074
12,64,0.4,0.005,16,1,0.9589135646820068,0.49392205476760864,-0.4649915099143982,0.10576633363962173,0.3633994162082672,0.29104706535633557
12,16,0.4,0.0005,16,2,3.274745225906372,0.5000883340835571,-2.774656891822815,0.019589180126786232,0.3633994162082672,0.05390537038056085
12,64,0.1,0.005,16,2,3.5050785541534424,0.5012211203575134,-3.003857433795929,0.027942180633544922,0.3633994162082672,0.07689109939992592
12,32,0.4,0.0001,4,2,2.574937105178833,0.5012677311897278,-2.0736693739891052,0.06723164021968842,0.3633994162082672,0.1850075625359767
12,64,0.4,0.005,8,2,1.2208672761917114,0.5041310787200928,-0.7167361974716187,0.08559603244066238,0.3633994162082672,0.2355425700288043
12,64,0.3,0.0001,16,2,3.823103666305542,0.5057203769683838,-3.317383289337158,0.03286333009600639,0.3633994162082672,0.09043308445265126
12,16,0.0,0.005,4,1,0.7346882820129395,0.5085675716400146,-0.2261207103729248,0.3201412260532379,0.3633994162082672,0.8809624115349771
12,32,0.1,0.0005,4,1,1.3125073909759521,0.5087761878967285,-0.8037312030792236,0.13007427752017975,0.3633994162082672,0.35793749719628914
12,16,0.3,0.001,8,1,1.7975211143493652,0.5089827179908752,-1.28853839635849,0.004983274731785059,0.3633994162082672,0.013712940939148629
12,64,0.1,0.005,4,1,1.0727211236953735,0.5094310641288757,-0.5632900595664978,0.1679307371377945,0.3633994162082672,0.4621106409305622
12,16,0.4,0.0005,8,2,2.33243727684021,0.5156005620956421,-1.8168367147445679,0.04733731597661972,0.3633994162082672,0.1302624986868177
12,8,0.3,0.001,4,1,1.9380213022232056,0.516808032989502,-1.4212132692337036,0.14496105909347534,0.3633994162082672,0.3989028397623979
12,16,0.4,0.0005,4,1,1.8364521265029907,0.5193002223968506,-1.3171519041061401,0.028964662924408913,0.3633994162082672,0.07970475909573015
12,64,0.3,0.001,16,1,1.316810965538025,0.5230295658111572,-0.7937813997268677,0.1482716053724289,0.3633994162082672,0.4080127781147926
12,16,0.3,0.005,8,2,1.626393437385559,0.5291816592216492,-1.09721177816391,0.029692286625504494,0.3633994162082672,0.08170702896365578
12,32,0.4,0.001,8,2,1.5773651599884033,0.5295969247817993,-1.047768235206604,0.05213615670800209,0.3633994162082672,0.1434679154193314
12,16,0.3,0.0005,8,2,3.4550998210906982,0.529881477355957,-2.925218343734741,0.0038450569845736027,0.3633994162082672,0.010580801215073963
12,16,0.1,0.0005,8,1,2.1491026878356934,0.5324925184249878,-1.6166101694107056,0.025098785758018494,0.3633994162082672,0.06906666504833946
12,64,0.0,0.0005,8,2,1.3550852537155151,0.5369237065315247,-0.8181615471839905,0.12578541040420532,0.3633994162082672,0.34613542233132444
12,64,0.2,0.001,16,1,1.4678205251693726,0.5413143634796143,-0.9265061616897583,0.01921188272535801,0.3633994162082672,0.05286712600096066
12,16,0.4,0.005,8,1,1.0151535272598267,0.5444715023040771,-0.4706820249557495,0.13664615154266357,0.3633994162082672,0.3760219346757303
12,64,0.1,0.005,16,1,0.8662481904029846,0.5569767951965332,-0.3092713952064514,0.039939869195222855,0.3633994162082672,0.10990625579963229
12,8,0.2,0.0005,8,2,3.7953948974609375,0.5625781416893005,-3.232816755771637,0.008705515414476395,0.3633994162082672,0.023955777104185526
12,8,0.1,0.0001,8,1,3.348249912261963,0.5694953799247742,-2.7787545323371887,0.04515950381755829,0.3633994162082672,0.12426961025076882
12,8,0.4,0.005,4,2,1.8110859394073486,0.5733745694160461,-1.2377113699913025,0.00556945288553834,0.3633994162082672,0.015325981928233038
12,8,0.3,0.005,8,2,1.7288589477539062,0.5765239596366882,-1.152334988117218,0.009556376375257969,0.3633994162082672,0.026297170410920886
12,64,0.2,0.0001,8,2,3.7745516300201416,0.576589047908783,-3.1979625821113586,0.004115134011954069,0.3633994162082672,0.01132399731097986
12,64,0.3,0.0005,16,1,2.0300920009613037,0.5792329907417297,-1.450859010219574,0.0426180474460125,0.3633994162082672,0.1172760481860206
12,64,0.1,0.0005,4,1,1.0579729080200195,0.5820763111114502,-0.47589659690856934,0.14442342519760132,0.3633994162082672,0.3974233825263799
12,32,0.3,0.005,8,2,2.2637617588043213,0.5853044986724854,-1.678457260131836,0.030573997646570206,0.3633994162082672,0.08413331525290067
12,32,0.2,0.001,4,2,3.32832670211792,0.5884326696395874,-2.7398940324783325,0.0032284485641866922,0.3633994162082672,0.008884022428743919
12,64,0.3,0.005,16,1,0.9386086463928223,0.5968541502952576,-0.3417544960975647,0.018464872613549232,0.3633994162082672,0.05081150874212429
12,8,0.4,0.0005,16,2,3.2009787559509277,0.5985803604125977,-2.60239839553833,0.06551171094179153,0.3633994162082672,0.18027467304528147
12,16,0.4,0.0001,4,1,3.0917108058929443,0.5996871590614319,-2.4920236468315125,0.0910157784819603,0.3633994162082672,0.2504565896985327
12,16,0.0,0.0005,8,1,2.193283796310425,0.6014479994773865,-1.5918357968330383,0.006130006164312363,0.3633994162082672,0.016868508563588902
12,32,0.1,0.001,4,1,1.0749664306640625,0.6034067869186401,-0.47155964374542236,0.0571393258869648,0.3633994162082672,0.1572356017606197
12,64,0.4,0.001,4,1,1.0411453247070312,0.6042917966842651,-0.4368535280227661,0.04473753273487091,0.3633994162082672,0.1231084331440738
12,8,0.3,0.001,8,2,3.297431707382202,0.605538010597229,-2.691893696784973,0.030771076679229736,0.3633994162082672,0.08467563597183815
12,8,0.0,0.0005,4,1,2.481111764907837,0.6089172959327698,-1.8721944689750671,0.05681024119257927,0.3633994162082672,0.15633002877478716
12,64,0.0,0.0001,4,2,1.9766590595245361,0.6110316514968872,-1.365627408027649,0.04157719016075134,0.3633994162082672,0.11441182430772842
12,16,0.4,0.001,4,1,1.3657599687576294,0.6111337542533875,-0.7546262145042419,0.14360375702381134,0.3633994162082672,0.3951678253151371
12,32,0.1,0.001,16,2,3.8312795162200928,0.611833393573761,-3.219446122646332,0.01747138611972332,0.3633994162082672,0.04807763948005443
12,16,0.1,0.005,4,2,2.647902488708496,0.6179066300392151,-2.029995858669281,0.061636731028556824,0.3633994162082672,0.16961153012208557
12,32,0.1,0.005,16,2,3.7191433906555176,0.6196890473365784,-3.099454343318939,0.045468103140592575,0.3633994162082672,0.12511881173340803
12,8,0.0,0.0001,8,2,3.313476324081421,0.6258329153060913,-2.6876434087753296,0.028387252241373062,0.3633994162082672,0.07811584437192406
12,16,0.3,0.0005,4,1,2.3057217597961426,0.627874493598938,-1.6778472661972046,0.12308531999588013,0.3633994162082672,0.33870533222138943
12,64,0.4,0.0005,8,1,1.575829267501831,0.6291385293006897,-0.9466907382011414,0.04093369469046593,0.3633994162082672,0.11264105792345712
12,64,0.3,0.0001,8,2,3.8624937534332275,0.6299120187759399,-3.2325817346572876,0.026566337794065475,0.3633994162082672,0.07310506459052782
12,32,0.2,0.005,8,2,2.1226093769073486,0.6363123655319214,-1.4862970113754272,0.007066846359521151,0.3633994162082672,0.019446498932929168
12,64,0.4,0.005,8,1,0.763700008392334,0.6389450430870056,-0.12475496530532837,0.09023015946149826,0.3633994162082672,0.24829472871191022
12,16,0.3,0.005,4,1,0.6996808648109436,0.6392085552215576,-0.060472309589385986,0.14695493876934052,0.3633994162082672,0.40438958406339165
12,16,0.3,0.005,8,1,0.903522789478302,0.6429088711738586,-0.26061391830444336,0.06382060796022415,0.3633994162082672,0.17562110755744317
12,64,0.2,0.0005,16,1,2.043804407119751,0.6519740223884583,-1.3918303847312927,0.029697848483920097,0.3633994162082672,0.08172233404717419
12,64,0.2,0.0005,16,2,3.7722859382629395,0.6562764048576355,-3.116009533405304,0.025757119059562683,0.3633994162082672,0.07087826207403995
12,8,0.0,0.0005,4,2,1.8725664615631104,0.6589821577072144,-1.213584303855896,0.11640487611293793,0.3633994162082672,0.32032213295088324
12,64,0.4,0.005,16,2,1.5936167240142822,0.6593537926673889,-0.9342629313468933,0.13149310648441315,0.3633994162082672,0.36184182092646333
12,32,0.4,0.001,16,1,1.919480562210083,0.6631584763526917,-1.2563220858573914,0.0016032661078497767,0.3633994162082672,0.004411856586282823
12,8,0.2,0.001,16,2,3.2924845218658447,0.6633508801460266,-2.629133641719818,0.030146123841404915,0.3633994162082672,0.08295589507531824
12,64,0.0,0.005,8,2,0.5796059370040894,0.6667081713676453,0.08710223436355591,0.31076017022132874,0.3633994162082672,0.8551476869826051
12,8,0.3,0.0005,16,1,3.1951029300689697,0.6689454913139343,-2.5261574387550354,0.01797208935022354,0.3633994162082672,0.04945547116653481
12,8,0.3,0.0005,8,1,3.0694401264190674,0.6761603355407715,-2.393279790878296,0.08578097075223923,0.3633994162082672,0.2360514819954401
12,32,0.1,0.005,8,1,0.5838505625724792,0.678550660610199,0.09470009803771973,0.13508740067481995,0.3633994162082672,0.3717325748189982
12,64,0.2,0.0005,4,2,3.661527633666992,0.6785932183265686,-2.9829344153404236,0.010842361487448215,0.3633994162082672,0.029835935347882807
12,32,0.0,0.001,4,2,0.842734158039093,0.6816807389259338,-0.16105341911315918,0.1565994769334793,0.3633994162082672,0.4309293574751668
12,64,0.2,0.001,16,2,3.7961323261260986,0.6820632815361023,-3.1140690445899963,0.023397231474518776,0.3633994162082672,0.06438433974013219
12,64,0.4,0.001,8,1,1.3077352046966553,0.6840411424636841,-0.6236940622329712,0.10597926378250122,0.3633994162082672,0.2916330050507391
12,32,0.2,0.0001,16,2,3.995192289352417,0.6876289248466492,-3.307563364505768,0.0178836677223444,0.3633994162082672,0.04921215314252217
12,16,0.4,0.001,8,2,2.7917752265930176,0.6904271245002747,-2.101348102092743,0.003575064241886139,0.3633994162082672,0.0098378370532033
12,16,0.3,0.001,16,1,2.8915505409240723,0.6912012696266174,-2.200349271297455,0.01851915754377842,0.3633994162082672,0.05096088963765681
12,64,0.3,0.0005,8,2,3.3832972049713135,0.6983705759048462,-2.6849266290664673,0.03831671178340912,0.3633994162082672,0.10543966246068347
12,8,0.3,0.0001,16,1,3.246335506439209,0.6989176869392395,-2.5474178194999695,0.00019977612828370184,0.3633994162082672,0.0005497425680211013
12,64,0.4,0.0005,16,1,2.316957712173462,0.6998746395111084,-1.6170830726623535,0.02736443094909191,0.3633994162082672,0.07530125181436485
12,8,0.2,0.005,16,2,2.4755311012268066,0.7099577784538269,-1.7655733227729797,0.017752589657902718,0.3633994162082672,0.048851453431418175
12,64,0.0,0.0005,4,2,1.1386229991912842,0.7141221165657043,-0.42450088262557983,0.11342576891183853,0.3633994162082672,0.3121242463604655
12,8,0.0,0.001,4,2,1.2442349195480347,0.7193425893783569,-0.5248923301696777,0.1632377803325653,0.3633994162082672,0.4491965948536703
12,32,0.1,0.001,16,1,1.6889959573745728,0.7206448912620544,-0.9683510661125183,0.08077679574489594,0.3633994162082672,0.2222810278225711
12,32,0.3,0.001,8,2,3.5156514644622803,0.7223681211471558,-2.7932833433151245,0.017541011795401573,0.3633994162082672,0.04826923493280648
12,16,0.1,0.005,8,2,3.192014694213867,0.7225540280342102,-2.469460666179657,0.028111780062317848,0.3633994162082672,0.0773578019349562
12,8,0.1,0.0005,16,2,3.977574110031128,0.7227953672409058,-3.254778742790222,0.004070374183356762,0.3633994162082672,0.011200827524235749
12,64,0.0,0.005,4,1,0.6629765629768372,0.7258812189102173,0.06290465593338013,0.39903032779693604,0.3633994162082672,1.0980488960616503
12,8,0.0,0.001,8,2,1.645186424255371,0.7268933653831482,-0.9182930588722229,0.07501498609781265,0.3633994162082672,0.2064257198883912
12,16,0.3,0.0001,4,1,3.1277403831481934,0.7330433130264282,-2.394697070121765,0.1130300909280777,0.3633994162082672,0.31103542242153526
12,8,0.4,0.0001,16,1,3.2270920276641846,0.7421173453330994,-2.484974682331085,0.01374374981969595,0.3633994162082672,0.03781995569255206
12,32,0.2,0.0005,16,1,2.305436134338379,0.7446287274360657,-1.5608074069023132,0.03631153330206871,0.3633994162082672,0.0999218261849333
12,64,0.2,0.0005,8,2,3.8254194259643555,0.7470511794090271,-3.0783682465553284,0.030622974038124084,0.3633994162082672,0.084268088148424
12,16,0.0,0.0005,4,1,2.166815996170044,0.7478073835372925,-1.4190086126327515,0.14998799562454224,0.3633994162082672,0.412735928938815
12,32,0.0,0.0005,8,2,1.4878236055374146,0.748676061630249,-0.7391475439071655,0.11961241811513901,0.3633994162082672,0.3291486248469594
12,64,0.2,0.005,8,2,2.0139658451080322,0.751583993434906,-1.2623818516731262,0.06869649887084961,0.3633994162082672,0.18903855044026563
12,32,0.2,0.001,8,2,3.8418166637420654,0.7534050941467285,-3.088411569595337,0.02974378876388073,0.3633994162082672,0.08184875219181507
12,16,0.1,0.0005,4,1,2.119414806365967,0.7569305300712585,-1.3624842762947083,0.054751455783843994,0.3633994162082672,0.1506646773270144
12,8,0.4,0.001,16,2,1.8490132093429565,0.7581855058670044,-1.0908277034759521,0.052761953324079514,0.3633994162082672,0.14518997821901067
12,8,0.1,0.001,4,2,3.90669846534729,0.7589155435562134,-3.1477829217910767,0.009679697453975677,0.3633994162082672,0.026636524502362334
12,8,0.2,0.001,8,2,3.9028632640838623,0.7602631449699402,-3.142600119113922,0.020191458985209465,0.3633994162082672,0.05556271717739242
12,32,0.1,0.005,4,2,2.4623281955718994,0.7603433728218079,-1.7019848227500916,0.057750456035137177,0.3633994162082672,0.15891730547536134
12,16,0.1,0.0001,16,1,3.2519912719726562,0.7612259387969971,-2.490765333175659,0.05933433398604393,0.3633994162082672,0.16327580986547027
12,8,0.2,0.0005,8,1,3.0435495376586914,0.7657381892204285,-2.277811348438263,0.03782106563448906,0.3633994162082672,0.10407574681631711
12,8,0.4,0.001,16,1,3.0283398628234863,0.7727096676826477,-2.2556301951408386,0.0716378390789032,0.3633994162082672,0.1971325100804426
12,32,0.1,0.005,4,1,1.2039828300476074,0.7771424651145935,-0.4268403649330139,0.19118720293045044,0.3633994162082672,0.5261076226409771
12,16,0.4,0.001,16,1,2.634126663208008,0.7788763642311096,-1.8552502989768982,0.08319568634033203,0.3633994162082672,0.2289373142323704
12,16,0.3,0.0005,16,2,3.9078285694122314,0.7791823148727417,-3.1286462545394897,0.021543698385357857,0.3633994162082672,0.05928380020569704
12,16,0.2,0.0005,8,1,2.887819528579712,0.7850458025932312,-2.1027737259864807,0.009928449057042599,0.3633994162082672,0.027321037443143615
12,8,0.3,0.0001,4,1,3.186237335205078,0.7851129770278931,-2.401124358177185,0.04482182487845421,0.3633994162082672,0.1233403876817635
12,64,0.2,0.001,8,1,1.1039831638336182,0.7857022881507874,-0.3182808756828308,0.00973845086991787,0.3633994162082672,0.026798201745972763
12,64,0.4,0.001,4,2,1.2446144819259644,0.7883576154708862,-0.4562568664550781,0.05818001553416252,0.3633994162082672,0.16009936433364844
12,32,0.4,0.0001,8,1,3.051039695739746,0.7916600704193115,-2.2593796253204346,0.046065155416727066,0.3633994162082672,0.12676177605724812
12,32,0.1,0.001,8,2,3.964733600616455,0.7931968569755554,-3.1715367436408997,0.01848055049777031,0.3633994162082672,0.05085465103548475
12,16,0.3,0.005,4,2,1.8684327602386475,0.7932232618331909,-1.0752094984054565,0.08360939472913742,0.3633994162082672,0.2300757541151915
12,16,0.4,0.0001,8,1,3.1399784088134766,0.7990724444389343,-2.3409059643745422,0.03648804500699043,0.3633994162082672,0.10040754987365977
12,64,0.3,0.0005,16,2,3.695526599884033,0.8002995848655701,-2.895227015018463,0.03541211783885956,0.3633994162082672,0.09744682093425429
12,16,0.2,0.0005,16,1,2.907818555831909,0.8006718754768372,-2.107146680355072,0.0014758140314370394,0.3633994162082672,0.004061134843957036
12,8,0.1,0.005,16,2,3.9529294967651367,0.8041133284568787,-3.148816168308258,0.02538841776549816,0.3633994162082672,0.06986367240322656
12,8,0.3,0.0001,8,1,3.942861795425415,0.8049024343490601,-3.137959361076355,0.035683631896972656,0.3633994162082672,0.09819397144139073
12,16,0.3,0.0001,8,1,3.1401724815368652,0.8073489665985107,-2.3328235149383545,0.16279202699661255,0.3633994162082672,0.4479699739069341
12,8,0.0,0.0005,8,1,2.4011664390563965,0.8080100417137146,-1.5931563973426819,0.1014070063829422,0.3633994162082672,0.2790510987635297
12,32,0.3,0.0005,16,2,3.716338634490967,0.8088181614875793,-2.9075204730033875,0.008437545970082283,0.3633994162082672,0.023218380640563977
12,64,0.0,0.001,4,2,0.7858532667160034,0.8091321587562561,0.023278892040252686,0.13315318524837494,0.3633994162082672,0.3664100141868796
12,32,0.0,0.005,4,1,1.3102017641067505,0.8140844106674194,-0.49611735343933105,0.06008370220661163,0.3633994162082672,0.16533791615167914
12,8,0.1,0.0005,4,1,2.139805316925049,0.820159912109375,-1.3196454048156738,0.04960076883435249,0.3633994162082672,0.13649105260511998
12,8,0.2,0.001,4,2,3.6612963676452637,0.8226369023323059,-2.8386594653129578,0.005974737461656332,0.3633994162082672,0.01644124122156586
12,16,0.2,0.001,8,1,1.3290622234344482,0.8244823813438416,-0.5045798420906067,0.14198026061058044,0.3633994162082672,0.3907002991144333
12,8,0.2,0.005,4,2,1.939841628074646,0.8285467624664307,-1.1112948656082153,0.10576482117176056,0.3633994162082672,0.29104290335773647
12,64,0.1,0.0005,8,2,4.03500509262085,0.8329693078994751,-3.2020357847213745,0.014760584570467472,0.3633994162082672,0.040618074526592135
12,8,0.4,0.0001,8,2,4.059165954589844,0.8348087072372437,-3.2243572473526,0.01070116925984621,0.3633994162082672,0.029447403552550787
12,8,0.2,0.0001,8,2,4.085336685180664,0.8367452621459961,-3.248591423034668,0.011008587665855885,0.3633994162082672,0.030293355395889718
12,64,0.2,0.0001,4,2,3.9998066425323486,0.8383315801620483,-3.1614750623703003,0.01378269400447607,0.3633994162082672,0.037927122030865054
12,16,0.0,0.001,16,2,2.2395780086517334,0.8392018675804138,-1.4003761410713196,0.028542857617139816,0.3633994162082672,0.07854403816868454
12,8,0.3,0.0001,8,2,4.088313102722168,0.8414106369018555,-3.2469024658203125,0.015824709087610245,0.3633994162082672,0.04354632501264386
12,8,0.4,0.0005,4,2,2.17696213722229,0.8532419204711914,-1.3237202167510986,0.05193587392568588,0.3633994162082672,0.142916778644248
12,16,0.0,0.005,8,2,1.0869768857955933,0.8569202423095703,-0.23005664348602295,0.19735614955425262,0.3633994162082672,0.543083287291651
12,8,0.3,0.001,8,1,2.8186404705047607,0.8571128845214844,-1.9615275859832764,0.12792158126831055,0.3633994162082672,0.35201372253993285
12,8,0.4,0.0005,16,1,3.0271947383880615,0.8597118854522705,-2.167482852935791,0.03036242164671421,0.3633994162082672,0.08355110187990301
12,32,0.3,0.0005,4,2,3.543640613555908,0.8600262999534607,-2.6836143136024475,0.021363815292716026,0.3633994162082672,0.05878879915556124
12,32,0.4,0.0001,16,1,3.1537303924560547,0.8633365631103516,-2.290393829345703,0.03753058984875679,0.3633994162082672,0.10327641755827065
12,8,0.3,0.0001,4,2,4.052085876464844,0.8635261654853821,-3.1885597109794617,0.03314554691314697,0.3633994162082672,0.09120968673805184
12,16,0.1,0.001,4,1,1.1427109241485596,0.8674792051315308,-0.2752317190170288,0.1889057159423828,0.3633994162082672,0.5198294425275559
12,32,0.4,0.005,8,2,0.9803524613380432,0.869232177734375,-0.11112028360366821,0.14357222616672516,0.3633994162082672,0.39508105892069656
12,16,0.3,0.001,16,2,3.4255456924438477,0.8788301944732666,-2.546715497970581,0.026761140674352646,0.3633994162082672,0.07364112180911049
12,16,0.1,0.0005,16,1,2.8816187381744385,0.8824923038482666,-1.9991264343261719,0.0919293537735939,0.3633994162082672,0.25297055986713096
12,8,0.1,0.0001,4,1,3.127451181411743,0.8856865167617798,-2.2417646646499634,0.03650911524891853,0.3633994162082672,0.10046553081966113
12,32,0.2,0.001,16,2,3.900827407836914,0.8869702219963074,-3.0138571858406067,0.030226202681660652,0.3633994162082672,0.08317625547405329
12,64,0.1,0.0001,4,1,2.1048800945281982,0.8909090161323547,-1.2139710783958435,0.06003177911043167,0.3633994162082672,0.16519503453474718
12,16,0.1,0.0001,4,1,2.9081413745880127,0.8934615850448608,-2.014679789543152,0.031574733555316925,0.3633994162082672,0.08688713340480762
12,16,0.3,0.0001,8,2,4.107945919036865,0.8993397951126099,-3.2086061239242554,0.027720151469111443,0.3633994162082672,0.07628012108094526
12,64,0.3,0.001,8,1,1.2016055583953857,0.8995834589004517,-0.3020220994949341,0.07418840378522873,0.3633994162082672,0.2041511363978382
12,64,0.0,0.0001,4,1,2.169363498687744,0.9068112969398499,-1.2625522017478943,0.08208571374416351,0.3633994162082672,0.2258828993195727
12,32,0.3,0.0001,16,1,3.0993411540985107,0.9170876741409302,-2.1822534799575806,0.03786304220557213,0.3633994162082672,0.10419125765428447
12,32,0.2,0.005,4,2,2.2183375358581543,0.9277146458625793,-1.290622889995575,0.0569612979888916,0.3633994162082672,0.15674570582206607
12,16,0.1,0.0001,8,1,3.065626859664917,0.9282163381576538,-2.137410521507263,0.12211981415748596,0.3633994162082672,0.3360484599334031
12,16,0.4,0.005,8,2,1.4487730264663696,0.9357127547264099,-0.5130602717399597,0.0399944931268692,0.3633994162082672,0.11005656955691978
12,32,0.1,0.0005,16,2,4.112011909484863,0.9364078640937805,-3.1756040453910828,0.006239503622055054,0.3633994162082672,0.017169822910445026
12,8,0.3,0.0005,4,1,2.999311923980713,0.9375112652778625,-2.0618006587028503,0.0810544565320015,0.3633994162082672,0.22304509285603397
12,64,0.1,0.001,4,2,3.8857617378234863,0.9402704238891602,-2.945491313934326,0.0020614024251699448,0.3633994162082672,0.0056725529354965665
12,64,0.2,0.005,4,1,1.6570223569869995,0.9407874345779419,-0.7162349224090576,0.23277586698532104,0.3633994162082672,0.6405510207311815
12,64,0.3,0.0001,4,2,3.837209463119507,0.9469802379608154,-2.8902292251586914,0.01150693278759718,0.3633994162082672,0.031664698054997595
12,8,0.0,0.0005,16,2,2.593431234359741,0.9523553848266602,-1.641075849533081,0.016107851639389992,0.3633994162082672,0.044325474728221494
12,16,0.0,0.0001,16,1,3.1424055099487305,0.9571395516395569,-2.1852659583091736,0.2337496131658554,0.3633994162082672,0.6432305687356734
12,8,0.4,0.0005,4,1,2.899494171142578,0.9598104953765869,-1.9396836757659912,0.0188615582883358,0.3633994162082672,0.05190310563824925
12,8,0.4,0.0005,8,1,3.1286449432373047,0.9631774425506592,-2.1654675006866455,0.054269127547740936,0.3633994162082672,0.149337409823022
12,64,0.4,0.0001,16,1,3.051394462585449,0.9635691046714783,-2.087825357913971,0.02907542511820793,0.3633994162082672,0.08000955373451829
12,16,0.2,0.0001,8,1,3.152419328689575,0.9727053642272949,-2.1797139644622803,0.08232173323631287,0.3633994162082672,0.2265323761255951
12,64,0.2,0.0001,16,1,3.0539424419403076,0.9754889607429504,-2.078453481197357,0.0388263501226902,0.3633994162082672,0.10684208171770562
12,16,0.4,0.0005,8,1,2.2534842491149902,0.9837679862976074,-1.2697162628173828,0.0686359703540802,0.3633994162082672,0.1888719884864767
12,64,0.4,0.0001,8,1,2.898071527481079,0.9960488677024841,-1.902022659778595,0.04368487000465393,0.3633994162082672,0.12021172312400681
6,8,0.3,0.0001,8,1,3.23384428024292,1.0031055212020874,-2.2307387590408325,0.30872952938079834,1.2611730098724365,0.24479554110662843
12,64,0.0,0.0001,16,1,2.985517978668213,1.0044628381729126,-1.9810551404953003,0.1663089394569397,0.3633994162082672,0.45764778928986133
12,32,0.3,0.005,4,1,0.9727811217308044,1.0057590007781982,0.0329778790473938,0.028896553441882133,0.3633994162082672,0.07951733589280528
6,16,0.4,0.0001,16,1,3.39288592338562,1.0061146020889282,-2.386771321296692,0.29358014464378357,1.2611730098724365,0.23278340270973466
12,32,0.1,0.0001,4,2,4.177917003631592,1.0067203044891357,-3.171196699142456,0.0004764279874507338,0.3633994162082672,0.0013110312405611817
12,8,0.4,0.0001,8,1,3.126749038696289,1.0072695016860962,-2.119479537010193,0.07992459088563919,0.3633994162082672,0.2199359363853071
12,64,0.1,0.0001,8,1,2.882154941558838,1.012782335281372,-1.8693726062774658,0.07705101370811462,0.3633994162082672,0.21202844658384384
12,8,0.2,0.0005,4,1,3.0205752849578857,1.0132774114608765,-2.0072978734970093,0.009808751754462719,0.3633994162082672,0.0269916552338137
12,8,0.1,0.001,4,1,2.9460973739624023,1.0167763233184814,-1.929321050643921,0.16546228528022766,0.3633994162082672,0.45531797218243153
12,16,0.0,0.0001,8,1,3.0594687461853027,1.0185683965682983,-2.0409003496170044,0.0737118050456047,0.3633994162082672,0.20283963528262758
12,16,0.2,0.001,4,2,3.9594476222991943,1.019286036491394,-2.9401615858078003,0.017639804631471634,0.3633994162082672,0.04854109237578443
12,8,0.0,0.005,16,1,0.7956920266151428,1.021716833114624,0.2260248064994812,0.2716241478919983,0.3633994162082672,0.7474534514285742
12,32,0.0,0.0001,16,1,3.011442184448242,1.0259491205215454,-1.9854930639266968,0.04833468049764633,0.3633994162082672,0.1330070394773153
12,32,0.4,0.0001,4,1,2.8764796257019043,1.0275907516479492,-1.848888874053955,0.07144784182310104,0.3633994162082672,0.19660967694607878
12,8,0.2,0.0005,16,1,3.029649496078491,1.0286614894866943,-2.000988006591797,0.1002466157078743,0.3633994162082672,0.27585794372994293
12,32,0.1,0.0005,16,1,2.8380556106567383,1.0330820083618164,-1.8049736022949219,0.10176963359117508,0.3633994162082672,0.28004897380696414
12,16,0.4,0.0005,16,1,2.8697595596313477,1.034390926361084,-1.8353686332702637,0.03687933459877968,0.3633994162082672,0.10148429786591574
12,32,0.1,0.0001,16,1,3.0969107151031494,1.0346611738204956,-2.062249541282654,0.016904931515455246,0.3633994162082672,0.04651887361802169
12,32,0.1,0.0001,4,1,2.9396679401397705,1.0384689569473267,-1.9011989831924438,0.1012079045176506,0.3633994162082672,0.2785032116277466
12,8,0.0,0.0005,16,1,2.987729549407959,1.0391571521759033,-1.9485723972320557,0.014030685648322105,0.3633994162082672,0.0386095437211187
12,32,0.0,0.0001,4,1,2.8854622840881348,1.0404757261276245,-1.8449865579605103,0.09210553020238876,0.3633994162082672,0.25345536094533055
12,32,0.2,0.0001,8,1,3.0306601524353027,1.0464040040969849,-1.9842561483383179,0.09055722504854202,0.3633994162082672,0.24919474553212526
12,64,0.3,0.0001,16,1,3.0465176105499268,1.0494372844696045,-1.9970803260803223,0.07585876435041428,0.3633994162082672,0.20874762304774588
12,8,0.1,0.001,16,1,2.0615296363830566,1.0542851686477661,-1.0072444677352905,0.0025719692930579185,0.3633994162082672,0.007077527311116817
12,32,0.2,0.0001,16,1,3.0573346614837646,1.0599148273468018,-1.997419834136963,0.0061645666137337685,0.3633994162082672,0.016963611769262733
12,8,0.1,0.0001,4,2,4.252701282501221,1.0635349750518799,-3.189166307449341,0.016223587095737457,0.3633994162082672,0.04464395475649192
12,32,0.1,0.0001,16,2,4.257411956787109,1.0637441873550415,-3.193667769432068,0.008827404119074345,0.3633994162082672,0.024291189598431514
6,64,0.4,0.001,16,2,2.563539505004883,1.0674611330032349,-1.496078372001648,0.39113304018974304,1.2611730098724365,0.3101343250513305
12,32,0.0,0.0001,16,2,3.0134665966033936,1.0694547891616821,-1.9440118074417114,0.035333052277565,0.3633994162082672,0.09722924886955607
12,64,0.3,0.0001,4,1,2.2409427165985107,1.0708884000778198,-1.170054316520691,0.07176310569047928,0.3633994162082672,0.19747721787574707
6,8,0.4,0.001,4,1,2.4013731479644775,1.0720933675765991,-1.3292797803878784,0.3923977017402649,1.2611730098724365,0.31113709115924915
6,64,0.4,0.0001,4,2,2.9139840602874756,1.0743436813354492,-1.8396403789520264,0.21510262787342072,1.2611730098724365,0.17055758899818008
12,64,0.3,0.005,8,2,1.5174980163574219,1.0745244026184082,-0.44297361373901367,0.021810993552207947,0.3633994162082672,0.060019341197036724
12,32,0.3,0.001,16,1,1.5308332443237305,1.0748262405395508,-0.4560070037841797,0.13137678802013397,0.3633994162082672,0.36152173658099895
12,64,0.3,0.0001,8,1,2.7796342372894287,1.0780727863311768,-1.701561450958252,0.05139639601111412,0.3633994162082672,0.14143224705033214
9,16,0.4,0.005,16,1,1.3533402681350708,1.0795949697494507,-0.2737452983856201,0.24123777449131012,1.3029779195785522,0.1851434094672444
12,16,0.2,0.005,4,2,1.7156264781951904,1.0822064876556396,-0.6334199905395508,0.14048320055007935,0.3633994162082672,0.38658069959465
6,16,0.4,0.0005,4,2,2.9273152351379395,1.0824031829833984,-1.844912052154541,0.2499617487192154,1.2611730098724365,0.19819782596243335
12,8,0.2,0.0001,4,1,3.0799624919891357,1.0824867486953735,-1.9974757432937622,0.0898260623216629,0.3633994162082672,0.24718273699752683
12,16,0.2,0.0005,4,1,1.5805656909942627,1.0826281309127808,-0.49793756008148193,0.19219721853733063,0.3633994162082672,0.528886976602023
6,16,0.0,0.0005,8,1,2.4826276302337646,1.0851430892944336,-1.397484540939331,0.6045613288879395,1.2611730098724365,0.479364309381382
9,16,0.3,0.0001,16,1,3.1865298748016357,1.086698293685913,-2.0998315811157227,0.17236052453517914,1.3029779195785522,0.13228199952223987
12,32,0.1,0.0001,8,1,2.9821982383728027,1.0880836248397827,-1.89411461353302,0.01122269406914711,0.3633994162082672,0.03088253191555842
6,16,0.4,0.0005,8,2,2.6738812923431396,1.0891791582107544,-1.5847021341323853,0.31060683727264404,1.2611730098724365,0.24628408223235043
12,16,0.0,0.0001,4,2,2.9443726539611816,1.0914539098739624,-1.8529187440872192,0.004831377416849136,0.3633994162082672,0.01329495095853493
6,64,0.4,0.0005,16,1,2.4012932777404785,1.092142939567566,-1.3091503381729126,0.43361467123031616,1.2611730098724365,0.34381854657211136
6,32,0.3,0.001,16,1,2.305501699447632,1.0923408269882202,-1.2131608724594116,0.5500057935714722,1.2611730098724365,0.43610653674479083
12,16,0.0,0.0001,16,2,3.1063663959503174,1.092604398727417,-2.0137619972229004,0.0003801646234933287,0.3633994162082672,0.0010461343814472536
12,8,0.0,0.0001,4,2,3.0851712226867676,1.0982036590576172,-1.9869675636291504,0.0360003225505352,0.3633994162082672,0.09906543859141237
9,8,0.3,0.0001,8,1,3.244102954864502,1.0987942218780518,-2.14530873298645,0.20478393137454987,1.3029779195785522,0.15716607956087786
12,32,0.3,0.0001,8,1,3.0298960208892822,1.09965980052948,-1.9302362203598022,0.009881244041025639,0.3633994162082672,0.02719113900657071
12,8,0.1,0.001,8,1,2.9354188442230225,1.100049376487732,-1.8353694677352905,0.10283729434013367,0.3633994162082672,0.2829869552712676
6,8,0.4,0.0001,4,2,3.2722206115722656,1.1001527309417725,-2.172067880630493,0.11782565712928772,1.2611730098724365,0.09342545091510117
6,16,0.2,0.0001,16,1,3.2209887504577637,1.1008821725845337,-2.12010657787323,0.1957790106534958,1.2611730098724365,0.1552356489719822
12,32,0.0,0.0005,16,1,2.398549795150757,1.1012662649154663,-1.2972835302352905,0.05257144942879677,0.3633994162082672,0.14466575091762843
6,16,0.1,0.0001,16,1,3.588514804840088,1.1037099361419678,-2.48480486869812,0.2617703080177307,1.2611730098724365,0.2075609816960862
12,16,0.3,0.0005,16,1,2.9557063579559326,1.1041256189346313,-1.8515807390213013,0.03191157057881355,0.3633994162082672,0.08781403919626764
6,8,0.4,0.0005,4,2,3.142739772796631,1.1065998077392578,-2.036139965057373,0.17900216579437256,1.2611730098724365,0.14193307689995524
6,16,0.3,0.001,8,2,2.9376819133758545,1.106817364692688,-1.8308645486831665,0.2581869065761566,1.2611730098724365,0.20471965745783868
12,16,0.0,0.0005,16,1,2.1461355686187744,1.1070094108581543,-1.0391261577606201,0.0392967090010643,0.3633994162082672,0.10813641202588788
6,32,0.3,0.005,8,1,1.9327534437179565,1.1135700941085815,-0.819183349609375,0.2929443418979645,1.2611730098724365,0.2322792666864912
9,8,0.1,0.0001,8,1,3.2104852199554443,1.1139990091323853,-2.096486210823059,0.15899820625782013,1.3029779195785522,0.12202678485085
12,32,0.3,0.0001,4,1,2.970700979232788,1.1143689155578613,-1.8563320636749268,0.0028551961295306683,0.3633994162082672,0.007856908960729677
3,64,0.4,0.0001,16,2,3.3800947666168213,1.1147416830062866,-2.2653530836105347,0.11364219337701797,1.2289718389511108,0.09246932254689257
9,8,0.4,0.0005,4,1,2.9551448822021484,1.1157283782958984,-1.83941650390625,0.09294378012418747,1.3029779195785522,0.07133181516556328
9,8,0.0,0.0001,16,1,3.309441328048706,1.1163924932479858,-2.19304883480072,0.10866384208202362,1.3029779195785522,0.08339653377792534
3,16,0.4,0.0001,16,1,3.6208176612854004,1.1182276010513306,-2.50259006023407,0.1651449054479599,1.2289718389511108,0.13437647650975137
6,8,0.0,0.0001,8,2,3.1429426670074463,1.119681715965271,-2.0232609510421753,0.2204495370388031,1.2611730098724365,0.17479722077235132
12,32,0.1,0.001,4,2,4.211447238922119,1.1200096607208252,-3.091437578201294,0.02849118411540985,0.3633994162082672,0.07840184338403372
3,16,0.4,0.0001,8,2,3.4986188411712646,1.1214572191238403,-2.3771616220474243,0.0909738689661026,1.2289718389511108,0.07402437231087895
9,16,0.4,0.0001,8,1,3.0418529510498047,1.1216251850128174,-1.9202277660369873,0.21898317337036133,1.3029779195785522,0.16806361034973744
9,32,0.4,0.005,8,1,1.3882206678390503,1.1216890811920166,-0.2665315866470337,0.3566484749317169,1.3029779195785522,0.27371797293930716
12,64,0.3,0.005,4,2,1.3184376955032349,1.1237658262252808,-0.1946718692779541,0.03691473975777626,0.3633994162082672,0.10158172553755594
12,16,0.0,0.0001,8,2,3.081594467163086,1.1252384185791016,-1.9563560485839844,0.006209242157638073,0.3633994162082672,0.017086549621971613
9,8,0.2,0.0001,16,1,3.0998668670654297,1.1260184049606323,-1.9738484621047974,0.2758050560951233,1.3029779195785522,0.21167285488946147
3,32,0.3,0.0001,8,2,3.5649232864379883,1.1267242431640625,-2.438199043273926,0.0828232616186142,1.2289718389511108,0.06739231851667266
6,32,0.4,0.0001,4,2,3.2096540927886963,1.1287468671798706,-2.0809072256088257,0.11005532741546631,1.2611730098724365,0.0872642583959183
9,8,0.4,0.001,8,1,2.9882378578186035,1.1295512914657593,-1.8586865663528442,0.1806216984987259,1.3029779195785522,0.13862222512346786
3,32,0.4,0.0005,8,2,3.1681878566741943,1.130151629447937,-2.0380362272262573,0.26599574089050293,1.2289718389511108,0.21643762083069537
6,32,0.3,0.0001,4,2,3.2919178009033203,1.1314117908477783,-2.160506010055542,0.07543449103832245,1.2611730098724365,0.05981296019485257
3,8,0.3,0.0001,8,1,3.3867666721343994,1.1325619220733643,-2.254204750061035,0.2199631780385971,1.2289718389511108,0.1789814632582052
9,32,0.2,0.0001,16,1,2.9970767498016357,1.133551836013794,-1.8635249137878418,0.17969167232513428,1.3029779195785522,0.13790845541208824
6,8,0.2,0.0005,8,2,3.300673723220825,1.134225845336914,-2.166447877883911,0.07079822570085526,1.2611730098724365,0.05613680688267842
6,64,0.4,0.0001,16,2,3.400021553039551,1.1343106031417847,-2.265710949897766,0.06639055907726288,1.2611730098724365,0.05264191237646139
9,32,0.4,0.0001,16,1,3.091432571411133,1.13540780544281,-1.9560247659683228,0.046989716589450836,1.3029779195785522,0.03606332531302575
3,16,0.0,0.0001,16,1,3.5134105682373047,1.1359950304031372,-2.3774155378341675,0.0847843736410141,1.2289718389511108,0.06898805241410162
12,32,0.2,0.0001,4,1,2.8583035469055176,1.1365245580673218,-1.7217789888381958,0.05998744070529938,0.3633994162082672,0.16507302441817925
3,32,0.4,0.0001,16,2,3.3201773166656494,1.1375428438186646,-2.182634472846985,0.12293302267789841,1.2289718389511108,0.10002916159805411
3,16,0.4,0.0005,16,2,3.3636245727539062,1.1375516653060913,-2.226072907447815,0.07441879063844681,1.2289718389511108,0.06055369885607869
9,64,0.3,0.005,16,2,2.5589067935943604,1.1382142305374146,-1.4206925630569458,0.13827601075172424,1.3029779195785522,0.10612306522926311
3,16,0.3,0.0001,4,2,3.5548293590545654,1.1387453079223633,-2.416084051132202,0.05637539550662041,1.2289718389511108,0.045871999438762606
3,8,0.2,0.0001,8,1,3.767364263534546,1.1401946544647217,-2.627169609069824,0.4595004916191101,1.2289718389511108,0.3738901714878019
6,16,0.2,0.0005,4,2,3.23103404045105,1.1403158903121948,-2.090718150138855,0.16109783947467804,1.2611730098724365,0.12773651054503027
3,64,0.3,0.0005,16,2,3.3830111026763916,1.1406855583190918,-2.2423255443573,0.20190401375293732,1.2289718389511108,0.1642869326649959
3,32,0.3,0.0001,4,2,3.5186045169830322,1.142578125,-2.3760263919830322,0.055170707404613495,1.2289718389511108,0.04489175883126824
9,8,0.3,0.0001,4,1,3.118483543395996,1.1433920860290527,-1.9750914573669434,0.07045751065015793,1.3029779195785522,0.05407421690840884
3,32,0.4,0.0001,8,2,3.421442747116089,1.1442614793777466,-2.2771812677383423,0.06566455960273743,1.2289718389511108,0.05343048353229972
6,64,0.4,0.0001,8,2,3.482102870941162,1.145056128501892,-2.33704674243927,0.1252714991569519,1.2611730098724365,0.09932935305174562
6,32,0.3,0.0005,4,2,2.921213388442993,1.1457667350769043,-1.7754466533660889,0.18234889209270477,1.2611730098724365,0.14458673842944733
9,8,0.1,0.0005,8,1,3.0096986293792725,1.146095633506775,-1.8636029958724976,0.13806359469890594,1.3029779195785522,0.10596004170474552
3,32,0.4,0.0005,16,2,3.259537696838379,1.1466460227966309,-2.112891674041748,0.156110480427742,1.2289718389511108,0.12702527062050292
12,8,0.0,0.001,16,2,3.1220505237579346,1.1466745138168335,-1.975376009941101,0.00843661930412054,0.3633994162082672,0.02321583064757992
6,8,0.0,0.0001,16,1,3.534468173980713,1.1469646692276,-2.387503504753113,0.10253136605024338,1.2611730098724365,0.08129841445038068
6,32,0.4,0.0005,8,2,2.908893346786499,1.1481671333312988,-1.7607262134552002,0.3204961121082306,1.2611730098724365,0.25412541308717645
6,8,0.4,0.0001,8,2,3.317843437194824,1.1482586860656738,-2.1695847511291504,0.07726318389177322,1.2611730098724365,0.06126295384293717
12,16,0.2,0.005,16,2,2.4465606212615967,1.1493583917617798,-1.297202229499817,0.03587000072002411,0.3633994162082672,0.09870681987960794
6,32,0.4,0.005,8,1,1.664955735206604,1.1498517990112305,-0.5151039361953735,0.3061785399913788,1.2611730098724365,0.24277282941723255
9,16,0.2,0.0005,16,1,2.9879512786865234,1.150317907333374,-1.8376333713531494,0.26689955592155457,1.3029779195785522,0.20483812650323585
9,8,0.4,0.001,16,2,2.9186553955078125,1.150417685508728,-1.7682377099990845,0.07778147608041763,1.3029779195785522,0.05969516053317007
3,16,0.2,0.001,8,2,3.5100038051605225,1.1512067317962646,-2.358797073364258,0.11453209817409515,1.2289718389511108,0.09319342766376545
3,16,0.1,0.001,4,2,3.3195719718933105,1.1518124341964722,-2.1677595376968384,0.09600874781608582,1.2289718389511108,0.07812119429687363
9,8,0.0,0.0001,16,2,3.167384386062622,1.1541178226470947,-2.0132665634155273,0.017415165901184082,1.3029779195785522,0.013365664635987854
3,32,0.2,0.0001,16,1,3.179729700088501,1.1545015573501587,-2.0252281427383423,0.45271962881088257,1.2289718389511108,0.3683726627920658
12,64,0.1,0.0001,16,1,3.026472330093384,1.154502511024475,-1.8719698190689087,0.026207247748970985,0.3633994162082672,0.07211692308815211
9,8,0.4,0.0005,8,1,3.0571651458740234,1.1554396152496338,-1.9017255306243896,0.1871599704027176,1.3029779195785522,0.14364017040538524
3,32,0.2,0.001,4,2,3.565049409866333,1.1558465957641602,-2.409202814102173,0.22774463891983032,1.2289718389511108,0.18531314689375086
6,16,0.4,0.0001,16,2,3.4145421981811523,1.1564366817474365,-2.258105516433716,0.04620319604873657,1.2611730098724365,0.03663509739509084
6,32,0.4,0.001,8,2,2.4580230712890625,1.1564788818359375,-1.301544189453125,0.3004465401172638,1.2611730098724365,0.23822785435889796
6,16,0.3,0.0001,16,1,3.2312684059143066,1.1567925214767456,-2.074475884437561,0.20075613260269165,1.2611730098724365,0.1591820717944142
6,32,0.4,0.0001,16,2,3.5391523838043213,1.1582701206207275,-2.3808822631835938,0.09762800484895706,1.2611730098724365,0.07741047745608813
3,32,0.1,0.001,4,2,3.42681884765625,1.1582846641540527,-2.2685341835021973,0.0871129110455513,1.2289718389511108,0.07088275604419011
3,8,0.2,0.0005,4,2,3.5520987510681152,1.1589807271957397,-2.3931180238723755,0.0731867104768753,1.2289718389511108,0.059551169650346
3,8,0.4,0.0005,8,1,3.0134994983673096,1.1590564250946045,-1.854443073272705,0.43300777673721313,1.2289718389511108,0.3523333594907852
3,64,0.2,0.001,4,2,3.3734490871429443,1.1591452360153198,-2.2143038511276245,0.2114073783159256,1.2289718389511108,0.172019709171168
9,8,0.2,0.0001,8,1,3.132997512817383,1.1592546701431274,-1.9737428426742554,0.24447375535964966,1.3029779195785522,0.18762693648617207
3,32,0.2,0.0001,4,2,3.484128475189209,1.1592859029769897,-2.3248425722122192,0.03416668623685837,1.2289718389511108,0.0278010326632208
3,16,0.3,0.0005,8,2,3.349482297897339,1.159458041191101,-2.190024256706238,0.08411392569541931,1.2289718389511108,0.06844251676849482
9,16,0.4,0.0005,16,2,3.113568067550659,1.1599383354187012,-1.953629732131958,0.015156229957938194,1.3029779195785522,0.011631992937255968
9,16,0.0,0.005,4,1,0.9349024891853333,1.1609832048416138,0.22608071565628052,0.6749581098556519,1.3029779195785522,0.5180119322927336
9,32,0.4,0.0001,8,2,3.2353713512420654,1.1611943244934082,-2.0741770267486572,0.06005464494228363,1.3029779195785522,0.04609030133197367
6,8,0.3,0.001,8,1,2.5293238162994385,1.1617896556854248,-1.3675341606140137,0.35589176416397095,1.2611730098724365,0.2821910724207206
12,8,0.2,0.001,8,1,2.4459805488586426,1.162047028541565,-1.2839335203170776,0.02200453169643879,0.3633994162082672,0.06055191812368738
3,8,0.2,0.0001,16,1,3.8570826053619385,1.1631271839141846,-2.693955421447754,0.20704424381256104,1.2289718389511108,0.16846947769711862
6,16,0.0,0.001,16,1,2.551680088043213,1.1633965969085693,-1.3882834911346436,0.3507477343082428,1.2611730098724365,0.27811230621223
9,8,0.3,0.0001,4,2,3.0754740238189697,1.1635757684707642,-1.9118982553482056,0.07310520112514496,1.3029779195785522,0.05610624710262996
3,32,0.2,0.0005,4,2,3.2795863151550293,1.1638754606246948,-2.1157108545303345,0.13729092478752136,1.2289718389511108,0.11171201848261623
3,16,0.1,0.0001,16,2,3.6315207481384277,1.163978099822998,-2.4675426483154297,0.04459542781114578,1.2289718389511108,0.03628677761176903
3,16,0.1,0.001,8,2,3.4946112632751465,1.1642732620239258,-2.3303380012512207,0.04350290820002556,1.2289718389511108,0.03539780719235514
3,8,0.3,0.0005,16,2,3.645787000656128,1.1645077466964722,-2.4812792539596558,0.06582900136709213,1.2289718389511108,0.05356428787113229
9,8,0.1,0.0001,16,1,3.307067632675171,1.164778232574463,-2.142289400100708,0.05606991425156593,1.3029779195785522,0.0430321292548854
3,8,0.2,0.0001,8,2,3.628037452697754,1.1649519205093384,-2.4630855321884155,0.0598309151828289,1.2289718389511108,0.048683715351763246
3,64,0.4,0.0001,8,2,3.2593562602996826,1.1654671430587769,-2.0938891172409058,0.12010892480611801,1.2289718389511108,0.09773122621640154
12,16,0.0,0.0005,4,2,1.4761680364608765,1.1667146682739258,-0.3094533681869507,0.11248859018087387,0.3633994162082672,0.30954532441077376
3,64,0.4,0.0005,16,2,3.224397659301758,1.1667371988296509,-2.057660460472107,0.2931174039840698,1.2289718389511108,0.23850620062558667
6,16,0.4,0.0001,8,2,3.342170476913452,1.1669893264770508,-2.1751811504364014,0.0259233508259058,1.2611730098724365,0.02055495211440329
9,32,0.4,0.005,16,2,1.95529043674469,1.167004942893982,-0.788285493850708,0.2599627375602722,1.3029779195785522,0.19951430769015416
9,16,0.1,0.0001,8,1,2.9783809185028076,1.1671364307403564,-1.8112444877624512,0.1819431036710739,1.3029779195785522,0.1396363675371593
6,16,0.2,0.005,8,1,2.048391580581665,1.1674458980560303,-0.8809456825256348,0.2567979395389557,1.2611730098724365,0.20361832796035648
3,32,0.0,0.0001,16,1,3.211721181869507,1.1675283908843994,-2.0441927909851074,0.38233277201652527,1.2289718389511108,0.3110997013103525
6,64,0.4,0.0005,4,2,2.531748056411743,1.1677651405334473,-1.363982915878296,0.26877057552337646,1.2611730098724365,0.2131115821694929
6,8,0.3,0.001,4,2,3.1619882583618164,1.1687062978744507,-1.9932819604873657,0.14108681678771973,1.2611730098724365,0.11186951804652892
6,16,0.1,0.0005,16,2,3.3396289348602295,1.168790578842163,-2.1708383560180664,0.05622604861855507,1.2611730098724365,0.044582343721613696
3,8,0.3,0.0005,8,2,3.738278388977051,1.1695184707641602,-2.5687599182128906,0.1406058967113495,1.2289718389511108,0.11440937233464377
3,8,0.2,0.005,16,2,3.44451904296875,1.1695857048034668,-2.274933338165283,0.16264745593070984,1.2289718389511108,0.13234433107069757
3,8,0.3,0.0001,16,2,3.627495050430298,1.1698836088180542,-2.4576114416122437,0.02463371492922306,1.2289718389511108,0.020044165495482116
9,8,0.1,0.005,4,2,2.9673006534576416,1.169944405555725,-1.7973562479019165,0.04177744686603546,1.3029779195785522,0.032063050523180286
6,32,0.4,0.0001,16,1,3.132500648498535,1.1703518629074097,-1.9621487855911255,0.23707763850688934,1.2611730098724365,0.18798185233195638
6,64,0.3,0.0005,4,2,3.078862428665161,1.1705682277679443,-1.9082942008972168,0.20203037559986115,1.2611730098724365,0.16019243515233159
9,8,0.3,0.0005,8,1,3.089709520339966,1.1712700128555298,-1.918439507484436,0.20866931974887848,1.3029779195785522,0.16014800912080882
6,8,0.4,0.0005,4,1,2.7378458976745605,1.1714186668395996,-1.566427230834961,0.38080790638923645,1.2611730098724365,0.3019473961211348
6,32,0.4,0.0005,4,2,2.8290469646453857,1.1718642711639404,-1.6571826934814453,0.27784448862075806,1.2611730098724365,0.22030640240934202
9,16,0.4,0.005,4,1,0.9518781900405884,1.1722705364227295,0.2203923463821411,0.29225271940231323,1.3029779195785522,0.22429598768399872
6,8,0.2,0.0001,4,2,3.3384556770324707,1.1729704141616821,-2.1654852628707886,0.01398023497313261,1.2611730098724365,0.011085104790298885
9,16,0.3,0.001,16,1,2.4516751766204834,1.1738250255584717,-1.2778501510620117,0.16362853348255157,1.3029779195785522,0.12558043465193727
6,32,0.3,0.001,8,1,2.2530477046966553,1.1739379167556763,-1.079109787940979,0.5503638982772827,1.2611730098724365,0.43639048248657825
6,16,0.1,0.0001,4,2,3.418327808380127,1.1739619970321655,-2.2443658113479614,0.012096562422811985,1.2611730098724365,0.009591517046527592
3,32,0.4,0.001,16,2,3.2316343784332275,1.1746488809585571,-2.0569854974746704,0.26687392592430115,1.2289718389511108,0.21715218971337027
6,8,0.4,0.005,8,1,1.6795645952224731,1.1752890348434448,-0.5042755603790283,0.4977065324783325,1.2611730098724365,0.3946377924220515
6,32,0.0,0.0001,16,1,3.0466341972351074,1.1755677461624146,-1.8710664510726929,0.2740130126476288,1.2611730098724365,0.21726837674344482
12,8,0.1,0.0005,8,1,2.2336230278015137,1.1755706071853638,-1.05805242061615,0.06297177821397781,0.3633994162082672,0.1732853037328166
6,64,0.4,0.0005,8,2,2.5484683513641357,1.1759922504425049,-1.3724761009216309,0.3403591811656952,1.2611730098724365,0.2698750912851532
6,32,0.3,0.0001,8,2,3.448552131652832,1.176783561706543,-2.271768569946289,0.020492389798164368,1.2611730098724365,0.016248674557535214
12,16,0.0,0.0001,4,1,3.032254695892334,1.1771504878997803,-1.8551042079925537,0.013157234527170658,0.3633994162082672,0.036205986967326714
9,16,0.3,0.0001,8,1,2.9979374408721924,1.1777747869491577,-1.8201626539230347,0.07410304993391037,1.3029779195785522,0.05687206883588555
3,8,0.1,0.0001,16,2,3.645143985748291,1.1786482334136963,-2.4664957523345947,0.055808503180742264,1.2289718389511108,0.04541072578878055
6,8,0.3,0.005,8,1,1.6264792680740356,1.1791683435440063,-0.4473109245300293,0.44410932064056396,1.2611730098724365,0.35213988656915846
9,16,0.4,0.0001,8,2,3.234797716140747,1.1795344352722168,-2.0552632808685303,0.025287697091698647,1.3029779195785522,0.019407617513486294
6,16,0.1,0.001,4,2,3.175626516342163,1.1795696020126343,-1.9960569143295288,0.07528161257505417,1.2611730098724365,0.05969174093145924
6,8,0.4,0.0005,16,2,2.955578088760376,1.180630087852478,-1.774948000907898,0.20574694871902466,1.2611730098724365,0.1631393528948382
3,64,0.1,0.005,8,2,3.3170320987701416,1.180864930152893,-2.1361671686172485,0.15967148542404175,1.2289718389511108,0.12992281870373562
6,8,0.4,0.0001,16,1,3.4402732849121094,1.1810270547866821,-2.2592462301254272,0.1450445055961609,1.2611730098724365,0.1150076194627981
9,8,0.3,0.001,16,1,2.863220691680908,1.181058406829834,-1.6821622848510742,0.11252522468566895,1.3029779195785522,0.0863600395638824
3,32,0.4,0.0005,4,2,3.0339064598083496,1.1813398599624634,-1.8525665998458862,0.34215760231018066,1.2289718389511108,0.27840963597847895
3,64,0.1,0.001,4,2,3.4730191230773926,1.1816034317016602,-2.2914156913757324,0.1544385701417923,1.2289718389511108,0.1256648567908609
12,16,0.2,0.0001,4,1,3.0131983757019043,1.1818134784698486,-1.8313848972320557,0.03246285393834114,0.3633994162082672,0.08933105693195834
9,16,0.0,0.005,8,1,0.6787118315696716,1.182396411895752,0.5036845803260803,0.3225399851799011,1.3029779195785522,0.24754063774482576
9,32,0.3,0.005,8,1,1.7679582834243774,1.1828069686889648,-0.5851513147354126,0.4328485429286957,1.3029779195785522,0.33219944591900713
9,8,0.1,0.0005,16,1,3.0002760887145996,1.18305504322052,-1.8172210454940796,0.34905388951301575,1.3029779195785522,0.26788933585760005
9,16,0.1,0.005,16,1,1.8664257526397705,1.1830735206604004,-0.6833522319793701,0.444541335105896,1.3029779195785522,0.34117334486349754
9,32,0.1,0.005,8,2,2.830671548843384,1.183303952217102,-1.6473675966262817,0.1127672791481018,1.3029779195785522,0.0865458097590605
3,64,0.3,0.0001,4,2,3.6609702110290527,1.1839210987091064,-2.4770491123199463,0.08439997583627701,1.2289718389511108,0.06867527241983816
3,64,0.2,0.001,8,2,3.3803985118865967,1.1842795610427856,-2.196118950843811,0.15572179853916168,1.2289718389511108,0.12670900471736227
3,64,0.3,0.0005,8,2,3.556046485900879,1.1849159002304077,-2.371130585670471,0.1868307739496231,1.2289718389511108,0.1520220138722441
9,64,0.4,0.0001,8,2,3.037647247314453,1.1849457025527954,-1.8527015447616577,0.0480477549135685,1.3029779195785522,0.03687534085697287
9,32,0.0,0.0001,16,1,2.9555890560150146,1.1862651109695435,-1.7693239450454712,0.23622199892997742,1.3029779195785522,0.18129393858522433
3,16,0.2,0.0005,8,2,3.658824920654297,1.1866706609725952,-2.4721542596817017,0.09082309156656265,1.2289718389511108,0.0739016865057521
9,64,0.2,0.005,16,2,2.5788304805755615,1.1871309280395508,-1.3916995525360107,0.10145910084247589,1.3029779195785522,0.07786709146636407
9,8,0.4,0.0005,16,2,3.272745370864868,1.1873571872711182,-2.08538818359375,0.03590996563434601,1.3029779195785522,0.027559918778946826
6,16,0.4,0.001,16,2,2.908559799194336,1.187598466873169,-1.720961332321167,0.15031090378761292,1.2611730098724365,0.1191834130694062
9,8,0.4,0.001,16,1,2.940438985824585,1.1883959770202637,-1.7520430088043213,0.1828201413154602,1.3029779195785522,0.14030946999822785
9,8,0.2,0.0001,4,2,3.281998872756958,1.1886323690414429,-2.093366503715515,0.0057719191536307335,1.3029779195785522,0.004429790456846466
3,64,0.2,0.001,16,2,3.392302989959717,1.18903648853302,-2.2032665014266968,0.15719671547412872,1.2289718389511108,0.1279091273631552
6,8,0.1,0.001,4,1,2.1888461112976074,1.189164161682129,-0.9996819496154785,0.8021582365036011,1.2611730098724365,0.6360413918029666
6,32,0.3,0.001,4,1,1.812554121017456,1.1896954774856567,-0.6228586435317993,0.5752853751182556,1.2611730098724365,0.4561510360711286
6,32,0.3,0.0005,16,2,3.0784950256347656,1.1897329092025757,-1.88876211643219,0.11505312472581863,1.2611730098724365,0.09122707497320759
3,16,0.3,0.001,8,2,3.1386876106262207,1.1898499727249146,-1.9488376379013062,0.19638682901859283,1.2289718389511108,0.15979766402638068
3,16,0.2,0.0001,8,2,3.6548633575439453,1.1902482509613037,-2.4646151065826416,0.02056078426539898,1.2289718389511108,0.016730069488774427
6,8,0.3,0.001,8,2,3.189267873764038,1.1904628276824951,-1.998805046081543,0.060952089726924896,1.2611730098724365,0.04832968137582488
9,16,0.3,0.0005,16,1,2.9074437618255615,1.1907786130905151,-1.7166651487350464,0.2669164836406708,1.3029779195785522,0.20485111806576495
6,8,0.1,0.0001,8,2,3.3446033000946045,1.190810203552246,-2.1537930965423584,0.01521750632673502,1.2611730098724365,0.012066152865318787
3,32,0.3,0.001,16,2,3.5634753704071045,1.1915388107299805,-2.371936559677124,0.18939806520938873,1.2289718389511108,0.15411098871967163
3,16,0.3,0.0001,8,2,3.729060411453247,1.1916290521621704,-2.5374313592910767,0.09084686636924744,1.2289718389511108,0.07392103178440802
3,8,0.1,0.0001,4,2,3.379229784011841,1.1925578117370605,-2.1866719722747803,0.027365494519472122,1.2289718389511108,0.0222669825720561
9,64,0.4,0.0001,8,1,2.780447483062744,1.193056583404541,-1.5873908996582031,0.0886082872748375,1.3029779195785522,0.0680044427026805
6,32,0.1,0.0005,8,1,2.202286720275879,1.1935063600540161,-1.0087803602218628,0.49726036190986633,1.2611730098724365,0.3942840181460612
12,64,0.2,0.0001,8,1,2.657519817352295,1.1937825679779053,-1.4637372493743896,0.028960110619664192,0.3633994162082672,0.07969223209502052
9,16,0.4,0.0001,16,2,3.2540981769561768,1.194001317024231,-2.060096859931946,0.06246597319841385,1.3029779195785522,0.04794092997264178
3,8,0.2,0.0005,8,2,3.327289581298828,1.1941310167312622,-2.133158564567566,0.06232759729027748,1.2289718389511108,0.050715236358444264
9,32,0.0,0.0005,16,1,2.231806516647339,1.1941931247711182,-1.0376133918762207,0.07839051634073257,1.3029779195785522,0.060162582314585926
6,8,0.2,0.0001,4,1,3.040233850479126,1.1944010257720947,-1.8458328247070312,0.40195783972740173,1.2611730098724365,0.31871744525206613
3,16,0.3,0.001,16,2,3.6053736209869385,1.1946295499801636,-2.410744071006775,0.17608018219470978,1.2289718389511108,0.14327438319903954
9,16,0.3,0.0001,4,1,2.965005397796631,1.1951279640197754,-1.7698774337768555,0.14315472543239594,1.3029779195785522,0.10986734562524228
3,16,0.3,0.0001,16,2,3.729841470718384,1.1955680847167969,-2.534273386001587,0.08733466267585754,1.2289718389511108,0.07106319275012433
3,32,0.4,0.0001,4,2,3.1908788681030273,1.1960505247116089,-1.9948283433914185,0.137007474899292,1.2289718389511108,0.1114813786264001
6,16,0.4,0.0005,16,2,3.549733877182007,1.1963192224502563,-2.3534146547317505,0.09352312237024307,1.2611730098724365,0.07415566432055394
9,16,0.2,0.005,16,2,2.936034917831421,1.1964830160140991,-1.7395519018173218,0.05727749317884445,1.3029779195785522,0.04395891313136821
9,16,0.1,0.005,8,1,1.2351950407028198,1.1974235773086548,-0.03777146339416504,0.45590755343437195,1.3029779195785522,0.34989660729004146
6,32,0.1,0.0001,16,1,3.037869453430176,1.1976534128189087,-1.840216040611267,0.2239823341369629,1.2611730098724365,0.17759842018789948
9,64,0.4,0.001,4,1,1.6924490928649902,1.1976697444915771,-0.4947793483734131,0.2908029854297638,1.3029779195785522,0.22318335641775414
12,16,0.1,0.0005,16,2,4.329193115234375,1.1980825662612915,-3.1311105489730835,0.011151550337672234,0.3633994162082672,0.030686759087365147
3,32,0.2,0.001,16,2,3.6290407180786133,1.1982828378677368,-2.4307578802108765,0.09800200909376144,1.2289718389511108,0.07974308766700716
9,32,0.4,0.0001,8,1,2.9034717082977295,1.1982978582382202,-1.7051738500595093,0.1305779069662094,1.3029779195785522,0.10021498062564621
6,8,0.0,0.001,4,1,2.334822177886963,1.198305606842041,-1.1365165710449219,0.470213919878006,1.2611730098724365,0.372838552837066
6,32,0.1,0.0005,16,1,2.509422540664673,1.1993190050125122,-1.3101035356521606,0.2389969676733017,1.2611730098724365,0.18950371265673965
9,16,0.2,0.0001,8,1,3.0745065212249756,1.199552297592163,-1.8749542236328125,0.09868909418582916,1.3029779195785522,0.07574118694025922
6,8,0.3,0.0001,4,2,3.5224547386169434,1.1999107599258423,-2.322543978691101,0.012399028055369854,1.2611730098724365,0.009831345864770746
6,8,0.3,0.0005,8,2,3.526660680770874,1.2004284858703613,-2.3262321949005127,0.05685582384467125,1.2611730098724365,0.04508170044839607
9,16,0.0,0.0001,16,2,3.056962013244629,1.2010382413864136,-1.8559237718582153,0.044118426740169525,1.3029779195785522,0.033859688700204234
6,16,0.4,0.0005,16,1,3.1098105907440186,1.2010681629180908,-1.9087424278259277,0.14139729738235474,1.2611730098724365,0.11211570202938026
3,32,0.3,0.0005,4,2,3.235565185546875,1.2012284994125366,-2.0343366861343384,0.21895332634449005,1.2289718389511108,0.17815975875522086
9,8,0.3,0.0005,16,2,3.3019280433654785,1.201590895652771,-2.1003371477127075,0.05316279083490372,1.3029779195785522,0.040800991356859835
6,32,0.3,0.001,4,2,2.7278852462768555,1.201637864112854,-1.5262473821640015,0.21068915724754333,1.2611730098724365,0.1670580924252842
6,32,0.3,0.0001,16,1,3.083263874053955,1.2018489837646484,-1.8814148902893066,0.18691390752792358,1.2611730098724365,0.14820639679470252
9,16,0.0,0.0001,16,1,3.1036455631256104,1.2019147872924805,-1.9017307758331299,0.0688016414642334,1.3029779195785522,0.05280338249053926
12,32,0.0,0.0001,8,1,3.002962589263916,1.2020002603530884,-1.8009623289108276,0.030698416754603386,0.3633994162082672,0.08447569089381769
12,8,0.3,0.001,4,2,1.8193343877792358,1.2021523714065552,-0.6171820163726807,0.1954113394021988,0.3633994162082672,0.5377315721668825
3,32,0.3,0.0001,16,1,3.0900237560272217,1.2022850513458252,-1.8877387046813965,0.25874316692352295,1.2289718389511108,0.2105362862865533
3,64,0.2,0.0005,4,2,3.3689770698547363,1.2027121782302856,-2.1662648916244507,0.15149232745170593,1.2289718389511108,0.12326753360028161
9,8,0.2,0.0001,4,1,3.046131134033203,1.2028207778930664,-1.8433103561401367,0.09746552258729935,1.3029779195785522,0.07480212912496978
6,32,0.3,0.0005,8,2,3.146235466003418,1.2029660940170288,-1.9432693719863892,0.14843076467514038,1.2611730098724365,0.11769262703310918
9,64,0.4,0.005,16,2,1.962182641029358,1.2032185792922974,-0.7589640617370605,0.2229728400707245,1.3029779195785522,0.17112557067954381
3,8,0.3,0.0005,16,1,3.061549425125122,1.203847050666809,-1.857702374458313,0.30503880977630615,1.2289718389511108,0.2482065089763548
3,8,0.4,0.0001,8,1,3.286269426345825,1.2042759656906128,-2.0819934606552124,0.45957595109939575,1.2289718389511108,0.37395157198364243
9,32,0.3,0.0001,16,1,2.958871364593506,1.2044130563735962,-1.7544583082199097,0.11483675241470337,1.3029779195785522,0.08813407402317859
6,32,0.4,0.0005,8,1,2.2680671215057373,1.2045170068740845,-1.0635501146316528,0.4046858549118042,1.2611730098724365,0.3208805229289967
3,32,0.1,0.001,8,2,3.2841737270355225,1.2049472332000732,-2.079226493835449,0.06992238014936447,1.2289718389511108,0.05689502227247212
3,64,0.2,0.0001,4,2,3.6818947792053223,1.2050299644470215,-2.476864814758301,0.06184643507003784,1.2289718389511108,0.05032372029193268
12,32,0.0,0.005,4,2,3.1125504970550537,1.20602548122406,-1.9065250158309937,0.012381563894450665,0.3633994162082672,0.03407150188528285
3,64,0.1,0.005,16,2,3.5643365383148193,1.2060309648513794,-2.35830557346344,0.16202333569526672,1.2289718389511108,0.13183649174056633
6,16,0.3,0.005,16,2,3.024526596069336,1.2061601877212524,-1.8183664083480835,0.17124921083450317,1.2611730098724365,0.13578566104251188
6,64,0.4,0.0005,8,1,2.2542853355407715,1.2062996625900269,-1.0479856729507446,0.5446364283561707,1.2611730098724365,0.43184909928516374
6,8,0.4,0.0001,8,1,3.0667805671691895,1.207477331161499,-1.8593032360076904,0.21594582498073578,1.2611730098724365,0.1712261706287054
12,32,0.2,0.0005,4,2,4.24572229385376,1.2077463865280151,-3.0379759073257446,0.008683093823492527,0.3633994162082672,0.023894077525199363
6,64,0.4,0.005,8,1,1.196702480316162,1.2079535722732544,0.011251091957092285,0.3631788492202759,1.2611730098724365,0.2879690941506988
9,16,0.2,0.0005,4,2,2.842552661895752,1.2079576253890991,-1.6345950365066528,0.12630392611026764,1.3029779195785522,0.09693481693927752
9,8,0.4,0.0005,16,1,3.033776044845581,1.2082886695861816,-1.8254873752593994,0.0933271273970604,1.3029779195785522,0.07162602373741454
9,32,0.2,0.005,16,1,0.8591681718826294,1.2093067169189453,0.3501385450363159,0.2943789064884186,1.3029779195785522,0.22592777825708307
9,16,0.1,0.0001,16,1,3.380530595779419,1.2101233005523682,-2.170407295227051,0.06729854643344879,1.3029779195785522,0.05164979806811806
12,32,0.0,0.0001,8,2,2.9850986003875732,1.2105181217193604,-1.774580478668213,0.0488908514380455,0.3633994162082672,0.13453750682424254
6,64,0.3,0.001,8,2,3.109403610229492,1.2106853723526,-1.898718237876892,0.12295109033584595,1.2611730098724365,0.0974894716057094
6,32,0.2,0.0005,4,2,3.4017534255981445,1.2108089923858643,-2.1909444332122803,0.09158612787723541,1.2611730098724365,0.07261979693531424
6,32,0.1,0.001,8,1,1.9352731704711914,1.2110846042633057,-0.7241885662078857,0.5856869220733643,1.2611730098724365,0.464398553956213
12,64,0.0,0.0001,16,2,3.0120418071746826,1.2114367485046387,-1.800605058670044,0.03728090971708298,0.3633994162082672,0.10258934949889127
6,64,0.2,0.0005,16,1,2.390073776245117,1.211571216583252,-1.1785025596618652,0.3631914258003235,1.2611730098724365,0.28797906627977954
6,8,0.0,0.001,8,1,2.1393752098083496,1.2119436264038086,-0.927431583404541,0.6082095503807068,1.2611730098724365,0.48225703025647937
6,32,0.4,0.0001,8,1,2.964348554611206,1.212110161781311,-1.752238392829895,0.3210372030735016,1.2611730098724365,0.25455445094402507
6,8,0.2,0.005,4,2,2.2231194972991943,1.212430715560913,-1.0106887817382812,0.12871761620044708,1.2611730098724365,0.10206182275774078
9,16,0.2,0.0001,4,1,2.9590091705322266,1.2126874923706055,-1.746321678161621,0.20212866365909576,1.3029779195785522,0.15512823404135215
9,32,0.1,0.0001,8,1,2.9132792949676514,1.2130470275878906,-1.7002322673797607,0.09609371423721313,1.3029779195785522,0.07374930364767394
6,64,0.4,0.0005,16,2,3.138890504837036,1.213060975074768,-1.925829529762268,0.2231823354959488,1.2611730098724365,0.1769640911666219
12,64,0.0,0.0001,8,2,2.626018762588501,1.213762879371643,-1.412255883216858,0.02933167666196823,0.3633994162082672,0.08071470496022483
6,8,0.3,0.0001,16,2,3.228841543197632,1.214120864868164,-2.0147206783294678,0.015337131917476654,1.2611730098724365,0.012161005506316658
9,32,0.2,0.005,8,2,2.2860960960388184,1.2142059803009033,-1.071890115737915,0.24627763032913208,1.3029779195785522,0.18901136130441143
6,32,0.1,0.001,4,1,1.8621355295181274,1.2143841981887817,-0.6477513313293457,0.463773638010025,1.2611730098724365,0.36773197204476665
9,64,0.3,0.0001,8,1,2.7875382900238037,1.2152783870697021,-1.5722599029541016,0.08785566687583923,1.3029779195785522,0.0674268270825772
9,64,0.3,0.0001,4,1,2.5687525272369385,1.2157634496688843,-1.3529890775680542,0.07672688364982605,1.3029779195785522,0.05888578961847898
6,8,0.2,0.001,16,2,3.604671001434326,1.2168372869491577,-2.3878337144851685,0.0459684319794178,1.2611730098724365,0.03644895000097358
6,8,0.4,0.005,16,1,2.02530837059021,1.2168779373168945,-0.8084304332733154,0.629551887512207,1.2611730098724365,0.4991796387839636
6,16,0.4,0.001,4,2,2.6249911785125732,1.2168844938278198,-1.4081066846847534,0.28309646248817444,1.2611730098724365,0.22447075878733616
9,16,0.4,0.001,16,1,2.51940655708313,1.2187198400497437,-1.3006867170333862,0.09610717743635178,1.3029779195785522,0.07375963628565373
12,8,0.4,0.001,8,1,2.2960007190704346,1.218955397605896,-1.0770453214645386,0.2396390587091446,0.3633994162082672,0.6594371042462145
9,32,0.2,0.0001,8,2,3.2613420486450195,1.2197890281677246,-2.041553020477295,0.01970134675502777,1.3029779195785522,0.015120246060194301
9,8,0.2,0.001,8,1,2.325082302093506,1.219829797744751,-1.1052525043487549,0.1462709903717041,1.3029779195785522,0.11225899393522755
9,16,0.1,0.0001,4,1,2.8750364780426025,1.220252513885498,-1.6547839641571045,0.15632760524749756,1.3029779195785522,0.11997717144589962
9,16,0.0,0.0001,8,1,2.9422037601470947,1.2202731370925903,-1.7219306230545044,0.1608240306377411,1.3029779195785522,0.12342805524268559
3,32,0.2,0.001,8,2,3.2692649364471436,1.2203795909881592,-2.0488853454589844,0.1633424460887909,1.2289718389511108,0.1329098364273331
9,16,0.4,0.0005,4,1,2.202172040939331,1.2203930616378784,-0.9817789793014526,0.09487701207399368,1.3029779195785522,0.07281551793654463
3,16,0.4,0.001,16,2,3.150165319442749,1.2204265594482422,-1.9297387599945068,0.19689683616161346,1.2289718389511108,0.16021265086892372
9,64,0.4,0.0001,16,1,2.9238500595092773,1.220521092414856,-1.7033289670944214,0.13092109560966492,1.3029779195785522,0.10047836854519476
9,16,0.4,0.0001,4,1,2.9545037746429443,1.2210427522659302,-1.7334610223770142,0.2175825536251068,1.3029779195785522,0.16698867291280256
6,32,0.0,0.001,16,1,2.0868430137634277,1.2210878133773804,-0.8657552003860474,0.5844731330871582,1.2611730098724365,0.46343612534673234
9,8,0.4,0.0001,4,2,3.370572328567505,1.2212364673614502,-2.1493358612060547,0.041119709610939026,1.3029779195785522,0.031558255127024086
6,32,0.3,0.0001,16,2,3.642312526702881,1.2216107845306396,-2.420701742172241,0.07442095130681992,1.2611730098724365,0.05900931174728148
3,16,0.3,0.0005,4,2,3.1616153717041016,1.2219524383544922,-1.9396629333496094,0.16046562790870667,1.2289718389511108,0.13056900314791514
9,32,0.4,0.0005,8,1,2.32621431350708,1.2223628759384155,-1.1038514375686646,0.10375622659921646,1.3029779195785522,0.0796300728048994
3,64,0.3,0.0001,8,2,3.7750890254974365,1.2225667238235474,-2.552522301673889,0.0631391704082489,1.2289718389511108,0.051375603904916335
6,8,0.4,0.0005,16,1,3.0198473930358887,1.223162293434143,-1.7966850996017456,0.15461204946041107,1.2611730098724365,0.12259384576906666
6,16,0.3,0.001,4,1,2.055481433868408,1.2236294746398926,-0.8318519592285156,0.435921311378479,1.2611730098724365,0.34564751066356153
9,16,0.2,0.0005,8,2,3.0858590602874756,1.2240077257156372,-1.8618513345718384,0.030470537021756172,1.3029779195785522,0.023385305739955942
6,16,0.2,0.005,16,2,2.8342514038085938,1.2242971658706665,-1.6099542379379272,0.14413727819919586,1.2611730098724365,0.11428826740732016
9,8,0.1,0.0001,4,2,3.0375630855560303,1.2243891954421997,-1.8131738901138306,0.009387166239321232,1.3029779195785522,0.007204393948868687
3,16,0.2,0.001,16,2,3.7075462341308594,1.224490761756897,-2.4830554723739624,0.10624724626541138,1.2289718389511108,0.08645214064147319
3,16,0.4,0.0001,16,2,3.2883665561676025,1.2247267961502075,-2.063639760017395,0.06483961641788483,1.2289718389511108,0.05275923691890566
6,16,0.4,0.001,8,1,2.1899030208587646,1.2255101203918457,-0.964392900466919,0.5225146412849426,1.2611730098724365,0.4143084550610493
6,32,0.0,0.0005,8,1,2.244155168533325,1.22593355178833,-1.0182216167449951,0.4818603992462158,1.2611730098724365,0.3820731933479566
3,8,0.1,0.001,8,2,3.7743940353393555,1.2262141704559326,-2.548179864883423,0.06454882770776749,1.2289718389511108,0.052522625549221616
9,32,0.0,0.005,4,2,0.9477663636207581,1.2265976667404175,0.2788313031196594,0.5870780348777771,1.3029779195785522,0.4505663726578477
9,64,0.2,0.0005,4,1,1.393373966217041,1.228451132774353,-0.164922833442688,0.29678216576576233,1.3029779195785522,0.2277722141767041
6,64,0.0,0.001,4,1,1.774519920349121,1.2285200357437134,-0.5459998846054077,0.5307196974754333,1.2611730098724365,0.42081434769137177
9,64,0.3,0.0001,16,1,2.9117963314056396,1.2285385131835938,-1.683257818222046,0.04097243398427963,1.3029779195785522,0.03144522510215073
12,32,0.0,0.0001,4,2,2.5579168796539307,1.2287184000015259,-1.3291984796524048,0.05812657251954079,0.3633994162082672,0.15995230021566123
9,16,0.3,0.0001,4,2,3.3572185039520264,1.2290031909942627,-2.1282153129577637,0.03068704344332218,1.3029779195785522,0.023551468510876913
9,16,0.1,0.0005,16,1,2.754258871078491,1.2290321588516235,-1.5252267122268677,0.2270255833864212,1.3029779195785522,0.17423594059049946
3,16,0.3,0.001,4,2,3.1740097999572754,1.229575753211975,-1.9444340467453003,0.24179208278656006,1.2289718389511108,0.19674338754004492
6,8,0.1,0.0005,4,1,2.2626726627349854,1.2295770645141602,-1.0330955982208252,0.5343801379203796,1.2611730098724365,0.42371675712789825
6,16,0.2,0.001,4,2,3.377232074737549,1.2296037673950195,-2.1476283073425293,0.15481087565422058,1.2611730098724365,0.12275149756802929
12,8,0.4,0.0001,4,1,3.0924882888793945,1.2296991348266602,-1.8627891540527344,0.008191324770450592,0.3633994162082672,0.022540830846453745
9,32,0.0,0.005,16,1,0.8836880922317505,1.2298996448516846,0.3462115526199341,0.32229459285736084,1.3029779195785522,0.24735230583309264
12,8,0.4,0.005,16,2,1.3183743953704834,1.2301993370056152,-0.08817505836486816,0.30580875277519226,0.3633994162082672,0.8415224107017573
9,32,0.4,0.0005,4,1,2.1740942001342773,1.2304078340530396,-0.9436863660812378,0.0926385372877121,1.3029779195785522,0.07109754961747625
9,8,0.0,0.0001,8,1,3.3141837120056152,1.231644868850708,-2.0825388431549072,0.20364774763584137,1.3029779195785522,0.15629408954352134
3,8,0.3,0.0005,4,2,3.255925178527832,1.232377529144287,-2.023547649383545,0.048597339540719986,1.2289718389511108,0.03954308634296804
9,64,0.1,0.001,4,1,1.0526279211044312,1.2324270009994507,0.17979907989501953,0.2640773057937622,1.3029779195785522,0.20267212653855096
6,16,0.3,0.001,16,1,2.318833112716675,1.2326006889343262,-1.0862324237823486,0.2662791609764099,1.2611730098724365,0.21113610812472364
3,64,0.4,0.0001,4,2,3.175340175628662,1.2329070568084717,-1.9424331188201904,0.10665920376777649,1.2289718389511108,0.08678734563910495
6,8,0.4,0.0001,4,1,3.1605513095855713,1.2342878580093384,-1.926263451576233,0.20739753544330597,1.2611730098724365,0.16444812394477387
6,8,0.1,0.005,16,2,2.835881233215332,1.2342944145202637,-1.6015868186950684,0.10044298321008682,1.2611730098724365,0.07964250933362925
9,32,0.4,0.0005,16,1,2.37069034576416,1.2345149517059326,-1.1361753940582275,0.09073274582624435,1.3029779195785522,0.06963490667254886
9,64,0.0,0.0001,16,1,2.861362934112549,1.23464035987854,-1.6267225742340088,0.16701410710811615,1.3029779195785522,0.12817877003022185
6,8,0.0,0.001,8,2,2.203974485397339,1.234828233718872,-0.9691462516784668,0.539987325668335,1.2611730098724365,0.42816276707582956
12,16,0.1,0.001,8,2,4.353073596954346,1.2348380088806152,-3.1182355880737305,0.01589484140276909,0.3633994162082672,0.04373931463241433
9,8,0.3,0.001,8,1,2.1368281841278076,1.2350594997406006,-0.901768684387207,0.24974608421325684,1.3029779195785522,0.19167330501965615
9,32,0.3,0.005,16,2,2.360783576965332,1.2356634140014648,-1.1251201629638672,0.25890687108039856,1.3029779195785522,0.198703958977403
9,32,0.2,0.001,8,2,2.9699556827545166,1.237820029258728,-1.7321356534957886,0.06702262908220291,1.3029779195785522,0.051438039029764494
9,32,0.3,0.0005,16,1,2.6729235649108887,1.2379368543624878,-1.4349867105484009,0.0794961079955101,1.3029779195785522,0.061011093742266244
9,32,0.4,0.001,16,1,2.168743371963501,1.2379646301269531,-0.9307787418365479,0.14747409522533417,1.3029779195785522,0.1131823440822655
6,64,0.2,0.001,8,2,3.3531486988067627,1.238369345664978,-2.1147793531417847,0.07388558983802795,1.2611730098724365,0.058584816880517636
3,32,0.3,0.0005,8,2,3.0889015197753906,1.2390434741973877,-1.849858045578003,0.21545858681201935,1.2289718389511108,0.1753161301042557
6,16,0.0,0.0005,4,1,2.1853926181793213,1.2391451597213745,-0.9462474584579468,0.5823553204536438,1.2611730098724365,0.4617568849753192
9,32,0.4,0.005,16,1,1.3529390096664429,1.2391469478607178,-0.1137920618057251,0.32255804538726807,1.3029779195785522,0.24755449846118602
9,64,0.2,0.0001,16,1,2.851924419403076,1.2392970323562622,-1.612627387046814,0.09446723759174347,1.3029779195785522,0.07250102720259363
9,32,0.1,0.0001,16,1,2.962897777557373,1.2405691146850586,-1.7223286628723145,0.07851574569940567,1.3029779195785522,0.060258692430338004
9,32,0.2,0.0001,4,1,2.8501522541046143,1.2405778169631958,-1.6095744371414185,0.07024428248405457,1.3029779195785522,0.053910570109104425
9,16,0.2,0.001,4,2,2.7795908451080322,1.2406567335128784,-1.5389341115951538,0.10295307636260986,1.3029779195785522,0.07901367691319743
3,32,0.3,0.0001,16,2,3.837589979171753,1.240687608718872,-2.596902370452881,0.09630108624696732,1.2289718389511108,0.07835906665620368
9,32,0.1,0.005,4,2,2.8519322872161865,1.240991234779358,-1.6109410524368286,0.10094179213047028,1.3029779195785522,0.07747007114527303
9,8,0.0,0.0001,4,1,2.9738500118255615,1.2409956455230713,-1.7328543663024902,0.04949470981955528,1.3029779195785522,0.037985839265460716
9,32,0.3,0.0001,8,1,2.9744269847869873,1.2411173582077026,-1.7333096265792847,0.17634889483451843,1.3029779195785522,0.13534296489963424
9,8,0.0,0.0001,8,2,3.0281479358673096,1.2416911125183105,-1.786456823348999,0.01189805194735527,1.3029779195785522,0.009131430217331458
9,32,0.3,0.0001,4,1,2.75177264213562,1.2420328855514526,-1.5097397565841675,0.11563919484615326,1.3029779195785522,0.08874992669373608
9,16,0.2,0.001,8,1,2.27040433883667,1.2436285018920898,-1.02677583694458,0.10580892860889435,1.3029779195785522,0.08120546558695194
9,8,0.4,0.0001,4,1,2.9750406742095947,1.243629813194275,-1.7314108610153198,0.05436127260327339,1.3029779195785522,0.04172079341210673
6,16,0.3,0.005,8,1,2.069274425506592,1.2437244653701782,-0.8255499601364136,0.36042869091033936,1.2611730098724365,0.28578845891000754
9,64,0.2,0.0005,16,1,2.1417455673217773,1.244551658630371,-0.8971939086914062,0.14816759526729584,1.3029779195785522,0.1137145864415113
9,64,0.3,0.001,16,1,1.8605929613113403,1.2445734739303589,-0.6160194873809814,0.45816347002983093,1.3029779195785522,0.35162796172173333
9,8,0.4,0.001,8,2,2.730611562728882,1.2453981637954712,-1.4852133989334106,0.07910074293613434,1.3029779195785522,0.06070766184719342
12,64,0.0,0.0001,8,1,2.770838737487793,1.2460346221923828,-1.5248041152954102,0.0794481560587883,0.3633994162082672,0.21862488632413185
6,16,0.4,0.0005,8,1,2.7277886867523193,1.2460873126983643,-1.481701374053955,0.27997130155563354,1.2611730098724365,0.22199277923332003
9,8,0.0,0.0005,16,2,2.9056928157806396,1.2463868856430054,-1.6593059301376343,0.10771280527114868,1.3029779195785522,0.08266663897573057
9,32,0.2,0.0001,8,1,2.950188636779785,1.24649977684021,-1.7036888599395752,0.22184129059314728,1.3029779195785522,0.1702571373311543
6,16,0.2,0.0005,8,1,2.777430534362793,1.2466012239456177,-1.5308293104171753,0.2889677882194519,1.2611730098724365,0.2291262070766009
3,16,0.4,0.001,8,2,2.933762550354004,1.2479236125946045,-1.6858389377593994,0.3263300955295563,1.2289718389511108,0.2655309789751316
3,8,0.2,0.001,8,2,3.170525312423706,1.2484194040298462,-1.9221059083938599,0.15551362931728363,1.2289718389511108,0.12653961985818135
3,64,0.1,0.0005,4,2,3.7810215950012207,1.2488020658493042,-2.5322195291519165,0.06643446534872055,1.2289718389511108,0.05405694682590961
9,64,0.4,0.0001,16,2,3.3548994064331055,1.2491213083267212,-2.1057780981063843,0.026721185073256493,1.3029779195785522,0.02050778042493571
6,32,0.4,0.0005,16,2,2.681525468826294,1.2495514154434204,-1.4319740533828735,0.28972333669662476,1.2611730098724365,0.22972529100185018
9,16,0.3,0.001,8,2,2.647749900817871,1.2504358291625977,-1.3973140716552734,0.16943898797035217,1.3029779195785522,0.13003979992627746
9,32,0.4,0.0001,4,2,3.1221935749053955,1.2505948543548584,-1.871598720550537,0.13019435107707977,1.3029779195785522,0.09992061194651027
9,32,0.2,0.005,16,2,2.471611499786377,1.2510610818862915,-1.2205504179000854,0.10597500205039978,1.3029779195785522,0.08133292242179925
9,8,0.0,0.0005,8,1,2.942061185836792,1.251073956489563,-1.690987229347229,0.1999007612466812,1.3029779195785522,0.15341837973074712
6,16,0.0,0.005,8,1,1.1345629692077637,1.2512049674987793,0.11664199829101562,0.41016456484794617,1.2611730098724365,0.325224661198096
6,16,0.3,0.0005,16,2,3.3875386714935303,1.251381516456604,-2.1361571550369263,0.05062732845544815,1.2611730098724365,0.040143047828599614
9,64,0.3,0.001,8,1,1.6741501092910767,1.2514748573303223,-0.4226752519607544,0.3845803737640381,1.3029779195785522,0.29515494313858404
9,16,0.1,0.001,8,1,2.1075665950775146,1.2516900300979614,-0.8558765649795532,0.1368824690580368,1.3029779195785522,0.10505356000377304
12,64,0.1,0.0005,16,2,4.363570690155029,1.2518038749694824,-3.111766815185547,0.004384621046483517,0.3633994162082672,0.012065569868639122
6,64,0.2,0.005,8,1,1.7479830980300903,1.2518056631088257,-0.49617743492126465,0.3451801538467407,1.2611730098724365,0.27369770138171173
9,8,0.1,0.005,16,2,3.2465262413024902,1.2518668174743652,-1.994659423828125,0.11031418293714523,1.3029779195785522,0.08466312535275065
6,32,0.4,0.001,4,2,2.4136953353881836,1.253117561340332,-1.1605777740478516,0.3463693857192993,1.2611730098724365,0.27464065834578355
9,64,0.1,0.0005,16,1,2.2356982231140137,1.253127932548523,-0.9825702905654907,0.11851286143064499,1.3029779195785522,0.0909553873859796
6,64,0.0,0.0005,16,1,2.280790090560913,1.2537928819656372,-1.0269972085952759,0.544758677482605,1.2611730098724365,0.4319460321607307
9,32,0.0,0.0005,8,1,2.268601417541504,1.2538955211639404,-1.0147058963775635,0.1328645646572113,1.3029779195785522,0.10196992800936051
9,32,0.2,0.0005,8,1,2.208996295928955,1.2544137239456177,-0.9545825719833374,0.10301053524017334,1.3029779195785522,0.07905777503389472
6,64,0.2,0.001,4,2,3.1773521900177,1.2548483610153198,-1.9225038290023804,0.13252495229244232,1.2611730098724365,0.10508070760715596
6,8,0.1,0.001,4,2,3.4764041900634766,1.2549129724502563,-2.22149121761322,0.08634950965642929,1.2611730098724365,0.06846761624336002
9,16,0.4,0.005,8,1,1.559949517250061,1.254920244216919,-0.3050292730331421,0.31948983669281006,1.3029779195785522,0.2451997320078524
9,8,0.2,0.0005,8,1,2.8287601470947266,1.255255937576294,-1.5735042095184326,0.19202366471290588,1.3029779195785522,0.14737292307686678
6,8,0.1,0.0001,4,2,3.6347994804382324,1.2553116083145142,-2.3794878721237183,0.019659878686070442,1.2611730098724365,0.01558856598751584
6,64,0.1,0.005,4,2,2.8918001651763916,1.2559161186218262,-1.6358840465545654,0.16829848289489746,1.2611730098724365,0.1334459916105565
9,16,0.1,0.001,16,1,2.5153322219848633,1.2567263841629028,-1.2586058378219604,0.14093971252441406,1.3029779195785522,0.10816738365758413
12,64,0.1,0.0001,16,2,4.384344577789307,1.2569639682769775,-3.127380609512329,0.008562806993722916,0.3633994162082672,0.023563073059026326
9,32,0.1,0.001,16,1,2.1353530883789062,1.2578167915344238,-0.8775362968444824,0.15367665886878967,1.3029779195785522,0.11794264243441388
6,8,0.1,0.005,8,2,2.8892645835876465,1.2584024667739868,-1.6308621168136597,0.08593922108411789,1.2611730098724365,0.06814229325507874
6,64,0.3,0.0005,8,2,3.255887269973755,1.2584302425384521,-1.9974570274353027,0.13843931257724762,1.2611730098724365,0.10977027853716145
6,16,0.1,0.0005,16,1,2.99916410446167,1.2584421634674072,-1.7407219409942627,0.2103709876537323,1.2611730098724365,0.16680581173792375
9,32,0.4,0.0001,4,1,2.786849021911621,1.2584441900253296,-1.5284048318862915,0.06418146193027496,1.3029779195785522,0.04925752076522865
6,8,0.2,0.005,8,2,2.5159921646118164,1.2584768533706665,-1.25751531124115,0.18991385400295258,1.2611730098724365,0.1505850922247073
9,32,0.4,0.0001,16,2,3.363055467605591,1.258517861366272,-2.104537606239319,0.026936959475278854,1.3029779195785522,0.020673381390830938
3,32,0.3,0.001,4,2,3.2429192066192627,1.2588708400726318,-1.9840483665466309,0.325846403837204,1.2289718389511108,0.26513740470676994
9,32,0.1,0.0001,4,1,2.7033748626708984,1.2590768337249756,-1.4442980289459229,0.13036197423934937,1.3029779195785522,0.10004925814975814
6,16,0.1,0.0005,4,1,2.186893939971924,1.2611078023910522,-0.9257861375808716,0.6683079600334167,1.2611730098724365,0.5299098179249918
9,64,0.2,0.001,4,1,1.4296399354934692,1.2615129947662354,-0.1681269407272339,0.22162429988384247,1.3029779195785522,0.17009060288260816
3,64,0.2,0.0005,8,2,3.770879030227661,1.2616180181503296,-2.5092610120773315,0.09549491107463837,1.2289718389511108,0.07770309135491689
9,8,0.2,0.005,4,1,1.0945041179656982,1.2617900371551514,0.16728591918945312,0.43520158529281616,1.3029779195785522,0.3340053417279565
6,32,0.4,0.001,4,1,2.021606206893921,1.2617971897125244,-0.7598090171813965,0.4366852343082428,1.2611730098724365,0.3462532347979855
6,64,0.3,0.005,16,2,2.895561695098877,1.2621203660964966,-1.6334413290023804,0.21270273625850677,1.2611730098724365,0.16865468464157898
6,16,0.0,0.0001,16,1,3.108248710632324,1.2623494863510132,-1.845899224281311,0.06926099210977554,1.2611730098724365,0.05491791496297646
6,8,0.2,0.001,8,2,2.9766805171966553,1.2626675367355347,-1.7140129804611206,0.16049979627132416,1.2611730098724365,0.12726231453966666
9,8,0.0,0.0001,4,2,2.9815402030944824,1.2627489566802979,-1.7187912464141846,0.0363573282957077,1.3029779195785522,0.02790325741472846
9,64,0.2,0.0001,8,1,2.87166166305542,1.262831211090088,-1.608830451965332,0.1555868536233902,1.3029779195785522,0.11940866478667168
9,64,0.1,0.001,8,1,1.2762651443481445,1.2632964849472046,-0.012968659400939941,0.3645281195640564,1.3029779195785522,0.27976538518930766
12,16,0.1,0.0001,8,2,4.38330078125,1.2641338109970093,-3.1191669702529907,0.017334239557385445,0.3633994162082672,0.04770024051841362
6,16,0.2,0.0005,4,1,2.2146077156066895,1.2646187543869019,-0.9499889612197876,0.4442165195941925,1.2611730098724365,0.35222488597272117
6,64,0.0,0.001,8,1,1.5476293563842773,1.265223503112793,-0.2824058532714844,0.5403395295143127,1.2611730098724365,0.4284420339513659
6,64,0.2,0.0005,4,2,3.387263774871826,1.2654181718826294,-2.1218456029891968,0.10869403183460236,1.2611730098724365,0.0861848699454775
9,8,0.1,0.0001,4,1,2.9481256008148193,1.265615701675415,-1.6825098991394043,0.3452361524105072,1.3029779195785522,0.2649593268028469
6,8,0.2,0.001,4,1,2.1421334743499756,1.2663054466247559,-0.8758280277252197,0.6937483549118042,1.2611730098724365,0.5500818281719925
6,32,0.4,0.001,8,1,2.14540958404541,1.2663497924804688,-0.8790597915649414,0.4273536205291748,1.2611730098724365,0.3388540804345315
6,16,0.3,0.0001,8,1,3.0528042316436768,1.266569972038269,-1.7862342596054077,0.26264962553977966,1.2611730098724365,0.20825820365942163
6,8,0.2,0.005,16,2,2.8141531944274902,1.2668476104736328,-1.5473055839538574,0.18109796941280365,1.2611730098724365,0.14359486604547705
6,32,0.3,0.0005,16,1,2.5295755863189697,1.2675530910491943,-1.2620224952697754,0.17266356945037842,1.2611730098724365,0.13690712384325665
9,64,0.0,0.0005,8,2,1.8084535598754883,1.2677611112594604,-0.5406924486160278,0.34792760014533997,1.3029779195785522,0.2670249395000316
9,32,0.3,0.0005,4,2,2.7190725803375244,1.2679599523544312,-1.4511126279830933,0.18540248274803162,1.3029779195785522,0.14229134658552003
6,16,0.2,0.005,4,1,1.480210542678833,1.2684630155563354,-0.21174752712249756,0.32910826802253723,1.2611730098724365,0.2609541002275536
9,64,0.0,0.0001,16,2,2.921261787414551,1.2684890031814575,-1.6527727842330933,0.056968849152326584,1.3029779195785522,0.04372203726272901
9,16,0.0,0.0001,4,1,2.9731359481811523,1.269783616065979,-1.7033523321151733,0.07324515283107758,1.3029779195785522,0.056213656218187254
6,16,0.3,0.0001,4,2,3.69754695892334,1.2704849243164062,-2.4270620346069336,0.07732024043798447,1.2611730098724365,0.06130819469868385
9,16,0.4,0.001,16,2,2.4570395946502686,1.2704862356185913,-1.1865533590316772,0.1862766444683075,1.3029779195785522,0.14296224185330678
9,32,0.2,0.0005,16,1,2.5594942569732666,1.2705358266830444,-1.2889584302902222,0.10372726619243622,1.3029779195785522,0.07960784648291412
6,64,0.4,0.0001,16,1,3.049814224243164,1.2707973718643188,-1.7790168523788452,0.08887876570224762,1.2611730098724365,0.07047309529026269
6,8,0.0,0.005,4,1,1.4066016674041748,1.27094304561615,-0.1356586217880249,0.275499552488327,1.2611730098724365,0.21844707294853455
9,64,0.3,0.005,8,1,0.8291071057319641,1.271120309829712,0.4420132040977478,0.5058732628822327,1.3029779195785522,0.38824392591845086
6,16,0.2,0.005,16,1,1.5052961111068726,1.2712180614471436,-0.234078049659729,0.4762294590473175,1.2611730098724365,0.3776083497818325
3,32,0.1,0.005,8,2,3.2222418785095215,1.2712434530258179,-1.9509984254837036,0.2714364230632782,1.2289718389511108,0.22086464023043906
9,32,0.4,0.001,8,2,2.2152178287506104,1.271592140197754,-0.9436256885528564,0.34868425130844116,1.3029779195785522,0.2676056486215998
9,64,0.4,0.0005,8,1,1.9152895212173462,1.2716007232666016,-0.6436887979507446,0.4455567002296448,1.3029779195785522,0.34195260989054976
6,16,0.3,0.001,4,2,3.3879735469818115,1.2720506191253662,-2.1159229278564453,0.11876755952835083,1.2611730098724365,0.09417229721746406
6,64,0.1,0.001,4,2,3.4698739051818848,1.272495150566101,-2.1973787546157837,0.0777442455291748,1.2611730098724365,0.06164439368793531
9,32,0.1,0.0005,4,1,1.8119868040084839,1.272617220878601,-0.5393695831298828,0.30991703271865845,1.3029779195785522,0.23785286616284412
9,8,0.4,0.0005,4,2,2.416473388671875,1.2727415561676025,-1.1437318325042725,0.12904109060764313,1.3029779195785522,0.09903551600427843
9,32,0.3,0.0005,8,1,2.0582950115203857,1.2729014158248901,-0.7853935956954956,0.16915681958198547,1.3029779195785522,0.12982324338750054
12,8,0.0,0.0005,8,2,1.8902117013931274,1.2731335163116455,-0.6170781850814819,0.01969893090426922,0.3633994162082672,0.054207381810926186
9,64,0.1,0.005,8,1,0.6393765807151794,1.273500680923462,0.6341241002082825,0.4465709626674652,1.3029779195785522,0.34273102863624
9,32,0.0,0.0001,8,1,2.9557888507843018,1.273777961730957,-1.6820108890533447,0.03797297179698944,1.3029779195785522,0.029143219717239557
9,8,0.0,0.001,16,1,2.818310499191284,1.27431058883667,-1.5439999103546143,0.22293062508106232,1.3029779195785522,0.17109317182686345
9,16,0.3,0.001,4,2,2.4718379974365234,1.2743278741836548,-1.1975101232528687,0.45280033349990845,1.3029779195785522,0.34751190077447097
3,8,0.1,0.0001,8,1,3.223358154296875,1.2744355201721191,-1.9489226341247559,0.23300345242023468,1.2289718389511108,0.18959218188359456
9,8,0.0,0.0005,16,1,2.8943400382995605,1.274510383605957,-1.6198296546936035,0.19842331111431122,1.3029779195785522,0.15228447706810808
6,8,0.0,0.0005,4,1,2.5224668979644775,1.274773359298706,-1.2476935386657715,0.5379143953323364,1.2611730098724365,0.42651911444469043
6,16,0.1,0.005,16,2,3.3749897480010986,1.2748353481292725,-2.100154399871826,0.10883671790361404,1.2611730098724365,0.08629800753080065
6,8,0.2,0.001,16,1,2.2664551734924316,1.2751351594924927,-0.991320013999939,0.44524675607681274,1.2611730098724365,0.35304177348502563
6,64,0.3,0.001,16,2,3.1893255710601807,1.275299072265625,-1.9140264987945557,0.19950392842292786,1.2611730098724365,0.15818918329302575
9,64,0.0,0.001,8,1,1.395969033241272,1.2758510112762451,-0.12011802196502686,0.4151991307735443,1.3029779195785522,0.3186540036747824
6,32,0.4,0.0005,4,1,2.0750842094421387,1.2764225006103516,-0.7986617088317871,0.4981709122657776,1.2611730098724365,0.39500600501763505
12,8,0.1,0.001,8,2,4.313379764556885,1.2764594554901123,-3.0369203090667725,0.001954349223524332,0.3633994162082672,0.005377964675662215
6,32,0.2,0.0005,16,1,2.9177815914154053,1.276584267616272,-1.6411973237991333,0.17974494397640228,1.2611730098724365,0.1425220350969792
9,64,0.3,0.0005,16,1,2.1565194129943848,1.2768852710723877,-0.8796341419219971,0.2274608165025711,1.3029779195785522,0.17456997013129988
6,32,0.4,0.0001,8,2,3.0624501705169678,1.2769955396652222,-1.7854546308517456,0.03963055461645126,1.2611730098724365,0.03142356703340786
9,64,0.4,0.001,8,1,1.5124084949493408,1.27708101272583,-0.23532748222351074,0.23580709099769592,1.3029779195785522,0.1809755080684465
9,64,0.4,0.0005,8,2,2.434321880340576,1.2774161100387573,-1.1569057703018188,0.2964128255844116,1.3029779195785522,0.22748875566539628
9,32,0.0,0.0001,16,2,2.963214635848999,1.2777243852615356,-1.6854902505874634,0.03489542379975319,1.3029779195785522,0.02678128560385743
6,32,0.0,0.0005,16,2,2.512605667114258,1.277797818183899,-1.2348078489303589,0.25787782669067383,1.2611730098724365,0.20447458411495606
6,16,0.2,0.001,16,1,2.786482095718384,1.2786951065063477,-1.5077869892120361,0.1834249496459961,1.2611730098724365,0.14543995804711118
6,32,0.0,0.005,16,2,1.8715565204620361,1.2790369987487793,-0.5925195217132568,0.2574452757835388,1.2611730098724365,0.2041316090403636
6,8,0.4,0.001,16,1,3.0807244777679443,1.2791599035263062,-1.8015645742416382,0.13254694640636444,1.2611730098724365,0.10509814701772846
6,64,0.4,0.001,8,1,1.7045589685440063,1.2798157930374146,-0.4247431755065918,0.5428745150566101,1.2611730098724365,0.4304520559883533
9,64,0.1,0.0001,8,1,2.8522932529449463,1.2800630331039429,-1.5722302198410034,0.15895408391952515,1.3029779195785522,0.12199292216013821
6,8,0.2,0.0005,8,1,2.9189682006835938,1.2804688215255737,-1.63849937915802,0.2426358312368393,1.2611730098724365,0.19238901351162052
3,8,0.4,0.0005,16,1,3.0857653617858887,1.2816563844680786,-1.80410897731781,0.19780384004116058,1.2289718389511108,0.1609506693090543
9,16,0.0,0.0001,4,2,2.8924782276153564,1.2817392349243164,-1.61073899269104,0.05121252313256264,1.3029779195785522,0.039304214110648404
9,64,0.1,0.0001,16,1,2.8542237281799316,1.2826998233795166,-1.571523904800415,0.12509123980998993,1.3029779195785522,0.09600411329337849
9,16,0.0,0.0005,8,1,2.5259876251220703,1.284123182296753,-1.2418644428253174,0.16119438409805298,1.3029779195785522,0.12371229141794762
9,32,0.1,0.0005,16,1,2.832352876663208,1.2842918634414673,-1.5480610132217407,0.1378428339958191,1.3029779195785522,0.10579061388884035
6,16,0.4,0.0001,8,1,3.062387466430664,1.284375786781311,-1.778011679649353,0.1314883977174759,1.2611730098724365,0.10425881039967348
6,64,0.1,0.0001,16,1,3.0277395248413086,1.2849795818328857,-1.7427599430084229,0.10204234719276428,1.2611730098724365,0.08091066522513475
9,16,0.0,0.0001,8,2,3.002530336380005,1.2853004932403564,-1.7172298431396484,0.014295329339802265,1.3029779195785522,0.010971275203516944
9,16,0.4,0.0005,8,2,3.1254897117614746,1.2858564853668213,-1.8396332263946533,0.06033827364444733,1.3029779195785522,0.04630797862174343
6,32,0.2,0.001,4,2,3.418499231338501,1.285963773727417,-2.132535457611084,0.09461691975593567,1.2611730098724365,0.07502295007526831
9,64,0.0,0.0005,16,2,2.053995132446289,1.2860183715820312,-0.7679767608642578,0.351365864276886,1.3029779195785522,0.26966371340393486
9,32,0.0,0.001,4,1,1.09921133518219,1.2868891954421997,0.18767786026000977,0.5228597521781921,1.3029779195785522,0.4012805929568714
6,64,0.3,0.001,4,2,2.3655760288238525,1.2869594097137451,-1.0786166191101074,0.1983277052640915,1.2611730098724365,0.1572565411022804
3,8,0.1,0.005,16,2,3.7210354804992676,1.2870975732803345,-2.433937907218933,0.12651412189006805,1.2289718389511108,0.10294306010953344
3,32,0.2,0.005,8,2,2.818652391433716,1.2876428365707397,-1.531009554862976,0.8175387978553772,1.2289718389511108,0.6652217503642077
9,32,0.2,0.001,16,1,2.0820202827453613,1.2880560159683228,-0.7939642667770386,0.23975588381290436,1.3029779195785522,0.1840060988066884
9,64,0.4,0.001,16,1,1.7437375783920288,1.2883622646331787,-0.4553753137588501,0.36900508403778076,1.3029779195785522,0.283201333263679
6,64,0.1,0.005,16,2,3.4222323894500732,1.288638710975647,-2.1335936784744263,0.10331450402736664,1.2611730098724365,0.0819193744384179
6,16,0.3,0.0005,8,1,2.8951404094696045,1.2887588739395142,-1.6063815355300903,0.27643677592277527,1.2611730098724365,0.2191902092407892
9,8,0.3,0.0005,4,1,2.7445945739746094,1.2889553308486938,-1.4556392431259155,0.23367847502231598,1.3029779195785522,0.17934185338911898
12,8,0.0,0.001,16,1,2.7431607246398926,1.289287805557251,-1.4538729190826416,0.08315488696098328,0.3633994162082672,0.22882504278247526
6,16,0.4,0.001,16,1,2.4064955711364746,1.290002703666687,-1.1164928674697876,0.33530953526496887,1.2611730098724365,0.26587116330604343
6,32,0.2,0.001,16,2,3.4986319541931152,1.2901736497879028,-2.2084583044052124,0.06274145096540451,1.2611730098724365,0.0497484884898945
9,64,0.0,0.0001,8,1,2.7861557006835938,1.2902816534042358,-1.495874047279358,0.06221363693475723,1.3029779195785522,0.047747268775575426
6,16,0.4,0.005,16,2,2.343435049057007,1.2904129028320312,-1.0530221462249756,0.2797132730484009,1.2611730098724365,0.2217881851727012
3,32,0.1,0.001,16,2,3.8692429065704346,1.2904771566390991,-2.5787657499313354,0.07801459729671478,1.2289718389511108,0.0634795646442947
6,64,0.3,0.0005,16,2,3.483718156814575,1.290816307067871,-2.192901849746704,0.11005350202322006,1.2611730098724365,0.08726281101936333
6,16,0.3,0.0005,4,2,2.7021970748901367,1.2909717559814453,-1.4112253189086914,0.2563711702823639,1.2611730098724365,0.20327993722946464
6,32,0.0,0.005,16,1,1.4646645784378052,1.2910813093185425,-0.1735832691192627,0.40719953179359436,1.2611730098724365,0.3228736490600772
9,32,0.3,0.001,4,1,1.7217193841934204,1.2913753986358643,-0.43034398555755615,0.3307403028011322,1.3029779195785522,0.253834157763863
9,32,0.3,0.0001,16,2,3.4271011352539062,1.291724681854248,-2.135376453399658,0.010216574184596539,1.3029779195785522,0.007840941915501597
6,16,0.4,0.0005,4,1,2.447627544403076,1.2918788194656372,-1.155748724937439,0.4104752540588379,1.2611730098724365,0.3254710105954108
9,64,0.0,0.001,16,2,1.2588931322097778,1.2923592329025269,0.03346610069274902,0.4300138056278229,1.3029779195785522,0.3300238623897101
9,32,0.3,0.001,16,1,1.9303853511810303,1.292535662651062,-0.6378496885299683,0.4149097204208374,1.3029779195785522,0.3184318891259798
3,64,0.2,0.0001,8,2,3.8594610691070557,1.2926851511001587,-2.566775918006897,0.019142718985676765,1.2289718389511108,0.015576206369394502
9,16,0.2,0.005,8,1,1.0910453796386719,1.29270601272583,0.2016606330871582,0.45177122950553894,1.3029779195785522,0.3467220915390985
3,16,0.2,0.0001,16,1,3.216421365737915,1.2936698198318481,-1.922751545906067,0.19952431321144104,1.2289718389511108,0.16235059818923828
3,64,0.3,0.0005,4,2,3.1347756385803223,1.2939809560775757,-1.8407946825027466,0.27082422375679016,1.2289718389511108,0.22036650082066175
9,8,0.0,0.001,8,2,2.740791082382202,1.294026494026184,-1.446764588356018,0.0477050356566906,1.3029779195785522,0.03661231317881486
9,8,0.1,0.001,8,2,3.314798355102539,1.2941935062408447,-2.0206048488616943,0.03378584608435631,1.3029779195785522,0.025929714983416088
6,64,0.4,0.001,4,2,2.0685949325561523,1.2945733070373535,-0.7740216255187988,0.24530646204948425,1.2611730098724365,0.1945065903957905
3,16,0.3,0.001,16,1,2.933504343032837,1.295000433921814,-1.638503909111023,0.3179498016834259,1.2289718389511108,0.2587120319655055
6,8,0.4,0.001,16,2,3.009369134902954,1.2957407236099243,-1.7136284112930298,0.11200737953186035,1.2611730098724365,0.08881206516082162
9,64,0.2,0.001,4,2,3.0385446548461914,1.2961875200271606,-1.7423571348190308,0.08891931176185608,1.3029779195785522,0.06824314550980035
6,16,0.4,0.005,8,1,1.4404900074005127,1.2962727546691895,-0.14421725273132324,0.43137916922569275,1.2611730098724365,0.342045988812689
6,16,0.3,0.001,8,1,2.1932637691497803,1.296602487564087,-0.8966612815856934,0.49310025572776794,1.2611730098724365,0.3909854174389947
9,16,0.4,0.0005,16,1,2.862841844558716,1.296884298324585,-1.5659575462341309,0.21667617559432983,1.3029779195785522,0.16629305250576593
6,64,0.2,0.0001,16,1,3.0273568630218506,1.2970839738845825,-1.730272889137268,0.1222866103053093,1.2611730098724365,0.09696259700140442
6,64,0.1,0.0005,4,2,3.558560371398926,1.2976253032684326,-2.260935068130493,0.04620470851659775,1.2611730098724365,0.03663629664995067
6,64,0.1,0.0005,8,2,3.639572858810425,1.2977796792984009,-2.341793179512024,0.03748448193073273,1.2611730098724365,0.029721918909860083
6,8,0.0,0.001,4,2,2.0431032180786133,1.2979862689971924,-0.7451169490814209,0.5911340713500977,1.2611730098724365,0.4687176673800599
9,16,0.2,0.0005,8,1,2.22976016998291,1.2984592914581299,-0.9313008785247803,0.10588608682155609,1.3029779195785522,0.08126468240981774
6,64,0.3,0.005,8,1,1.511965274810791,1.2984960079193115,-0.2134692668914795,0.41657668352127075,1.2611730098724365,0.33030891103783305
6,8,0.3,0.001,16,2,3.6936776638031006,1.2987513542175293,-2.3949263095855713,0.04191666468977928,1.2611730098724365,0.03323625256935923
9,32,0.0,0.0001,8,2,2.8820908069610596,1.2990351915359497,-1.5830556154251099,0.05113792046904564,1.3029779195785522,0.03924695860202004
9,8,0.1,0.005,4,1,0.721734344959259,1.3006774187088013,0.5789430737495422,0.43771135807037354,1.3029779195785522,0.335931523852646
9,16,0.0,0.0005,16,1,2.843390703201294,1.3012189865112305,-1.5421717166900635,0.16077853739261627,1.3029779195785522,0.1233931404183887
9,8,0.2,0.0005,16,1,2.9554622173309326,1.3015649318695068,-1.6538972854614258,0.0386514812707901,1.3029779195785522,0.029663957224456965
9,16,0.4,0.0001,4,2,3.4450371265411377,1.3020001649856567,-2.143036961555481,0.04383118450641632,1.3029779195785522,0.033639238123538966
6,16,0.4,0.0001,4,1,2.9685027599334717,1.3020305633544922,-1.6664721965789795,0.21889850497245789,1.2611730098724365,0.1735673878674257
6,32,0.4,0.0005,16,1,2.861661672592163,1.3020330667495728,-1.5596286058425903,0.09071779996156693,1.2611730098724365,0.07193128876960563
9,32,0.1,0.005,8,1,0.9321731328964233,1.302757978439331,0.3705848455429077,0.29903602600097656,1.3029779195785522,0.22950199040801833
6,8,0.1,0.0001,8,1,3.0920403003692627,1.3032175302505493,-1.7888227701187134,0.2928997576236725,1.2611730098724365,0.23224391525259355
6,32,0.3,0.001,16,2,2.4481449127197266,1.3032628297805786,-1.144882082939148,0.30194416642189026,1.2611730098724365,0.23941534116118685
6,64,0.1,0.005,8,2,3.08608341217041,1.3039768934249878,-1.7821065187454224,0.2159309685230255,1.2611730098724365,0.1712143907558458
9,64,0.2,0.0001,4,1,2.189387559890747,1.3044395446777344,-0.8849480152130127,0.14713335037231445,1.3029779195785522,0.11292083170519474
9,32,0.2,0.005,8,1,2.1602237224578857,1.3050110340118408,-0.8552126884460449,0.2834745943546295,1.3029779195785522,0.21755901623131058
6,32,0.0,0.0001,16,2,3.0183353424072266,1.305106282234192,-1.7132290601730347,0.09459401667118073,1.2611730098724365,0.07500478993024803
9,8,0.1,0.001,16,1,2.7420241832733154,1.3051856756210327,-1.4368385076522827,0.1647292822599411,1.3029779195785522,0.1264252293033659
6,64,0.3,0.0001,16,1,3.0699973106384277,1.3052036762237549,-1.7647936344146729,0.08719078451395035,1.2611730098724365,0.0691346736977581
9,64,0.3,0.001,4,1,1.0215001106262207,1.3052154779434204,0.2837153673171997,0.4434716999530792,1.3029779195785522,0.3403524290699569
6,64,0.0,0.001,8,2,1.4044770002365112,1.3055977821350098,-0.09887921810150146,0.45786282420158386,1.2611730098724365,0.36304521316063937
9,32,0.0,0.0001,4,2,2.736212968826294,1.305784821510315,-1.430428147315979,0.07451251894235611,1.3029779195785522,0.05718632512702683
9,16,0.4,0.0001,16,1,3.4960930347442627,1.306620717048645,-2.1894723176956177,0.09433485567569733,1.3029779195785522,0.07239942769422363
3,8,0.2,0.001,4,2,3.8720736503601074,1.3066818714141846,-2.565391778945923,0.15708760917186737,1.2289718389511108,0.12782034884211566
6,64,0.0,0.0001,16,1,3.038649797439575,1.3074177503585815,-1.7312320470809937,0.09855815023183823,1.2611730098724365,0.07814800147190516
9,8,0.0,0.005,4,1,0.8484681248664856,1.3074183464050293,0.4589502215385437,0.5581256151199341,1.3029779195785522,0.4283461804943399
6,64,0.1,0.001,16,1,1.991389513015747,1.3075578212738037,-0.6838316917419434,0.5737859010696411,1.2611730098724365,0.4549620841693065
9,32,0.1,0.001,4,2,3.26676082611084,1.3076491355895996,-1.9591116905212402,0.107942134141922,1.3029779195785522,0.08284264262654262
9,32,0.2,0.001,4,1,1.1968401670455933,1.3077867031097412,0.11094653606414795,0.3675740957260132,1.3029779195785522,0.28210308878058726
9,16,0.0,0.001,16,1,2.4421355724334717,1.3080545663833618,-1.1340810060501099,0.02894667349755764,1.3029779195785522,0.022215782065532187
6,8,0.3,0.0001,8,2,3.7244713306427,1.3082576990127563,-2.416213631629944,0.02447226084768772,1.2611730098724365,0.01940436455277695
3,16,0.4,0.0001,4,2,3.1226203441619873,1.308536410331726,-1.8140839338302612,0.14396604895591736,1.2289718389511108,0.11714348888481277
9,16,0.3,0.001,8,1,2.127779722213745,1.3086656332015991,-0.819114089012146,0.3581351637840271,1.3029779195785522,0.274858966067411
6,16,0.0,0.0005,16,1,2.924231767654419,1.3089061975479126,-1.6153255701065063,0.1815110594034195,1.2611730098724365,0.14392241031369576
9,16,0.1,0.0005,4,1,2.216322183609009,1.3096277713775635,-0.9066944122314453,0.17854343354701996,1.3029779195785522,0.1370272134809236
6,32,0.0,0.0005,16,1,2.7495768070220947,1.309919834136963,-1.4396569728851318,0.17019347846508026,1.2611730098724365,0.13494855751971316
9,8,0.4,0.001,4,2,2.611830472946167,1.3099312782287598,-1.3018991947174072,0.24768221378326416,1.3029779195785522,0.19008934077975542
3,8,0.3,0.001,8,2,3.0935420989990234,1.310095191001892,-1.7834469079971313,0.1413174867630005,1.2289718389511108,0.11498838483037216
9,8,0.4,0.005,8,1,1.6250355243682861,1.3103476762771606,-0.3146878480911255,0.36167478561401367,1.3029779195785522,0.27757552923920403
6,16,0.3,0.005,16,1,1.770900011062622,1.3104782104492188,-0.4604218006134033,0.408191978931427,1.2611730098724365,0.3236605729238642
6,32,0.1,0.001,16,1,2.211752414703369,1.310659408569336,-0.9010930061340332,0.5383134484291077,1.2611730098724365,0.4268355286825844
6,32,0.0,0.001,4,1,1.559536337852478,1.3113306760787964,-0.24820566177368164,0.4561198949813843,1.2611730098724365,0.36166322258000055
9,64,0.2,0.001,16,1,1.9642452001571655,1.3114290237426758,-0.6528161764144897,0.34665074944496155,1.3029779195785522,0.266044991427856
9,64,0.4,0.0005,4,1,2.057330846786499,1.311974287033081,-0.745356559753418,0.37766674160957336,1.3029779195785522,0.28984891910657207
6,64,0.1,0.0001,8,1,2.868302822113037,1.3130208253860474,-1.5552819967269897,0.2772194743156433,1.2611730098724365,0.21981082067692134
9,64,0.0,0.0001,4,2,2.3536736965179443,1.3132394552230835,-1.0404342412948608,0.14592938125133514,1.3029779195785522,0.11199681825654878
6,8,0.2,0.0001,8,1,3.1437854766845703,1.3136181831359863,-1.830167293548584,0.07249027490615845,1.2611730098724365,0.05747845405721979
9,32,0.4,0.0005,16,2,2.7672111988067627,1.3142037391662598,-1.453007459640503,0.21053078770637512,1.3029779195785522,0.16157663498585703
6,16,0.3,0.001,16,2,2.6646745204925537,1.3145862817764282,-1.3500882387161255,0.23518745601177216,1.2611730098724365,0.18648310277077734
6,32,0.4,0.005,16,1,1.591023325920105,1.315087080001831,-0.2759362459182739,0.4341258704662323,1.2611730098724365,0.34422388289941497
9,64,0.1,0.005,4,1,1.0148423910140991,1.315402626991272,0.30056023597717285,0.4399072229862213,1.3029779195785522,0.33761679025881663
9,64,0.4,0.001,4,2,1.9121222496032715,1.3160709142684937,-0.5960513353347778,0.3721309304237366,1.3029779195785522,0.2856003350725254
6,8,0.3,0.0005,16,1,3.1262316703796387,1.3161840438842773,-1.8100476264953613,0.14502054452896118,1.2611730098724365,0.11498862043014188
6,32,0.1,0.005,4,2,2.7341372966766357,1.3162319660186768,-1.417905330657959,0.20031386613845825,1.2611730098724365,0.15883139313195366
6,32,0.2,0.0001,8,1,2.9508066177368164,1.3162860870361328,-1.6345205307006836,0.21175816655158997,1.2611730098724365,0.16790572339714802
9,32,0.0,0.0001,4,1,2.895338535308838,1.317104697227478,-1.5782338380813599,0.041539013385772705,1.3029779195785522,0.03188005933301501
9,64,0.3,0.0005,4,1,2.108962059020996,1.3176897764205933,-0.7912722826004028,0.38845962285995483,1.3029779195785522,0.29813216096985123
3,16,0.2,0.001,4,2,3.858293056488037,1.3181177377700806,-2.5401753187179565,0.10042952746152878,1.2289718389511108,0.08171833094828458
6,8,0.4,0.001,8,1,2.9776265621185303,1.318263292312622,-1.6593632698059082,0.14660537242889404,1.2611730098724365,0.11624525047814233
6,64,0.0,0.0001,16,2,2.9985976219177246,1.3182780742645264,-1.6803195476531982,0.1246810331940651,1.2611730098724365,0.09886116513599999
6,32,0.1,0.005,16,2,3.1357522010803223,1.3185566663742065,-1.8171955347061157,0.1947287619113922,1.2611730098724365,0.15440289348650776
6,16,0.1,0.001,16,1,2.800325393676758,1.3190281391143799,-1.481297254562378,0.18558084964752197,1.2611730098724365,0.14714939837341814
6,64,0.1,0.0005,8,1,2.116722345352173,1.3191338777542114,-0.7975884675979614,0.5509079098701477,1.2611730098724365,0.43682183614591485
9,64,0.0,0.0001,8,2,2.6963462829589844,1.3193042278289795,-1.3770420551300049,0.09539926052093506,1.3029779195785522,0.07321632936941243
6,8,0.3,0.001,16,1,2.9857428073883057,1.319764494895935,-1.6659783124923706,0.19183747470378876,1.2611730098724365,0.15211035536130962
6,64,0.3,0.005,16,1,1.2882710695266724,1.3200900554656982,0.03181898593902588,0.5771899819374084,1.2611730098724365,0.4576612228609216
9,16,0.2,0.001,16,1,2.7959845066070557,1.3202060461044312,-1.4757784605026245,0.20948484539985657,1.3029779195785522,0.16077390280536324
9,64,0.1,0.001,16,1,1.97943913936615,1.3207520246505737,-0.6586871147155762,0.3714631199836731,1.3029779195785522,0.28508780878176565
6,64,0.0,0.005,16,1,1.757746934890747,1.3207967281341553,-0.4369502067565918,0.40094736218452454,1.2611730098724365,0.31791622485251175
9,16,0.4,0.0005,8,1,2.5505518913269043,1.320969581604004,-1.2295823097229004,0.17614008486270905,1.3029779195785522,0.13518270894389484
9,16,0.3,0.001,4,1,1.9395101070404053,1.3211601972579956,-0.6183499097824097,0.23351581394672394,1.3029779195785522,0.17921701545199978
9,16,0.0,0.001,16,2,2.053550958633423,1.3216216564178467,-0.7319293022155762,0.4182191491127014,1.3029779195785522,0.3209717853453528
3,64,0.1,0.005,4,2,3.1607279777526855,1.3216824531555176,-1.839045524597168,0.1749137043952942,1.2289718389511108,0.1423252338675047
3,8,0.1,0.001,4,2,3.1132960319519043,1.3222754001617432,-1.7910206317901611,0.0882219672203064,1.2289718389511108,0.07178518207187001
3,16,0.4,0.0005,16,1,2.9780566692352295,1.3236303329467773,-1.6544263362884521,0.24512086808681488,1.2289718389511108,0.19945198117478258
6,8,0.1,0.001,16,1,2.530128240585327,1.3236950635910034,-1.2064331769943237,0.16974465548992157,1.2611730098724365,0.13459268011697353
6,32,0.2,0.001,4,1,2.0209715366363525,1.323705792427063,-0.6972657442092896,0.3827264904975891,1.2611730098724365,0.30346866567997727
9,64,0.0,0.001,16,1,1.9326894283294678,1.3243257999420166,-0.6083636283874512,0.5300610661506653,1.3029779195785522,0.40680740493446993
9,64,0.3,0.001,4,2,2.981879472732544,1.3243277072906494,-1.6575517654418945,0.10688883066177368,1.3029779195785522,0.08203426094614623
6,8,0.0,0.001,16,2,3.059549570083618,1.3243826627731323,-1.7351669073104858,0.0691409558057785,1.2611730098724365,0.05482273666225372
9,64,0.4,0.001,16,2,2.6639862060546875,1.3247629404067993,-1.3392232656478882,0.16941845417022705,1.3029779195785522,0.13002404079497018
3,64,0.2,0.005,8,2,2.9857239723205566,1.325304627418518,-1.6604193449020386,0.5807892084121704,1.2289718389511108,0.4725813806342836
9,8,0.4,0.0005,8,2,3.1748781204223633,1.325697660446167,-1.8491804599761963,0.05571321025490761,1.3029779195785522,0.042758368670535896
6,8,0.0,0.005,8,1,1.5398236513137817,1.3258572816848755,-0.21396636962890625,0.6846886873245239,1.2611730098724365,0.5428983033769316
9,64,0.0,0.0005,8,1,2.01969313621521,1.3267557621002197,-0.6929373741149902,0.3848089277744293,1.3029779195785522,0.2953303521051958
6,32,0.3,0.005,4,1,1.175748348236084,1.326767921447754,0.15101957321166992,0.41659194231033325,1.2611730098724365,0.3303210099243007
3,32,0.3,0.001,8,2,3.0090770721435547,1.3268266916275024,-1.6822503805160522,0.23893676698207855,1.2289718389511108,0.19442005049196542
12,8,0.2,0.001,16,1,2.958620548248291,1.327050805091858,-1.631569743156433,0.08057297021150589,0.3633994162082672,0.22172014212958685
9,64,0.2,0.005,4,2,2.3076634407043457,1.3281519412994385,-0.9795114994049072,0.28797221183776855,1.3029779195785522,0.2210108149268662
9,8,0.2,0.0005,8,2,3.3158488273620605,1.3281704187393188,-1.9876784086227417,0.059435296803712845,1.3029779195785522,0.04561496853525896
3,64,0.1,0.0001,16,2,3.918463945388794,1.3284589052200317,-2.590005040168762,0.025795847177505493,1.2289718389511108,0.02098977890292543
6,64,0.4,0.001,8,2,2.223238468170166,1.3289541006088257,-0.8942843675613403,0.3783354163169861,1.2611730098724365,0.29998692753126194
3,64,0.3,0.0001,16,2,3.924595594406128,1.3294486999511719,-2.595146894454956,0.03150544688105583,1.2289718389511108,0.025635613349728786
9,32,0.4,0.001,8,1,2.0947632789611816,1.3294512033462524,-0.7653120756149292,0.36681896448135376,1.3029779195785522,0.28152354615495034
3,8,0.3,0.001,8,1,2.927079439163208,1.3296109437942505,-1.5974684953689575,0.39238783717155457,1.2289718389511108,0.31928139013050566
6,64,0.2,0.0001,4,2,3.696695566177368,1.3308687210083008,-2.3658268451690674,0.04397128149867058,1.2611730098724365,0.034865384173673464
3,32,0.1,0.005,16,2,3.1266918182373047,1.3308792114257812,-1.7958126068115234,0.18817487359046936,1.2289718389511108,0.15311569201705286
9,8,0.3,0.001,16,2,2.5586893558502197,1.331183910369873,-1.2275054454803467,0.15767624974250793,1.3029779195785522,0.12101221929647761
9,8,0.2,0.001,4,2,3.0992465019226074,1.3313848972320557,-1.7678616046905518,0.09475568681955338,1.3029779195785522,0.07272240411426317
9,64,0.3,0.0005,8,1,2.05081844329834,1.331575632095337,-0.7192428112030029,0.38926103711128235,1.3029779195785522,0.2987472245402199
6,16,0.0,0.0001,4,1,2.818967819213867,1.3321465253829956,-1.4868212938308716,0.39849767088890076,1.2611730098724365,0.3159738337004274
3,16,0.0,0.0001,16,2,3.0948894023895264,1.3325865268707275,-1.7623028755187988,0.13168886303901672,1.2289718389511108,0.10715368641108088
9,32,0.3,0.001,8,2,2.6853749752044678,1.3328570127487183,-1.3525179624557495,0.33459484577178955,1.3029779195785522,0.25679241431812916
9,64,0.4,0.005,16,1,1.0792709589004517,1.3347607851028442,0.2554898262023926,0.4263429045677185,1.3029779195785522,0.32720654599090904
9,32,0.4,0.005,4,2,1.615655541419983,1.3347806930541992,-0.2808748483657837,0.35753458738327026,1.3029779195785522,0.2743980400672597
12,16,0.0,0.0005,16,2,2.1199052333831787,1.3350069522857666,-0.7848982810974121,0.021454937756061554,0.3633994162082672,0.05903954931992943
6,8,0.0,0.0005,16,2,3.0384557247161865,1.3350390195846558,-1.7034167051315308,0.07111915946006775,1.2611730098724365,0.05639127931167923
3,64,0.3,0.001,16,2,3.1468825340270996,1.336445689201355,-1.8104368448257446,0.32027238607406616,1.2289718389511108,0.2606018916978673
9,32,0.1,0.0005,8,1,2.1320416927337646,1.3364825248718262,-0.7955591678619385,0.2632751762866974,1.3029779195785522,0.2020565140289205
9,64,0.1,0.0005,8,1,1.9928805828094482,1.3368521928787231,-0.6560283899307251,0.40292149782180786,1.3029779195785522,0.30923125539390006
6,8,0.3,0.005,4,1,1.4333091974258423,1.3371772766113281,-0.09613192081451416,0.4127982258796692,1.2611730098724365,0.3273129242762834
9,64,0.0,0.001,8,2,2.7872393131256104,1.3371989727020264,-1.450040340423584,0.13153906166553497,1.3029779195785522,0.10095264063114841
9,32,0.2,0.005,4,2,1.9432252645492554,1.3373172283172607,-0.6059080362319946,0.29472512006759644,1.3029779195785522,0.22619348773225964
3,64,0.4,0.0001,16,1,3.041659116744995,1.3384946584701538,-1.7031644582748413,0.34522545337677,1.2289718389511108,0.28090591048156904
12,8,0.0,0.0001,4,1,3.0764126777648926,1.339240312576294,-1.7371723651885986,0.04422317072749138,0.3633994162082672,0.12169301532985048
6,8,0.0,0.0005,16,1,2.9845399856567383,1.339525818824768,-1.6450141668319702,0.22650308907032013,1.2611730098724365,0.17959715859541758
9,64,0.0,0.0001,4,1,2.3681979179382324,1.3396879434585571,-1.0285099744796753,0.0902467668056488,1.3029779195785522,0.06926193103474776
9,32,0.4,0.001,4,1,1.8833107948303223,1.3399802446365356,-0.5433305501937866,0.353608638048172,1.3029779195785522,0.2713849810766913
9,8,0.4,0.005,16,1,1.8164485692977905,1.3400416374206543,-0.47640693187713623,0.446921706199646,1.3029779195785522,0.34300021472674125
9,32,0.4,0.005,8,2,1.857656478881836,1.3406925201416016,-0.5169639587402344,0.41756224632263184,1.3029779195785522,0.32046763037833537
3,8,0.4,0.001,16,1,2.988569974899292,1.341218113899231,-1.647351861000061,0.24839049577713013,1.2289718389511108,0.20211243895476375
9,8,0.3,0.0001,8,2,3.4974184036254883,1.3416972160339355,-2.1557211875915527,0.017310282215476036,1.3029779195785522,0.013285169269080969
6,64,0.2,0.0005,8,1,2.1937289237976074,1.3417667150497437,-0.8519622087478638,0.5910168290138245,1.2611730098724365,0.46862470445161514
6,64,0.0,0.0001,8,2,2.850877285003662,1.3420279026031494,-1.5088493824005127,0.28250956535339355,1.2611730098724365,0.224005400640447
9,32,0.0,0.0005,16,2,2.265265703201294,1.3429954051971436,-0.9222702980041504,0.218485027551651,1.3029779195785522,0.16768129702636858
9,32,0.4,0.0005,4,2,2.535928249359131,1.3436535596847534,-1.1922746896743774,0.26342064142227173,1.3029779195785522,0.20216815455128745
9,32,0.0,0.0005,4,2,1.9876630306243896,1.3438270092010498,-0.6438360214233398,0.4380524158477783,1.3029779195785522,0.33619327639064384
6,32,0.2,0.0001,16,1,3.0881755352020264,1.3446855545043945,-1.7434899806976318,0.09225544333457947,1.2611730098724365,0.07315050561057503
9,32,0.1,0.005,4,1,1.5286318063735962,1.3448512554168701,-0.18378055095672607,0.314137727022171,1.3029779195785522,0.24109213387420927
6,16,0.0,0.0001,16,2,3.079942464828491,1.344895362854004,-1.7350471019744873,0.045376256108284,1.2611730098724365,0.035979406277393815
9,16,0.3,0.001,16,2,2.9571163654327393,1.3452272415161133,-1.611889123916626,0.18607598543167114,1.3029779195785522,0.1428082415179049
6,64,0.0,0.0005,4,1,1.9879118204116821,1.3455387353897095,-0.6423730850219727,0.6315324306488037,1.2611730098724365,0.5007500364384432
6,64,0.0,0.0005,8,2,1.9965697526931763,1.3457144498825073,-0.650855302810669,0.6150795221328735,1.2611730098724365,0.48770431758215854
9,32,0.3,0.001,4,2,1.8931792974472046,1.3457434177398682,-0.5474358797073364,0.24995079636573792,1.3029779195785522,0.19183041601087486
6,64,0.1,0.001,4,1,1.3370606899261475,1.3457841873168945,0.00872349739074707,0.4589464068412781,1.2611730098724365,0.3639043995143053
9,64,0.2,0.001,8,1,1.302547812461853,1.346002221107483,0.04345440864562988,0.5025045275688171,1.3029779195785522,0.3856585134852876
12,64,0.1,0.001,16,2,4.380600452423096,1.3471018075942993,-3.0334986448287964,0.007895580492913723,0.3633994162082672,0.021727003789099926
6,32,0.2,0.0005,4,1,2.136718273162842,1.3478014469146729,-0.788916826248169,0.5523396134376526,1.2611730098724365,0.43795705197776147
3,16,0.4,0.0005,8,2,3.0174789428710938,1.3478710651397705,-1.6696078777313232,0.15170305967330933,1.2289718389511108,0.12343900394233863
6,16,0.4,0.005,16,1,1.6591490507125854,1.3481806516647339,-0.31096839904785156,0.41167744994163513,1.2611730098724365,0.3264242468868525
3,16,0.3,0.0001,4,1,2.977809190750122,1.3484866619110107,-1.6293225288391113,0.42499300837516785,1.2289718389511108,0.34581183628901224
6,32,0.2,0.0005,8,2,3.65232253074646,1.348688006401062,-2.303634524345398,0.09735740721225739,1.2611730098724365,0.07719591717404796
6,16,0.4,0.0001,4,2,3.073871374130249,1.3487939834594727,-1.7250773906707764,0.061146967113018036,1.2611730098724365,0.04848420211530125
6,16,0.3,0.0005,4,1,2.373403787612915,1.3490959405899048,-1.0243078470230103,0.31027936935424805,1.2611730098724365,0.24602442878604877
3,32,0.4,0.0001,16,1,3.098261594772339,1.3496067523956299,-1.748654842376709,0.27812281250953674,1.2289718389511108,0.22630527705737008
9,64,0.4,0.001,8,2,2.9709746837615967,1.3497494459152222,-1.6212252378463745,0.11957457661628723,1.3029779195785522,0.09177022482081937
9,32,0.1,0.001,8,1,1.5886107683181763,1.3499515056610107,-0.23865926265716553,0.4915951192378998,1.3029779195785522,0.37728584026727485
12,32,0.2,0.0001,4,2,4.365898609161377,1.350005865097046,-3.015892744064331,0.002962628612294793,0.3633994162082672,0.00815254092372258
9,16,0.2,0.005,4,2,2.1946592330932617,1.3501858711242676,-0.8444733619689941,0.2895868718624115,1.3029779195785522,0.22225002243789233
6,64,0.0,0.0005,8,1,2.0058631896972656,1.3507944345474243,-0.6550687551498413,0.587216317653656,1.2611730098724365,0.4656112310182177
6,32,0.2,0.005,16,2,2.5818090438842773,1.3508130311965942,-1.230996012687683,0.18794915080070496,1.2611730098724365,0.14902725425412916
9,16,0.3,0.0005,8,1,2.264986276626587,1.3509674072265625,-0.9140188694000244,0.239455446600914,1.3029779195785522,0.1837755214442665
9,8,0.3,0.005,4,2,2.1378977298736572,1.351083755493164,-0.7868139743804932,0.36655861139297485,1.3029779195785522,0.2813237322636581
3,32,0.2,0.005,16,2,3.1810669898986816,1.3513469696044922,-1.8297200202941895,0.2732357382774353,1.2289718389511108,0.222328721958864
3,32,0.1,0.0001,16,1,3.0718917846679688,1.351611614227295,-1.7202801704406738,0.23223385214805603,1.2289718389511108,0.18896596715044373
6,8,0.2,0.0001,16,2,3.7871668338775635,1.353174090385437,-2.4339927434921265,0.01785523258149624,1.2611730098724365,0.014157639310170646
9,64,0.1,0.0001,4,1,2.343740463256836,1.3531827926635742,-0.9905576705932617,0.06401905417442322,1.3029779195785522,0.04913287724409801
6,64,0.3,0.0001,8,2,3.776298999786377,1.3543460369110107,-2.421952962875366,0.05963335931301117,1.2611730098724365,0.04728404338358215
6,64,0.2,0.005,8,2,2.466197967529297,1.3545972108840942,-1.1116007566452026,0.23115180432796478,1.2611730098724365,0.18328318360646254
3,64,0.4,0.0005,8,2,2.9261927604675293,1.3547579050064087,-1.5714348554611206,0.33204320073127747,1.2289718389511108,0.2701796658047641
6,64,0.2,0.0005,4,1,2.095398426055908,1.355311393737793,-0.7400870323181152,0.5711386203765869,1.2611730098724365,0.4528630218897213
9,64,0.4,0.0001,4,1,2.4077224731445312,1.3558940887451172,-1.051828384399414,0.10133359581232071,1.3029779195785522,0.0777707697802715
3,32,0.4,0.0001,8,1,3.038525104522705,1.356306791305542,-1.682218313217163,0.531529426574707,1.2289718389511108,0.43249927274847144
3,16,0.1,0.005,8,2,3.056366443634033,1.3570598363876343,-1.699306607246399,0.20792855322360992,1.2289718389511108,0.16918902991387538
6,64,0.4,0.005,16,1,1.5913339853286743,1.357248067855835,-0.23408591747283936,0.41690194606781006,1.2611730098724365,0.3305668158169499
6,16,0.2,0.0005,16,1,2.953580856323242,1.3576565980911255,-1.5959242582321167,0.11985164880752563,1.2611730098724365,0.09503188529196976
3,8,0.2,0.0001,4,2,3.986663818359375,1.3577064275741577,-2.6289573907852173,0.05331212282180786,1.2289718389511108,0.043379450311333494
9,64,0.4,0.0005,16,2,2.677680730819702,1.3578358888626099,-1.3198448419570923,0.168760746717453,1.3029779195785522,0.1295192682712832
3,64,0.2,0.0001,16,2,3.9529755115509033,1.3580735921859741,-2.594901919364929,0.014306007884442806,1.2289718389511108,0.011640631160965037
3,8,0.1,0.0005,4,2,3.957129955291748,1.358465313911438,-2.59866464138031,0.053677696734666824,1.2289718389511108,0.04367691352511305
12,16,0.0,0.0005,8,2,2.075099468231201,1.3595325946807861,-0.715566873550415,0.12283192574977875,0.3633994162082672,0.33800804368761767
9,32,0.3,0.005,8,2,1.5170501470565796,1.359703540802002,-0.15734660625457764,0.3235551714897156,1.3029779195785522,0.2483197655370625
9,32,0.0,0.0005,8,2,1.8779290914535522,1.3598060607910156,-0.5181230306625366,0.5773645043373108,1.3029779195785522,0.4431115030130819
6,32,0.0,0.001,4,2,1.9653477668762207,1.3598705530166626,-0.6054772138595581,0.6161466240882874,1.2611730098724365,0.4885504361932139
3,16,0.1,0.0005,16,1,2.9282329082489014,1.3598973751068115,-1.5683355331420898,0.3041791021823883,1.2289718389511108,0.24750697497022853
6,16,0.3,0.005,4,1,1.585492491722107,1.3603098392486572,-0.2251826524734497,0.40799757838249207,1.2611730098724365,0.3235064302745899
9,16,0.4,0.005,8,2,1.1409505605697632,1.36106538772583,0.2201148271560669,0.6294369697570801,1.3029779195785522,0.48307569936463024
6,64,0.4,0.0005,4,1,1.9888728857040405,1.3613108396530151,-0.6275620460510254,0.550243079662323,1.2611730098724365,0.4362946838816177
6,32,0.0,0.0005,8,2,2.039363145828247,1.3622994422912598,-0.6770637035369873,0.6136877536773682,1.2611730098724365,0.4866007668047389
6,64,0.3,0.0005,4,1,2.0145211219787598,1.3646248579025269,-0.6498962640762329,0.5782673954963684,1.2611730098724365,0.4585155176725977
6,16,0.1,0.0005,4,2,3.7333450317382812,1.3647464513778687,-2.3685985803604126,0.04904816299676895,1.2611730098724365,0.03889090760174927
9,8,0.2,0.001,16,1,2.4782185554504395,1.3650797605514526,-1.1131387948989868,0.3289802074432373,1.3029779195785522,0.25248333260293915
3,16,0.2,0.0005,16,2,3.989377975463867,1.3655142784118652,-2.623863697052002,0.05276332423090935,1.2289718389511108,0.042932899321713666
6,32,0.2,0.0005,8,1,2.3027522563934326,1.365541696548462,-0.9372105598449707,0.278262734413147,1.2611730098724365,0.22063803477787106
9,32,0.0,0.005,16,2,0.8766752481460571,1.365572452545166,0.4888972043991089,0.4512358605861664,1.3029779195785522,0.3463112105016472
3,64,0.1,0.0001,16,1,2.9362316131591797,1.3677161931991577,-1.568515419960022,0.3238241374492645,1.2289718389511108,0.2634919102179252
9,8,0.2,0.0005,4,1,2.1517958641052246,1.3677263259887695,-0.7840695381164551,0.16175872087478638,1.3029779195785522,0.12414540449550149
9,16,0.0,0.0005,4,1,2.1776978969573975,1.3678834438323975,-0.809814453125,0.1781187504529953,1.3029779195785522,0.1367012807942346
9,16,0.3,0.005,4,1,1.6974323987960815,1.369102954864502,-0.3283294439315796,0.26876574754714966,1.3029779195785522,0.20627037765465883
6,64,0.2,0.0005,8,2,3.6676793098449707,1.3698920011520386,-2.297787308692932,0.06629940867424011,1.2611730098724365,0.05256963807126357
9,16,0.3,0.0005,16,2,3.4557487964630127,1.3710187673568726,-2.08473002910614,0.026124078780412674,1.3029779195785522,0.020049517637921677
6,32,0.3,0.001,8,2,3.5547540187835693,1.3715485334396362,-2.183205485343933,0.12768112123012543,1.2611730098724365,0.10123997281153356
3,32,0.1,0.0005,8,2,3.9667470455169678,1.3721047639846802,-2.5946422815322876,0.024807870388031006,1.2289718389511108,0.020185873753790606
9,8,0.1,0.001,4,1,1.9962538480758667,1.3723913431167603,-0.6238625049591064,0.528374969959259,1.3029779195785522,0.4055133721146723
6,64,0.3,0.0005,16,1,2.2653632164001465,1.372543215751648,-0.8928200006484985,0.4821709394454956,1.2611730098724365,0.38231942459208323
3,64,0.2,0.0005,16,2,3.9385223388671875,1.3733768463134766,-2.565145492553711,0.08439131826162338,1.2289718389511108,0.0686682278526811
9,64,0.1,0.0005,4,1,1.4948164224624634,1.3735555410385132,-0.1212608814239502,0.4536324143409729,1.3029779195785522,0.34815050011568893
6,16,0.0,0.0005,4,2,2.2282116413116455,1.373647928237915,-0.8545637130737305,0.5925390124320984,1.2611730098724365,0.4698316628993129
9,32,0.1,0.001,4,1,1.56466543674469,1.3736555576324463,-0.19100987911224365,0.5549049377441406,1.3029779195785522,0.42587439848836767
9,64,0.0,0.0005,16,1,2.169771194458008,1.3737393617630005,-0.7960318326950073,0.25870874524116516,1.3029779195785522,0.19855190280188664
9,16,0.0,0.005,16,2,1.6008986234664917,1.3738993406295776,-0.22699928283691406,0.6204358339309692,1.3029779195785522,0.47616757322460923
9,16,0.0,0.0005,4,2,2.0241541862487793,1.3739980459213257,-0.6501561403274536,0.4947013556957245,1.3029779195785522,0.3796697919913604
6,64,0.4,0.001,4,1,1.644149661064148,1.3749103546142578,-0.26923930644989014,0.5457763075828552,1.2611730098724365,0.43275292391331677
6,64,0.2,0.005,16,2,2.6184918880462646,1.3752219676971436,-1.243269920349121,0.23388786613941193,1.2611730098724365,0.18545264155555383
6,64,0.2,0.0001,4,1,2.6246562004089355,1.375228762626648,-1.2494274377822876,0.36203476786613464,1.2611730098724365,0.28706193760263965
6,16,0.3,0.0005,8,2,3.6985747814178467,1.3756495714187622,-2.3229252099990845,0.08413660526275635,1.2611730098724365,0.06671297641492224
6,32,0.4,0.001,16,2,2.359701156616211,1.3759506940841675,-0.9837504625320435,0.3645455837249756,1.2611730098724365,0.2890527951925075
3,16,0.3,0.0005,16,2,3.9620628356933594,1.377043604850769,-2.5850192308425903,0.041914213448762894,1.2289718389511108,0.03410510486923392
6,64,0.2,0.001,4,1,1.5221508741378784,1.3770442008972168,-0.14510667324066162,0.4955262839794159,1.2611730098724365,0.3929090458647991
3,16,0.1,0.0001,8,1,3.012132406234741,1.3773773908615112,-1.63475501537323,0.5711939930915833,1.2289718389511108,0.4647738662417843
12,16,0.1,0.0001,16,2,4.481566905975342,1.377611517906189,-3.103955388069153,0.007856931537389755,0.3633994162082672,0.021620649860612
6,16,0.0,0.0001,8,2,3.004629611968994,1.3778232336044312,-1.626806378364563,0.19822824001312256,1.2611730098724365,0.1571776738491832
6,32,0.1,0.0001,4,1,2.84458589553833,1.377963662147522,-1.466622233390808,0.3370377719402313,1.2611730098724365,0.2672415039823296
6,16,0.2,0.0001,4,1,2.9474105834960938,1.3783082962036133,-1.5691022872924805,0.26286137104034424,1.2611730098724365,0.2084260993397978
6,8,0.1,0.0001,4,1,3.0142712593078613,1.3794527053833008,-1.6348185539245605,0.2740198075771332,1.2611730098724365,0.21727376452882494
3,8,0.4,0.0001,16,2,3.1473000049591064,1.3796467781066895,-1.767653226852417,0.01061006635427475,1.2289718389511108,0.008633286799582088
6,64,0.2,0.0001,8,1,2.957272529602051,1.379738450050354,-1.5775340795516968,0.16507671773433685,1.2611730098724365,0.13089141334465587
9,16,0.1,0.001,4,1,2.0020744800567627,1.3801581859588623,-0.6219162940979004,0.5053613781929016,1.3029779195785522,0.38785106838676175
9,16,0.0,0.0005,8,2,2.163339614868164,1.3802753686904907,-0.7830642461776733,0.2771860361099243,1.3029779195785522,0.21273271936916632
6,64,0.0,0.0001,4,2,2.690457582473755,1.3812649250030518,-1.3091926574707031,0.38819214701652527,1.2611730098724365,0.3078024537297937
9,16,0.0,0.001,8,1,1.595426082611084,1.381466269493103,-0.21395981311798096,0.5234353542327881,1.3029779195785522,0.4017223518277985
9,32,0.1,0.001,8,2,3.431673526763916,1.3820161819458008,-2.0496573448181152,0.04693814367055893,1.3029779195785522,0.036023744505003626
6,64,0.0,0.0001,8,1,2.898946523666382,1.3821229934692383,-1.5168235301971436,0.22994504868984222,1.2611730098724365,0.18232633182746308
6,8,0.0,0.005,16,2,1.0391449928283691,1.3827836513519287,0.34363865852355957,0.5563681125640869,1.2611730098724365,0.44115129978904455
12,8,0.2,0.0001,16,2,4.492813587188721,1.382975459098816,-3.109838128089905,0.005991385318338871,0.3633994162082672,0.01648705267843677
6,64,0.0,0.005,16,2,1.5871237516403198,1.3845962285995483,-0.20252752304077148,0.4243471622467041,1.2611730098724365,0.3364702217102041
9,8,0.1,0.0005,4,1,2.2908689975738525,1.3854362964630127,-0.9054327011108398,0.07096078991889954,1.3029779195785522,0.05446047001460453
9,16,0.3,0.005,16,1,2.093522310256958,1.3858389854431152,-0.7076833248138428,0.6200270056724548,1.3029779195785522,0.47585380869155663
12,8,0.1,0.0001,16,2,4.519579887390137,1.3862411975860596,-3.133338689804077,0.005722109228372574,0.3633994162082672,0.015746060596567347
6,32,0.0,0.0001,8,2,2.9098362922668457,1.3872404098510742,-1.5225958824157715,0.2196325808763504,1.2611730098724365,0.17414944591826106
6,64,0.3,0.0001,4,1,2.773951768875122,1.3873029947280884,-1.3866487741470337,0.27989962697029114,1.2611730098724365,0.2219359475498148
6,32,0.4,0.001,16,1,2.197617530822754,1.387368083000183,-0.8102494478225708,0.4828771650791168,1.2611730098724365,0.3828793998120514
6,32,0.1,0.0001,8,1,2.9287800788879395,1.3873721361160278,-1.5414079427719116,0.21670961380004883,1.2611730098724365,0.17183178842525998
3,32,0.2,0.0001,8,1,2.9528968334198,1.3876452445983887,-1.5652515888214111,0.4597774147987366,1.2289718389511108,0.3741155006376243
6,16,0.2,0.0001,8,1,2.954341411590576,1.3876705169677734,-1.5666708946228027,0.1986268013715744,1.2611730098724365,0.15749369818155626
6,16,0.0,0.001,8,1,1.949847936630249,1.3877122402191162,-0.5621356964111328,0.6285167932510376,1.2611730098724365,0.4983588994777251
6,8,0.1,0.005,16,1,1.671129584312439,1.387841820716858,-0.28328776359558105,0.5043582916259766,1.2611730098724365,0.39991205621898834
3,8,0.4,0.001,16,2,3.09248423576355,1.3879730701446533,-1.7045111656188965,0.05923977494239807,1.2289718389511108,0.04820271145753622
9,32,0.2,0.0001,4,2,3.43947434425354,1.3880537748336792,-2.051420569419861,0.02224438078701496,1.3029779195785522,0.017071955290086496
3,8,0.3,0.005,16,2,2.8709166049957275,1.3883057832717896,-1.482610821723938,0.33623379468917847,1.2289718389511108,0.2735895030565904
6,32,0.0,0.001,8,1,1.8167009353637695,1.3890306949615479,-0.4276702404022217,0.4841797649860382,1.2611730098724365,0.3839122477216757
9,8,0.2,0.001,4,1,2.015141487121582,1.3892030715942383,-0.6259384155273438,0.5062914490699768,1.3029779195785522,0.38856487240684523
9,32,0.4,0.001,4,2,2.005333662033081,1.3894402980804443,-0.6158933639526367,0.5558379888534546,1.3029779195785522,0.4265904897553753
3,64,0.3,0.001,8,2,2.9679534435272217,1.3895018100738525,-1.5784516334533691,0.2844451367855072,1.2289718389511108,0.23144967831669133
6,64,0.3,0.0001,8,1,2.8926210403442383,1.3895186185836792,-1.503102421760559,0.19980888068675995,1.2611730098724365,0.15843098379259635
9,8,0.1,0.005,8,2,2.284639358520508,1.3897782564163208,-0.894861102104187,0.4438024163246155,1.3029779195785522,0.34060624486112795
6,8,0.3,0.0001,4,1,3.0246455669403076,1.390496015548706,-1.6341495513916016,0.3144187331199646,1.2611730098724365,0.2493065825693233
12,32,0.1,0.0001,8,2,4.49273157119751,1.3905019760131836,-3.102229595184326,0.003389575984328985,0.3633994162082672,0.00932741174902271
6,8,0.3,0.0001,16,1,3.0612452030181885,1.3909568786621094,-1.670288324356079,0.17707687616348267,1.2611730098724365,0.14040649044764555
9,8,0.3,0.0005,4,2,3.500711441040039,1.3926079273223877,-2.1081035137176514,0.06175832450389862,1.3029779195785522,0.047397828908623665
9,8,0.3,0.001,4,2,2.153118371963501,1.3929890394210815,-0.7601293325424194,0.5920009613037109,1.3029779195785522,0.4543445843619464
3,16,0.1,0.0001,16,1,3.011176586151123,1.3930001258850098,-1.6181764602661133,0.23613692820072174,1.2289718389511108,0.19214185444823312
6,64,0.2,0.001,16,1,1.9009772539138794,1.3931658267974854,-0.507811427116394,0.4573855400085449,1.2611730098724365,0.3626667684989611
6,64,0.0,0.0005,4,2,1.9494529962539673,1.3932456970214844,-0.5562072992324829,0.5916860699653625,1.2611730098724365,0.46915535405028186
6,16,0.1,0.005,4,2,2.621913194656372,1.3934504985809326,-1.2284626960754395,0.23662909865379333,1.2611730098724365,0.18762619942027428
3,32,0.3,0.0005,16,2,3.951446294784546,1.3946058750152588,-2.556840419769287,0.11547800153493881,1.2289718389511108,0.09396309815650104
9,64,0.0,0.005,16,1,1.0403640270233154,1.394741177558899,0.3543771505355835,0.6383756399154663,1.3029779195785522,0.4899358848091215
9,16,0.3,0.0005,4,1,2.154352903366089,1.3950088024139404,-0.7593441009521484,0.4470939338207245,1.3029779195785522,0.3431323947264869
9,64,0.2,0.0005,8,1,1.9834721088409424,1.3952302932739258,-0.5882418155670166,0.48351314663887024,1.3029779195785522,0.371083146823595
9,32,0.0,0.001,16,1,2.0098860263824463,1.3952558040618896,-0.6146302223205566,0.5918418765068054,1.3029779195785522,0.45422249112113616
6,8,0.2,0.0005,16,1,3.000223159790039,1.3982280492782593,-1.6019951105117798,0.15827949345111847,1.2611730098724365,0.1255018084054367
3,8,0.3,0.001,16,1,2.986481189727783,1.3982367515563965,-1.5882444381713867,0.1831967830657959,1.2289718389511108,0.14906507802664432
9,8,0.2,0.0005,4,2,3.3190300464630127,1.39908766746521,-1.9199423789978027,0.0811530351638794,1.3029779195785522,0.0622827401327939
6,16,0.2,0.005,4,2,2.5422141551971436,1.399198055267334,-1.1430160999298096,0.12928174436092377,1.2611730098724365,0.10250912709747903
9,64,0.4,0.0001,4,2,3.02258563041687,1.3992218971252441,-1.623363733291626,0.08850746601819992,1.3029779195785522,0.06792706513923708
6,8,0.1,0.0005,16,1,3.0706942081451416,1.3995544910430908,-1.6711397171020508,0.07044578343629837,1.2611730098724365,0.055857350962041065
6,16,0.3,0.0001,4,1,2.8843629360198975,1.3995813131332397,-1.4847816228866577,0.30447039008140564,1.2611730098724365,0.24141841579071044
6,16,0.4,0.001,8,2,2.2740631103515625,1.3996963500976562,-0.8743667602539062,0.4457164704799652,1.2611730098724365,0.35341421596474537
6,32,0.4,0.0001,4,1,2.9014220237731934,1.3999791145324707,-1.5014429092407227,0.17592819035053253,1.2611730098724365,0.13949568296607226
6,64,0.1,0.0001,4,1,2.7176694869995117,1.4002411365509033,-1.3174283504486084,0.31088072061538696,1.2611730098724365,0.24650124779218952
6,8,0.0,0.001,16,1,2.9839887619018555,1.4003100395202637,-1.5836787223815918,0.12552253901958466,1.2611730098724365,0.0995284057278397
6,16,0.1,0.005,8,2,2.537449836730957,1.4004403352737427,-1.1370095014572144,0.3113885521888733,1.2611730098724365,0.2469039138574407
3,32,0.4,0.001,8,2,2.9366722106933594,1.4012283086776733,-1.535443902015686,0.3313288986682892,1.2289718389511108,0.26959844657715515
9,16,0.2,0.0005,4,1,2.205925941467285,1.4021530151367188,-0.8037729263305664,0.10807035118341446,1.3029779195785522,0.08294104570733614
3,8,0.4,0.001,8,1,2.922776937484741,1.402279019355774,-1.5204979181289673,0.27341899275779724,1.2289718389511108,0.22247783398450516
9,16,0.4,0.001,8,1,1.8091269731521606,1.4023451805114746,-0.40678179264068604,0.5875020027160645,1.3029779195785522,0.4508917564052749
9,32,0.0,0.001,16,2,1.8113794326782227,1.4026914834976196,-0.408687949180603,0.6452479958534241,1.3029779195785522,0.4952102304712342
6,8,0.2,0.005,16,1,1.4863444566726685,1.404289722442627,-0.0820547342300415,0.6013743877410889,1.2611730098724365,0.4768373435155545
6,64,0.3,0.001,4,1,1.545908808708191,1.4043247699737549,-0.14158403873443604,0.6138595938682556,1.2611730098724365,0.48673702106132566
3,64,0.3,0.0001,16,1,2.975736141204834,1.4049403667449951,-1.5707957744598389,0.26725924015045166,1.2289718389511108,0.21746571538901094
6,32,0.1,0.005,16,1,1.4181585311889648,1.4050019979476929,-0.013156533241271973,0.41595736145973206,1.2611730098724365,0.3298178427572001
9,8,0.3,0.0005,16,1,2.6980085372924805,1.405153512954712,-1.2928550243377686,0.3016629219055176,1.3029779195785522,0.2315180613368263
6,32,0.0,0.0001,8,1,2.934178590774536,1.4053421020507812,-1.5288364887237549,0.22429263591766357,1.2611730098724365,0.17784446238692503
6,64,0.3,0.005,4,2,2.2343859672546387,1.4055283069610596,-0.8288576602935791,0.28163838386535645,1.2611730098724365,0.2233146298411851
6,32,0.0,0.0005,4,2,2.0154762268066406,1.4067338705062866,-0.608742356300354,0.6108721494674683,1.2611730098724365,0.4843682386838075
3,32,0.1,0.0001,4,2,4.026674270629883,1.4070720672607422,-2.6196022033691406,0.020237857475876808,1.2289718389511108,0.016467307740061145
9,8,0.3,0.005,16,2,2.0131452083587646,1.408657193183899,-0.6044880151748657,0.5016745328903198,1.3029779195785522,0.3850215152169166
9,16,0.1,0.005,4,2,2.2492222785949707,1.4100161790847778,-0.8392060995101929,0.2762013375759125,1.3029779195785522,0.21197699011296348
6,64,0.1,0.001,8,1,1.5950924158096313,1.4101715087890625,-0.18492090702056885,0.45272311568260193,1.2611730098724365,0.3589698733946054
9,16,0.0,0.001,8,2,1.769840955734253,1.410196304321289,-0.35964465141296387,0.6204738020896912,1.3029779195785522,0.47619671275042263
6,64,0.2,0.001,16,2,3.704878091812134,1.4116151332855225,-2.2932629585266113,0.06866078078746796,1.2611730098724365,0.054441999828725135
9,64,0.2,0.005,8,2,2.2369332313537598,1.4121028184890747,-0.8248304128646851,0.2251070886850357,1.3029779195785522,0.17276354825555795
9,8,0.0,0.005,16,1,1.7950191497802734,1.4140326976776123,-0.38098645210266113,0.5173127055168152,1.3029779195785522,0.3970233860019207
9,64,0.3,0.005,4,1,1.5424227714538574,1.4143033027648926,-0.12811946868896484,0.31169915199279785,1.3029779195785522,0.2392205940785373
9,32,0.2,0.0005,4,1,2.0443503856658936,1.4145848751068115,-0.629765510559082,0.43729954957962036,1.3029779195785522,0.3356154720726693
6,8,0.3,0.0005,4,1,2.8074874877929688,1.4158486127853394,-1.3916388750076294,0.2744187116622925,1.2611730098724365,0.21759006061353076
3,32,0.2,0.0005,8,2,4.012523174285889,1.4163867235183716,-2.596136450767517,0.07468662410974503,1.2289718389511108,0.06077163181663115
9,8,0.4,0.001,4,1,2.248044013977051,1.416450023651123,-0.8315939903259277,0.30470845103263855,1.3029779195785522,0.23385542184106725
3,16,0.1,0.001,16,2,4.0246477127075195,1.416806697845459,-2.6078410148620605,0.04264809191226959,1.2289718389511108,0.0347022531847991
9,32,0.1,0.005,16,1,1.075863003730774,1.4170411825180054,0.34117817878723145,0.5238626003265381,1.3029779195785522,0.4020502515468422
6,16,0.0,0.0005,16,2,2.6181609630584717,1.4178460836410522,-1.2003148794174194,0.17988991737365723,1.2611730098724365,0.1426369863337406
6,32,0.0,0.0001,4,1,2.888093948364258,1.4193987846374512,-1.4686951637268066,0.3000596761703491,1.2611730098724365,0.23792110505179553
6,32,0.3,0.0005,4,1,2.1202356815338135,1.4197580814361572,-0.7004776000976562,0.5582818388938904,1.2611730098724365,0.442668717553953
9,64,0.3,0.001,16,2,3.3278145790100098,1.4205377101898193,-1.9072768688201904,0.09640129655599594,1.3029779195785522,0.07398536468459642
9,16,0.1,0.005,16,2,3.2710728645324707,1.4206726551055908,-1.8504002094268799,0.0875178724527359,1.3029779195785522,0.06716757907996133
6,16,0.1,0.001,8,1,2.000196933746338,1.421086311340332,-0.5791106224060059,0.515299379825592,1.2611730098724365,0.4085873831677645
9,64,0.4,0.0005,16,1,2.22002911567688,1.4215481281280518,-0.7984809875488281,0.16843128204345703,1.3029779195785522,0.12926641312382028
9,64,0.0,0.0005,4,1,1.5196231603622437,1.4223915338516235,-0.09723162651062012,0.6108035445213318,1.3029779195785522,0.4687750539309952
6,16,0.1,0.0005,8,2,3.8291327953338623,1.4229192733764648,-2.4062135219573975,0.041947588324546814,1.2611730098724365,0.03326077230973225
9,64,0.4,0.0005,4,2,2.596306324005127,1.4230207204818726,-1.1732856035232544,0.16785740852355957,1.3029779195785522,0.12882598085610922
3,32,0.4,0.0001,4,1,2.923598527908325,1.4231098890304565,-1.5004886388778687,0.31861642003059387,1.2289718389511108,0.2592544515116986
6,64,0.4,0.0001,8,1,2.8773670196533203,1.4241182804107666,-1.4532487392425537,0.19492283463478088,1.2611730098724365,0.15455677619876806
6,8,0.1,0.005,4,2,2.8779783248901367,1.4245593547821045,-1.4534189701080322,0.13757212460041046,1.2611730098724365,0.10908267424334225
6,32,0.3,0.0001,8,1,3.002307415008545,1.424645185470581,-1.5776622295379639,0.09878604859113693,1.2611730098724365,0.07832870495787791
9,16,0.2,0.001,4,1,1.998553991317749,1.4246795177459717,-0.5738744735717773,0.47944745421409607,1.3029779195785522,0.367962838824754
6,16,0.1,0.0001,8,1,2.9843318462371826,1.4254071712493896,-1.558924674987793,0.09921726584434509,1.2611730098724365,0.07867062256143635
6,8,0.2,0.005,4,1,1.0365279912948608,1.4254435300827026,0.3889155387878418,0.4896242618560791,1.2611730098724365,0.38822925801877334
9,16,0.0,0.0005,16,2,2.5082058906555176,1.4257652759552002,-1.0824406147003174,0.126825213432312,1.3029779195785522,0.0973348907350123
3,16,0.2,0.0005,4,2,2.982297658920288,1.4262808561325073,-1.5560168027877808,0.14185883104801178,1.2289718389511108,0.11542887033854565
6,8,0.1,0.0001,16,1,3.865330696105957,1.4263919591903687,-2.4389387369155884,0.03255130723118782,1.2611730098724365,0.02581034241644632
6,32,0.1,0.001,8,2,3.763361930847168,1.4271775484085083,-2.3361843824386597,0.06031392514705658,1.2611730098724365,0.047823672624549056
6,32,0.1,0.005,8,2,2.4343268871307373,1.4275224208831787,-1.0068044662475586,0.40339165925979614,1.2611730098724365,0.31985433885918463
6,8,0.2,0.0001,8,2,3.871922016143799,1.4283409118652344,-2.4435811042785645,0.02088138461112976,1.2611730098724365,0.016557113455228353
3,16,0.0,0.0001,8,1,2.91556715965271,1.4286034107208252,-1.4869637489318848,0.48602649569511414,1.2289718389511108,0.395474070512407
6,32,0.1,0.0005,4,1,2.131431818008423,1.4288914203643799,-0.702540397644043,0.4731796979904175,1.2611730098724365,0.3751901557410256
12,64,0.1,0.001,8,2,4.495352268218994,1.4291846752166748,-3.0661675930023193,0.01110055297613144,0.3633994162082672,0.030546424900610242
6,8,0.1,0.005,4,1,1.7018605470657349,1.4298008680343628,-0.27205967903137207,0.8354225158691406,1.2611730098724365,0.662417058824975
12,32,0.1,0.0005,8,2,4.5006184577941895,1.4300228357315063,-3.070595622062683,0.0176436398178339,0.3633994162082672,0.048551646015089316
6,64,0.2,0.001,8,1,1.7490121126174927,1.4302964210510254,-0.3187156915664673,0.42453259229660034,1.2611730098724365,0.33661725153755107
3,64,0.1,0.0005,16,1,2.7814836502075195,1.4308936595916748,-1.3505899906158447,0.37961849570274353,1.2289718389511108,0.30889112644496075
6,16,0.0,0.001,4,1,1.8688549995422363,1.4311258792877197,-0.4377291202545166,0.4877806305885315,1.2611730098724365,0.3867674195135756
3,8,0.2,0.0005,16,1,3.046549081802368,1.431302547454834,-1.6152465343475342,0.12326150387525558,1.2289718389511108,0.10029644290340732
9,16,0.3,0.0005,4,2,3.151718854904175,1.4326475858688354,-1.7190712690353394,0.10696884989738464,1.3029779195785522,0.0820956735260592
6,16,0.1,0.0005,8,1,2.828256368637085,1.4326599836349487,-1.3955963850021362,0.19262757897377014,1.2611730098724365,0.15273683901089335
6,32,0.1,0.005,8,1,1.3155466318130493,1.4336439371109009,0.11809730529785156,0.4896080195903778,1.2611730098724365,0.3882163793212638
9,32,0.3,0.0005,4,1,1.9740211963653564,1.4337096214294434,-0.5403115749359131,0.5520317554473877,1.3029779195785522,0.4236693094737493
3,64,0.4,0.0005,16,1,2.7744648456573486,1.4348281621932983,-1.3396366834640503,0.3996763527393341,1.2289718389511108,0.32521196993451484
6,32,0.0,0.005,4,1,0.9996370077133179,1.4356412887573242,0.43600428104400635,0.7339867949485779,1.2611730098724365,0.5819873952288419
6,8,0.2,0.0001,16,1,3.860586643218994,1.435858964920044,-2.42472767829895,0.06274674087762833,1.2611730098724365,0.0497526829280742
3,16,0.4,0.001,4,2,2.8236160278320312,1.4376180171966553,-1.385998010635376,0.4440314471721649,1.2289718389511108,0.361303191089498
6,16,0.3,0.0005,16,1,2.9252328872680664,1.439267635345459,-1.4859652519226074,0.17254973948001862,1.2611730098724365,0.1368168666228208
6,8,0.3,0.0005,8,1,2.9660913944244385,1.4393154382705688,-1.5267759561538696,0.10247967392206192,1.2611730098724365,0.08125742710940777
9,32,0.0,0.001,8,1,1.5968154668807983,1.4396089315414429,-0.15720653533935547,0.6941229701042175,1.3029779195785522,0.5327204395978801
6,32,0.3,0.0001,4,1,2.8662948608398438,1.439741849899292,-1.4265530109405518,0.2963116765022278,1.2611730098724365,0.23494926880190586
3,8,0.3,0.0005,4,1,2.9162235260009766,1.4398372173309326,-1.476386308670044,0.28861236572265625,1.2289718389511108,0.23484050372462392
6,8,0.2,0.001,8,1,2.6860036849975586,1.4405781030654907,-1.2454255819320679,0.22928819060325623,1.2611730098724365,0.1818055007587325
3,8,0.3,0.0001,4,2,3.0971734523773193,1.440871000289917,-1.6563024520874023,0.018087422475218773,1.2289718389511108,0.014717523951285836
6,16,0.0,0.0001,8,1,2.954969882965088,1.4409352540969849,-1.514034628868103,0.07221902906894684,1.2611730098724365,0.057263379808811125
3,32,0.0,0.001,16,2,2.6282546520233154,1.441598653793335,-1.1866559982299805,0.6245900392532349,1.2289718389511108,0.5082216039924096
9,8,0.3,0.005,4,1,1.0599018335342407,1.4424301385879517,0.38252830505371094,0.5901511311531067,1.3029779195785522,0.4529248901961369
9,64,0.2,0.005,8,1,1.0075583457946777,1.4427039623260498,0.43514561653137207,0.6637890934944153,1.3029779195785522,0.5094400169951595
3,16,0.3,0.0005,8,1,2.869340658187866,1.4434845447540283,-1.425856113433838,0.35563769936561584,1.2289718389511108,0.28937823316532746
3,8,0.4,0.001,8,2,3.056978464126587,1.4448015689849854,-1.6121768951416016,0.039080724120140076,1.2289718389511108,0.03179952776907749
6,16,0.1,0.0001,4,1,2.917210102081299,1.4452153444290161,-1.4719947576522827,0.2909163534641266,1.2611730098724365,0.23067124905690126
9,64,0.3,0.005,16,1,1.0458554029464722,1.4452649354934692,0.39940953254699707,0.43272146582603455,1.3029779195785522,0.33210191771016206
9,16,0.4,0.001,8,2,2.6257171630859375,1.4454272985458374,-1.1802898645401,0.37318363785743713,1.3029779195785522,0.28640825930353697
9,16,0.4,0.005,16,2,1.7627521753311157,1.4454705715179443,-0.3172816038131714,0.7570632100105286,1.3029779195785522,0.5810253563279111
3,64,0.2,0.0001,16,1,2.994523048400879,1.4455653429031372,-1.5489577054977417,0.16763195395469666,1.2289718389511108,0.13640015876829636
6,64,0.4,0.005,16,2,2.0719058513641357,1.446237325668335,-0.6256685256958008,0.427471786737442,1.2611730098724365,0.33894777591274283
6,64,0.0,0.0001,4,1,2.7738547325134277,1.4475276470184326,-1.3263270854949951,0.335748553276062,1.2611730098724365,0.26621926622900205
9,16,0.3,0.005,8,2,1.601263403892517,1.4478788375854492,-0.15338456630706787,0.40539225935935974,1.3029779195785522,0.3111274974563527
9,8,0.0,0.0005,4,2,2.4584293365478516,1.4481953382492065,-1.010233998298645,0.22731676697731018,1.3029779195785522,0.1744594160512219
9,32,0.2,0.005,4,1,0.6776168346405029,1.4484151601791382,0.7707983255386353,0.5539008378982544,1.3029779195785522,0.4251037792546887
6,64,0.4,0.0001,4,1,2.72617769241333,1.4485052824020386,-1.2776724100112915,0.2926056981086731,1.2611730098724365,0.23201075175107752
9,32,0.0,0.001,4,2,0.9949495792388916,1.449403166770935,0.45445358753204346,0.5723421573638916,1.3029779195785522,0.4392569887515941
9,64,0.0,0.005,8,2,2.2140920162200928,1.4498687982559204,-0.7642232179641724,0.18037918210029602,1.3029779195785522,0.13843610040501653
9,32,0.3,0.005,4,2,1.6932213306427002,1.4512097835540771,-0.24201154708862305,0.5203934907913208,1.3029779195785522,0.3993878046372742
3,8,0.2,0.001,16,2,4.068380355834961,1.4520950317382812,-2.6162853240966797,0.07203634828329086,1.2289718389511108,0.05861513339863966
9,8,0.3,0.001,4,1,2.193035364151001,1.4525047540664673,-0.7405306100845337,0.4140520393848419,1.3029779195785522,0.31777364233368355
6,32,0.0,0.001,16,2,1.976869821548462,1.4532289505004883,-0.5236408710479736,0.6418610215187073,1.2611730098724365,0.5089397065226042
9,8,0.0,0.001,8,1,2.0339083671569824,1.4550343751907349,-0.5788739919662476,0.6657459735870361,1.3029779195785522,0.5109418690704839
3,8,0.4,0.0001,4,1,3.0395565032958984,1.455710530281067,-1.5838459730148315,0.31842276453971863,1.2289718389511108,0.2590968763055487
3,32,0.0,0.0005,16,1,2.882988929748535,1.4560614824295044,-1.4269274473190308,0.2286609709262848,1.2289718389511108,0.1860587555215584
3,16,0.0,0.0005,16,1,2.8990542888641357,1.4561569690704346,-1.4428973197937012,0.28163209557533264,1.2289718389511108,0.22916073961116706
3,32,0.4,0.0005,8,1,2.8055419921875,1.45694100856781,-1.34860098361969,0.3811136484146118,1.2289718389511108,0.31010771470555454
3,32,0.3,0.0005,16,1,2.8945910930633545,1.4574167728424072,-1.4371743202209473,0.2251657247543335,1.2289718389511108,0.18321471462397823
3,16,0.2,0.0001,8,1,3.002817153930664,1.457552433013916,-1.545264720916748,0.4818565547466278,1.2289718389511108,0.39208103837259395
6,32,0.2,0.005,4,1,1.0010441541671753,1.4587188959121704,0.4576747417449951,0.7121623754501343,1.2611730098724365,0.5646825375070207
3,32,0.2,0.0001,8,2,4.087388515472412,1.4592112302780151,-2.628177285194397,0.02598165161907673,1.2289718389511108,0.0211409658021548
6,8,0.3,0.001,4,1,2.1705074310302734,1.4608910083770752,-0.7096164226531982,0.7082597613334656,1.2611730098724365,0.5615881055090957
6,8,0.4,0.005,4,1,1.1357619762420654,1.460929274559021,0.32516729831695557,0.5637479424476624,1.2611730098724365,0.4470028600633339
6,8,0.4,0.001,8,2,2.5334925651550293,1.4611321687698364,-1.0723603963851929,0.26135003566741943,1.2611730098724365,0.20722774244419814
9,64,0.3,0.0001,16,2,3.5771098136901855,1.4612972736358643,-2.1158125400543213,0.016553262248635292,1.3029779195785522,0.012704177100705927
6,8,0.1,0.0005,8,1,2.7045693397521973,1.46134352684021,-1.2432258129119873,0.20037496089935303,1.2611730098724365,0.1588798359390995
9,64,0.3,0.005,4,2,1.2198914289474487,1.4615861177444458,0.24169468879699707,0.4657956063747406,1.3029779195785522,0.3574854181146846
3,8,0.2,0.001,8,1,2.892451047897339,1.4617342948913574,-1.4307167530059814,0.34369856119155884,1.2289718389511108,0.2796634961830328
9,16,0.3,0.005,16,2,1.7850415706634521,1.4624589681625366,-0.3225826025009155,0.5073833465576172,1.3029779195785522,0.3894028739349092
6,32,0.0,0.0005,4,1,2.030517816543579,1.4629850387573242,-0.5675327777862549,0.4696286618709564,1.2611730098724365,0.3723744943752466
3,64,0.3,0.0005,16,1,2.7273964881896973,1.4635885953903198,-1.2638078927993774,0.45117923617362976,1.2289718389511108,0.36711926333372874
3,16,0.3,0.0001,8,1,3.032198667526245,1.463993787765503,-1.5682048797607422,0.25603845715522766,1.2289718389511108,0.20833549560724557
6,8,0.4,0.0005,8,1,3.0103564262390137,1.4640690088272095,-1.5462874174118042,0.0854974165558815,1.2611730098724365,0.0677919808675015
9,64,0.0,0.005,4,2,0.6443572044372559,1.464816689491272,0.8204594850540161,0.5482065677642822,1.3029779195785522,0.42073358230168584
9,32,0.2,0.001,8,1,1.788388967514038,1.4661809206008911,-0.322208046913147,0.7828421592712402,1.3029779195785522,0.6008099964767248
6,8,0.3,0.005,16,1,1.5652495622634888,1.4666125774383545,-0.09863698482513428,0.5211020112037659,1.2611730098724365,0.41318836283728716
9,8,0.2,0.005,8,1,1.9830812215805054,1.4668270349502563,-0.516254186630249,0.6109828948974609,1.3029779195785522,0.46891270045088956
3,16,0.0,0.0005,16,2,2.940232038497925,1.4676766395568848,-1.47255539894104,0.20552855730056763,1.2289718389511108,0.16723618132371515
3,16,0.2,0.0005,16,1,2.9072768688201904,1.4680123329162598,-1.4392645359039307,0.2276514321565628,1.2289718389511108,0.18523730564148339
9,64,0.4,0.005,8,2,1.4409085512161255,1.4686169624328613,0.02770841121673584,0.5757796764373779,1.3029779195785522,0.44189519084376633
9,32,0.0,0.005,8,2,0.6482657194137573,1.4704078435897827,0.8221421241760254,0.6542471647262573,1.3029779195785522,0.5021168470282853
3,8,0.4,0.001,4,1,2.8810203075408936,1.4708774089813232,-1.4101428985595703,0.3499840497970581,1.2289718389511108,0.28477792468846036
6,16,0.1,0.005,16,1,1.4830137491226196,1.4717814922332764,-0.011232256889343262,0.6610724329948425,1.2611730098724365,0.5241726771981172
9,16,0.3,0.0001,8,2,3.6084611415863037,1.4735448360443115,-2.134916305541992,0.018014293164014816,1.3029779195785522,0.013825478462322318
6,8,0.0,0.0005,8,2,2.8991153240203857,1.4737364053726196,-1.4253789186477661,0.1314724087715149,1.2611730098724365,0.10424613256258386
9,64,0.0,0.001,4,1,1.8887429237365723,1.4749257564544678,-0.4138171672821045,0.38178277015686035,1.3029779195785522,0.2930078587059617
3,8,0.4,0.0005,16,2,3.0487797260284424,1.4751439094543457,-1.5736358165740967,0.04319087043404579,1.2289718389511108,0.035143905714640176
3,64,0.0,0.0001,16,1,2.998474597930908,1.47537100315094,-1.5231035947799683,0.1515529453754425,1.2289718389511108,0.12331685769528146
3,32,0.2,0.0005,16,2,4.072704315185547,1.4756633043289185,-2.5970410108566284,0.05967042222619057,1.2289718389511108,0.04855312411154792
3,16,0.2,0.0005,4,1,2.8039112091064453,1.4769762754440308,-1.3269349336624146,0.4343007504940033,1.2289718389511108,0.35338543710217596
6,64,0.0,0.005,8,1,0.6044325232505798,1.4785854816436768,0.8741529583930969,0.7043126225471497,1.2611730098724365,0.5584583693385482
6,16,0.2,0.001,4,1,2.078458070755005,1.478744626045227,-0.5997134447097778,0.5901437401771545,1.2611730098724365,0.4679324212915448
6,64,0.1,0.0005,16,1,2.1000537872314453,1.4788665771484375,-0.6211872100830078,0.5624046921730042,1.2611730098724365,0.4459377799639793
9,8,0.3,0.001,8,2,3.119563341140747,1.4789291620254517,-1.6406341791152954,0.15969832241535187,1.3029779195785522,0.12256410489826737
3,64,0.2,0.0005,16,1,2.7705206871032715,1.4795763492584229,-1.2909443378448486,0.37139996886253357,1.2289718389511108,0.30220380735453783
6,8,0.0,0.005,8,2,1.3289885520935059,1.479706883430481,0.1507183313369751,0.4496481716632843,1.2611730098724365,0.35653171146499935
12,8,0.3,0.0005,4,2,2.195321798324585,1.4800872802734375,-0.7152345180511475,0.12344592809677124,0.3633994162082672,0.3396976510992064
6,64,0.1,0.0005,4,1,1.8267219066619873,1.4807376861572266,-0.34598422050476074,0.52668297290802,1.2611730098724365,0.41761357782410224
3,64,0.2,0.005,16,2,2.9076080322265625,1.4812229871749878,-1.4263850450515747,0.46996477246284485,1.2289718389511108,0.3824048343239054
9,8,0.4,0.005,4,2,1.5168979167938232,1.4812548160552979,-0.03564310073852539,0.4706288278102875,1.3029779195785522,0.36119478368636687
6,32,0.3,0.0005,8,1,2.2284255027770996,1.4818556308746338,-0.7465698719024658,0.49689897894859314,1.2611730098724365,0.3939974730341342
6,64,0.4,0.005,4,1,0.6622464656829834,1.4818869829177856,0.8196405172348022,0.6065302491188049,1.2611730098724365,0.48092549108718513
6,16,0.3,0.0001,16,2,3.9152286052703857,1.482447862625122,-2.4327807426452637,0.010461335070431232,1.2611730098724365,0.008294924636461545
12,64,0.1,0.0005,4,2,4.524029731750488,1.4826968908309937,-3.0413328409194946,0.015995487570762634,0.3633994162082672,0.044016272061360405
3,32,0.2,0.0005,16,1,2.861973285675049,1.48277747631073,-1.3791958093643188,0.2803012430667877,1.2289718389511108,0.22807784050285163
9,16,0.2,0.005,16,1,1.4501197338104248,1.4835375547409058,0.03341782093048096,0.8256142735481262,1.3029779195785522,0.6336364270970692
3,8,0.1,0.0001,16,1,3.0908453464508057,1.483795404434204,-1.6070499420166016,0.08618130534887314,1.2289718389511108,0.07012471939342906
6,16,0.4,0.001,4,1,2.131103515625,1.4847166538238525,-0.6463868618011475,0.40698933601379395,1.2611730098724365,0.3227069821728579
3,16,0.1,0.005,16,2,4.0803751945495605,1.4861910343170166,-2.594184160232544,0.08494722098112106,1.2289718389511108,0.06912055938858686
6,64,0.2,0.0005,16,2,3.859421491622925,1.4863076210021973,-2.3731138706207275,0.06296981126070023,1.2611730098724365,0.04992955825075056
12,32,0.3,0.005,4,2,1.2745267152786255,1.4870160818099976,0.21248936653137207,0.22338134050369263,0.3633994162082672,0.6146992277380846
3,64,0.2,0.0001,8,1,2.9149608612060547,1.489071011543274,-1.4258898496627808,0.3183656334877014,1.2289718389511108,0.25905038943725234
6,64,0.3,0.001,16,1,1.7489959001541138,1.4908885955810547,-0.2581073045730591,0.6397017240524292,1.2611730098724365,0.5072275723036072
3,8,0.4,0.0005,8,2,3.0279979705810547,1.4912610054016113,-1.5367369651794434,0.046631794422864914,1.2289718389511108,0.03794374528765744
9,64,0.3,0.005,8,2,1.7208259105682373,1.492601990699768,-0.22822391986846924,0.3293028771877289,1.3029779195785522,0.2527309728274151
3,8,0.1,0.0001,4,1,3.066869020462036,1.49294114112854,-1.573927879333496,0.731333315372467,1.2289718389511108,0.5950773583198108
6,32,0.2,0.0005,16,2,3.87408447265625,1.4932191371917725,-2.3808653354644775,0.03884153440594673,1.2611730098724365,0.030797942948267997
9,16,0.0,0.005,4,2,1.357617974281311,1.4942679405212402,0.1366499662399292,0.37592998147010803,1.3029779195785522,0.2885160030890642
9,32,0.1,0.001,16,2,3.5694470405578613,1.4943407773971558,-2.0751062631607056,0.022018680348992348,1.3029779195785522,0.016898736362404576
9,64,0.0,0.005,16,2,1.1511255502700806,1.4944785833358765,0.3433530330657959,0.4686751663684845,1.3029779195785522,0.3596954018377206
12,8,0.2,0.0005,4,2,4.543283462524414,1.4953080415725708,-3.0479754209518433,0.00292174587957561,0.3633994162082672,0.00804004010259921
9,16,0.1,0.005,8,2,2.302401542663574,1.4975707530975342,-0.80483078956604,0.3628639280796051,1.3029779195785522,0.27848816363440243
9,32,0.0,0.005,8,1,0.7967430353164673,1.4985530376434326,0.7018100023269653,0.7195169925689697,1.3029779195785522,0.5522096589339728
3,16,0.3,0.001,8,1,2.714709997177124,1.500763177871704,-1.21394681930542,0.5376341342926025,1.2289718389511108,0.4374666019617313
6,64,0.3,0.0001,4,2,3.882195234298706,1.5011370182037354,-2.3810582160949707,0.08541558682918549,1.2611730098724365,0.06772709704422313
6,32,0.2,0.0001,4,1,2.7944071292877197,1.5015828609466553,-1.2928242683410645,0.243109330534935,1.2611730098724365,0.1927644570823195
3,16,0.3,0.0005,16,1,2.958712100982666,1.50198495388031,-1.456727147102356,0.1810370534658432,1.2289718389511108,0.14730773133121805
6,16,0.1,0.005,4,1,1.4952354431152344,1.5024529695510864,0.007217526435852051,0.7353140711784363,1.2611730098724365,0.5830398093064256
3,8,0.3,0.0001,16,1,4.193025588989258,1.5031157732009888,-2.689909815788269,0.08287191390991211,1.2289718389511108,0.06743190631661723
3,64,0.0,0.0001,16,2,2.9587738513946533,1.5037834644317627,-1.4549903869628906,0.1440107673406601,1.2289718389511108,0.11717987571104053
9,64,0.4,0.005,4,2,1.5033998489379883,1.5038347244262695,0.00043487548828125,0.725429117679596,1.3029779195785522,0.5567470536371297
9,8,0.1,0.001,4,2,3.4832215309143066,1.5044423341751099,-1.9787791967391968,0.024247905239462852,1.3029779195785522,0.018609605638832183
3,32,0.4,0.0005,16,1,2.913719415664673,1.5059577226638794,-1.4077616930007935,0.1829422563314438,1.2289718389511108,0.14885797260218697
6,32,0.2,0.001,16,1,2.1817033290863037,1.5066064596176147,-0.675096869468689,0.5562653541564941,1.2611730098724365,0.44106982135048906
12,8,0.2,0.0001,4,2,4.541679859161377,1.5069581270217896,-3.0347217321395874,0.006293830927461386,0.3633994162082672,0.01731932041369692
6,64,0.4,0.005,4,2,1.986851453781128,1.5070631504058838,-0.47978830337524414,0.44806307554244995,1.2611730098724365,0.3552748687412602
9,16,0.2,0.0001,16,2,3.672973394393921,1.507391333580017,-2.165582060813904,0.017252188175916672,1.3029779195785522,0.013240583678882974
6,16,0.2,0.001,8,1,2.0171852111816406,1.5074996948242188,-0.5096855163574219,0.5263462066650391,1.2611730098724365,0.41734655161885936
9,32,0.0,0.0005,4,1,2.0652806758880615,1.5075474977493286,-0.5577331781387329,0.509363055229187,1.3029779195785522,0.3909222463216724
6,8,0.2,0.0005,4,1,2.831397771835327,1.5087093114852905,-1.3226884603500366,0.25192299485206604,1.2611730098724365,0.19975292277904616
3,32,0.0,0.0001,16,2,2.9964871406555176,1.508833885192871,-1.4876532554626465,0.10542508214712143,1.2289718389511108,0.08578315532201165
6,16,0.0,0.005,4,1,0.8932230472564697,1.5088469982147217,0.615623950958252,0.5096958875656128,1.2611730098724365,0.40414430341889956
9,64,0.0,0.001,4,2,0.9156653881072998,1.511122703552246,0.5954573154449463,0.5946359634399414,1.3029779195785522,0.456366876602388
3,8,0.3,0.0001,4,1,3.067477226257324,1.5111380815505981,-1.556339144706726,0.3162282407283783,1.2289718389511108,0.25731121796758927
3,64,0.3,0.0005,8,1,2.673072338104248,1.511767029762268,-1.16130530834198,0.5469042658805847,1.2289718389511108,0.4450095995261783
12,16,0.0,0.005,16,1,1.6100664138793945,1.5119553804397583,-0.09811103343963623,0.2665793299674988,0.3633994162082672,0.7335711563573893
3,8,0.0,0.001,16,2,2.8931281566619873,1.5126203298568726,-1.3805078268051147,0.21207872033119202,1.2289718389511108,0.17256597231080137
9,32,0.3,0.001,8,1,1.6589179039001465,1.5141587257385254,-0.1447591781616211,0.5826440453529358,1.3029779195785522,0.4471634066841223
3,16,0.3,0.0001,16,1,4.214432239532471,1.5154057741165161,-2.6990264654159546,0.35392889380455017,1.2289718389511108,0.28798779808218994
12,64,0.1,0.0001,4,2,4.58845853805542,1.5162869691848755,-3.0721715688705444,0.00762482825666666,0.3633994162082672,0.020981949658105143
9,16,0.4,0.001,4,1,2.368802070617676,1.5164293050765991,-0.8523727655410767,0.5173133611679077,1.3029779195785522,0.39702388919624404
6,64,0.0,0.005,8,2,1.2752765417099,1.5166352987289429,0.24135875701904297,0.48805904388427734,1.2611730098724365,0.3869881769303348
6,8,0.2,0.001,4,2,2.7751359939575195,1.5170879364013672,-1.2580480575561523,0.06670231372117996,1.2611730098724365,0.0528891065690715
9,8,0.0,0.0005,8,2,2.4406020641326904,1.517408013343811,-0.9231940507888794,0.3170877695083618,1.3029779195785522,0.24335621098700103
6,16,0.4,0.005,4,1,1.1376800537109375,1.5190715789794922,0.3813915252685547,0.49463650584220886,1.2611730098724365,0.39220352954765475
9,32,0.1,0.005,16,2,3.538156270980835,1.519187331199646,-2.018968939781189,0.05002850294113159,1.3029779195785522,0.03839551092110087
9,16,0.4,0.0005,4,2,2.8855979442596436,1.5192444324493408,-1.3663535118103027,0.1958754062652588,1.3029779195785522,0.15032902961902425
3,32,0.2,0.001,16,1,2.641903877258301,1.5196794271469116,-1.1222244501113892,0.6132684946060181,1.2289718389511108,0.49900939563385244
3,64,0.4,0.001,8,2,2.8179192543029785,1.5199414491653442,-1.2979778051376343,0.4488748013973236,1.2289718389511108,0.3652441717301059
9,8,0.0,0.001,16,2,1.9720618724822998,1.521483302116394,-0.45057857036590576,0.7031778693199158,1.3029779195785522,0.5396698276724124
9,8,0.2,0.005,8,2,2.2333812713623047,1.5237396955490112,-0.7096415758132935,0.28113654255867004,1.3029779195785522,0.21576462527438958
6,64,0.1,0.001,8,2,3.8976337909698486,1.5247881412506104,-2.3728456497192383,0.030111752450466156,1.2611730098724365,0.023875988634986616
3,32,0.2,0.0001,4,1,2.9517929553985596,1.5248770713806152,-1.4269158840179443,0.31179267168045044,1.2289718389511108,0.2537020473524892
3,16,0.4,0.001,16,1,2.7850723266601562,1.5267107486724854,-1.258361577987671,0.38116058707237244,1.2289718389511108,0.31014590814194826
3,8,0.2,0.001,16,1,2.8822085857391357,1.526755690574646,-1.3554528951644897,0.21200835704803467,1.2289718389511108,0.17250871853091215
12,8,0.1,0.0005,16,1,2.629920482635498,1.5292940139770508,-1.1006264686584473,0.07244689017534256,0.3633994162082672,0.19935885129166703
3,8,0.1,0.0005,8,1,2.8785271644592285,1.5297435522079468,-1.3487836122512817,0.3257795572280884,1.2289718389511108,0.26508301240338517
3,16,0.2,0.001,8,1,2.7657413482666016,1.5301254987716675,-1.235615849494934,0.42354264855384827,1.2289718389511108,0.3446316954791484
3,8,0.0,0.0001,16,2,4.19528341293335,1.530278205871582,-2.6650052070617676,0.09041798859834671,1.2289718389511108,0.07357205896232386
3,16,0.1,0.001,16,1,2.7995522022247314,1.531090497970581,-1.2684617042541504,0.33138102293014526,1.2289718389511108,0.2696408594789028
3,8,0.1,0.001,8,1,2.7677717208862305,1.5313175916671753,-1.2364541292190552,0.5173437595367432,1.2289718389511108,0.4209565615256733
6,8,0.4,0.0005,8,2,2.777580976486206,1.5328351259231567,-1.2447458505630493,0.20076608657836914,1.2611730098724365,0.15918996442738334
6,8,0.2,0.0005,16,2,4.019948959350586,1.5330132246017456,-2.4869357347488403,0.05234752222895622,1.2611730098724365,0.04150701118655481
9,8,0.0,0.001,4,2,1.9485490322113037,1.533402681350708,-0.4151463508605957,0.6463251113891602,1.3029779195785522,0.4960368872545544
9,32,0.4,0.0005,8,2,2.851830244064331,1.5342671871185303,-1.3175630569458008,0.22682009637355804,1.3029779195785522,0.17407823491508048
3,8,0.1,0.005,4,2,2.8120481967926025,1.5344181060791016,-1.277630090713501,0.3611334264278412,1.2289718389511108,0.2938500419473056
6,64,0.3,0.001,8,1,1.6446318626403809,1.5346426963806152,-0.10998916625976562,0.6954584121704102,1.2611730098724365,0.5514377541593231
9,8,0.2,0.005,16,1,1.8903990983963013,1.5347410440444946,-0.35565805435180664,0.5187761187553406,1.3029779195785522,0.39814651573154713
3,32,0.1,0.0005,8,1,2.734592914581299,1.534881591796875,-1.1997113227844238,0.47364065051078796,1.2289718389511108,0.38539585326464887
3,16,0.4,0.0001,4,1,2.961381435394287,1.535151720046997,-1.42622971534729,0.291140615940094,1.2289718389511108,0.23689771133289225
3,32,0.1,0.0005,16,2,4.163385391235352,1.5366283655166626,-2.626757025718689,0.03933871164917946,1.2289718389511108,0.032009449201662606
9,16,0.4,0.001,4,2,2.6595754623413086,1.5373167991638184,-1.1222586631774902,0.4404435157775879,1.3029779195785522,0.3380283803428144
9,32,0.2,0.001,16,2,3.4615635871887207,1.5381301641464233,-1.9234334230422974,0.08442274481058121,1.3029779195785522,0.06479215306878547
6,32,0.0,0.001,8,2,1.7115535736083984,1.538155436515808,-0.17339813709259033,0.5493348836898804,1.2611730098724365,0.4355745638304167
6,8,0.4,0.001,4,2,2.2344343662261963,1.5386183261871338,-0.6958160400390625,0.729565441608429,1.2611730098724365,0.5784816483522923
6,64,0.2,0.0001,16,2,3.9861185550689697,1.5405142307281494,-2.4456043243408203,0.018937939777970314,1.2611730098724365,0.015016131513856156
9,64,0.0,0.005,8,1,0.819774866104126,1.540812373161316,0.7210375070571899,0.5362040996551514,1.3029779195785522,0.4115220155293087
6,32,0.2,0.001,8,1,1.7585035562515259,1.543648600578308,-0.21485495567321777,0.45331546664237976,1.2611730098724365,0.3594395559481812
9,8,0.1,0.005,8,1,1.5335880517959595,1.5439345836639404,0.010346531867980957,0.9475657939910889,1.3029779195785522,0.7272308914471695
3,8,0.4,0.0005,4,2,2.909348726272583,1.544113039970398,-1.365235686302185,0.147988423705101,1.2289718389511108,0.12041644813554436
6,64,0.4,0.005,8,2,1.954781174659729,1.544312834739685,-0.41046833992004395,0.4907580018043518,1.2611730098724365,0.38912821473557413
6,32,0.3,0.005,16,2,2.183006525039673,1.5445013046264648,-0.638505220413208,0.4194435179233551,1.2611730098724365,0.33258206022485404
3,64,0.4,0.0005,8,1,2.646043062210083,1.5446386337280273,-1.1014044284820557,0.5417053699493408,1.2289718389511108,0.44077931876101367
6,8,0.1,0.0005,8,2,4.001559734344482,1.544745683670044,-2.4568140506744385,0.04332950338721275,1.2611730098724365,0.034356510207584755
3,32,0.4,0.0005,4,1,2.6783690452575684,1.545337200164795,-1.1330318450927734,0.5278103947639465,1.2289718389511108,0.42947314009604665
3,32,0.3,0.0001,8,1,2.9525957107543945,1.5454782247543335,-1.407117486000061,0.35649392008781433,1.2289718389511108,0.2900749299447502
3,64,0.1,0.0001,4,2,4.182276725769043,1.545719861984253,-2.63655686378479,0.02755592204630375,1.2289718389511108,0.022421931221647737
3,16,0.1,0.0001,4,2,4.194351673126221,1.5458714962005615,-2.648480176925659,0.018918907269835472,1.2289718389511108,0.015394093395974126
6,16,0.2,0.001,8,2,3.874978542327881,1.5459660291671753,-2.3290125131607056,0.0937768742442131,1.2611730098724365,0.07435686738467256
6,64,0.4,0.001,16,1,1.7510766983032227,1.5473088026046753,-0.20376789569854736,0.5695894956588745,1.2611730098724365,0.45163470134560413
3,32,0.0,0.0005,8,1,2.764662981033325,1.548037052154541,-1.2166259288787842,0.3801206350326538,1.2289718389511108,0.30929971134007017
6,64,0.3,0.0005,8,1,2.056016206741333,1.5494287014007568,-0.5065875053405762,0.5076568126678467,1.2611730098724365,0.40252749519211045
3,32,0.0,0.0005,16,2,2.7841508388519287,1.5494924783706665,-1.2346583604812622,0.32582202553749084,1.2289718389511108,0.2651175683696461
6,32,0.0,0.0001,4,2,2.8305118083953857,1.54962956905365,-1.2808822393417358,0.17846105992794037,1.2611730098724365,0.14150402722778782
9,16,0.0,0.001,4,1,1.8052146434783936,1.5512750148773193,-0.2539396286010742,0.8401059508323669,1.3029779195785522,0.6447583939903594
3,16,0.2,0.0001,16,2,4.208425045013428,1.5513339042663574,-2.6570911407470703,0.03700268641114235,1.2289718389511108,0.030108652809101785
6,16,0.1,0.001,4,1,1.996451497077942,1.5522404909133911,-0.4442110061645508,0.5666124224662781,1.2611730098724365,0.4492741424299819
9,8,0.1,0.0005,16,2,3.695610523223877,1.5525075197219849,-2.143103003501892,0.014081636443734169,1.3029779195785522,0.010807271736645292
3,64,0.4,0.001,16,1,2.601452350616455,1.552922010421753,-1.0485303401947021,0.7069981098175049,1.2289718389511108,0.5752760864080545
6,8,0.3,0.0005,16,2,4.008073806762695,1.5534769296646118,-2.4545968770980835,0.05873402953147888,1.2611730098724365,0.04657095344707673
3,64,0.3,0.0001,4,1,2.8652946949005127,1.5538322925567627,-1.31146240234375,0.28476977348327637,1.2289718389511108,0.23171383139773039
3,16,0.4,0.0001,8,1,3.012930393218994,1.5562403202056885,-1.4566900730133057,0.22827862203121185,1.2289718389511108,0.18574764270110578
3,64,0.3,0.001,16,1,2.615933656692505,1.5570712089538574,-1.0588624477386475,0.6648979783058167,1.2289718389511108,0.5410197021872254
3,8,0.1,0.001,16,2,4.203117370605469,1.5571848154067993,-2.6459325551986694,0.0530334934592247,1.2289718389511108,0.043152732860410485
6,64,0.0,0.0005,16,2,2.141688823699951,1.5574020147323608,-0.5842868089675903,0.551423966884613,1.2611730098724365,0.4372310242671525
3,16,0.1,0.0005,4,1,2.6604723930358887,1.5577647686004639,-1.1027076244354248,0.5514940619468689,1.2289718389511108,0.44874426286085767
3,16,0.2,0.001,16,1,2.9049384593963623,1.5577905178070068,-1.3471479415893555,0.2620304822921753,1.2289718389511108,0.21321113632335964
3,32,0.1,0.0001,4,1,2.909331798553467,1.558227777481079,-1.3511040210723877,0.31313392519950867,1.2289718389511108,0.2547934096413134
6,32,0.4,0.005,16,2,1.4955991506576538,1.558521032333374,0.06292188167572021,0.4479210376739502,1.2611730098724365,0.35516224512230554
3,32,0.1,0.0001,8,1,2.8990659713745117,1.5609580278396606,-1.338107943534851,0.27156296372413635,1.2289718389511108,0.22096760488499628
9,8,0.4,0.005,4,1,1.002829909324646,1.560996174812317,0.5581662654876709,0.7793824672698975,1.3029779195785522,0.598154777267437
3,32,0.0,0.001,16,1,2.629575252532959,1.5613470077514648,-1.0682282447814941,0.6096073389053345,1.2289718389511108,0.4960303560947461
6,8,0.1,0.001,8,1,2.425060987472534,1.5615402460098267,-0.8635207414627075,0.23863373696804047,1.2611730098724365,0.18921570244527947
3,64,0.1,0.0005,8,1,2.662304401397705,1.562272071838379,-1.1000323295593262,0.5120930671691895,1.2289718389511108,0.4166841346065707
3,8,0.0,0.0005,16,1,2.9164834022521973,1.5638700723648071,-1.3526133298873901,0.168022021651268,1.2289718389511108,0.13671755228717816
9,16,0.1,0.0005,8,1,2.174637794494629,1.5647013187408447,-0.6099364757537842,0.4748360812664032,1.3029779195785522,0.3644237359141042
3,16,0.3,0.0005,4,1,2.8558547496795654,1.5662626028060913,-1.2895921468734741,0.2846200168132782,1.2289718389511108,0.23159197614828383
9,16,0.2,0.005,8,2,2.1136889457702637,1.5668009519577026,-0.546887993812561,0.3641265034675598,1.3029779195785522,0.2794571557938115
3,32,0.1,0.0005,16,1,2.8272488117218018,1.5677274465560913,-1.2595213651657104,0.24496392905712128,1.2289718389511108,0.19932428172332278
6,16,0.3,0.005,8,2,1.705759048461914,1.5677366256713867,-0.13802242279052734,0.4121406078338623,1.2611730098724365,0.3267914906262932
3,8,0.1,0.0005,16,1,2.9558393955230713,1.56875741481781,-1.3870819807052612,0.16105054318904877,1.2289718389511108,0.13104494186498233
3,16,0.0,0.001,16,2,2.833428144454956,1.569190502166748,-1.264237642288208,0.2403891235589981,1.2289718389511108,0.1956018160384885
3,8,0.3,0.0005,8,1,2.89569354057312,1.5697786808013916,-1.3259148597717285,0.23322057723999023,1.2289718389511108,0.1897688538079414
9,32,0.4,0.001,16,2,3.080199718475342,1.5717326402664185,-1.5084670782089233,0.11541963368654251,1.3029779195785522,0.08858141949471787
3,8,0.0,0.0005,16,2,3.001436471939087,1.5719757080078125,-1.4294607639312744,0.037794772535562515,1.2289718389511108,0.030753164017020256
3,16,0.4,0.0005,4,1,2.7793538570404053,1.5728602409362793,-1.206493616104126,0.3810577690601349,1.2289718389511108,0.3100622463288954
3,64,0.0,0.0001,8,1,2.915475845336914,1.5729279518127441,-1.34254789352417,0.2622038424015045,1.2289718389511108,0.21335219741510703
6,64,0.2,0.005,4,2,1.8303334712982178,1.573341965675354,-0.25699150562286377,0.40872278809547424,1.2611730098724365,0.3240814582107297
9,32,0.3,0.001,16,2,3.328636646270752,1.5739974975585938,-1.7546391487121582,0.13211943209171295,1.3029779195785522,0.1013980590971541
3,32,0.3,0.0001,4,1,2.908252239227295,1.5748138427734375,-1.3334383964538574,0.28328800201416016,1.2289718389511108,0.23050813129773393
3,8,0.3,0.0001,8,2,3.013779878616333,1.5754907131195068,-1.4382891654968262,0.01755678839981556,1.2289718389511108,0.01428575321530535
3,64,0.1,0.0005,16,2,4.208998680114746,1.5754956007003784,-2.6335030794143677,0.028637727722525597,1.2289718389511108,0.02330218383764351
6,8,0.0,0.0005,4,2,2.297852039337158,1.5765055418014526,-0.7213464975357056,0.2817230820655823,1.2611730098724365,0.22338178811333556
3,8,0.4,0.005,16,2,2.73042893409729,1.5765763521194458,-1.1538525819778442,0.5145905613899231,1.2289718389511108,0.41871631642032586
3,64,0.4,0.0001,8,1,2.9064319133758545,1.5775983333587646,-1.3288335800170898,0.26059871912002563,1.2289718389511108,0.212046127389248
9,8,0.3,0.005,8,1,1.1962459087371826,1.5784941911697388,0.38224828243255615,0.8645142316818237,1.3029779195785522,0.6634910835338258
9,64,0.1,0.005,16,2,3.4233598709106445,1.5791432857513428,-1.8442165851593018,0.11164355278015137,1.3029779195785522,0.08568338043384682
6,8,0.1,0.0001,16,2,4.047855854034424,1.5798555612564087,-2.468000292778015,0.029629560187458992,1.2611730098724365,0.023493652302673307
9,8,0.0,0.005,8,2,1.6057049036026,1.580155611038208,-0.02554929256439209,0.8550460934638977,1.3029779195785522,0.656224545800793
9,16,0.2,0.0001,8,2,3.7231268882751465,1.58296799659729,-2.1401588916778564,0.01363517064601183,1.3029779195785522,0.010464621419234887
6,64,0.3,0.0001,16,2,4.031991004943848,1.5830096006393433,-2.4489814043045044,0.029139675199985504,1.2611730098724365,0.02310521631202121
9,64,0.0,0.0005,4,2,1.5336143970489502,1.583670973777771,0.0500565767288208,0.8564818501472473,1.3029779195785522,0.6573264498789635
3,64,0.3,0.0001,8,1,2.939486265182495,1.5839248895645142,-1.355561375617981,0.30877232551574707,1.2289718389511108,0.25124442703200967
3,64,0.2,0.0005,8,1,2.624213695526123,1.5844992399215698,-1.0397144556045532,0.5662989020347595,1.2289718389511108,0.46079078794684014
3,8,0.4,0.0005,4,1,2.856336832046509,1.5846608877182007,-1.271675944328308,0.24451585114002228,1.2289718389511108,0.19895968596701852
6,16,0.0,0.005,16,1,1.5411840677261353,1.5849037170410156,0.04371964931488037,0.5803405046463013,1.2611730098724365,0.46015931208756267
3,64,0.0,0.0005,16,2,2.6198925971984863,1.5855131149291992,-1.034379482269287,0.5830344557762146,1.2289718389511108,0.47440831213334905
3,32,0.1,0.0005,4,1,2.625340461730957,1.5860203504562378,-1.0393201112747192,0.5747776031494141,1.2289718389511108,0.46768980779898817
3,32,0.2,0.0005,4,1,2.6395559310913086,1.5874193906784058,-1.0521365404129028,0.5586467385292053,1.2289718389511108,0.4545643120724336
3,64,0.2,0.001,16,1,2.5859055519104004,1.5876957178115845,-0.9982098340988159,0.7164564728736877,1.2289718389511108,0.5829722457148905
3,16,0.1,0.0005,16,2,4.236698627471924,1.5877553224563599,-2.648943305015564,0.028495589271187782,1.2289718389511108,0.023186527443548162
3,32,0.3,0.001,4,1,2.616729259490967,1.5881823301315308,-1.028546929359436,0.6386629939079285,1.2289718389511108,0.5196726024682611
6,8,0.1,0.005,8,1,1.5171284675598145,1.588507890701294,0.07137942314147949,0.6023799777030945,1.2611730098724365,0.47763468849053725
3,64,0.0,0.0001,8,2,2.871415853500366,1.588742971420288,-1.2826728820800781,0.27962514758110046,1.2289718389511108,0.22752770951997714
3,8,0.0,0.005,16,1,2.6166739463806152,1.5889519453048706,-1.0277220010757446,0.7725529670715332,1.2289718389511108,0.6286173064232969
3,32,0.0,0.0005,4,1,2.6142773628234863,1.5901901721954346,-1.0240871906280518,0.6483557820320129,1.2289718389511108,0.5275595107088575
3,8,0.0,0.0001,4,1,2.9602174758911133,1.590989351272583,-1.3692281246185303,0.3942205607891083,1.2289718389511108,0.3207726558857225
9,16,0.1,0.001,4,2,3.3157598972320557,1.5910707712173462,-1.7246891260147095,0.10374217480421066,1.3029779195785522,0.07961928843565211
6,64,0.1,0.001,16,2,4.008545875549316,1.591946005821228,-2.4165998697280884,0.030550094321370125,1.2611730098724365,0.024223555437853976
9,64,0.1,0.005,8,2,2.3830254077911377,1.5923223495483398,-0.7907030582427979,0.18351496756076813,1.3029779195785522,0.14084273018235488
9,8,0.1,0.001,16,2,3.730319023132324,1.592811107635498,-2.137507915496826,0.008641914464533329,1.3029779195785522,0.006632433546785316
9,16,0.1,0.005,4,1,1.7580244541168213,1.5962954759597778,-0.16172897815704346,0.6470972895622253,1.3029779195785522,0.49662951293259733
12,16,0.1,0.001,4,2,4.644348621368408,1.5965919494628906,-3.0477566719055176,0.002317107282578945,0.3633994162082672,0.00637619979348286
6,8,0.2,0.0005,4,2,3.971123695373535,1.5970823764801025,-2.3740413188934326,0.06057858467102051,1.2611730098724365,0.04803352450204103
3,64,0.1,0.001,8,2,4.2300238609313965,1.5971180200576782,-2.6329058408737183,0.05502801388502121,1.2289718389511108,0.04477565078463141
6,64,0.0,0.001,16,2,1.4784173965454102,1.5975093841552734,0.11909198760986328,0.5353186726570129,1.2611730098724365,0.42446093316820876
3,16,0.1,0.0005,8,1,2.9147567749023438,1.5978939533233643,-1.3168628215789795,0.1937253773212433,1.2289718389511108,0.15763207193305737
3,8,0.1,0.0001,8,2,4.250004768371582,1.5979408025741577,-2.6520639657974243,0.019674155861139297,1.2289718389511108,0.016008630334386324
6,8,0.0,0.0001,4,2,2.91351580619812,1.5986112356185913,-1.3149045705795288,0.08274601399898529,1.2611730098724365,0.06561035904768908
3,16,0.4,0.0005,4,2,2.7776312828063965,1.5987834930419922,-1.1788477897644043,0.34060922265052795,1.2289718389511108,0.2771497375735048
3,8,0.0,0.0001,16,1,4.197535037994385,1.5989211797714233,-2.5986138582229614,0.06919842213392258,1.2289718389511108,0.056305946109376497
3,8,0.2,0.0005,8,1,2.9342799186706543,1.5992085933685303,-1.335071325302124,0.21231438219547272,1.2289718389511108,0.1727577276112986
3,32,0.2,0.001,8,1,2.6020185947418213,1.600772738456726,-1.0012458562850952,0.660637378692627,1.2289718389511108,0.5375529021531205
3,32,0.2,0.0001,16,2,4.2607855796813965,1.6013535261154175,-2.659432053565979,0.04881518706679344,1.2289718389511108,0.039720346324986326
3,32,0.0,0.0001,8,1,2.924872398376465,1.6021326780319214,-1.3227397203445435,0.3680475056171417,1.2289718389511108,0.2994759472529971
3,64,0.4,0.0005,4,2,2.7536277770996094,1.6022907495498657,-1.1513370275497437,0.4790225327014923,1.2289718389511108,0.38977502780724665
6,32,0.2,0.001,8,2,3.9134230613708496,1.6035267114639282,-2.3098963499069214,0.05387544259428978,1.2611730098724365,0.042718518531996735
9,8,0.4,0.0001,16,1,3.7725393772125244,1.6053355932235718,-2.1672037839889526,0.21731680631637573,1.3029779195785522,0.1667847191045776
6,32,0.4,0.005,8,2,1.7815163135528564,1.6058976650238037,-0.17561864852905273,0.3585149645805359,1.2611730098724365,0.2842710411450991
9,64,0.1,0.0005,4,2,3.651116132736206,1.6076804399490356,-2.0434356927871704,0.051386576145887375,1.3029779195785522,0.039437795049135096
3,8,0.4,0.0001,4,2,2.9910998344421387,1.6090584993362427,-1.382041335105896,0.01151435635983944,1.2289718389511108,0.009369096992219597
9,16,0.2,0.005,4,1,0.8614070415496826,1.609557867050171,0.7481508255004883,0.8338941931724548,1.3029779195785522,0.63999103948145
9,16,0.3,0.005,4,2,1.6631096601486206,1.6100080013275146,-0.05310165882110596,0.5003528594970703,1.3029779195785522,0.38400716695100195
6,16,0.0,0.0001,4,2,2.8571813106536865,1.611574411392212,-1.2456068992614746,0.125380739569664,1.2611730098724365,0.09941597115398612
3,32,0.0,0.0001,4,1,2.9017233848571777,1.6121551990509033,-1.2895681858062744,0.2622487246990204,1.2289718389511108,0.21338871761523967
3,8,0.0,0.0005,4,2,2.771817207336426,1.612459421157837,-1.1593577861785889,0.314389169216156,1.2289718389511108,0.2558147870047839
3,8,0.0,0.001,8,2,2.8252453804016113,1.612859845161438,-1.2123855352401733,0.26287469267845154,1.2289718389511108,0.21389806043302578
3,64,0.1,0.0001,4,1,2.846055269241333,1.612928867340088,-1.2331264019012451,0.30422431230545044,1.2289718389511108,0.2475437619181709
3,8,0.0,0.0005,8,2,2.912529230117798,1.613112449645996,-1.2994167804718018,0.24101664125919342,1.2289718389511108,0.19611241984592065
6,64,0.0,0.001,4,2,2.2344987392425537,1.6137715578079224,-0.6207271814346313,0.44885528087615967,1.2611730098724365,0.355903018350797
3,16,0.0,0.001,8,2,2.6442394256591797,1.61422860622406,-1.0300108194351196,0.47802940011024475,1.2289718389511108,0.3889669274425588
3,32,0.3,0.0005,8,1,2.7767834663391113,1.6145588159561157,-1.1622246503829956,0.3232230246067047,1.2289718389511108,0.2630027917340771
3,64,0.4,0.0001,4,1,2.8321502208709717,1.6149404048919678,-1.217209815979004,0.2975558638572693,1.2289718389511108,0.2421177234713726
12,64,0.1,0.005,4,2,2.330260992050171,1.6160311698913574,-0.7142298221588135,0.06474682688713074,0.3633994162082672,0.17816987039413348
9,32,0.3,0.005,16,1,0.877970278263092,1.617510437965393,0.739540159702301,0.4384184777736664,1.3029779195785522,0.33647421893033513
3,32,0.4,0.001,8,1,2.6008453369140625,1.6177476644515991,-0.9830976724624634,0.6073005199432373,1.2289718389511108,0.49415332450705246
3,32,0.3,0.001,16,1,2.6908504962921143,1.618397831916809,-1.0724526643753052,0.4597361981868744,1.2289718389511108,0.37408196316300046
6,8,0.0,0.0001,8,1,4.040377140045166,1.6190955638885498,-2.421281576156616,0.06556712836027145,1.2611730098724365,0.05198900376634555
6,16,0.0,0.005,16,2,1.0983246564865112,1.6191091537475586,0.5207844972610474,0.5156491994857788,1.2611730098724365,0.40886475959229024
9,8,0.4,0.005,16,2,2.697287082672119,1.6194084882736206,-1.0778785943984985,0.306136816740036,1.3029779195785522,0.2349516535468658
3,64,0.1,0.0001,8,1,2.8818199634552,1.619765281677246,-1.262054681777954,0.24577195942401886,1.2289718389511108,0.19998176657471464
9,16,0.3,0.005,8,1,1.3402069807052612,1.6208105087280273,0.2806035280227661,0.36913344264030457,1.3029779195785522,0.2832998449887015
9,64,0.3,0.0001,4,2,3.530341386795044,1.6219958066940308,-1.9083455801010132,0.023228541016578674,1.3029779195785522,0.01782727141231368
6,32,0.2,0.005,16,1,1.2137993574142456,1.6225417852401733,0.40874242782592773,0.5442753434181213,1.2611730098724365,0.4315627904796131
6,16,0.0,0.001,16,2,2.189556360244751,1.6243901252746582,-0.5651662349700928,0.4490179717540741,1.2611730098724365,0.3560320180016307
3,64,0.1,0.0001,8,2,4.2780914306640625,1.625138282775879,-2.6529531478881836,0.019860945641994476,1.2289718389511108,0.01616061899265745
3,64,0.3,0.001,8,1,2.5982773303985596,1.626076579093933,-0.9722007513046265,0.687969446182251,1.2289718389511108,0.559792685542259
3,16,0.4,0.001,8,1,2.8020541667938232,1.6278703212738037,-1.1741838455200195,0.30153003334999084,1.2289718389511108,0.24535145866917288
3,16,0.0,0.0005,8,1,2.803107738494873,1.629015326499939,-1.174092411994934,0.31696534156799316,1.2289718389511108,0.2579109882928751
3,64,0.3,0.005,8,2,2.6124520301818848,1.6291102170944214,-0.9833418130874634,0.7974627614021301,1.2289718389511108,0.6488861144961139
3,64,0.2,0.0001,4,1,2.853677272796631,1.629368543624878,-1.224308729171753,0.22826573252677917,1.2289718389511108,0.18573715466222307
3,16,0.1,0.0001,8,2,4.295053005218506,1.6301480531692505,-2.6649049520492554,0.03416040167212486,1.2289718389511108,0.027795918986459202
3,8,0.1,0.001,16,1,2.7555949687957764,1.6304152011871338,-1.1251797676086426,0.3283626139163971,1.2289718389511108,0.2671848153954808
9,16,0.2,0.001,16,2,3.6709423065185547,1.6311373710632324,-2.0398049354553223,0.058342594653367996,1.3029779195785522,0.04477634945052552
3,8,0.2,0.0001,4,1,2.981282949447632,1.6317205429077148,-1.349562406539917,0.18080168962478638,1.2289718389511108,0.14711621852872966
12,8,0.0,0.0001,16,2,4.673759937286377,1.6321851015090942,-3.0415748357772827,0.011393810622394085,0.3633994162082672,0.031353409263222914
6,8,0.2,0.005,8,1,1.3932461738586426,1.6323330402374268,0.23908686637878418,0.519687294960022,1.2611730098724365,0.4120666164688908
9,8,0.2,0.005,16,2,2.328928232192993,1.633562445640564,-0.6953657865524292,0.15209263563156128,1.3029779195785522,0.11672694782176783
3,16,0.4,0.001,4,1,2.6065168380737305,1.635840892791748,-0.9706759452819824,0.5656088590621948,1.2289718389511108,0.46022930805715156
9,8,0.1,0.0005,4,2,2.7130212783813477,1.636210560798645,-1.0768107175827026,0.16915877163410187,1.3029779195785522,0.12982474153423584
6,16,0.0,0.001,4,2,1.916077733039856,1.637843370437622,-0.2782343626022339,0.4836984872817993,1.2611730098724365,0.3835306365545547
3,32,0.1,0.001,8,1,2.5742321014404297,1.6379953622817993,-0.9362367391586304,0.6748096942901611,1.2289718389511108,0.5490847494651221
3,32,0.2,0.0005,8,1,2.692878484725952,1.6397801637649536,-1.0530983209609985,0.45461809635162354,1.2289718389511108,0.36991742360803476
6,64,0.0,0.001,16,1,1.5075739622116089,1.6439467668533325,0.13637280464172363,0.5221592783927917,1.2611730098724365,0.414026683337924
6,32,0.1,0.001,16,2,4.068084239959717,1.644193410873413,-2.4238908290863037,0.03925067186355591,1.2611730098724365,0.03112235320317074
3,16,0.0,0.0001,8,2,2.9273841381073,1.6448755264282227,-1.2825086116790771,0.1812836080789566,1.2289718389511108,0.1475083499339387
3,16,0.2,0.0001,4,1,2.9435341358184814,1.646414041519165,-1.2971200942993164,0.2665432393550873,1.2289718389511108,0.21688311392275159
3,16,0.0,0.0005,4,1,2.69770884513855,1.6468182802200317,-1.050890564918518,0.4527576267719269,1.2289718389511108,0.36840358128819406
3,64,0.3,0.0005,4,1,2.5916571617126465,1.6482223272323608,-0.9434348344802856,0.6447216868400574,1.2289718389511108,0.5246024899889546
6,8,0.0,0.0001,4,1,2.995330333709717,1.649234652519226,-1.3460956811904907,0.3630613386631012,1.2611730098724365,0.2878759185465154
3,8,0.2,0.005,8,2,2.7533538341522217,1.6492691040039062,-1.1040847301483154,0.18318241834640503,1.2289718389511108,0.1490533896226178
3,64,0.1,0.001,16,2,4.292466640472412,1.649369716644287,-2.643096923828125,0.05310213193297386,1.2289718389511108,0.04320858318307348
9,32,0.3,0.0005,8,2,3.258939266204834,1.6495000123977661,-1.6094392538070679,0.1773829311132431,1.3029779195785522,0.1361365595286661
3,8,0.3,0.001,4,2,2.890068769454956,1.6497622728347778,-1.2403064966201782,0.14283087849617004,1.2289718389511108,0.1162198139691075
6,32,0.2,0.005,8,1,0.9425798654556274,1.6510226726531982,0.7084428071975708,0.6128038763999939,1.2611730098724365,0.48589992935384574
6,8,0.0,0.005,16,1,1.8807885646820068,1.6515315771102905,-0.2292569875717163,0.5367556214332581,1.2611730098724365,0.42560030799227866
6,32,0.1,0.0001,4,2,4.1012187004089355,1.6517525911331177,-2.449466109275818,0.011383849196135998,1.2611730098724365,0.009026397732129897
3,8,0.4,0.005,4,2,2.307265281677246,1.651962399482727,-0.655302882194519,0.25212207436561584,1.2289718389511108,0.20514878077336107
3,64,0.0,0.001,16,1,2.5743844509124756,1.652529001235962,-0.9218554496765137,0.7113677263259888,1.2289718389511108,0.5788315922137963
3,8,0.2,0.0001,16,2,4.31023645401001,1.6536086797714233,-2.6566277742385864,0.049257487058639526,1.2289718389511108,0.04008024065114402
3,8,0.0,0.0001,4,2,2.9063777923583984,1.6542764902114868,-1.2521013021469116,0.26503175497055054,1.2289718389511108,0.21565323677127288
3,64,0.0,0.0001,4,2,2.8392839431762695,1.6544007062911987,-1.1848832368850708,0.2263517826795578,1.2289718389511108,0.18417979607469442
3,8,0.1,0.0005,8,2,2.9578182697296143,1.6549932956695557,-1.3028249740600586,0.03415009006857872,1.2289718389511108,0.027787528555353033
3,32,0.1,0.001,16,1,2.5753591060638428,1.6553059816360474,-0.9200531244277954,0.7178575396537781,1.2289718389511108,0.5841122773540907
6,16,0.2,0.0001,8,2,4.132997035980225,1.6562016010284424,-2.4767954349517822,0.05508914589881897,1.2611730098724365,0.04368087920339419
3,64,0.0,0.0001,4,1,2.841848373413086,1.6578229665756226,-1.1840254068374634,0.20563934743404388,1.2289718389511108,0.16732632995850472
9,8,0.1,0.001,8,1,2.1963696479797363,1.6585309505462646,-0.5378386974334717,0.11806273460388184,1.3029779195785522,0.09060992732867583
3,8,0.0,0.001,4,2,2.6728694438934326,1.6588075160980225,-1.0140619277954102,0.43859973549842834,1.2289718389511108,0.3568834708798206
6,64,0.1,0.005,4,1,0.5616613030433655,1.660097599029541,1.0984362959861755,0.7793177366256714,1.2611730098724365,0.6179308711217161
3,8,0.0,0.0001,8,1,2.9783737659454346,1.6606935262680054,-1.3176802396774292,0.09630073606967926,1.2289718389511108,0.07835878172104328
3,64,0.4,0.001,16,2,2.745621919631958,1.6607065200805664,-1.0849153995513916,0.5331372618675232,1.2289718389511108,0.43380754950621103
6,32,0.1,0.0005,4,2,4.062755584716797,1.6608909368515015,-2.4018646478652954,0.04301884397864342,1.2611730098724365,0.03411018444090762
3,64,0.0,0.0005,8,1,2.6031880378723145,1.6611881256103516,-0.9419999122619629,0.5649242997169495,1.2289718389511108,0.4596722901308257
3,16,0.0,0.001,16,1,2.723207473754883,1.6621849536895752,-1.0610225200653076,0.40526658296585083,1.2289718389511108,0.3297606748350989
3,32,0.0,0.001,8,1,2.555004119873047,1.6623682975769043,-0.8926358222961426,0.6698828935623169,1.2289718389511108,0.5450758693820364
3,8,0.3,0.001,16,2,2.9381072521209717,1.6626017093658447,-1.275505542755127,0.11296688765287399,1.2289718389511108,0.09191983418374151
3,8,0.0,0.0001,8,2,2.9595651626586914,1.6626893281936646,-1.2968758344650269,0.08385144174098969,1.2289718389511108,0.06822893664720119
9,32,0.2,0.0005,16,2,3.701974868774414,1.662960171699524,-2.03901469707489,0.027103355154395103,1.3029779195785522,0.020801085534251935
6,64,0.1,0.005,8,1,1.6798622608184814,1.6641783714294434,-0.015683889389038086,0.7023915648460388,1.2611730098724365,0.5569351384367823
6,32,0.0,0.005,8,1,0.6595194339752197,1.6645311117172241,1.0050116777420044,0.648452877998352,1.2611730098724365,0.5141664727379005
3,16,0.1,0.0005,8,2,4.3147053718566895,1.6656087636947632,-2.6490966081619263,0.020445333793759346,1.2289718389511108,0.016636128791371493
6,32,0.3,0.005,16,1,1.4430960416793823,1.6656907796859741,0.2225947380065918,0.6440111994743347,1.2611730098724365,0.5106446097664858
3,8,0.0,0.001,4,1,2.711484432220459,1.6665362119674683,-1.0449482202529907,0.48706769943237305,1.2289718389511108,0.39632128580592224
6,16,0.4,0.005,8,2,1.4296764135360718,1.6679743528366089,0.2382979393005371,0.818198025226593,1.2611730098724365,0.6487595427603949
6,32,0.3,0.005,8,2,1.7835546731948853,1.6683775186538696,-0.11517715454101562,0.6310943365097046,1.2611730098724365,0.5004026660652512
3,16,0.1,0.001,4,1,2.5900394916534424,1.6690928936004639,-0.9209465980529785,0.7520540356636047,1.2289718389511108,0.6119375658806465
3,32,0.0,0.0001,8,2,2.90997314453125,1.6702502965927124,-1.2397228479385376,0.1604413390159607,1.2289718389511108,0.13054923956019396
3,16,0.4,0.0005,8,1,2.8258895874023438,1.6755021810531616,-1.1503874063491821,0.21929940581321716,1.2289718389511108,0.1784413595679966
3,16,0.2,0.0005,8,1,2.8254504203796387,1.676369547843933,-1.1490808725357056,0.20021449029445648,1.2289718389511108,0.16291218720303088
3,64,0.4,0.0005,4,1,2.584960460662842,1.6780210733413696,-0.9069393873214722,0.6548000574111938,1.2289718389511108,0.5328031421533997
3,8,0.4,0.0001,8,2,2.9684996604919434,1.678764820098877,-1.2897348403930664,0.022424038499593735,1.2289718389511108,0.018246177649385322
3,64,0.1,0.0005,4,1,2.5705978870391846,1.6801667213439941,-0.8904311656951904,0.6751696467399597,1.2289718389511108,0.5493776385602098
9,32,0.3,0.0001,8,2,3.7931833267211914,1.6821374893188477,-2.1110458374023438,0.02732435055077076,1.3029779195785522,0.020970693470852377
9,32,0.0,0.001,8,2,1.139897108078003,1.6843609809875488,0.5444638729095459,0.8921481966972351,1.3029779195785522,0.6846993976580971
3,8,0.1,0.0005,4,1,2.834214687347412,1.6845108270645142,-1.149703860282898,0.2028784453868866,1.2289718389511108,0.16507981627962853
3,32,0.0,0.0001,4,2,2.876718044281006,1.6846033334732056,-1.1921147108078003,0.20208898186683655,1.2289718389511108,0.16443743905418792
3,16,0.0,0.0001,4,1,2.8968453407287598,1.684844732284546,-1.2120006084442139,0.20391079783439636,1.2289718389511108,0.16591982938228095
3,16,0.1,0.0001,4,1,2.8982138633728027,1.6861069202423096,-1.2121069431304932,0.244598850607872,1.2289718389511108,0.19902722166248293
3,16,0.0,0.0005,8,2,2.747877359390259,1.6888132095336914,-1.0590641498565674,0.28533118963241577,1.2289718389511108,0.23217064914679986
9,16,0.3,0.0005,8,2,3.2567219734191895,1.692634105682373,-1.5640878677368164,0.11350381374359131,1.3029779195785522,0.08711107996389078
3,8,0.0,0.0005,8,1,2.8327314853668213,1.692639708518982,-1.1400917768478394,0.29161399602890015,1.2289718389511108,0.23728289517014775
3,64,0.0,0.0005,16,1,2.6405999660491943,1.6929932832717896,-0.9476066827774048,0.5035541653633118,1.2289718389511108,0.4097361301566353
3,64,0.4,0.001,8,1,2.5720009803771973,1.6946494579315186,-0.8773515224456787,0.6588267087936401,1.2289718389511108,0.5360795812505583
9,8,0.2,0.001,16,2,3.806966543197632,1.6952816247940063,-2.1116849184036255,0.028847360983490944,1.3029779195785522,0.0221395624208441
9,32,0.2,0.001,4,2,3.446789264678955,1.697566270828247,-1.749222993850708,0.05575306713581085,1.3029779195785522,0.04278895773908752
6,16,0.0,0.0005,8,2,2.1547369956970215,1.7009209394454956,-0.4538160562515259,0.3166223466396332,1.2611730098724365,0.2510538555464793
9,8,0.1,0.005,16,1,1.819726586341858,1.70143461227417,-0.11829197406768799,0.9690874814987183,1.3029779195785522,0.743748199364859
6,16,0.2,0.0005,16,2,4.078796863555908,1.7029671669006348,-2.3758296966552734,0.061240170150995255,1.2611730098724365,0.04855810398066598
9,32,0.2,0.0005,4,2,3.651017665863037,1.703576683998108,-1.9474409818649292,0.03191973641514778,1.3029779195785522,0.024497526731283525
6,64,0.3,0.005,8,2,1.631778597831726,1.7040904760360718,0.0723118782043457,0.6596878170967102,1.2611730098724365,0.5230747977737292
3,16,0.0,0.0001,4,2,2.9065518379211426,1.7047550678253174,-1.2017967700958252,0.12785375118255615,1.2289718389511108,0.10403310078420946
3,16,0.0,0.001,8,1,2.589946985244751,1.7060731649398804,-0.8838738203048706,0.5693131685256958,1.2289718389511108,0.4632434613079392
9,8,0.0,0.001,4,1,1.8289530277252197,1.706221103668213,-0.12273192405700684,0.8207148909568787,1.3029779195785522,0.6298762846436712
3,32,0.3,0.005,16,2,2.4927163124084473,1.7067874670028687,-0.7859288454055786,0.7089924812316895,1.2289718389511108,0.576898883083271
6,16,0.0,0.001,8,2,2.2150168418884277,1.708046317100525,-0.5069705247879028,0.5248926877975464,1.2611730098724365,0.416194038160266
3,64,0.0,0.005,8,1,2.256060838699341,1.7080622911453247,-0.5479985475540161,1.2456475496292114,1.2289718389511108,1.013568830586332
3,32,0.3,0.0005,4,1,2.6146669387817383,1.708245038986206,-0.9064218997955322,0.5852838158607483,1.2289718389511108,0.47623859010493663
6,16,0.1,0.005,8,1,1.3662742376327515,1.7096657752990723,0.3433915376663208,0.5669758915901184,1.2611730098724365,0.4495623416865432
9,64,0.3,0.0001,8,2,3.782043218612671,1.71144700050354,-2.070596218109131,0.026395734399557114,1.3029779195785522,0.020258005913173727
6,8,0.0,0.0001,16,2,4.176628112792969,1.7116260528564453,-2.4650020599365234,0.04013339430093765,1.2611730098724365,0.03182227496685567
3,32,0.0,0.0005,8,2,2.765669584274292,1.7117257118225098,-1.0539438724517822,0.2582980990409851,1.2289718389511108,0.21017413976013843
9,8,0.4,0.0001,8,2,3.860229015350342,1.7132155895233154,-2.1470134258270264,0.03286360949277878,1.3029779195785522,0.025221923563684412
3,32,0.4,0.001,16,1,2.577456474304199,1.7174633741378784,-0.8599931001663208,0.6956536173820496,1.2289718389511108,0.566045205702816
6,16,0.2,0.0005,8,2,4.080844879150391,1.7181552648544312,-2.3626896142959595,0.06658843159675598,1.2611730098724365,0.0527988079950198
3,64,0.1,0.001,16,1,2.557600259780884,1.7189409732818604,-0.8386592864990234,0.7531335353851318,1.2289718389511108,0.6128159421682988
3,8,0.0,0.0005,4,1,2.814603567123413,1.7194101810455322,-1.0951933860778809,0.28409692645072937,1.2289718389511108,0.23116634364315233
3,32,0.0,0.001,8,2,2.5496203899383545,1.7199084758758545,-0.8297119140625,0.6503204703330994,1.2289718389511108,0.5291581545823927
3,32,0.0,0.0005,4,2,2.5703964233398438,1.721207857131958,-0.8491885662078857,0.6430791616439819,1.2289718389511108,0.5232659864629852
6,32,0.3,0.005,4,2,1.4399802684783936,1.723263144493103,0.2832828760147095,0.5811851024627686,1.2611730098724365,0.46082900435805674
9,32,0.4,0.005,4,1,1.4825578927993774,1.7250972986221313,0.2425394058227539,0.8255997896194458,1.3029779195785522,0.6336253110770179
3,64,0.0,0.0005,8,2,2.562939167022705,1.7252135276794434,-0.8377256393432617,0.6600601077079773,1.2289718389511108,0.5370831835099802
12,8,0.1,0.0005,4,2,4.700300693511963,1.726278305053711,-2.974022388458252,0.030779296532273293,0.3633994162082672,0.08469825530658921
6,32,0.2,0.005,4,2,1.2378227710723877,1.7276474237442017,0.48982465267181396,0.41677090525627136,1.2611730098724365,0.3304629119032815
3,8,0.4,0.0001,16,1,4.392006874084473,1.728412389755249,-2.6635944843292236,0.08688437193632126,1.2289718389511108,0.07069679644610438
3,16,0.1,0.001,8,1,2.5929718017578125,1.7298305034637451,-0.8631412982940674,0.6133459806442261,1.2289718389511108,0.4990724451161532
6,16,0.2,0.0001,16,2,4.2050628662109375,1.7308964729309082,-2.4741663932800293,0.0447155125439167,1.2611730098724365,0.03545549436428197
9,16,0.4,0.005,4,2,1.445207953453064,1.731553316116333,0.28634536266326904,0.5839412212371826,1.3029779195785522,0.44815895378032056
6,32,0.2,0.005,8,2,2.070861577987671,1.7324438095092773,-0.33841776847839355,0.5063245296478271,1.2611730098724365,0.4014711111674045
6,8,0.0,0.005,4,2,0.8536284565925598,1.7325457334518433,0.8789172768592834,0.7755028009414673,1.2611730098724365,0.6149059604597048
9,8,0.3,0.0005,8,2,3.816267728805542,1.7346593141555786,-2.0816084146499634,0.03723473846912384,1.3029779195785522,0.02857664578166252
3,32,0.3,0.001,8,1,2.551722526550293,1.7377088069915771,-0.8140137195587158,0.6621584296226501,1.2289718389511108,0.5387905634906832
9,64,0.1,0.005,16,1,1.014096736907959,1.738562822341919,0.72446608543396,0.5331813097000122,1.3029779195785522,0.4092021067190989
3,8,0.4,0.001,4,2,2.8391261100769043,1.7385872602462769,-1.1005388498306274,0.1482776254415512,1.2289718389511108,0.12065176820333129
12,32,0.4,0.005,8,1,1.3871418237686157,1.7406516075134277,0.353509783744812,0.16409370303153992,0.3633994162082672,0.4515519170165547
3,8,0.4,0.005,8,2,2.4462177753448486,1.7417453527450562,-0.7044724225997925,0.42696601152420044,1.2289718389511108,0.3474172458569943
3,8,0.3,0.001,4,1,2.6667113304138184,1.742738127708435,-0.9239732027053833,0.5084128975868225,1.2289718389511108,0.41368962369449985
9,64,0.4,0.005,8,1,1.9932280778884888,1.7427787780761719,-0.2504492998123169,0.7124917507171631,1.3029779195785522,0.546817977504652
9,64,0.2,0.005,16,1,1.1853200197219849,1.7429763078689575,0.5576562881469727,0.6109083890914917,1.3029779195785522,0.46885551927778624
3,64,0.0,0.001,8,1,2.527463436126709,1.7445255517959595,-0.7829378843307495,0.7307294607162476,1.2289718389511108,0.5945860088542813
9,32,0.3,0.0001,4,2,3.6881377696990967,1.7452819347381592,-1.9428558349609375,0.04540211707353592,1.3029779195785522,0.03484488600407075
3,8,0.2,0.0005,4,1,2.7584457397460938,1.748044729232788,-1.0104010105133057,0.3171769082546234,1.2289718389511108,0.2580831376293569
6,64,0.3,0.005,4,1,2.0150344371795654,1.7482682466506958,-0.26676619052886963,0.890304446220398,1.2611730098724365,0.7059336342049132
3,8,0.2,0.005,4,2,2.595613956451416,1.7489527463912964,-0.8466612100601196,0.45757222175598145,1.2289718389511108,0.3723211608709481
6,16,0.1,0.001,8,2,4.158170700073242,1.7502331733703613,-2.407937526702881,0.04409681260585785,1.2611730098724365,0.03496491937320963
3,64,0.0,0.001,16,2,2.5570201873779297,1.7519537210464478,-0.8050664663314819,0.752763032913208,1.2289718389511108,0.612514468643698
6,64,0.1,0.005,16,1,1.3860565423965454,1.753769040107727,0.36771249771118164,0.7228317260742188,1.2611730098724365,0.5731424003018672
3,8,0.3,0.005,16,1,2.6586992740631104,1.7538882493972778,-0.9048110246658325,0.6738525629043579,1.2289718389511108,0.5483059428599032
9,8,0.4,0.005,8,2,1.5779682397842407,1.7553154230117798,0.17734718322753906,1.1310794353485107,1.3029779195785522,0.8680726038046431
9,64,0.3,0.001,8,2,3.604811906814575,1.7554805278778076,-1.8493313789367676,0.10934378206729889,1.3029779195785522,0.08391836916366634
9,32,0.1,0.0005,4,2,3.747675895690918,1.75679349899292,-1.990882396697998,0.01694316416978836,1.3029779195785522,0.013003416186260946
3,8,0.0,0.001,16,1,2.8533153533935547,1.7569996118545532,-1.0963157415390015,0.29162418842315674,1.2289718389511108,0.2372911886020504
6,64,0.2,0.005,16,1,1.3737303018569946,1.7583094835281372,0.3845791816711426,0.6339959502220154,1.2611730098724365,0.5027033922063888
3,64,0.0,0.0005,4,1,2.547088146209717,1.760300874710083,-0.7867872714996338,0.6866084337234497,1.2289718389511108,0.5586852456354481
9,32,0.1,0.0005,8,2,3.85319447517395,1.763936996459961,-2.0892574787139893,0.04053940251469612,1.3029779195785522,0.031112885265015523
3,16,0.0,0.001,4,1,2.5131943225860596,1.7655822038650513,-0.7476121187210083,0.6694487929344177,1.2289718389511108,0.5447226467823473
12,64,0.1,0.0001,8,2,4.781362056732178,1.7660218477249146,-3.015340209007263,0.005751064047217369,0.3633994162082672,0.015825738266792885
9,64,0.4,0.005,4,1,1.107983112335205,1.7708536386489868,0.6628705263137817,0.675824761390686,1.3029779195785522,0.5186770636982715
6,8,0.0,0.0005,8,1,2.55329966545105,1.7712938785552979,-0.782005786895752,0.37890762090682983,1.2611730098724365,0.3004406357737985
9,64,0.3,0.0005,8,2,3.514375686645508,1.7713263034820557,-1.7430493831634521,0.10039640218019485,1.3029779195785522,0.07705149924003933
6,16,0.2,0.001,16,2,4.167638778686523,1.7713391780853271,-2.3962996006011963,0.0453854463994503,1.2611730098724365,0.03598669337527362
9,32,0.3,0.0005,16,2,3.5441484451293945,1.7719886302947998,-1.7721598148345947,0.04335571080446243,1.3029779195785522,0.03327432503114544
6,64,0.1,0.0005,16,2,4.197314739227295,1.7728685140609741,-2.424446225166321,0.02633845806121826,1.2611730098724365,0.020884095881406713
6,32,0.1,0.0005,16,2,4.21568489074707,1.7743345499038696,-2.4413503408432007,0.027485061436891556,1.2611730098724365,0.02179325217217547
9,64,0.2,0.001,16,2,3.5997018814086914,1.7745320796966553,-1.8251698017120361,0.03540555015206337,1.3029779195785522,0.027172793659861316
3,8,0.1,0.001,4,1,2.72082257270813,1.775915265083313,-0.9449073076248169,0.3968615233898163,1.2289718389511108,0.3229215762409375
6,64,0.1,0.0001,8,2,4.218771934509277,1.7793540954589844,-2.439417839050293,0.022175878286361694,1.2611730098724365,0.017583533831416764
6,32,0.1,0.001,4,2,4.130732536315918,1.7799229621887207,-2.3508095741271973,0.048997458070516586,1.2611730098724365,0.038850703025647935
9,64,0.3,0.0005,4,2,3.525498628616333,1.785184383392334,-1.740314245223999,0.05474034324288368,1.3029779195785522,0.04201171978462185
6,8,0.1,0.001,16,2,4.2141852378845215,1.785926342010498,-2.4282588958740234,0.013441030867397785,1.2611730098724365,0.010657563048195347
6,8,0.3,0.005,8,2,2.1608548164367676,1.7859477996826172,-0.3749070167541504,0.46188268065452576,1.2611730098724365,0.36623260808700914
3,64,0.3,0.001,4,2,2.6168367862701416,1.7919214963912964,-0.8249152898788452,0.4943459630012512,1.2289718389511108,0.4022435236784271
6,8,0.3,0.005,4,2,1.745416522026062,1.7963958978652954,0.0509793758392334,0.4427553415298462,1.2611730098724365,0.35106629944025636
9,64,0.2,0.001,8,2,3.7103922367095947,1.7967565059661865,-1.9136357307434082,0.03721480071544647,1.3029779195785522,0.02856134409974007
6,64,0.2,0.005,4,1,0.5070987343788147,1.798112392425537,1.2910136580467224,1.0534396171569824,1.2611730098724365,0.8352855705844311
6,8,0.4,0.0001,16,2,4.294704914093018,1.8004117012023926,-2.494293212890625,0.03539970889687538,1.2611730098724365,0.028068876054091852
6,8,0.4,0.005,4,2,1.5420089960098267,1.8064967393875122,0.26448774337768555,0.8381888270378113,1.2611730098724365,0.6646105018712629
9,8,0.2,0.0005,16,2,3.90923810005188,1.8116048574447632,-2.0976332426071167,0.005782618187367916,1.3029779195785522,0.004438001673304105
6,8,0.3,0.0005,4,2,2.419832706451416,1.8169602155685425,-0.6028724908828735,0.35115858912467957,1.2611730098724365,0.2784380781826263
3,64,0.1,0.0005,8,2,4.482471466064453,1.8259345293045044,-2.6565369367599487,0.03298487886786461,1.2289718389511108,0.0268394098403558
6,8,0.4,0.005,8,2,1.5657426118850708,1.8282485008239746,0.2625058889389038,0.586557924747467,1.2611730098724365,0.4650891829716491
9,8,0.4,0.0001,8,1,3.9669692516326904,1.8329851627349854,-2.133984088897705,0.092350535094738,1.3029779195785522,0.07087651579284533
9,8,0.0,0.005,16,2,0.9440912008285522,1.8334805965423584,0.8893893957138062,1.210798740386963,1.3029779195785522,0.929254995187175
6,32,0.0,0.005,4,2,0.778212308883667,1.8342137336730957,1.0560014247894287,0.8319125175476074,1.2611730098724365,0.6596339368472155
6,64,0.0,0.005,4,2,0.3951786458492279,1.835418462753296,1.440239816904068,0.9502786993980408,1.2611730098724365,0.7534879766370502
6,32,0.0,0.005,8,2,0.7782008051872253,1.8371115922927856,1.0589107871055603,0.8181368112564087,1.2611730098724365,0.6487110054306986
6,32,0.4,0.005,4,2,1.57346773147583,1.8373937606811523,0.26392602920532227,0.7862432599067688,1.2611730098724365,0.6234222059559416
9,8,0.0,0.0005,4,1,2.009014129638672,1.837445855140686,-0.17156827449798584,0.7909191250801086,1.3029779195785522,0.6070088473455721
6,32,0.2,0.0001,8,2,4.3012776374816895,1.838205337524414,-2.4630722999572754,0.03437581658363342,1.2611730098724365,0.027257018913773315
6,32,0.2,0.0001,4,2,4.276665210723877,1.8383797407150269,-2.43828547000885,0.024859309196472168,1.2611730098724365,0.019711260074449743
3,32,0.1,0.0001,16,2,4.504653453826904,1.841207504272461,-2.6634459495544434,0.013730653561651707,1.2289718389511108,0.011172472083144225
3,64,0.3,0.005,16,2,2.511214017868042,1.8417519330978394,-0.6694620847702026,0.45461615920066833,1.2289718389511108,0.3699158473709772
3,64,0.0,0.0005,4,2,2.532151699066162,1.841902494430542,-0.6902492046356201,0.6926016807556152,1.2289718389511108,0.5635618805933984
9,16,0.2,0.0001,16,1,3.937985420227051,1.8425674438476562,-2.0954179763793945,0.0699453353881836,1.3029779195785522,0.05368113637014462
3,16,0.1,0.0005,4,2,4.4920430183410645,1.8450334072113037,-2.6470096111297607,0.039092980325222015,1.2289718389511108,0.0318095004996914
6,32,0.1,0.0005,8,2,4.28959321975708,1.8460583686828613,-2.4435348510742188,0.012143050320446491,1.2611730098724365,0.009628377887403982
6,32,0.1,0.005,4,1,1.1488938331604004,1.8516478538513184,0.702754020690918,1.0254579782485962,1.2611730098724365,0.8130985758665402
6,16,0.3,0.0001,8,2,4.327727317810059,1.8523550033569336,-2.475372314453125,0.07187426090240479,1.2611730098724365,0.05699000877736404
3,32,0.4,0.001,4,2,2.6566975116729736,1.8540931940078735,-0.8026043176651001,0.4957261085510254,1.2289718389511108,0.40336653195740607
3,8,0.3,0.005,8,2,2.5766592025756836,1.8592497110366821,-0.7174094915390015,0.42928174138069153,1.2289718389511108,0.3493015281351525
3,16,0.2,0.005,16,2,2.740837812423706,1.8602737188339233,-0.8805640935897827,0.4653589725494385,1.2289718389511108,0.3786571488461508
6,16,0.2,0.005,8,2,2.0669655799865723,1.8612326383590698,-0.20573294162750244,0.23983752727508545,1.2611730098724365,0.19017020297583456
6,64,0.0,0.005,4,1,0.3714018166065216,1.8627114295959473,1.4913096129894257,1.0752500295639038,1.2611730098724365,0.8525793219065653
12,16,0.1,0.0005,4,2,4.808770179748535,1.8636481761932373,-2.945122003555298,0.011104430072009563,0.3633994162082672,0.030557093866230987
3,32,0.4,0.005,16,2,2.5912609100341797,1.864290714263916,-0.7269701957702637,0.6454861164093018,1.2289718389511108,0.525224497381652
3,64,0.4,0.001,4,2,2.575922727584839,1.8651560544967651,-0.7107666730880737,0.4907938241958618,1.2289718389511108,0.39935318991095764
3,64,0.4,0.001,4,1,2.501816987991333,1.8670254945755005,-0.6347914934158325,0.7534335255622864,1.2289718389511108,0.6130600406640061
6,8,0.4,0.005,16,2,1.690109133720398,1.8670978546142578,0.17698872089385986,0.8396545052528381,1.2611730098724365,0.6657726566300102
3,16,0.2,0.001,4,1,2.596174478530884,1.8693561553955078,-0.726818323135376,0.5614246726036072,1.2289718389511108,0.45682468451251546
6,64,0.2,0.0001,8,2,4.310059070587158,1.8759609460830688,-2.4340981245040894,0.018596574664115906,1.2611730098724365,0.014745458805843686
9,64,0.1,0.001,4,2,3.839019775390625,1.8770802021026611,-1.9619395732879639,0.04520289599895477,1.3029779195785522,0.03469198926530975
3,16,0.0,0.001,4,2,2.507615327835083,1.877631425857544,-0.6299839019775391,0.6415549516677856,1.2289718389511108,0.5220257546465286
3,64,0.2,0.0005,4,1,2.514861583709717,1.8814595937728882,-0.6334019899368286,0.7081488370895386,1.2289718389511108,0.5762124197198217
6,8,0.3,0.005,16,2,2.2624411582946777,1.8841655254364014,-0.37827563285827637,1.080744981765747,1.2611730098724365,0.856936338873174
9,16,0.0,0.001,4,2,1.7037674188613892,1.889789342880249,0.18602192401885986,1.2849029302597046,1.3029779195785522,0.986127938895009
3,16,0.3,0.001,4,1,2.54687237739563,1.8905624151229858,-0.656309962272644,0.6917039155960083,1.2289718389511108,0.5628313795915422
6,64,0.1,0.0001,16,2,4.341129302978516,1.8959187269210815,-2.445210576057434,0.013202999718487263,1.2611730098724365,0.010468825145427671
3,64,0.1,0.001,8,1,2.5069944858551025,1.896567463874817,-0.6104270219802856,0.7627736926078796,1.2289718389511108,0.6206600252605325
9,64,0.2,0.0001,16,2,3.988929510116577,1.8996816873550415,-2.0892478227615356,0.009762517176568508,1.3029779195785522,0.007492465551316626
12,64,0.2,0.005,4,2,1.822180151939392,1.8996998071670532,0.07751965522766113,0.005061667878180742,0.3633994162082672,0.013928662657179005
3,32,0.1,0.0001,8,2,4.56146240234375,1.9014126062393188,-2.660049796104431,0.011240513063967228,1.2289718389511108,0.009146273907757444
6,8,0.1,0.0005,4,2,2.8192505836486816,1.9029350280761719,-0.9163155555725098,0.039715297520160675,1.2611730098724365,0.031490760751514774
6,8,0.1,0.001,8,2,4.329471588134766,1.9068886041641235,-2.422582983970642,0.04511682689189911,1.2611730098724365,0.03577370157680628
3,64,0.2,0.005,4,2,2.3985891342163086,1.906996488571167,-0.4915926456451416,0.7000364065170288,1.2289718389511108,0.5696114299205489
9,16,0.1,0.001,8,2,3.975490093231201,1.9089839458465576,-2.0665061473846436,0.021992618218064308,1.3029779195785522,0.016878734388053034
3,8,0.1,0.005,4,1,2.0810770988464355,1.9125264883041382,-0.16855061054229736,0.7883208394050598,1.2289718389511108,0.6414474395750737
3,64,0.4,0.005,16,2,2.4465079307556152,1.9156674146652222,-0.5308405160903931,1.1580108404159546,1.2289718389511108,0.9422598661042394
12,8,0.1,0.005,4,2,2.408179521560669,1.9163345098495483,-0.4918450117111206,0.04570775479078293,0.3633994162082672,0.12577828348680514
12,16,0.1,0.0001,4,2,4.899289608001709,1.916561245918274,-2.982728362083435,0.008158576674759388,0.3633994162082672,0.022450714863239185
9,8,0.2,0.001,8,2,3.762613534927368,1.9182757139205933,-1.844337821006775,0.05774378031492233,1.3029779195785522,0.04431677578511809
6,16,0.0,0.005,8,2,0.5721421241760254,1.9218639135360718,1.3497217893600464,0.8965511322021484,1.2611730098724365,0.7108867103751544
6,32,0.1,0.0001,16,2,4.3829851150512695,1.9238723516464233,-2.459112763404846,0.014589663594961166,1.2611730098724365,0.011568328437695367
6,16,0.0,0.005,4,2,1.2296104431152344,1.9255430698394775,0.6959326267242432,0.9748299717903137,1.2611730098724365,0.7729549904409345
3,16,0.0,0.0005,4,2,2.555083990097046,1.9267873764038086,-0.6282966136932373,0.7157083749771118,1.2289718389511108,0.582363527213078
9,32,0.2,0.0005,8,2,3.8675520420074463,1.9351269006729126,-1.9324251413345337,0.029498180374503136,1.3029779195785522,0.02263904854507766
6,32,0.4,0.005,4,1,0.777578592300415,1.9355778694152832,1.1579992771148682,0.9760911464691162,1.2611730098724365,0.7739549917642502
3,8,0.1,0.005,8,2,2.801027536392212,1.9385205507278442,-0.8625069856643677,0.32997798919677734,1.2289718389511108,0.2684992273528442
6,16,0.2,0.0001,4,2,4.389712810516357,1.939466118812561,-2.4502466917037964,0.03882703557610512,1.2611730098724365,0.030786446643059975
9,32,0.2,0.0001,16,2,4.0331597328186035,1.940200686454773,-2.0929590463638306,0.012204226106405258,1.3029779195785522,0.009366410530082284
9,64,0.3,0.0005,16,2,3.7388126850128174,1.9430948495864868,-1.7957178354263306,0.04804082587361336,1.3029779195785522,0.03687002300787426
3,8,0.3,0.005,4,2,2.0846431255340576,1.9437971115112305,-0.14084601402282715,0.4709128141403198,1.2289718389511108,0.38317624473985445
3,8,0.3,0.005,4,1,2.1841256618499756,1.944559097290039,-0.23956656455993652,0.7478904128074646,1.2289718389511108,0.6085496746986211
3,32,0.4,0.001,4,1,2.5086140632629395,1.9461638927459717,-0.5624501705169678,0.7236071825027466,1.2289718389511108,0.588790694439608
3,8,0.1,0.0005,16,2,4.61222505569458,1.9502689838409424,-2.6619560718536377,0.023347171023488045,1.2289718389511108,0.018997319778632296
3,8,0.0,0.001,8,1,2.5701005458831787,1.9566993713378906,-0.6134011745452881,0.6261318922042847,1.2289718389511108,0.50947619169099
6,16,0.1,0.001,16,2,4.405210494995117,1.959493637084961,-2.4457168579101562,0.02634766884148121,1.2611730098724365,0.02089139922534989
9,64,0.2,0.0001,4,2,3.959868907928467,1.9652596712112427,-1.9946092367172241,0.02792179211974144,1.3029779195785522,0.021429213573145377
9,32,0.3,0.005,4,1,1.530089259147644,1.9691648483276367,0.4390755891799927,1.130997896194458,1.3029779195785522,0.8680100247287988
3,32,0.1,0.001,4,1,2.480664014816284,1.9711076021194458,-0.5095564126968384,0.7858863472938538,1.2289718389511108,0.6394665218403892
3,32,0.1,0.0005,4,2,4.627866268157959,1.972078561782837,-2.655787706375122,0.027777625247836113,1.2289718389511108,0.02260232852165551
3,32,0.2,0.005,4,2,2.465381383895874,1.973556637763977,-0.491824746131897,0.6628934741020203,1.2289718389511108,0.539388660579708
3,32,0.2,0.001,4,1,2.5059783458709717,1.9761755466461182,-0.5298027992248535,0.7788631916046143,1.2289718389511108,0.6337518622634589
9,8,0.3,0.005,16,1,1.2412712574005127,1.9770570993423462,0.7357858419418335,0.819776713848114,1.3029779195785522,0.6291562593119541
3,16,0.3,0.005,8,2,2.484753131866455,1.9801546335220337,-0.5045984983444214,0.31553032994270325,1.2289718389511108,0.256743336130467
3,32,0.1,0.005,4,2,2.7526888847351074,1.981636881828308,-0.7710520029067993,0.2954450249671936,1.2289718389511108,0.24040015857429795
9,8,0.1,0.0001,16,2,4.0793304443359375,1.9847030639648438,-2.0946273803710938,0.013769902288913727,1.3029779195785522,0.01056802427885163
6,64,0.1,0.0001,4,2,4.422125816345215,1.9876943826675415,-2.4344314336776733,0.02851814590394497,1.2611730098724365,0.022612397887288666
9,16,0.1,0.0005,4,2,4.034750461578369,1.9877517223358154,-2.0469987392425537,0.011351538822054863,1.3029779195785522,0.008711996305913237
9,64,0.2,0.0005,4,2,3.852778196334839,1.9960130453109741,-1.8567651510238647,0.045138292014598846,1.3029779195785522,0.03464240747011186
9,16,0.2,0.001,8,2,3.9203929901123047,1.996647596359253,-1.9237453937530518,0.029971569776535034,1.3029779195785522,0.023002361994153613
9,32,0.1,0.0001,8,2,4.078766822814941,2.0011372566223145,-2.077629566192627,0.01875045895576477,1.3029779195785522,0.014390465620345738
9,8,0.2,0.0001,16,2,4.08473014831543,2.0024516582489014,-2.0822784900665283,0.010308158583939075,1.3029779195785522,0.007911230443009537
12,8,0.0,0.0001,16,1,4.966920852661133,2.0076286792755127,-2.95929217338562,0.046848226338624954,0.3633994162082672,0.12891662520386618
3,16,0.3,0.005,16,2,2.5143799781799316,2.009887218475342,-0.5044927597045898,0.583986222743988,1.2289718389511108,0.4751827537744088
9,64,0.1,0.0001,16,2,4.076282978057861,2.0104916095733643,-2.065791368484497,0.010598304681479931,1.3029779195785522,0.008133909655896509
9,8,0.0,0.005,4,2,0.7717993855476379,2.0139319896698,1.2421326041221619,1.3026492595672607,1.3029779195785522,0.9997477624092066
9,16,0.1,0.0001,16,2,4.09125280380249,2.0152840614318848,-2.0759687423706055,0.011394476518034935,1.3029779195785522,0.008744949815972687
3,32,0.4,0.005,4,1,2.214190721511841,2.017028570175171,-0.19716215133666992,0.8528662919998169,1.2289718389511108,0.693967318834345
3,8,0.2,0.0005,16,2,4.675991535186768,2.0193469524383545,-2.656644582748413,0.03392042592167854,1.2289718389511108,0.027600653527283886
9,64,0.1,0.0001,8,2,4.0801191329956055,2.023263931274414,-2.0568552017211914,0.004085882101207972,1.3029779195785522,0.003135803024605013
6,32,0.1,0.0001,8,2,4.468368053436279,2.0240931510925293,-2.44427490234375,0.0025435599964112043,1.2611730098724365,0.0020168208298942877
3,64,0.2,0.001,8,1,2.473784923553467,2.025702953338623,-0.44808197021484375,0.8057922124862671,1.2289718389511108,0.6556636913454303
3,16,0.0,0.005,16,1,2.4580936431884766,2.037681818008423,-0.4204118251800537,0.9089125990867615,1.2289718389511108,0.7395715428780615
3,64,0.2,0.001,4,1,2.4626946449279785,2.0395126342773438,-0.42318201065063477,0.8343217372894287,1.2289718389511108,0.6788778317341236
3,32,0.0,0.001,4,2,2.485384464263916,2.046438455581665,-0.438946008682251,0.7839030623435974,1.2289718389511108,0.6378527460911019
3,16,0.0,0.005,16,2,2.3337361812591553,2.0572011470794678,-0.2765350341796875,0.9554377794265747,1.2289718389511108,0.7774285375342783
3,8,0.4,0.005,8,1,2.5301601886749268,2.0597033500671387,-0.4704568386077881,0.6581836938858032,1.2289718389511108,0.535556367546666
6,16,0.4,0.005,4,2,1.1314855813980103,2.060225009918213,0.9287394285202026,1.1324070692062378,1.2611730098724365,0.8978998601633388
3,64,0.3,0.001,4,1,2.4801363945007324,2.0648558139801025,-0.4152805805206299,0.8295766711235046,1.2289718389511108,0.6750168269368341
3,8,0.3,0.005,8,1,2.420567274093628,2.0710275173187256,-0.34953975677490234,0.7596530318260193,1.2289718389511108,0.6181207801102745
12,8,0.2,0.005,8,2,2.0180482864379883,2.072462320327759,0.05441403388977051,0.2534502446651459,0.3633994162082672,0.6974426302322165
12,8,0.1,0.0001,8,2,5.032013416290283,2.0737388134002686,-2.9582746028900146,0.006507884245365858,0.3633994162082672,0.01790835085336553
12,8,0.4,0.005,8,2,1.39923894405365,2.074101686477661,0.6748627424240112,0.13669773936271667,0.3633994162082672,0.3761638936821353
3,16,0.2,0.0001,4,2,4.72961950302124,2.0753774642944336,-2.6542420387268066,0.022612610831856728,1.2289718389511108,0.018399616748871875
3,8,0.2,0.001,4,1,2.522944450378418,2.0859217643737793,-0.43702268600463867,0.7896112203598022,1.2289718389511108,0.6424974074537874
3,8,0.4,0.005,4,1,2.194946765899658,2.0893731117248535,-0.10557365417480469,0.8335155844688416,1.2289718389511108,0.6782218746201875
9,64,0.1,0.0005,16,2,4.146062850952148,2.1020216941833496,-2.044041156768799,0.004860646091401577,1.3029779195785522,0.003730413246736945
9,64,0.2,0.0005,8,2,4.071190357208252,2.1039063930511475,-1.9672839641571045,0.05730847641825676,1.3029779195785522,0.04398269192220323
3,16,0.4,0.005,16,1,2.426248073577881,2.1116178035736084,-0.31463027000427246,0.8974730372428894,1.2289718389511108,0.7302633053080001
3,32,0.4,0.005,8,2,2.138853073120117,2.1134018898010254,-0.025451183319091797,0.7916243672370911,1.2289718389511108,0.6441354815035614
3,32,0.0,0.001,4,1,2.454458713531494,2.114821195602417,-0.33963751792907715,0.8264678120613098,1.2289718389511108,0.6724871847077264
9,8,0.2,0.005,4,2,1.8113062381744385,2.122023105621338,0.3107168674468994,0.4999707341194153,1.3029779195785522,0.3837138961503896
3,8,0.2,0.005,8,1,2.4574851989746094,2.122101306915283,-0.33538389205932617,0.8350083231925964,1.2289718389511108,0.6794364986469096
3,16,0.2,0.005,8,2,2.5442557334899902,2.122248411178589,-0.42200732231140137,0.5311781167984009,1.2289718389511108,0.43221341609564046
3,64,0.4,0.005,4,1,1.8960603475570679,2.1323812007904053,0.2363208532333374,1.3434560298919678,1.2289718389511108,1.093154446108843
3,32,0.3,0.005,8,1,2.2907464504241943,2.132688522338867,-0.15805792808532715,0.9073662757873535,1.2289718389511108,0.7383133177093483
9,8,0.4,0.0001,16,2,4.215077877044678,2.1361868381500244,-2.0788910388946533,0.014141432009637356,1.3029779195785522,0.010853163201884033
3,16,0.1,0.005,8,1,2.368049383163452,2.1377062797546387,-0.23034310340881348,0.9847649335861206,1.2289718389511108,0.8012916995938546
12,8,0.2,0.0001,16,1,5.067215442657471,2.143810510635376,-2.9234049320220947,0.005323231220245361,0.3633994162082672,0.014648430852719293
3,16,0.2,0.005,4,1,2.1835601329803467,2.155809164047241,-0.02775096893310547,0.885362446308136,1.2289718389511108,0.7204090592212148
3,8,0.1,0.005,8,1,2.428389549255371,2.1632816791534424,-0.2651078701019287,0.8862597942352295,1.2289718389511108,0.7211392207258586
3,64,0.0,0.001,4,1,2.3560593128204346,2.1698007583618164,-0.18625855445861816,0.9616971015930176,1.2289718389511108,0.7825216747145289
9,64,0.1,0.001,8,2,4.149800777435303,2.1738603115081787,-1.975940465927124,0.0178095493465662,1.3029779195785522,0.01366834316910504
3,64,0.1,0.001,4,1,2.397374391555786,2.1836729049682617,-0.21370148658752441,0.8967772126197815,1.2289718389511108,0.7296971209569398
3,16,0.4,0.005,16,2,2.467830181121826,2.186520576477051,-0.2813096046447754,0.5460014343261719,1.2289718389511108,0.44427497605817157
9,16,0.2,0.0005,16,2,4.194797992706299,2.1917262077331543,-2.0030717849731445,0.010559762828052044,1.3029779195785522,0.008104329835050156
9,16,0.1,0.0005,8,2,4.228034496307373,2.196307420730591,-2.0317270755767822,0.00737620797008276,1.3029779195785522,0.005661038348576614
3,16,0.4,0.005,4,2,2.3605756759643555,2.202880859375,-0.15769481658935547,1.160688042640686,1.2289718389511108,0.9444382742173304
3,16,0.2,0.005,16,1,2.409919261932373,2.2077109813690186,-0.2022082805633545,1.0224815607070923,1.2289718389511108,0.8319812776017296
9,8,0.1,0.0001,8,2,4.265928745269775,2.2115883827209473,-2.054340362548828,0.03159693256020546,1.3029779195785522,0.024249783580696037
9,64,0.2,0.0005,16,2,4.188827991485596,2.2139132022857666,-1.974914789199829,0.020548803731799126,1.3029779195785522,0.015770646166011492
3,8,0.2,0.005,4,1,2.3190643787384033,2.213996171951294,-0.10506820678710938,1.000909447669983,1.2289718389511108,0.8144283017292145
3,16,0.3,0.005,8,1,2.3479065895080566,2.21621036529541,-0.13169622421264648,0.8824684619903564,1.2289718389511108,0.7180542580564871
9,16,0.3,0.0001,16,2,4.267066478729248,2.2170093059539795,-2.0500571727752686,0.0235340166836977,1.3029779195785522,0.018061715651566657
3,8,0.4,0.005,16,1,2.3758726119995117,2.2198944091796875,-0.15597820281982422,0.9598343372344971,1.2289718389511108,0.7810059651600201
9,8,0.3,0.0001,16,2,4.296878814697266,2.22040057182312,-2.0764782428741455,0.01839638315141201,1.3029779195785522,0.014118722101877455
3,32,0.4,0.005,8,1,2.3797929286956787,2.228541135787964,-0.15125179290771484,1.0130212306976318,1.2289718389511108,0.8242835178080353
3,8,0.0,0.005,8,1,2.31687068939209,2.2313802242279053,-0.08549046516418457,0.9448960423469543,1.2289718389511108,0.7688508494656751
9,8,0.0,0.005,8,1,3.1357030868530273,2.2368595600128174,-0.89884352684021,0.635890543460846,1.3029779195785522,0.48802864108896377
3,16,0.3,0.005,4,1,2.30586838722229,2.2391631603240967,-0.06670522689819336,0.9560071229934692,1.2289718389511108,0.7778918057303832
9,8,0.3,0.005,8,2,1.796413540840149,2.247565269470215,0.4511517286300659,1.1098233461380005,1.3029779195785522,0.8517591353328324
3,64,0.0,0.001,8,2,2.4196794033050537,2.25251841545105,-0.1671609878540039,0.8988129496574402,1.2289718389511108,0.7313535763557846
3,32,0.3,0.005,8,2,2.106781244277954,2.2719638347625732,0.16518259048461914,0.5664361119270325,1.2289718389511108,0.46090243403011416
6,32,0.2,0.0001,16,2,4.713266849517822,2.277256727218628,-2.4360101222991943,0.027616024017333984,1.2611730098724365,0.021897094055420084
3,32,0.3,0.005,16,1,2.356884241104126,2.290546417236328,-0.06633782386779785,1.062936782836914,1.2289718389511108,0.8648992183125185
3,16,0.2,0.005,8,1,2.295689582824707,2.2936410903930664,-0.002048492431640625,0.8727048635482788,1.2289718389511108,0.7101097322889882
9,32,0.1,0.0005,16,2,4.314791202545166,2.2978615760803223,-2.0169296264648438,0.008168281987309456,1.3029779195785522,0.006268933544132109
9,8,0.2,0.0001,8,2,4.3582377433776855,2.29955792427063,-2.0586798191070557,0.019090620800852776,1.3029779195785522,0.014651530554736975
3,16,0.3,0.005,16,1,2.3222124576568604,2.3007519245147705,-0.021460533142089844,1.0684186220169067,1.2289718389511108,0.8693597266872841
3,64,0.0,0.005,16,2,2.0434083938598633,2.306589365005493,0.2631809711456299,1.2766635417938232,1.2289718389511108,1.038806180362453
9,64,0.1,0.005,4,2,2.3955636024475098,2.3132567405700684,-0.0823068618774414,0.32154861092567444,1.3029779195785522,0.24677978505551285
3,16,0.0,0.005,8,1,2.145813226699829,2.321716547012329,0.1759033203125,0.9498817920684814,1.2289718389511108,0.772907695654911
9,32,0.0,0.005,4,1,1.6826385259628296,2.3227624893188477,0.6401239633560181,1.3821351528167725,1.3029779195785522,1.0607510166126404
3,8,0.0,0.005,16,2,2.2729573249816895,2.323331356048584,0.05037403106689453,1.1688504219055176,1.2289718389511108,0.9510799066828862
9,16,0.0,0.005,16,1,1.2395600080490112,2.331336259841919,1.0917762517929077,1.4388166666030884,1.3029779195785522,1.1042525318222378
3,32,0.3,0.005,4,2,2.0485832691192627,2.333239793777466,0.2846565246582031,0.6656145453453064,1.2289718389511108,0.5416027643997016
3,32,0.4,0.005,16,1,2.3562586307525635,2.3361730575561523,-0.020085573196411133,1.0563558340072632,1.2289718389511108,0.8595443772811181
3,16,0.2,0.005,4,2,2.4727623462677,2.3374431133270264,-0.13531923294067383,0.829787015914917,1.2289718389511108,0.6751879820314796
9,64,0.1,0.0001,4,2,4.353939533233643,2.3411166667938232,-2.0128228664398193,0.004025277215987444,1.3029779195785522,0.0030892904288734365
3,16,0.4,0.005,8,1,2.357682704925537,2.349318265914917,-0.008364439010620117,0.9201957583427429,1.2289718389511108,0.7487525174930789
6,16,0.3,0.005,4,2,1.2854756116867065,2.3575384616851807,1.0720628499984741,1.2729806900024414,1.2611730098724365,1.0093624586298426
3,32,0.0,0.005,16,1,2.357001543045044,2.366414785385132,0.00941324234008789,1.080363154411316,1.2289718389511108,0.8790788528835389
3,32,0.2,0.005,8,1,2.0684516429901123,2.3676295280456543,0.299177885055542,1.207047700881958,1.2289718389511108,0.9821605854794326
3,8,0.2,0.005,16,1,2.388171672821045,2.3786890506744385,-0.009482622146606445,0.9713530540466309,1.2289718389511108,0.7903786102012317
3,32,0.2,0.005,16,1,2.30790638923645,2.3852264881134033,0.07732009887695312,1.1598339080810547,1.2289718389511108,0.9437432749239696
3,32,0.1,0.005,16,1,2.3400557041168213,2.3911850452423096,0.05112934112548828,1.1122324466705322,1.2289718389511108,0.905010522958596
3,16,0.3,0.005,4,2,2.1439743041992188,2.3915586471557617,0.24758434295654297,1.0241628885269165,1.2289718389511108,0.8333493543684513
3,64,0.3,0.005,8,1,1.9135321378707886,2.4151175022125244,0.5015853643417358,1.266363501548767,1.2289718389511108,1.0304251581790262
6,16,0.1,0.0001,16,2,4.84862756729126,2.4204792976379395,-2.4281482696533203,0.009984694421291351,1.2611730098724365,0.007916990248864643
9,16,0.2,0.0001,4,2,4.443721771240234,2.4351601600646973,-2.008561611175537,0.007898302748799324,1.3029779195785522,0.006061731845274882
9,32,0.1,0.0001,4,2,4.440065383911133,2.435417652130127,-2.004647731781006,0.008286342024803162,1.3029779195785522,0.006359541401502319
3,16,0.1,0.005,16,1,2.319251775741577,2.4422197341918945,0.12296795845031738,1.1053537130355835,1.2289718389511108,0.8994133779167539
9,64,0.0,0.005,4,1,1.0269815921783447,2.4582507610321045,1.4312691688537598,1.390053629875183,1.3029779195785522,1.0668282316900624
3,64,0.4,0.005,8,1,2.1458773612976074,2.4594709873199463,0.31359362602233887,1.114592432975769,1.2289718389511108,0.9069308161910683
9,32,0.1,0.0001,16,2,4.481711387634277,2.463810443878174,-2.0179009437561035,0.013700664974749088,1.3029779195785522,0.01051488652945137
3,16,0.4,0.005,8,2,2.4335827827453613,2.466055154800415,0.03247237205505371,0.9583489894866943,1.2289718389511108,0.7797973550839175
3,64,0.1,0.005,16,1,2.2782468795776367,2.466721296310425,0.18847441673278809,1.1615368127822876,1.2289718389511108,0.945128908546532
3,64,0.0,0.001,4,2,2.3152573108673096,2.4669320583343506,0.15167474746704102,1.0582275390625,1.2289718389511108,0.8610673617758925
9,64,0.2,0.0001,8,2,4.4580793380737305,2.474236249923706,-1.9838430881500244,0.010778584517538548,1.3029779195785522,0.00827226951092531
3,64,0.3,0.005,4,2,1.7350529432296753,2.4758856296539307,0.7408326864242554,1.7861863374710083,1.2289718389511108,1.4533989151415079
3,16,0.4,0.005,4,1,2.3356473445892334,2.482736110687256,0.14708876609802246,1.0728404521942139,1.2289718389511108,0.8729577181441763
3,32,0.1,0.005,8,1,2.0595815181732178,2.5053820610046387,0.4458005428314209,1.2266936302185059,1.2289718389511108,0.9981462482211558
9,64,0.1,0.0005,8,2,4.475978374481201,2.5065276622772217,-1.9694507122039795,0.02208643965423107,1.3029779195785522,0.0169507397802834
9,16,0.1,0.0001,4,2,4.538022994995117,2.536634683609009,-2.0013883113861084,0.012246448546648026,1.3029779195785522,0.009398815100879941
3,8,0.0,0.005,8,2,2.094247341156006,2.5412516593933105,0.4470043182373047,1.1126049757003784,1.2289718389511108,0.9053136454696571
3,16,0.0,0.005,8,2,2.2389488220214844,2.552638053894043,0.3136892318725586,1.1504507064819336,1.2289718389511108,0.9361082736149654
9,64,0.1,0.001,16,2,4.551476001739502,2.5661587715148926,-1.9853172302246094,0.01175627764314413,1.3029779195785522,0.009022622307327123
3,64,0.2,0.005,16,1,2.195608139038086,2.5725741386413574,0.3769659996032715,1.218022346496582,1.2289718389511108,0.9910905261556897
3,8,0.1,0.005,16,1,2.283186912536621,2.5784518718719482,0.29526495933532715,1.2049604654312134,1.2289718389511108,0.9804622264246589
6,16,0.1,0.0001,8,2,4.99252462387085,2.583527088165283,-2.4089975357055664,0.013129687868058681,1.2611730098724365,0.010410695253767527
3,8,0.0,0.005,4,1,1.7858800888061523,2.5995748043060303,0.8136947154998779,1.7308056354522705,1.2289718389511108,1.4083362861507545
3,64,0.2,0.005,8,1,1.8109499216079712,2.619413137435913,0.8084632158279419,1.3341991901397705,1.2289718389511108,1.0856222639555906
9,16,0.1,0.001,16,2,4.588494777679443,2.6358470916748047,-1.9526476860046387,0.009097578004002571,1.3029779195785522,0.0069821428800153264
3,64,0.4,0.005,16,1,2.1923789978027344,2.6425559520721436,0.4501769542694092,1.2403396368026733,1.2289718389511108,1.0092498440495306
9,16,0.0,0.005,8,2,0.6953228116035461,2.6449015140533447,1.9495787024497986,1.5971497297286987,1.3029779195785522,1.225768837468325
3,16,0.1,0.005,4,1,2.133481740951538,2.65017032623291,0.5166885852813721,1.2717103958129883,1.2289718389511108,1.0347758634553852
9,8,0.3,0.0001,16,1,4.677326202392578,2.673666477203369,-2.003659725189209,0.05999201536178589,1.3029779195785522,0.04604223483786301
3,64,0.1,0.005,4,1,1.5899463891983032,2.6891021728515625,1.0991557836532593,1.722981572151184,1.2289718389511108,1.4019699374248438
6,8,0.1,0.0005,16,2,5.145506858825684,2.7563650608062744,-2.389141798019409,0.009960873983800411,1.2611730098724365,0.007898102723279751
3,64,0.1,0.005,8,1,1.6868401765823364,2.756838083267212,1.0699979066848755,1.6313652992248535,1.2289718389511108,1.3274228485309907
9,16,0.1,0.0005,16,2,4.762755870819092,2.8104248046875,-1.9523310661315918,0.009938221424818039,1.3029779195785522,0.007627313767552218
3,32,0.3,0.005,4,1,2.0398805141448975,2.8262202739715576,0.7863397598266602,1.551358699798584,1.2289718389511108,1.2623224150706498
3,64,0.3,0.005,16,1,2.2384023666381836,2.8267412185668945,0.5883388519287109,1.307883858680725,1.2289718389511108,1.0642097867734408
3,64,0.2,0.005,4,1,1.90915846824646,2.8302996158599854,0.9211411476135254,1.7512680292129517,1.2289718389511108,1.42498629643752
3,64,0.0,0.005,4,1,1.2487269639968872,2.8421857357025146,1.5934587717056274,2.156129837036133,1.2289718389511108,1.7544176104770004
9,8,0.1,0.0005,8,2,4.807628631591797,2.850090503692627,-1.95753812789917,0.008764654397964478,1.3029779195785522,0.006726633096591078
3,32,0.0,0.005,16,2,1.971348762512207,2.8517959117889404,0.8804471492767334,1.6683814525604248,1.2289718389511108,1.3575424592188674
3,32,0.2,0.005,4,1,1.61640465259552,2.8697803020477295,1.2533756494522095,1.8877817392349243,1.2289718389511108,1.5360659043628593
3,32,0.1,0.005,4,1,1.4934457540512085,2.9232633113861084,1.4298175573349,2.1865270137786865,1.2289718389511108,1.7791514373875477
3,64,0.3,0.005,4,1,1.678464412689209,2.944152355194092,1.2656879425048828,2.06947660446167,1.2289718389511108,1.683908889424109
3,64,0.0,0.005,16,1,1.960542917251587,2.9464128017425537,0.9858698844909668,1.800600290298462,1.2289718389511108,1.465127379839084
9,16,0.1,0.0001,8,2,4.906916618347168,2.9624509811401367,-1.9444656372070312,0.0050305272452533245,1.3029779195785522,0.0038607923969121802
3,64,0.4,0.005,8,2,1.5516232252120972,2.974459648132324,1.422836422920227,2.898564100265503,1.2289718389511108,2.3585276801292183
3,64,0.4,0.005,4,2,1.654727578163147,3.0896105766296387,1.4348829984664917,2.3452019691467285,1.2289718389511108,1.9082633912492946
9,64,0.2,0.005,4,1,1.103723406791687,3.092653274536133,1.9889298677444458,1.8040382862091064,1.3029779195785522,1.3845501593707912
3,32,0.0,0.005,8,2,1.3931816816329956,3.113755226135254,1.7205735445022583,2.134345531463623,1.2289718389511108,1.7366919760221848
3,32,0.0,0.005,4,1,1.405674934387207,3.1944031715393066,1.7887282371520996,2.446592092514038,1.2289718389511108,1.990763347842151
3,32,0.0,0.005,8,1,1.5263041257858276,3.222594976425171,1.6962908506393433,1.9166581630706787,1.2289718389511108,1.5595623124338527
3,64,0.0,0.005,8,2,1.2920033931732178,3.234905958175659,1.9429025650024414,2.2020699977874756,1.2289718389511108,1.791798581541847
3,16,0.0,0.005,4,1,1.4303227663040161,3.353910446166992,1.923587679862976,2.386078357696533,1.2289718389511108,1.9415240301461885
3,16,0.1,0.005,4,2,2.8211774826049805,3.377615451812744,0.5564379692077637,0.6893091201782227,1.2289718389511108,0.5608827625916364
3,16,0.0,0.005,4,2,0.7380942702293396,3.3836586475372314,2.645564377307892,2.7223620414733887,1.2289718389511108,2.2151541273694604
3,8,0.0,0.005,4,2,1.5604699850082397,3.47326922416687,1.9127992391586304,2.267167091369629,1.2289718389511108,1.8447673246154976
3,32,0.0,0.005,4,2,0.5615571737289429,3.588890552520752,3.027333378791809,3.4069602489471436,1.2289718389511108,2.772203675435621
3,64,0.0,0.005,4,2,1.0618892908096313,4.1269378662109375,3.065048575401306,3.251216173171997,1.2289718389511108,2.645476543992097
3,32,0.4,0.005,4,2,3.110917091369629,5.090084552764893,1.9791674613952637,4.2113447189331055,1.2289718389511108,3.426721903186453
