Year-Month,query_term,title,published,link,source,summary
2008-04,"""valley fever""",Llamas find refuge at Queen Creek facility - East Valley Tribune,"Sun, 20 Apr 2008 07:00:00 GMT",https://news.google.com/rss/articles/CBMiywFBVV95cUxQcGFVOF80NDFTU0JqSmNaOVRYR2xsZERHMjJmUVJBQ1JOVmtMM0NmdnlxT3dsLU53LXFaRzJ4S1QxQTdKQkFoaDNFZWdmWndPbThMbGlqR0FJNTlneVV0djd6cVpjaEd2bUdsWXRuMzlpaUFFaG9UNXhWRTQxYV9nODZxSFp5QW5WSENlRzVyb3dxMk9VT2xJU2hMMzBhcXQ3MnhsREJqRzJ5cUJRcFloTW5PLVlib1g3SDVNOHpaSmNDR1ltSVNlR29Gbw?oc=5,East Valley Tribune,"<a href=""https://news.google.com/rss/articles/CBMiywFBVV95cUxQcGFVOF80NDFTU0JqSmNaOVRYR2xsZERHMjJmUVJBQ1JOVmtMM0NmdnlxT3dsLU53LXFaRzJ4S1QxQTdKQkFoaDNFZWdmWndPbThMbGlqR0FJNTlneVV0djd6cVpjaEd2bUdsWXRuMzlpaUFFaG9UNXhWRTQxYV9nODZxSFp5QW5WSENlRzVyb3dxMk9VT2xJU2hMMzBhcXQ3MnhsREJqRzJ5cUJRcFloTW5PLVlib1g3SDVNOHpaSmNDR1ltSVNlR29Gbw?oc=5"" target=""_blank"">Llamas find refuge at Queen Creek facility</a>&nbsp;&nbsp;<font color=""#6f6f6f"">East Valley Tribune</font>"
2008-08,"""valley fever""","Anthrax investigation generates valuable forensic science, NAU researcher says - The NAU Review","Wed, 20 Aug 2008 07:00:00 GMT",https://news.google.com/rss/articles/CBMioAFBVV95cUxPNkhHaThmSkoyUXlVRWVGZk5Id1JPRUI4WEtaUXA3aWdxdlRWdk95THNlY2xsMTgwRjJKUGREVXpfUWUxYTBkc2t3cnl2SU9Md0VrYl9BMzBHbllENVQxUDN4S3lLOUVzVUhldWtKNWNKM3JiVzZKbWZvZElpR3BmQzY1R0dYZ0lqWm8tejRCb3ltSzA3dzV3Sl9lQkYxQ2pS?oc=5,The NAU Review,"<a href=""https://news.google.com/rss/articles/CBMioAFBVV95cUxPNkhHaThmSkoyUXlVRWVGZk5Id1JPRUI4WEtaUXA3aWdxdlRWdk95THNlY2xsMTgwRjJKUGREVXpfUWUxYTBkc2t3cnl2SU9Md0VrYl9BMzBHbllENVQxUDN4S3lLOUVzVUhldWtKNWNKM3JiVzZKbWZvZElpR3BmQzY1R0dYZ0lqWm8tejRCb3ltSzA3dzV3Sl9lQkYxQ2pS?oc=5"" target=""_blank"">Anthrax investigation generates valuable forensic science, NAU researcher says</a>&nbsp;&nbsp;<font color=""#6f6f6f"">The NAU Review</font>"
2008-09,"""valley fever""","Black Box Warning for Remicade, Enbrel and Other Rheumatoid Arthritis Drugs about Risk of Fungal Infection - AboutLawsuits.com","Fri, 05 Sep 2008 07:00:00 GMT",https://news.google.com/rss/articles/CBMifkFVX3lxTE9MbGtrVkgtUUVpanFpWlpZcWM3d1ltYWZpZ1BBTlhUTkpBTHp1NUxseXdYcmRMZjhOaWxEZmt3dkQwWW5rSEgtdDNnWF9HeC0xWV90SDRqb0RjdWZ5S0NrV0R4UE9XR0NNZXlMRjlsUG5tb2lQWW5DbDAzZzJxQQ?oc=5,AboutLawsuits.com,"<a href=""https://news.google.com/rss/articles/CBMifkFVX3lxTE9MbGtrVkgtUUVpanFpWlpZcWM3d1ltYWZpZ1BBTlhUTkpBTHp1NUxseXdYcmRMZjhOaWxEZmt3dkQwWW5rSEgtdDNnWF9HeC0xWV90SDRqb0RjdWZ5S0NrV0R4UE9XR0NNZXlMRjlsUG5tb2lQWW5DbDAzZzJxQQ?oc=5"" target=""_blank"">Black Box Warning for Remicade, Enbrel and Other Rheumatoid Arthritis Drugs about Risk of Fungal Infection</a>&nbsp;&nbsp;<font color=""#6f6f6f"">AboutLawsuits.com</font>"
2008-09,coccidioidomycosis,"FDA Demands Tougher Warnings on Immunosuppressive Drugs - ABC News - Breaking News, Latest News and Videos","Thu, 04 Sep 2008 07:00:00 GMT",https://news.google.com/rss/articles/CBMibEFVX3lxTE1RQVR6YVFfRVBrRmhSazNxQ0FoSjVwTGNPNGxyRkJmYzJtbTFKVElVRmdaQzlRX0pZYkNuY2NpdDN3S2FDVVZqUlZqQXRJVmNBeWZ2UmFWejVtSXZpaXJmMHZFelZJX0NzaDdKb9IBckFVX3lxTE5EUkdpdTRMcmNrSUZuYWlHc19OYUFFdkFIcEI2MVVCWGZ2ZW0zbHlnbUppYWFHRW9tcHg3UmZENjBpNGw0bXRYMC1DeHVpbWltQklxSFV0ZVVpeWRnYWZGVDFBX1V0WnVKTDBZTGIyYUc3Zw?oc=5,"ABC News - Breaking News, Latest News and Videos","<a href=""https://news.google.com/rss/articles/CBMibEFVX3lxTE1RQVR6YVFfRVBrRmhSazNxQ0FoSjVwTGNPNGxyRkJmYzJtbTFKVElVRmdaQzlRX0pZYkNuY2NpdDN3S2FDVVZqUlZqQXRJVmNBeWZ2UmFWejVtSXZpaXJmMHZFelZJX0NzaDdKb9IBckFVX3lxTE5EUkdpdTRMcmNrSUZuYWlHc19OYUFFdkFIcEI2MVVCWGZ2ZW0zbHlnbUppYWFHRW9tcHg3UmZENjBpNGw0bXRYMC1DeHVpbWltQklxSFV0ZVVpeWRnYWZGVDFBX1V0WnVKTDBZTGIyYUc3Zw?oc=5"" target=""_blank"">FDA Demands Tougher Warnings on Immunosuppressive Drugs</a>&nbsp;&nbsp;<font color=""#6f6f6f"">ABC News - Breaking News, Latest News and Videos</font>"
2008-10,"""valley fever""","Health Highlights: Oct. 11, 2008 - abcnews.com","Sat, 11 Oct 2008 07:00:00 GMT",https://news.google.com/rss/articles/CBMibEFVX3lxTE1vcGJ3Q0stMzk0X0NLeVJUZ1hXX3lsLXRsNGl6eWg4UnU5N2VQUUhnSWd2TEQxbHBRZFcwMXBQaUQ0OEc2dllIT1FxTEcxc1I2WWM2Wkh2UnVzb1V2LXh3dFJsMW92eFo1bW95cdIBckFVX3lxTE5SRkRFRmN1aTY0NjJiUEttb0ZpeXZBdHNlei0ySk1tRnNpT19TcUxyTWJzR00ycVNxd2VBeF8yc3BCSE1BTzFmUEhFSm9iVWoyNWpJQTNxQnRzcWowMFotSExiWExoNWViNjZPV3lvZng2dw?oc=5,abcnews.com,"<a href=""https://news.google.com/rss/articles/CBMibEFVX3lxTE1vcGJ3Q0stMzk0X0NLeVJUZ1hXX3lsLXRsNGl6eWg4UnU5N2VQUUhnSWd2TEQxbHBRZFcwMXBQaUQ0OEc2dllIT1FxTEcxc1I2WWM2Wkh2UnVzb1V2LXh3dFJsMW92eFo1bW95cdIBckFVX3lxTE5SRkRFRmN1aTY0NjJiUEttb0ZpeXZBdHNlei0ySk1tRnNpT19TcUxyTWJzR00ycVNxd2VBeF8yc3BCSE1BTzFmUEhFSm9iVWoyNWpJQTNxQnRzcWowMFotSExiWExoNWViNjZPV3lvZng2dw?oc=5"" target=""_blank"">Health Highlights: Oct. 11, 2008</a>&nbsp;&nbsp;<font color=""#6f6f6f"">abcnews.com</font>"
2008-11,"""valley fever""",NASA Satellites 'To Serve' in Africa Disaster Warnings - Universe Today,"Sun, 23 Nov 2008 08:00:00 GMT",https://news.google.com/rss/articles/CBMilgFBVV95cUxQdm1zUzNhaGZXc0x1dWFYcUJtSlY5cGZ1T2N3clNxWWhmS255aFp3c1QzNDJVZ2JFdXRxaGxvOHRIQUdsZXpnTWtoTDFjRlEzZHU4bEFFMVZfb2JCR21XMk5XSWZKRkU0RGJvbG1LaFhVYzJDb3E1U1BOZWFHV3dVQVFqU1JyLU9tWjNSWU81d1ptMTNBLUE?oc=5,Universe Today,"<a href=""https://news.google.com/rss/articles/CBMilgFBVV95cUxQdm1zUzNhaGZXc0x1dWFYcUJtSlY5cGZ1T2N3clNxWWhmS255aFp3c1QzNDJVZ2JFdXRxaGxvOHRIQUdsZXpnTWtoTDFjRlEzZHU4bEFFMVZfb2JCR21XMk5XSWZKRkU0RGJvbG1LaFhVYzJDb3E1U1BOZWFHV3dVQVFqU1JyLU9tWjNSWU81d1ptMTNBLUE?oc=5"" target=""_blank"">NASA Satellites 'To Serve' in Africa Disaster Warnings</a>&nbsp;&nbsp;<font color=""#6f6f6f"">Universe Today</font>"
2009-02,coccidioidomycosis,"Increase in Coccidioidomycosis --- California, 2000--2007 - Centers for Disease Control and Prevention | CDC (.gov)","Fri, 13 Feb 2009 08:00:00 GMT",https://news.google.com/rss/articles/CBMiZEFVX3lxTE9pX2xBZmd1Zy1JT2Y0T2lyX3NkdzVOWEFYa1h1T2JaU2tMVkxNTG9BWUJabmc1WnZpZXhaRlFsTHV3cjZsNVFFV3pKZG1mQ2Y2a1duSDdXVFFtR3cyWS1aa1hpYkw?oc=5,Centers for Disease Control and Prevention | CDC (.gov),"<a href=""https://news.google.com/rss/articles/CBMiZEFVX3lxTE9pX2xBZmd1Zy1JT2Y0T2lyX3NkdzVOWEFYa1h1T2JaU2tMVkxNTG9BWUJabmc1WnZpZXhaRlFsTHV3cjZsNVFFV3pKZG1mQ2Y2a1duSDdXVFFtR3cyWS1aa1hpYkw?oc=5"" target=""_blank"">Increase in Coccidioidomycosis --- California, 2000--2007</a>&nbsp;&nbsp;<font color=""#6f6f6f"">Centers for Disease Control and Prevention | CDC (.gov)</font>"
2009-03,"""valley fever""",Somaliland youth risk death in search of better life - The New Humanitarian,"Mon, 30 Mar 2009 07:00:00 GMT",https://news.google.com/rss/articles/CBMipAFBVV95cUxOUE1ndEFiSk81R1NsYVU1bEtZb1RBVlg4QVptZ2RKSGNoUU1rMUpfTl9xS2pNdU05bWdEZHM2NUxnZElmblk0LTNnRlIxY0MxcWVnNXlNb2Nkd0piaHJxaVhHOTRSekFyLVJfLVo5emZJc29LNUxZblIwVEtJU1B3MmFaSXRVc013NFV2WXcyXzFnd0hqV0YwWkpRTHJmVFg0TV9sYQ?oc=5,The New Humanitarian,"<a href=""https://news.google.com/rss/articles/CBMipAFBVV95cUxOUE1ndEFiSk81R1NsYVU1bEtZb1RBVlg4QVptZ2RKSGNoUU1rMUpfTl9xS2pNdU05bWdEZHM2NUxnZElmblk0LTNnRlIxY0MxcWVnNXlNb2Nkd0piaHJxaVhHOTRSekFyLVJfLVo5emZJc29LNUxZblIwVEtJU1B3MmFaSXRVc013NFV2WXcyXzFnd0hqV0YwWkpRTHJmVFg0TV9sYQ?oc=5"" target=""_blank"">Somaliland youth risk death in search of better life</a>&nbsp;&nbsp;<font color=""#6f6f6f"">The New Humanitarian</font>"
2009-04,"""valley fever""",Community Mourns Youth’s Death in Fall from Cliff - The Mountain Enterprise,"Fri, 24 Apr 2009 07:00:00 GMT",https://news.google.com/rss/articles/CBMilgFBVV95cUxObFU5bVZGZDlNbDFGSzA5LXZKZzlBWDdVVWo1ZEFIb194TGxWUHo3MkR2X204VjVELWhTRFg4a3EyX3Jib0dDTDI3aXQ5blNGazVyUlhhY3Q1NHQzS3BLNXljdy1BOEtXZ05oMUozZmpGUDM3RGp6RllXQ3lDc1FNQlFWTnZoOTVVOVNRLUxJeTVlVENvZnc?oc=5,The Mountain Enterprise,"<a href=""https://news.google.com/rss/articles/CBMilgFBVV95cUxObFU5bVZGZDlNbDFGSzA5LXZKZzlBWDdVVWo1ZEFIb194TGxWUHo3MkR2X204VjVELWhTRFg4a3EyX3Jib0dDTDI3aXQ5blNGazVyUlhhY3Q1NHQzS3BLNXljdy1BOEtXZ05oMUozZmpGUDM3RGp6RllXQ3lDc1FNQlFWTnZoOTVVOVNRLUxJeTVlVENvZnc?oc=5"" target=""_blank"">Community Mourns Youth’s Death in Fall from Cliff</a>&nbsp;&nbsp;<font color=""#6f6f6f"">The Mountain Enterprise</font>"
2009-06,"""valley fever""",Sub-Antarctic penguins infected with tick-borne viruses – Magazine Issue 16: 2009 - Australian Antarctic Program,"Thu, 11 Jun 2009 07:00:00 GMT",https://news.google.com/rss/articles/CBMiuAFBVV95cUxPZk9ORnpRYkIxcjZPU2NaXzRtbklDeHFuZGUycWhoY2JqbzBDai1WQjZwWkNuUlNJNTdsY1k0VjFUbktBYWJkVEI3RG43ajAxbEt6YUtZc2tYckZQRGJBc2UwMUdoNGc1d3NmY1lXVmY0Q0VPV204Q1E3ZTVWVktBVjdwODZYQW41cFUwajNDYVl3by1NMlhQNmFjZFpJQlFTNmNnVW9tOWtqY0Y1cWlKcmROUmoyX3d3?oc=5,Australian Antarctic Program,"<a href=""https://news.google.com/rss/articles/CBMiuAFBVV95cUxPZk9ORnpRYkIxcjZPU2NaXzRtbklDeHFuZGUycWhoY2JqbzBDai1WQjZwWkNuUlNJNTdsY1k0VjFUbktBYWJkVEI3RG43ajAxbEt6YUtZc2tYckZQRGJBc2UwMUdoNGc1d3NmY1lXVmY0Q0VPV204Q1E3ZTVWVktBVjdwODZYQW41cFUwajNDYVl3by1NMlhQNmFjZFpJQlFTNmNnVW9tOWtqY0Y1cWlKcmROUmoyX3d3?oc=5"" target=""_blank"">Sub-Antarctic penguins infected with tick-borne viruses – Magazine Issue 16: 2009</a>&nbsp;&nbsp;<font color=""#6f6f6f"">Australian Antarctic Program</font>"
2009-08,"""valley fever""",Stopping the spread of infectious diseases - UC Irvine News,"Thu, 27 Aug 2009 07:00:00 GMT",https://news.google.com/rss/articles/CBMigAFBVV95cUxQZGNmeVFvU1R6cEhhckR3bF9ubmxQb0Q0eGNPQUoxWFhTQnNESGcwd3pPbTBYXzRpUmU1dXpVX2lwLW9KcFppcTMyREVfeDZ6MTZ0WnlBY2NMdk10ZXBQeDhrMzhtaHNoWWd3XzBVWDBvRVZDTVY1NDhCSkt3MjFlSg?oc=5,UC Irvine News,"<a href=""https://news.google.com/rss/articles/CBMigAFBVV95cUxQZGNmeVFvU1R6cEhhckR3bF9ubmxQb0Q0eGNPQUoxWFhTQnNESGcwd3pPbTBYXzRpUmU1dXpVX2lwLW9KcFppcTMyREVfeDZ6MTZ0WnlBY2NMdk10ZXBQeDhrMzhtaHNoWWd3XzBVWDBvRVZDTVY1NDhCSkt3MjFlSg?oc=5"" target=""_blank"">Stopping the spread of infectious diseases</a>&nbsp;&nbsp;<font color=""#6f6f6f"">UC Irvine News</font>"
2009-08,"""valley fever""","Harry Kuller Obituary (2009) - Tucson, AZ - Arizona Daily Star - Legacy obituary","Sun, 16 Aug 2009 07:00:00 GMT",https://news.google.com/rss/articles/CBMiigFBVV95cUxNSWJJbGt6MW9La01BU1ZMRktjdzRTbDJkejJ2VDZ5aThYclptZTlOYWJxcTJIRnVYU2hndTJrYTJHOHA2N01NSTdzSV9wUFpIYVVJWjRHREZyRUNWaE5rVWxpekthT3JtT1d2OHBlZGxKd2hxM3drZHcxT05SWXd0MU15Rm1jR3RiQ3c?oc=5,Legacy obituary,"<a href=""https://news.google.com/rss/articles/CBMiigFBVV95cUxNSWJJbGt6MW9La01BU1ZMRktjdzRTbDJkejJ2VDZ5aThYclptZTlOYWJxcTJIRnVYU2hndTJrYTJHOHA2N01NSTdzSV9wUFpIYVVJWjRHREZyRUNWaE5rVWxpekthT3JtT1d2OHBlZGxKd2hxM3drZHcxT05SWXd0MU15Rm1jR3RiQ3c?oc=5"" target=""_blank"">Harry Kuller Obituary (2009) - Tucson, AZ - Arizona Daily Star</a>&nbsp;&nbsp;<font color=""#6f6f6f"">Legacy obituary</font>"
2009-09,"""valley fever""","Victims say disease deadly, debilitating - Las Vegas Review-Journal","Sun, 13 Sep 2009 07:00:00 GMT",https://news.google.com/rss/articles/CBMigAFBVV95cUxNZjBUbEEwd2NLNld0cTc5TkctV0NEZ09waEdndFhTck4yU3NZTld3dkFDZDM5d3d3eEphTC1JMXdCQXp4SGQ0R01OeEhhbUJTQTd4dWpuZkhHY2w1ckZXc0N5VlJHb1VDaGR4SmszeEtpUW5yMzhnbjAya1hocmhERg?oc=5,Las Vegas Review-Journal,"<a href=""https://news.google.com/rss/articles/CBMigAFBVV95cUxNZjBUbEEwd2NLNld0cTc5TkctV0NEZ09waEdndFhTck4yU3NZTld3dkFDZDM5d3d3eEphTC1JMXdCQXp4SGQ0R01OeEhhbUJTQTd4dWpuZkhHY2w1ckZXc0N5VlJHb1VDaGR4SmszeEtpUW5yMzhnbjAya1hocmhERg?oc=5"" target=""_blank"">Victims say disease deadly, debilitating</a>&nbsp;&nbsp;<font color=""#6f6f6f"">Las Vegas Review-Journal</font>"
2009-09,"""valley fever""",Dust storms spread deadly diseases worldwide | Natural disasters and extreme weather - The Guardian,"Sat, 26 Sep 2009 07:00:00 GMT",https://news.google.com/rss/articles/CBMifkFVX3lxTE5rekt4WE9MWlA3UGVXaUQ4QVphczkzUUhBU1BFdWVsakxhVEZNTDRkNDdkTENwQXNwUk5mUUxlVk5VdWVYQ1RnTUR1M1lMLTVBeUp4QTBQa2ZSMTJ1YzQxWGgyeHNDTExtb0lORU5XM2JRaFJvS0cxbmEyVndodw?oc=5,The Guardian,"<a href=""https://news.google.com/rss/articles/CBMifkFVX3lxTE5rekt4WE9MWlA3UGVXaUQ4QVphczkzUUhBU1BFdWVsakxhVEZNTDRkNDdkTENwQXNwUk5mUUxlVk5VdWVYQ1RnTUR1M1lMLTVBeUp4QTBQa2ZSMTJ1YzQxWGgyeHNDTExtb0lORU5XM2JRaFJvS0cxbmEyVndodw?oc=5"" target=""_blank"">Dust storms spread deadly diseases worldwide | Natural disasters and extreme weather</a>&nbsp;&nbsp;<font color=""#6f6f6f"">The Guardian</font>"
2009-09,"""valley fever""",Climate change and insect-borne disease: Facts and figures - SciDev.Net,"Tue, 08 Sep 2009 07:00:00 GMT",https://news.google.com/rss/articles/CBMilgFBVV95cUxNQ0hVU3RFZjFnMHZCRlZNNW5nT1Q2U25KaXhtT1pCcG1pVzE3RDdBQy1wbC1PYW5xVWR6X0d1QlNnbnBDU2FkQ2NxejR0N2xFRHlHRnlzZlpmYVVqQmhSMmV5M0kxVXZuVG55VGNmUW5SSkIwMld0S1p3MkllcUlNeHpXN0RBTkZkQWpwdFJ6c1JPcnJHMVE?oc=5,SciDev.Net,"<a href=""https://news.google.com/rss/articles/CBMilgFBVV95cUxNQ0hVU3RFZjFnMHZCRlZNNW5nT1Q2U25KaXhtT1pCcG1pVzE3RDdBQy1wbC1PYW5xVWR6X0d1QlNnbnBDU2FkQ2NxejR0N2xFRHlHRnlzZlpmYVVqQmhSMmV5M0kxVXZuVG55VGNmUW5SSkIwMld0S1p3MkllcUlNeHpXN0RBTkZkQWpwdFJ6c1JPcnJHMVE?oc=5"" target=""_blank"">Climate change and insect-borne disease: Facts and figures</a>&nbsp;&nbsp;<font color=""#6f6f6f"">SciDev.Net</font>"
2009-10,"""valley fever""",Valley Fever - Arizona PBS,"Thu, 29 Oct 2009 07:00:00 GMT",https://news.google.com/rss/articles/CBMiXkFVX3lxTE1XNHNsRUNqNDBFcWljMkIyUVkwdDZsa1EtU3U1dm9QU0gxYUhJLU0yY1dLWlBNYWJDVmZ1ZWljRGlqSVRTeGZBYVpMRzEyNS1RTWJ4VG5DQXJrNDNrSlE?oc=5,Arizona PBS,"<a href=""https://news.google.com/rss/articles/CBMiXkFVX3lxTE1XNHNsRUNqNDBFcWljMkIyUVkwdDZsa1EtU3U1dm9QU0gxYUhJLU0yY1dLWlBNYWJDVmZ1ZWljRGlqSVRTeGZBYVpMRzEyNS1RTWJ4VG5DQXJrNDNrSlE?oc=5"" target=""_blank"">Valley Fever</a>&nbsp;&nbsp;<font color=""#6f6f6f"">Arizona PBS</font>"
2009-10,"""valley fever""",Wayward camels cause tension on Israel-Egypt border - The Jerusalem Post,"Thu, 22 Oct 2009 07:00:00 GMT",https://news.google.com/rss/articles/CBMiogFBVV95cUxOOU5rTXpkLVQ1YVV3bm1KM2tVZWxyQl9PR1ZFSWxVY1p5UW5vTlE2SE50bUZVUXdXUDZXYnFVZDJvamZqNG1IYndCUDBlUUVRUVZNMzFCVFR6VEtQUDAzUzhFYlBVZGtiOXJURDd1VUNsdlV4TWZrTXV3a2liOS1vTXJWaDVSdFdhUTAyakFRQVZjTGUzOUNIMWZZR2hBVjFaOFE?oc=5,The Jerusalem Post,"<a href=""https://news.google.com/rss/articles/CBMiogFBVV95cUxOOU5rTXpkLVQ1YVV3bm1KM2tVZWxyQl9PR1ZFSWxVY1p5UW5vTlE2SE50bUZVUXdXUDZXYnFVZDJvamZqNG1IYndCUDBlUUVRUVZNMzFCVFR6VEtQUDAzUzhFYlBVZGtiOXJURDd1VUNsdlV4TWZrTXV3a2liOS1vTXJWaDVSdFdhUTAyakFRQVZjTGUzOUNIMWZZR2hBVjFaOFE?oc=5"" target=""_blank"">Wayward camels cause tension on Israel-Egypt border</a>&nbsp;&nbsp;<font color=""#6f6f6f"">The Jerusalem Post</font>"
2009-10,"""valley fever""",Nevada and Utah: Desert Aquifer Dispute in Snake Valley - Circle of Blue,"Mon, 12 Oct 2009 07:00:00 GMT",https://news.google.com/rss/articles/CBMimwFBVV95cUxQZkEwaTZhYnZlbzZJMy00a05zRFNsN2hqSDBfSlVMMHZzNEtiQTdVWUZiaExyMjFCaEJCYlFJcWNWVmQ0RDdKeWRxZWNROVRSaXpPaXVSTWxVZ0tEd2RVMDhOMVJkbVdQdTZTeXItdUkxeXd3UkF5NDNyak5qU0VtR2E2b1BKNERpQkRnT3JFM2RFTEJhbDRYQnlXdw?oc=5,Circle of Blue,"<a href=""https://news.google.com/rss/articles/CBMimwFBVV95cUxQZkEwaTZhYnZlbzZJMy00a05zRFNsN2hqSDBfSlVMMHZzNEtiQTdVWUZiaExyMjFCaEJCYlFJcWNWVmQ0RDdKeWRxZWNROVRSaXpPaXVSTWxVZ0tEd2RVMDhOMVJkbVdQdTZTeXItdUkxeXd3UkF5NDNyak5qU0VtR2E2b1BKNERpQkRnT3JFM2RFTEJhbDRYQnlXdw?oc=5"" target=""_blank"">Nevada and Utah: Desert Aquifer Dispute in Snake Valley</a>&nbsp;&nbsp;<font color=""#6f6f6f"">Circle of Blue</font>"
2009-11,"""valley fever""",Saudi livestock move boosts Somaliland economy - The New Humanitarian,"Tue, 10 Nov 2009 08:00:00 GMT",https://news.google.com/rss/articles/CBMingFBVV95cUxOejZxV25Bam01cTY4aTdxS0xsSmNqQlBRWWdGQksyUjNKc1RJZzNqazBXdWpBT3ZENG5JUzBjSkpBUXEzOUlsdHhJSFFJWHVZaVZzVjhpNldEeEtvM1ktYWd4THhtZzBkbTFTOVotTlhJRzk2MjI4VlZQeTRlWDRYRVFDX0NUQWlodXBGQ0t3X0t4WlBaelJZSGV2elZOUQ?oc=5,The New Humanitarian,"<a href=""https://news.google.com/rss/articles/CBMingFBVV95cUxOejZxV25Bam01cTY4aTdxS0xsSmNqQlBRWWdGQksyUjNKc1RJZzNqazBXdWpBT3ZENG5JUzBjSkpBUXEzOUlsdHhJSFFJWHVZaVZzVjhpNldEeEtvM1ktYWd4THhtZzBkbTFTOVotTlhJRzk2MjI4VlZQeTRlWDRYRVFDX0NUQWlodXBGQ0t3X0t4WlBaelJZSGV2elZOUQ?oc=5"" target=""_blank"">Saudi livestock move boosts Somaliland economy</a>&nbsp;&nbsp;<font color=""#6f6f6f"">The New Humanitarian</font>"
2009-11,"""valley fever""",Saudi Arabia Resumes Livestock Trade with Somalia - VOA - Voice of America English News,"Sat, 07 Nov 2009 08:00:00 GMT",https://news.google.com/rss/articles/CBMia0FVX3lxTFBzYlNiV2tHR2ZhNnlUUkdRVTJReFNESTFnQm1JZUI4c29DOVZlNFNTWEtORmttWXNsNk01SExkVE9SOVBFREs1M0lfcHc1NVhYT2FVdDNUSGoxTU1XV21KZDg0SldTRktmZ3dV0gFuQVVfeXFMUFR2TWwybXNOLXpQSEt4SWRQbElNTERvT1Z4VTFsY0pobHRrQkdtVjhXbmt1YXQ4Q2FrekY5N1RESlpOcjIxT1pSdnYwUTVXaVRzNWo4OHVyc0pLZkcyNTVsV0hHdWpmN0VIWk1qNXc?oc=5,VOA - Voice of America English News,"<a href=""https://news.google.com/rss/articles/CBMia0FVX3lxTFBzYlNiV2tHR2ZhNnlUUkdRVTJReFNESTFnQm1JZUI4c29DOVZlNFNTWEtORmttWXNsNk01SExkVE9SOVBFREs1M0lfcHc1NVhYT2FVdDNUSGoxTU1XV21KZDg0SldTRktmZ3dV0gFuQVVfeXFMUFR2TWwybXNOLXpQSEt4SWRQbElNTERvT1Z4VTFsY0pobHRrQkdtVjhXbmt1YXQ4Q2FrekY5N1RESlpOcjIxT1pSdnYwUTVXaVRzNWo4OHVyc0pLZkcyNTVsV0hHdWpmN0VIWk1qNXc?oc=5"" target=""_blank"">Saudi Arabia Resumes Livestock Trade with Somalia</a>&nbsp;&nbsp;<font color=""#6f6f6f"">VOA - Voice of America English News</font>"
2009-11,"""valley fever""",Africa | Saudi lifts Somali livestock ban - BBC,"Thu, 05 Nov 2009 08:00:00 GMT",https://news.google.com/rss/articles/CBMiWEFVX3lxTE1qeGJ0bWJiRVEtNGg0UWhVWTFTRl9nZFRaUWhMYTFCRnFFWVFjd242S2NVdnNkdjNQUFJIcS0xTVNvbFVpbUxuU0JoWWJObFFQY3ZtTGxQTGM?oc=5,BBC,"<a href=""https://news.google.com/rss/articles/CBMiWEFVX3lxTE1qeGJ0bWJiRVEtNGg0UWhVWTFTRl9nZFRaUWhMYTFCRnFFWVFjd242S2NVdnNkdjNQUFJIcS0xTVNvbFVpbUxuU0JoWWJObFFQY3ZtTGxQTGM?oc=5"" target=""_blank"">Africa | Saudi lifts Somali livestock ban</a>&nbsp;&nbsp;<font color=""#6f6f6f"">BBC</font>"
2010-03,"""valley fever""",Rift Valley Fever on the rise - News-Medical,"Mon, 29 Mar 2010 07:00:00 GMT",https://news.google.com/rss/articles/CBMigwFBVV95cUxQVkFfWjVWUUMwNzhMXzZyN2ZWRkhvSkZVQkQ0OHBvRXBQR1dJRXhNalZOVGkwT202aTdsVEpCdVVhQUN0cktBUmRPcE4zVW11Tkc3SWNPcENrMWxSeEpEZ0xrUDh1eC1WU091Qko3Y2N4aTVyNG9vS2F0YUVIZ1ExdkpHMA?oc=5,News-Medical,"<a href=""https://news.google.com/rss/articles/CBMigwFBVV95cUxQVkFfWjVWUUMwNzhMXzZyN2ZWRkhvSkZVQkQ0OHBvRXBQR1dJRXhNalZOVGkwT202aTdsVEpCdVVhQUN0cktBUmRPcE4zVW11Tkc3SWNPcENrMWxSeEpEZ0xrUDh1eC1WU091Qko3Y2N4aTVyNG9vS2F0YUVIZ1ExdkpHMA?oc=5"" target=""_blank"">Rift Valley Fever on the rise</a>&nbsp;&nbsp;<font color=""#6f6f6f"">News-Medical</font>"
2010-04,"""valley fever""",Juan withdraws as dad dies - News24,"Thu, 08 Apr 2010 07:00:00 GMT",https://news.google.com/rss/articles/CBMickFVX3lxTE5oRTN3bEJGUFdEWjlnMjVyNkxTa0JFdmhrckgxY3A0akhpVGJNdlQtVWdyc1RfUDliWDJkVXhFOUpfREpwOGp3Q1N5dDcwRWVMbEFPVkprX0ZRWU94dGlUNWRNb1Z5NURFWUcyRklrQkdIUQ?oc=5,News24,"<a href=""https://news.google.com/rss/articles/CBMickFVX3lxTE5oRTN3bEJGUFdEWjlnMjVyNkxTa0JFdmhrckgxY3A0akhpVGJNdlQtVWdyc1RfUDliWDJkVXhFOUpfREpwOGp3Q1N5dDcwRWVMbEFPVkprX0ZRWU94dGlUNWRNb1Z5NURFWUcyRklrQkdIUQ?oc=5"" target=""_blank"">Juan withdraws as dad dies</a>&nbsp;&nbsp;<font color=""#6f6f6f"">News24</font>"
2010-05,"""valley fever""",'Somaliland needs own plan for climate change' - PreventionWeb.net,"Fri, 07 May 2010 07:00:00 GMT",https://news.google.com/rss/articles/CBMigAFBVV95cUxNbU85Y1R6bW1kVHhxcEl3SW5qZnhHdUxaQUFRNnNWcVBzanBMOXBpNWNvaGl3RFN6c1ZGNHRPdHR4VEhDaFF1Y2h5bVFDVmFBLXk4SXFnRWlwRnJ5NnpQODNTYjM2cm00dm00UUpyaVo0TWNEVHgxWGFsYnh1bEtDUg?oc=5,PreventionWeb.net,"<a href=""https://news.google.com/rss/articles/CBMigAFBVV95cUxNbU85Y1R6bW1kVHhxcEl3SW5qZnhHdUxaQUFRNnNWcVBzanBMOXBpNWNvaGl3RFN6c1ZGNHRPdHR4VEhDaFF1Y2h5bVFDVmFBLXk4SXFnRWlwRnJ5NnpQODNTYjM2cm00dm00UUpyaVo0TWNEVHgxWGFsYnh1bEtDUg?oc=5"" target=""_blank"">'Somaliland needs own plan for climate change'</a>&nbsp;&nbsp;<font color=""#6f6f6f"">PreventionWeb.net</font>"
2010-06,"""valley fever""","Juan Zapata Obituary (2010) - Phoenix, AZ - The Arizona Republic - Legacy obituary","Tue, 22 Jun 2010 07:00:00 GMT",https://news.google.com/rss/articles/CBMijAFBVV95cUxPOEJPV28xd2wzUUVkbFhIbGJIQzFxWXV1X19VeFlNLXV0a2lFQXlCdE8zS1RpSUJ2R3EyWWlqTGVjNGxkX3g5Z1Y3dU1yTlJWYVJQdzVfQTJxQUpLNFltSENRaEEzakpYTHRhNEFrUkF1LU8zbmc1bjlGRi16VUNzOVktNDZQTTNNTTliSg?oc=5,Legacy obituary,"<a href=""https://news.google.com/rss/articles/CBMijAFBVV95cUxPOEJPV28xd2wzUUVkbFhIbGJIQzFxWXV1X19VeFlNLXV0a2lFQXlCdE8zS1RpSUJ2R3EyWWlqTGVjNGxkX3g5Z1Y3dU1yTlJWYVJQdzVfQTJxQUpLNFltSENRaEEzakpYTHRhNEFrUkF1LU8zbmc1bjlGRi16VUNzOVktNDZQTTNNTTliSg?oc=5"" target=""_blank"">Juan Zapata Obituary (2010) - Phoenix, AZ - The Arizona Republic</a>&nbsp;&nbsp;<font color=""#6f6f6f"">Legacy obituary</font>"
2010-06,"""valley fever""",D-Backs trade Conor Jackson for minor league closer - East Valley Tribune,"Tue, 15 Jun 2010 07:00:00 GMT",https://news.google.com/rss/articles/CBMi2gFBVV95cUxQdmdfNzdnNERTUEE5OTVrY3I3VDZqU1IzVjVsUHZtMTJrbGJFSEJKcUQ0OHFZXy04UXUteHg5c2Q3LUt5bENFc2x1eVpmLWxrdElIaGJBMEpOTWlHS0hjYU5NWXdCRlFZSkQ2N1BEanZlZkNTZ1VDalZBWU8weG1BckRBOXpORHFfX2RjRkZnNWl3bnRGRXNRSHVNOEpkekZSZFU4UDFubWlYZWN4dmtJcHA0OVBOVjROSjFWWFlVei04YkU2ZlM3U3diV0dQb1FMdlpZckE3MkdtQQ?oc=5,East Valley Tribune,"<a href=""https://news.google.com/rss/articles/CBMi2gFBVV95cUxQdmdfNzdnNERTUEE5OTVrY3I3VDZqU1IzVjVsUHZtMTJrbGJFSEJKcUQ0OHFZXy04UXUteHg5c2Q3LUt5bENFc2x1eVpmLWxrdElIaGJBMEpOTWlHS0hjYU5NWXdCRlFZSkQ2N1BEanZlZkNTZ1VDalZBWU8weG1BckRBOXpORHFfX2RjRkZnNWl3bnRGRXNRSHVNOEpkekZSZFU4UDFubWlYZWN4dmtJcHA0OVBOVjROSjFWWFlVei04YkU2ZlM3U3diV0dQb1FMdlpZckE3MkdtQQ?oc=5"" target=""_blank"">D-Backs trade Conor Jackson for minor league closer</a>&nbsp;&nbsp;<font color=""#6f6f6f"">East Valley Tribune</font>"
2010-07,"""valley fever""",Mosquito Eradication - California Academy of Sciences,"Mon, 26 Jul 2010 07:00:00 GMT",https://news.google.com/rss/articles/CBMicEFVX3lxTE5tRmgtWXNMTGQtNFNHX1oxZGhnUGo0TXh3VERSNkRfZTVnM0NtYlRacHJYSXZKYmJoaXhlWWozc3Z5OE1admFqU3h0bWZFZjlQWUdhVWpGRWpqdl82dHpRV2dXYWNCYjNTLUJKVEJmaXY?oc=5,California Academy of Sciences,"<a href=""https://news.google.com/rss/articles/CBMicEFVX3lxTE5tRmgtWXNMTGQtNFNHX1oxZGhnUGo0TXh3VERSNkRfZTVnM0NtYlRacHJYSXZKYmJoaXhlWWozc3Z5OE1admFqU3h0bWZFZjlQWUdhVWpGRWpqdl82dHpRV2dXYWNCYjNTLUJKVEJmaXY?oc=5"" target=""_blank"">Mosquito Eradication</a>&nbsp;&nbsp;<font color=""#6f6f6f"">California Academy of Sciences</font>"
2010-07,"""valley fever""",Rift Valley Fever: It could be catastrophic - Mmegi Online,"Thu, 15 Jul 2010 07:00:00 GMT",https://news.google.com/rss/articles/CBMihAFBVV95cUxOYUlWS1FpLTgwRGhmcG5teGtFUi1ybl8zQjBBNFFscThTOE1ubG9EaWpVaC01bV9ZV2NkY2NVUmM4bXpBSlhLUTlXcGlBbW9ONEdyVGRLS05fUnBhcDhVR1M1SlZ4dnU3cjIzZ2twd3RJMDhSenAtVUc2LTRhZElZYmxWc1jSAU5BVV95cUxOTXJIQkJSVEdPUWp4NnVrY0ppWDhXeWg2akZ2YzhhQ2hEZE5sVVBZMTNGWVFXUDV2MWkyZlZ3OVFyNVFLT2RTTkwzbENma0E?oc=5,Mmegi Online,"<a href=""https://news.google.com/rss/articles/CBMihAFBVV95cUxOYUlWS1FpLTgwRGhmcG5teGtFUi1ybl8zQjBBNFFscThTOE1ubG9EaWpVaC01bV9ZV2NkY2NVUmM4bXpBSlhLUTlXcGlBbW9ONEdyVGRLS05fUnBhcDhVR1M1SlZ4dnU3cjIzZ2twd3RJMDhSenAtVUc2LTRhZElZYmxWc1jSAU5BVV95cUxOTXJIQkJSVEdPUWp4NnVrY0ppWDhXeWg2akZ2YzhhQ2hEZE5sVVBZMTNGWVFXUDV2MWkyZlZ3OVFyNVFLT2RTTkwzbENma0E?oc=5"" target=""_blank"">Rift Valley Fever: It could be catastrophic</a>&nbsp;&nbsp;<font color=""#6f6f6f"">Mmegi Online</font>"
2010-07,"""valley fever""",Let's stop Foot and Mouth together - De Graaff - Mmegi Online,"Fri, 09 Jul 2010 07:00:00 GMT",https://news.google.com/rss/articles/CBMif0FVX3lxTE5ab1V6anpOQi1VX3EwRkE1M2lwMmExYTlyM3FfNENVSG45RGdwX08td2NaeHVEMEViRUlqYnl4bHJPMkFlS2FKRkZycHhLdHRYRjdwUG9CRXIxa0Q4cXhqSG9lWVFtR2VtM1RPbmExVHV4RVJoSDhSNzVfUE12M3PSAU5BVV95cUxOVHgyRGdrLVdsYUZHalJZeGVIVjlxcGIyc3dmWmV2ejlZeXBjSUpWQzJpNVlxOHdUNzdBWjNhTW44X3hQQ3g0OU9wZU1qTEE?oc=5,Mmegi Online,"<a href=""https://news.google.com/rss/articles/CBMif0FVX3lxTE5ab1V6anpOQi1VX3EwRkE1M2lwMmExYTlyM3FfNENVSG45RGdwX08td2NaeHVEMEViRUlqYnl4bHJPMkFlS2FKRkZycHhLdHRYRjdwUG9CRXIxa0Q4cXhqSG9lWVFtR2VtM1RPbmExVHV4RVJoSDhSNzVfUE12M3PSAU5BVV95cUxOVHgyRGdrLVdsYUZHalJZeGVIVjlxcGIyc3dmWmV2ejlZeXBjSUpWQzJpNVlxOHdUNzdBWjNhTW44X3hQQ3g0OU9wZU1qTEE?oc=5"" target=""_blank"">Let's stop Foot and Mouth together - De Graaff</a>&nbsp;&nbsp;<font color=""#6f6f6f"">Mmegi Online</font>"
2010-07,"""valley fever""",Ramotswa shows poor response to animal fever - Mmegi Online,"Wed, 14 Jul 2010 07:00:00 GMT",https://news.google.com/rss/articles/CBMigAFBVV95cUxQWVlCaXF4XzVVWGJCMEQ2aVhCajBOX0Y5bkxVMlV1Rl9jVG5GNVN2YVBQQlJ0NmF2YnFjOUk4OFJPQTVDalczVEcyWTRuNEh1S2pUZ1VxcTI2RHQyUkJBUEdnWjV2OHl1aFRwUG5fX3U2dVRNZFRpT1A5TVNyMU5ZZdIBTkFVX3lxTE1OSlU2Wmp3QVBMWkhvWDYyR2hLVlZhYm41RnRiLVdjVnlrZ1JrUlBhd2gwNW9URV9md1laZklqQTRTcEZaX2gwUTNOaGw0UQ?oc=5,Mmegi Online,"<a href=""https://news.google.com/rss/articles/CBMigAFBVV95cUxQWVlCaXF4XzVVWGJCMEQ2aVhCajBOX0Y5bkxVMlV1Rl9jVG5GNVN2YVBQQlJ0NmF2YnFjOUk4OFJPQTVDalczVEcyWTRuNEh1S2pUZ1VxcTI2RHQyUkJBUEdnWjV2OHl1aFRwUG5fX3U2dVRNZFRpT1A5TVNyMU5ZZdIBTkFVX3lxTE1OSlU2Wmp3QVBMWkhvWDYyR2hLVlZhYm41RnRiLVdjVnlrZ1JrUlBhd2gwNW9URV9md1laZklqQTRTcEZaX2gwUTNOaGw0UQ?oc=5"" target=""_blank"">Ramotswa shows poor response to animal fever</a>&nbsp;&nbsp;<font color=""#6f6f6f"">Mmegi Online</font>"
2010-09,"""valley fever""",Why Would God Create Mosquitoes? - Reasons to Believe,"Thu, 02 Sep 2010 07:00:00 GMT",https://news.google.com/rss/articles/CBMiiAFBVV95cUxQMGg2Vk1JRlRJamd4ekY3d0FnWGxSLXR0MzFNV0lsSDNiNGdUMUhCTTE2emRSeHZEbHBpQWJqQjlvYjlLNG95UXJEUHVMYjZwYUlFMS02LVVxZ29ZLV9LMV9zMkhqWHlWTzd6cWdyQlJVZTBGakNvM21yZnMxdGtORmZLU21IbFlK?oc=5,Reasons to Believe,"<a href=""https://news.google.com/rss/articles/CBMiiAFBVV95cUxQMGg2Vk1JRlRJamd4ekY3d0FnWGxSLXR0MzFNV0lsSDNiNGdUMUhCTTE2emRSeHZEbHBpQWJqQjlvYjlLNG95UXJEUHVMYjZwYUlFMS02LVVxZ29ZLV9LMV9zMkhqWHlWTzd6cWdyQlJVZTBGakNvM21yZnMxdGtORmZLU21IbFlK?oc=5"" target=""_blank"">Why Would God Create Mosquitoes?</a>&nbsp;&nbsp;<font color=""#6f6f6f"">Reasons to Believe</font>"
2010-09,"""valley fever""",Rift Valley Fever vaccination complete - Mmegi Online,"Thu, 16 Sep 2010 07:00:00 GMT",https://news.google.com/rss/articles/CBMieEFVX3lxTE5ZTjJMQm1vc0h0QTloSHpxNkcwYXFYUkVjaUlTdmduY2VjZFU4OF9CVG1iTlMxVUlwZVhqU29TZG0xV0ltcXNkcW5tSXVnb0VtT3paa1ZMZjVpUldvY3VpZXhLWGdiNHp6by1pbUV6Y2p5dWJ1Rjlmb9IBTkFVX3lxTFAtZ3MwQkRlX2lwTmtwdjRXTFFsYjNoT3RyTi1XSFVWUTJIVENqdjAtMWlibTVBNlBpdlUtWU0xMmFxek1PODROUlZpXzVidw?oc=5,Mmegi Online,"<a href=""https://news.google.com/rss/articles/CBMieEFVX3lxTE5ZTjJMQm1vc0h0QTloSHpxNkcwYXFYUkVjaUlTdmduY2VjZFU4OF9CVG1iTlMxVUlwZVhqU29TZG0xV0ltcXNkcW5tSXVnb0VtT3paa1ZMZjVpUldvY3VpZXhLWGdiNHp6by1pbUV6Y2p5dWJ1Rjlmb9IBTkFVX3lxTFAtZ3MwQkRlX2lwTmtwdjRXTFFsYjNoT3RyTi1XSFVWUTJIVENqdjAtMWlibTVBNlBpdlUtWU0xMmFxek1PODROUlZpXzVidw?oc=5"" target=""_blank"">Rift Valley Fever vaccination complete</a>&nbsp;&nbsp;<font color=""#6f6f6f"">Mmegi Online</font>"
2010-12,"""valley fever""",Mechanism of tripartite RNA genome packaging in Rift Valley fever virus - PNAS,"Mon, 27 Dec 2010 08:00:00 GMT",https://news.google.com/rss/articles/CBMiXEFVX3lxTE5XelhtQVVLS25pLWxFV2VNUnRwYXN3bEcwd3AxM0RCd1JERUxiaUU1MU1naFRwSTF3dFNFaHZjaHdaYVMzVTVpYXEzalVrQkh2SUZaVEozR0F4QnMw?oc=5,PNAS,"<a href=""https://news.google.com/rss/articles/CBMiXEFVX3lxTE5XelhtQVVLS25pLWxFV2VNUnRwYXN3bEcwd3AxM0RCd1JERUxiaUU1MU1naFRwSTF3dFNFaHZjaHdaYVMzVTVpYXEzalVrQkh2SUZaVEozR0F4QnMw?oc=5"" target=""_blank"">Mechanism of tripartite RNA genome packaging in Rift Valley fever virus</a>&nbsp;&nbsp;<font color=""#6f6f6f"">PNAS</font>"
2010-12,"""valley fever""",Reid Zoo's Boris the polar bear dies of apparent allergic reaction - Arizona Daily Star,"Tue, 14 Dec 2010 08:00:00 GMT",https://news.google.com/rss/articles/CBMi3gFBVV95cUxORGhqcS1LZHFURG9kYzJ0b19meGdZQnBGa2RRbWdqamxFSTRRTjRpcUlIeC1Ka1dkN01lbDZFQ3lydmpFR2tVd18yR1dFUU9DXzg3MC02bm9uUWVIRGFGUFhpSEgzSVZfeDNXVHg2VnJZTGlXanVFQlFjV2N0SU9BTEV0NDRnb1JUamp4QnliRHhFdXhhY1hXTnhxUXBRSmw0SnhJQTJFWEpqbFpEZmU4TWxQaDBJMkstaXNXVHNyYnphSnhqR19VWkVXNVY1cjhPSEJGOEZvT2pqOV9Yenc?oc=5,Arizona Daily Star,"<a href=""https://news.google.com/rss/articles/CBMi3gFBVV95cUxORGhqcS1LZHFURG9kYzJ0b19meGdZQnBGa2RRbWdqamxFSTRRTjRpcUlIeC1Ka1dkN01lbDZFQ3lydmpFR2tVd18yR1dFUU9DXzg3MC02bm9uUWVIRGFGUFhpSEgzSVZfeDNXVHg2VnJZTGlXanVFQlFjV2N0SU9BTEV0NDRnb1JUamp4QnliRHhFdXhhY1hXTnhxUXBRSmw0SnhJQTJFWEpqbFpEZmU4TWxQaDBJMkstaXNXVHNyYnphSnhqR19VWkVXNVY1cjhPSEJGOEZvT2pqOV9Yenc?oc=5"" target=""_blank"">Reid Zoo's Boris the polar bear dies of apparent allergic reaction</a>&nbsp;&nbsp;<font color=""#6f6f6f"">Arizona Daily Star</font>"
2011-01,"""valley fever""","Tyler Bridgewater Obituary - Bakersfield, CA - Dignity Memorial","Sat, 29 Jan 2011 08:00:00 GMT",https://news.google.com/rss/articles/CBMiiwFBVV95cUxQZ01YWE1kaVpic2JXRFYxNWt3MUFqRWlFMVRod0xGald0NXBERDJPMnhCcnY1WmRCYTdPYmFYN3VDSUxZLXdid2xVSXVRUGpfT1ZVaGc0YlRldDRtX2Zac0xGTUh1WkhVWWZHOXNueFRjLUVxc3YxN0tIazdEVFdRby0yMDVGWDIzcGdn?oc=5,Dignity Memorial,"<a href=""https://news.google.com/rss/articles/CBMiiwFBVV95cUxQZ01YWE1kaVpic2JXRFYxNWt3MUFqRWlFMVRod0xGald0NXBERDJPMnhCcnY1WmRCYTdPYmFYN3VDSUxZLXdid2xVSXVRUGpfT1ZVaGc0YlRldDRtX2Zac0xGTUh1WkhVWWZHOXNueFRjLUVxc3YxN0tIazdEVFdRby0yMDVGWDIzcGdn?oc=5"" target=""_blank"">Tyler Bridgewater Obituary - Bakersfield, CA</a>&nbsp;&nbsp;<font color=""#6f6f6f"">Dignity Memorial</font>"
2011-01,"""valley fever""",Farm-Africa to launch 150 branded veterinary stores across Kenya - The Guardian,"Fri, 21 Jan 2011 08:00:00 GMT",https://news.google.com/rss/articles/CBMinwFBVV95cUxQQ0VGR0tsczRobC11c3J2NzZEVVdCeFl2Wnhxd0FoMGhXLWdOemF3Mk8xZlktXzYyc0FTZjY2dVFhZGotWjdFWTJRWVJhT2dkWDdvSnhwSWIxT1JjVlRjOVF5ZTU0X1EtbkRKRDhnV1RKeDhBWndPZGdlYUk1RnloTE04bm9MbGZoZUlMZzZESGdYXzJsWlRiRlBCOHBlWWs?oc=5,The Guardian,"<a href=""https://news.google.com/rss/articles/CBMinwFBVV95cUxQQ0VGR0tsczRobC11c3J2NzZEVVdCeFl2Wnhxd0FoMGhXLWdOemF3Mk8xZlktXzYyc0FTZjY2dVFhZGotWjdFWTJRWVJhT2dkWDdvSnhwSWIxT1JjVlRjOVF5ZTU0X1EtbkRKRDhnV1RKeDhBWndPZGdlYUk1RnloTE04bm9MbGZoZUlMZzZESGdYXzJsWlRiRlBCOHBlWWs?oc=5"" target=""_blank"">Farm-Africa to launch 150 branded veterinary stores across Kenya</a>&nbsp;&nbsp;<font color=""#6f6f6f"">The Guardian</font>"
2011-01,"""valley fever""",Jared Lee Loughner Uber Alles? More Debate on Gun Nuttery - Phoenix New Times,"Fri, 14 Jan 2011 08:00:00 GMT",https://news.google.com/rss/articles/CBMipAFBVV95cUxPNENwMGItcENaNGlpZFc3MmFyaS12LXNzamlzbnRXdnpHSy1TQTN1UTdKVkZ3YzN3VkI3NG9aZTNhTW1pdk85aWlzSnhPd0RpU241RDVsQllUWTFzNmVNeF91cURxbjRHWmFXSDFPZ2Z1czFKRjktVUJXd0Jaejk3TG9wT2l5VXREcm1KSXk2Uk5OckhIY0Y3VTJvLUtzRFpRRUJ5QQ?oc=5,Phoenix New Times,"<a href=""https://news.google.com/rss/articles/CBMipAFBVV95cUxPNENwMGItcENaNGlpZFc3MmFyaS12LXNzamlzbnRXdnpHSy1TQTN1UTdKVkZ3YzN3VkI3NG9aZTNhTW1pdk85aWlzSnhPd0RpU241RDVsQllUWTFzNmVNeF91cURxbjRHWmFXSDFPZ2Z1czFKRjktVUJXd0Jaejk3TG9wT2l5VXREcm1KSXk2Uk5OckhIY0Y3VTJvLUtzRFpRRUJ5QQ?oc=5"" target=""_blank"">Jared Lee Loughner Uber Alles? More Debate on Gun Nuttery</a>&nbsp;&nbsp;<font color=""#6f6f6f"">Phoenix New Times</font>"
2011-01,coccidioidomycosis,Fungal Infection from Sweeping in the Wrong Place - The New England Journal of Medicine,"Thu, 13 Jan 2011 08:00:00 GMT",https://news.google.com/rss/articles/CBMiYkFVX3lxTE1jZ2J4OWpSRmxuZHB5M1pjS1ZqcmJpZkh2OWtsLXU2X1dqa1RXdGFrUng3WjhaZzB1ZUllR2dmNnN6ZElyNTJ2ekZIU0o4b3FpVFg5UjBqZ3oza2RkZjlKWVpn?oc=5,The New England Journal of Medicine,"<a href=""https://news.google.com/rss/articles/CBMiYkFVX3lxTE1jZ2J4OWpSRmxuZHB5M1pjS1ZqcmJpZkh2OWtsLXU2X1dqa1RXdGFrUng3WjhaZzB1ZUllR2dmNnN6ZElyNTJ2ekZIU0o4b3FpVFg5UjBqZ3oza2RkZjlKWVpn?oc=5"" target=""_blank"">Fungal Infection from Sweeping in the Wrong Place</a>&nbsp;&nbsp;<font color=""#6f6f6f"">The New England Journal of Medicine</font>"
2011-02,"""valley fever""",Livestock plagues are spreading - Nature,"Fri, 11 Feb 2011 08:00:00 GMT",https://news.google.com/rss/articles/CBMiV0FVX3lxTE9tUm5FTmxTTGpUWno2b1R1UTlzMjFEWTNxRS1YSmJ1NXFqVm1VUWkza2t4RU9xQUhiRlE3REV4ZmxQbmNMc09na2F6QlJZT3RLX1dkQWd5Yw?oc=5,Nature,"<a href=""https://news.google.com/rss/articles/CBMiV0FVX3lxTE9tUm5FTmxTTGpUWno2b1R1UTlzMjFEWTNxRS1YSmJ1NXFqVm1VUWkza2t4RU9xQUhiRlE3REV4ZmxQbmNMc09na2F6QlJZT3RLX1dkQWd5Yw?oc=5"" target=""_blank"">Livestock plagues are spreading</a>&nbsp;&nbsp;<font color=""#6f6f6f"">Nature</font>"
2011-02,coccidioidomycosis,An atypical morphologic presentation of coccidioides spp. in fine‐needle aspiration of lung - Wiley Online Library,"Wed, 09 Feb 2011 08:00:00 GMT",https://news.google.com/rss/articles/CBMiYkFVX3lxTE1hM0FkZXJRQ0JXV2NXZFh2bkw3NEkzMjEzUGlSc2hrQ3gzU184WlUwWnQwWTlOZk9WdU1GTnRva2dndDdONElTOUhGWVdzRjNtWTlFZEhMRWFjUFE0akdwLUlR?oc=5,Wiley Online Library,"<a href=""https://news.google.com/rss/articles/CBMiYkFVX3lxTE1hM0FkZXJRQ0JXV2NXZFh2bkw3NEkzMjEzUGlSc2hrQ3gzU184WlUwWnQwWTlOZk9WdU1GTnRva2dndDdONElTOUhGWVdzRjNtWTlFZEhMRWFjUFE0akdwLUlR?oc=5"" target=""_blank"">An atypical morphologic presentation of coccidioides spp. in fine‐needle aspiration of lung</a>&nbsp;&nbsp;<font color=""#6f6f6f"">Wiley Online Library</font>"
2011-03,"""valley fever""",Fever with Thrombocytopenia Associated with a Novel Bunyavirus in China - The New England Journal of Medicine,"Wed, 16 Mar 2011 07:00:00 GMT",https://news.google.com/rss/articles/CBMiYEFVX3lxTE1mOHg1STgwN21ISlpkakVpMHNtRF9iLW1KYkR6b3BCbFpqUGk5cHM4cG9LMVFPZmswZ0NoQm1FMy1JV0plWjZMUW40RkZ3N2VQVlNQc0lReVEtLTJ0TWhuVQ?oc=5,The New England Journal of Medicine,"<a href=""https://news.google.com/rss/articles/CBMiYEFVX3lxTE1mOHg1STgwN21ISlpkakVpMHNtRF9iLW1KYkR6b3BCbFpqUGk5cHM4cG9LMVFPZmswZ0NoQm1FMy1JV0plWjZMUW40RkZ3N2VQVlNQc0lReVEtLTJ0TWhuVQ?oc=5"" target=""_blank"">Fever with Thrombocytopenia Associated with a Novel Bunyavirus in China</a>&nbsp;&nbsp;<font color=""#6f6f6f"">The New England Journal of Medicine</font>"
2011-04,"""valley fever""",An inbuilt defence mechanism - The Hindu,"Sat, 09 Apr 2011 07:00:00 GMT",https://news.google.com/rss/articles/CBMisAFBVV95cUxNZFhhc0dMY1Y5UGhzdmpkZ1lEdldRS25FcU10Wnp0TlJyTHprazJjOTYxcEsxWXhsNXh2OEVkNkVPVUptNnBMb1k5XzktaTRsRnZVbUJiV25jMFlFOXVIQXFRUFdXNVpFWFVZai1NeHJrUnREVmh4VjVYdXlhSmlWMmFnWG9DSzZBbVBZZ20yTXNRaFNrTkFLdWtvbXdaQkpYQ3VuYmJ1R0Q3SXItVWYwU9IBtwFBVV95cUxPRS1fVXdrU2p5dExMdzl4Mk5NLUp0UHFwbmlvdXktMEFqZzd5cVl5ZWxYdkJwVURBdmRoQm5pVTE2T21MZG85U002emNwWFBkbUtqUmNVN1ppdURzRG9qTEZpR1hrNkJPY3NuV0NwVWdIVFp4cGd5QzhNb1hoZ3BmbHREZnNsNmFPc2liVmwtWWozSjhKRUFMLUNMdG05bjhsYjZkdjkzTHhyTUVxVm5Xa2pXM1dFdWs?oc=5,The Hindu,"<a href=""https://news.google.com/rss/articles/CBMisAFBVV95cUxNZFhhc0dMY1Y5UGhzdmpkZ1lEdldRS25FcU10Wnp0TlJyTHprazJjOTYxcEsxWXhsNXh2OEVkNkVPVUptNnBMb1k5XzktaTRsRnZVbUJiV25jMFlFOXVIQXFRUFdXNVpFWFVZai1NeHJrUnREVmh4VjVYdXlhSmlWMmFnWG9DSzZBbVBZZ20yTXNRaFNrTkFLdWtvbXdaQkpYQ3VuYmJ1R0Q3SXItVWYwU9IBtwFBVV95cUxPRS1fVXdrU2p5dExMdzl4Mk5NLUp0UHFwbmlvdXktMEFqZzd5cVl5ZWxYdkJwVURBdmRoQm5pVTE2T21MZG85U002emNwWFBkbUtqUmNVN1ppdURzRG9qTEZpR1hrNkJPY3NuV0NwVWdIVFp4cGd5QzhNb1hoZ3BmbHREZnNsNmFPc2liVmwtWWozSjhKRUFMLUNMdG05bjhsYjZkdjkzTHhyTUVxVm5Xa2pXM1dFdWs?oc=5"" target=""_blank"">An inbuilt defence mechanism</a>&nbsp;&nbsp;<font color=""#6f6f6f"">The Hindu</font>"
2011-04,"""valley fever""","Parasites, mosquito bites the reason for livestock deaths - The Namibian -","Thu, 14 Apr 2011 07:00:00 GMT",https://news.google.com/rss/articles/CBMijgFBVV95cUxPZXRXZEEtcXAxMmJPR2NSZEZQMWVaZmk4eTZqQ25TakJlZWtkOGU5MjNid3lhOHpxRGhHNHFFZDg4eXNyZFloaTBLN2NhWUFMQ0tNMmpkX2ozYVFHRDlqX0NlNDBFNkNPT2d1alRGby1vQkE5OGlPQmVIcjhKMUkyUkVMZWVFTURTWGJjekxn?oc=5,The Namibian -,"<a href=""https://news.google.com/rss/articles/CBMijgFBVV95cUxPZXRXZEEtcXAxMmJPR2NSZEZQMWVaZmk4eTZqQ25TakJlZWtkOGU5MjNid3lhOHpxRGhHNHFFZDg4eXNyZFloaTBLN2NhWUFMQ0tNMmpkX2ozYVFHRDlqX0NlNDBFNkNPT2d1alRGby1vQkE5OGlPQmVIcjhKMUkyUkVMZWVFTURTWGJjekxn?oc=5"" target=""_blank"">Parasites, mosquito bites the reason for livestock deaths</a>&nbsp;&nbsp;<font color=""#6f6f6f"">The Namibian -</font>"
2011-05,"""valley fever""",Infection with a plant virus modifies vector feeding behavior - PNAS,"Mon, 23 May 2011 07:00:00 GMT",https://news.google.com/rss/articles/CBMiXEFVX3lxTE5LRGJncFZGcHF1c3ZyOHVvZ1hLTlV0TXZQdWZXVmk5b0kzdFhVQk12MkZPVzhGak9MbUF1UU9jbmpJMHZZemRYOTI5dDZDNjRsMG5CbWk2RVdZUGdU?oc=5,PNAS,"<a href=""https://news.google.com/rss/articles/CBMiXEFVX3lxTE5LRGJncFZGcHF1c3ZyOHVvZ1hLTlV0TXZQdWZXVmk5b0kzdFhVQk12MkZPVzhGak9MbUF1UU9jbmpJMHZZemRYOTI5dDZDNjRsMG5CbWk2RVdZUGdU?oc=5"" target=""_blank"">Infection with a plant virus modifies vector feeding behavior</a>&nbsp;&nbsp;<font color=""#6f6f6f"">PNAS</font>"
2011-05,"""valley fever""",Zombies Upstage a Routine Public Health Bulletin (Published 2011) - The New York Times,"Thu, 19 May 2011 07:00:00 GMT",https://news.google.com/rss/articles/CBMiYkFVX3lxTE94c2t2YUFBOXJKeURNOUpIcVVHUnlVWlI5cjZNOWc4MmcyNXdyaWRFRHZIeHlUd1p5VVdCamRDS256STZNOTd6UEprTGMyOE5XLWIxcGRTRlV1LUFZM3ZLNUN3?oc=5,The New York Times,"<a href=""https://news.google.com/rss/articles/CBMiYkFVX3lxTE94c2t2YUFBOXJKeURNOUpIcVVHUnlVWlI5cjZNOWc4MmcyNXdyaWRFRHZIeHlUd1p5VVdCamRDS256STZNOTd6UEprTGMyOE5XLWIxcGRTRlV1LUFZM3ZLNUN3?oc=5"" target=""_blank"">Zombies Upstage a Routine Public Health Bulletin (Published 2011)</a>&nbsp;&nbsp;<font color=""#6f6f6f"">The New York Times</font>"
2011-05,"""valley fever""",Mom on slain Modesto Marine: 'He had a strong sense of duty' - Modesto Bee,"Mon, 16 May 2011 07:00:00 GMT",https://news.google.com/rss/articles/CBMiY0FVX3lxTFBTaFlfYXFfSmhzWHZnSVhPRHRBdTc3d2VqOVN1TlpnT1RTaUJDTEtkYWUwd0JFUXFPNGR0WEZMLVZfZEF3RzYwMGQ5bTFRMHN6QzZ4ei1uNklkN0x5Smk3cEoxb9IBY0FVX3lxTE9fSlZiODdqbmRzNzRjT0dDcTBFMVZldVg1djVhTWMyMVVmb2Y2bjBJb3RBcjJSUWZheXZOcEdIVnpHT0xGNGhTaDZYLWFNQ3RZbVNmSjdQdVJDUWlrNS0wdWloOA?oc=5,Modesto Bee,"<a href=""https://news.google.com/rss/articles/CBMiY0FVX3lxTFBTaFlfYXFfSmhzWHZnSVhPRHRBdTc3d2VqOVN1TlpnT1RTaUJDTEtkYWUwd0JFUXFPNGR0WEZMLVZfZEF3RzYwMGQ5bTFRMHN6QzZ4ei1uNklkN0x5Smk3cEoxb9IBY0FVX3lxTE9fSlZiODdqbmRzNzRjT0dDcTBFMVZldVg1djVhTWMyMVVmb2Y2bjBJb3RBcjJSUWZheXZOcEdIVnpHT0xGNGhTaDZYLWFNQ3RZbVNmSjdQdVJDUWlrNS0wdWloOA?oc=5"" target=""_blank"">Mom on slain Modesto Marine: 'He had a strong sense of duty'</a>&nbsp;&nbsp;<font color=""#6f6f6f"">Modesto Bee</font>"
2011-05,"""valley fever""",Battling bugs in your backyard - Pocono Record,"Fri, 06 May 2011 07:00:00 GMT",https://news.google.com/rss/articles/CBMiqgFBVV95cUxPTXFodkdvRjBYN2xnSUlGVE9FSTlReWF3ZXdyT29Vd1BhUXZVSjR4YW96a0Nia2dRbFBteDd3UVdSMlNNOVNuOS1EM1ZXcGVYSmpQb1RhQm52NmdiTHd3WlVWSlotNGdXaHpIS0ViVE96d0JjTGRMYVpfbEhGX0NGMVpyWF9RakF1UHpydFlaWTROUzk3R0VXbFhCVUpOZjBmeTdHdWtGOW44UQ?oc=5,Pocono Record,"<a href=""https://news.google.com/rss/articles/CBMiqgFBVV95cUxPTXFodkdvRjBYN2xnSUlGVE9FSTlReWF3ZXdyT29Vd1BhUXZVSjR4YW96a0Nia2dRbFBteDd3UVdSMlNNOVNuOS1EM1ZXcGVYSmpQb1RhQm52NmdiTHd3WlVWSlotNGdXaHpIS0ViVE96d0JjTGRMYVpfbEhGX0NGMVpyWF9RakF1UHpydFlaWTROUzk3R0VXbFhCVUpOZjBmeTdHdWtGOW44UQ?oc=5"" target=""_blank"">Battling bugs in your backyard</a>&nbsp;&nbsp;<font color=""#6f6f6f"">Pocono Record</font>"
2011-07,"""valley fever""",Crimean-Congo haemorrhagic fever in India - The Lancet,"Sat, 23 Jul 2011 07:00:00 GMT",https://news.google.com/rss/articles/CBMiiwFBVV95cUxQUGxDV0pnampsSldKWVNlS3ExY09nWnVxOTI0WXhPS0JJMzVxM3dQcFJvalRCWnlPU3BOQUxQcWtqd0R2Vmd5RWNTOTFNTXg5YjZIdFViZlFrcFR4YVpFOUEzdUxJMl8wd1dlT0FYMTZFbGdkZVNJRnVjT0NMSHRENXY0Q1QwTGxvbVZR?oc=5,The Lancet,"<a href=""https://news.google.com/rss/articles/CBMiiwFBVV95cUxQUGxDV0pnampsSldKWVNlS3ExY09nWnVxOTI0WXhPS0JJMzVxM3dQcFJvalRCWnlPU3BOQUxQcWtqd0R2Vmd5RWNTOTFNTXg5YjZIdFViZlFrcFR4YVpFOUEzdUxJMl8wd1dlT0FYMTZFbGdkZVNJRnVjT0NMSHRENXY0Q1QwTGxvbVZR?oc=5"" target=""_blank"">Crimean-Congo haemorrhagic fever in India</a>&nbsp;&nbsp;<font color=""#6f6f6f"">The Lancet</font>"
2011-07,"""valley fever""",Phoenix dust storm makes for dangerous driving and delays flights (Video) - The Christian Science Monitor,"Tue, 19 Jul 2011 07:00:00 GMT",https://news.google.com/rss/articles/CBMiyAFBVV95cUxPV2dEb0pHdXZabDB1Ri1PcFY2NVVGLS1jSXlxcnV0ek9Ba1FVVGdmX1hleXRlMkFHa01EVHhRVlJTZHA0NHJFbmw0RUVUSC1uWEFSNEZ2OXF6OXdHVFA0LU9NellhYUttWGhmMzg1VE1aYnotTXF1UkMweDJOOHFRcnY4eFYyYkdJMDUwVmtoOVFyckFqZlJDV1QtckFnZE1YVHNfbXliTXVTb08tOHNaLUNlMFhtNnpQZ1dWb0xuRGtnRnJWWVlMWdIB4gFBVV95cUxOVHZET3VmZmlwdTU3T1VnUWNjb2l1QXZidjJzM2RyTS02SmV2R01BeUZsWHZsUl95a2ZkOTFzVlFGTHVPMmx5NUZscGFXanZ6bkRybHpjVGVVNXBVVGdRNWVCQ0NVajdZbzhTYTZNTURqOEpBUGxJbU8tb0RQX3h2N3Q2eC1GT1JFYXRjVXdTTVN5cS1MUzcyU29XMUNrZnFHeWg2N1FneHU0RDE3UFk0U0lfQldHWG1oVkRoU2R0NUxhUGxsaHJ6d3JHNTdpWjl1MlZ3MHF3UVlmN202Q0NvTzl3?oc=5,The Christian Science Monitor,"<a href=""https://news.google.com/rss/articles/CBMiyAFBVV95cUxPV2dEb0pHdXZabDB1Ri1PcFY2NVVGLS1jSXlxcnV0ek9Ba1FVVGdmX1hleXRlMkFHa01EVHhRVlJTZHA0NHJFbmw0RUVUSC1uWEFSNEZ2OXF6OXdHVFA0LU9NellhYUttWGhmMzg1VE1aYnotTXF1UkMweDJOOHFRcnY4eFYyYkdJMDUwVmtoOVFyckFqZlJDV1QtckFnZE1YVHNfbXliTXVTb08tOHNaLUNlMFhtNnpQZ1dWb0xuRGtnRnJWWVlMWdIB4gFBVV95cUxOVHZET3VmZmlwdTU3T1VnUWNjb2l1QXZidjJzM2RyTS02SmV2R01BeUZsWHZsUl95a2ZkOTFzVlFGTHVPMmx5NUZscGFXanZ6bkRybHpjVGVVNXBVVGdRNWVCQ0NVajdZbzhTYTZNTURqOEpBUGxJbU8tb0RQX3h2N3Q2eC1GT1JFYXRjVXdTTVN5cS1MUzcyU29XMUNrZnFHeWg2N1FneHU0RDE3UFk0U0lfQldHWG1oVkRoU2R0NUxhUGxsaHJ6d3JHNTdpWjl1MlZ3MHF3UVlmN202Q0NvTzl3?oc=5"" target=""_blank"">Phoenix dust storm makes for dangerous driving and delays flights (Video)</a>&nbsp;&nbsp;<font color=""#6f6f6f"">The Christian Science Monitor</font>"
2011-07,"""valley fever""",Giant dust storm moves through Phoenix area - KVII,"Tue, 19 Jul 2011 07:00:00 GMT",https://news.google.com/rss/articles/CBMingFBVV95cUxQV0JWQTRBU0k5U0lCc3dTYWpKak41dXRDQmJlZ1lEWURhM0NHWHdrcTl4cE9pS2phQWxxNVNHRVhUdmRHSUxpRVBseUtzRDhYZDM3ZENUZkJ0N3lGdk5WZExMVEFRelE4a2pndW9nbDBLeER2Q01wYWxDYWlNQjBDUTdrSFpYRnBnbGkwaHR4aGQzenpzWkJGZjlVR1I2Zw?oc=5,KVII,"<a href=""https://news.google.com/rss/articles/CBMingFBVV95cUxQV0JWQTRBU0k5U0lCc3dTYWpKak41dXRDQmJlZ1lEWURhM0NHWHdrcTl4cE9pS2phQWxxNVNHRVhUdmRHSUxpRVBseUtzRDhYZDM3ZENUZkJ0N3lGdk5WZExMVEFRelE4a2pndW9nbDBLeER2Q01wYWxDYWlNQjBDUTdrSFpYRnBnbGkwaHR4aGQzenpzWkJGZjlVR1I2Zw?oc=5"" target=""_blank"">Giant dust storm moves through Phoenix area</a>&nbsp;&nbsp;<font color=""#6f6f6f"">KVII</font>"
2011-07,"""valley fever""","Regional health experts meet over deadly fevers
| The New Times - The New Times","Fri, 15 Jul 2011 07:00:00 GMT",https://news.google.com/rss/articles/CBMingFBVV95cUxQdHJrcXc1b3hhRlhyYU1MTjNiU3JubzI2M001XzhQbUo1U1NMcVp3ajEwSnRQQTY3azk1UmVXbWtVdW5DOFdSem1mcjhhOWdxLUwzQmRzamp5M0xvZDV4dUN5U1A3VGhrX1pRU1RER1YtTFJ4Zl9BVGlVOE5ydUhTUlRNZHNSRHVCcHJyZlJOaEhyWmlWb2VOMnZTTGRBd9IBogFBVV95cUxNaUZjX0x0WkxDU05oUHF3VGdqNXoxUzhLR21RLVc4TTd1ODB1UzVCU240TFVGVkQtekgxM1lpYjNIWFlYQmFpZEMzcW9NV2FKYkw3RHF2VTQ4bFh3MWNGWjk3WDdxYjVLWjRxX3didDUxdlB4OEN3MW13VXdFREl6NVI1ZHJwTVVaVXp2c19sblRoYzU3LTM4c0xCaGR3ZTQ2OVE?oc=5,The New Times,"<a href=""https://news.google.com/rss/articles/CBMingFBVV95cUxQdHJrcXc1b3hhRlhyYU1MTjNiU3JubzI2M001XzhQbUo1U1NMcVp3ajEwSnRQQTY3azk1UmVXbWtVdW5DOFdSem1mcjhhOWdxLUwzQmRzamp5M0xvZDV4dUN5U1A3VGhrX1pRU1RER1YtTFJ4Zl9BVGlVOE5ydUhTUlRNZHNSRHVCcHJyZlJOaEhyWmlWb2VOMnZTTGRBd9IBogFBVV95cUxNaUZjX0x0WkxDU05oUHF3VGdqNXoxUzhLR21RLVc4TTd1ODB1UzVCU240TFVGVkQtekgxM1lpYjNIWFlYQmFpZEMzcW9NV2FKYkw3RHF2VTQ4bFh3MWNGWjk3WDdxYjVLWjRxX3didDUxdlB4OEN3MW13VXdFREl6NVI1ZHJwTVVaVXp2c19sblRoYzU3LTM4c0xCaGR3ZTQ2OVE?oc=5"" target=""_blank"">Regional health experts meet over deadly fevers
| The New Times</a>&nbsp;&nbsp;<font color=""#6f6f6f"">The New Times</font>"
2011-08,"""valley fever""",Army helps develop device to pinpoint Rift Valley fever - army.mil,"Thu, 04 Aug 2011 07:00:00 GMT",https://news.google.com/rss/articles/CBMilAFBVV95cUxQcUN4ZWxwNTNudzJ2UEZsWDU1LUdfRGNsSWNZSGhmcEY2eUs5UVN2NURvRFhWQnJQeWpSempJSVlzSl83eDl2OGw3SVpwOTNtSDhpTzAzV3NHd2kydGNqb09GNUtON2ZiRGNwX3RfLVZ2SURSNnJOM0JQcjRoejRDU3l5WW9fMGlVZnVMeVNLQVB3MGU50gGaAUFVX3lxTE5hQVhaeGd6ejlqSDQ0N1NFZERxQk5JSlVmVnR1OWY0SUlpeTVWVmRxNVVIZURQRDNyYnlKcGJUeEgtLS1JTmItdHBVeVJva1d1NEZ2NTJESWV3enl0X3p0TnRsQUhJNFFGaHNwYzAyOEh3Z0dnMi1EcjBhdGNBLU9OeUFjclVBNUdXaXMyR1J4WXU0TjkyZ3VMQmc?oc=5,army.mil,"<a href=""https://news.google.com/rss/articles/CBMilAFBVV95cUxQcUN4ZWxwNTNudzJ2UEZsWDU1LUdfRGNsSWNZSGhmcEY2eUs5UVN2NURvRFhWQnJQeWpSempJSVlzSl83eDl2OGw3SVpwOTNtSDhpTzAzV3NHd2kydGNqb09GNUtON2ZiRGNwX3RfLVZ2SURSNnJOM0JQcjRoejRDU3l5WW9fMGlVZnVMeVNLQVB3MGU50gGaAUFVX3lxTE5hQVhaeGd6ejlqSDQ0N1NFZERxQk5JSlVmVnR1OWY0SUlpeTVWVmRxNVVIZURQRDNyYnlKcGJUeEgtLS1JTmItdHBVeVJva1d1NEZ2NTJESWV3enl0X3p0TnRsQUhJNFFGaHNwYzAyOEh3Z0dnMi1EcjBhdGNBLU9OeUFjclVBNUdXaXMyR1J4WXU0TjkyZ3VMQmc?oc=5"" target=""_blank"">Army helps develop device to pinpoint Rift Valley fever</a>&nbsp;&nbsp;<font color=""#6f6f6f"">army.mil</font>"
2011-08,"""valley fever""",Dust storm stirs canine valley fever concern - KOLD,"Thu, 25 Aug 2011 07:00:00 GMT",https://news.google.com/rss/articles/CBMijAFBVV95cUxOTUdsaXY5dE4zbnNremE4MlBtVXRCaW1TX21hTFZQalNyNEdJTC1BcnUzTklxWTRpNTNSWFF0YzVFcGRsZlRZc2hiMFg5cVd3UEZrbTg0RTlVcUxwYndOVEUwQVg4NDVhZVN5a2pZQlFYTWZ2WWcwdlVRZUVSNWdqdWFfT0ZTcTZIek1KRtIBnwFBVV95cUxOWGpMMUk0bVMzVllzd0tFdlA2SElZT21mWkNIQjdYb2hnWk5qWlNjZTFFNGJmUzhmNEpYSXlCa0NQUTdNMFhPbmIxVF9XdEpWdUJWdVgwelBDOWVQSXJzcE5MaUZjVW12RWI1dTJiZWlLdFRkbUhHTWFHSDN3d0U2T3pUbVI5amxJUjA0c3dtYnlTSkx2TXkyVDNPSGNNenM?oc=5,KOLD,"<a href=""https://news.google.com/rss/articles/CBMijAFBVV95cUxOTUdsaXY5dE4zbnNremE4MlBtVXRCaW1TX21hTFZQalNyNEdJTC1BcnUzTklxWTRpNTNSWFF0YzVFcGRsZlRZc2hiMFg5cVd3UEZrbTg0RTlVcUxwYndOVEUwQVg4NDVhZVN5a2pZQlFYTWZ2WWcwdlVRZUVSNWdqdWFfT0ZTcTZIek1KRtIBnwFBVV95cUxOWGpMMUk0bVMzVllzd0tFdlA2SElZT21mWkNIQjdYb2hnWk5qWlNjZTFFNGJmUzhmNEpYSXlCa0NQUTdNMFhPbmIxVF9XdEpWdUJWdVgwelBDOWVQSXJzcE5MaUZjVW12RWI1dTJiZWlLdFRkbUhHTWFHSDN3d0U2T3pUbVI5amxJUjA0c3dtYnlTSkx2TXkyVDNPSGNNenM?oc=5"" target=""_blank"">Dust storm stirs canine valley fever concern</a>&nbsp;&nbsp;<font color=""#6f6f6f"">KOLD</font>"
2011-08,"""valley fever""",Phoenix gets 3rd dramatic dust storm in 6 weeks - cbs8.com,"Fri, 19 Aug 2011 07:00:00 GMT",https://news.google.com/rss/articles/CBMiugFBVV95cUxOeG4zY2Q2TUEwbFU2U0d3bll3czAzbUswYll1TElLMTRoX3ZUNl9xTnhhOFpmaTB3X2FHaFdSY2NTNjBITTlNeGt0aHZyZXY2MTV6Y25nZGNqNldDYXpZWmpkVE9XMl9SbHpCOEZHOFRoVmpIM2llMmxwYTlGU0xoTW9wZkZyU21xQmZnekVpMFVoLUoxbmhQd0VIQ3Z2c0lTWmZwRGNfSVJ1cEhGOVI4M2UwbkkxcmJ3dkE?oc=5,cbs8.com,"<a href=""https://news.google.com/rss/articles/CBMiugFBVV95cUxOeG4zY2Q2TUEwbFU2U0d3bll3czAzbUswYll1TElLMTRoX3ZUNl9xTnhhOFpmaTB3X2FHaFdSY2NTNjBITTlNeGt0aHZyZXY2MTV6Y25nZGNqNldDYXpZWmpkVE9XMl9SbHpCOEZHOFRoVmpIM2llMmxwYTlGU0xoTW9wZkZyU21xQmZnekVpMFVoLUoxbmhQd0VIQ3Z2c0lTWmZwRGNfSVJ1cEhGOVI4M2UwbkkxcmJ3dkE?oc=5"" target=""_blank"">Phoenix gets 3rd dramatic dust storm in 6 weeks</a>&nbsp;&nbsp;<font color=""#6f6f6f"">cbs8.com</font>"
2011-09,"""valley fever""",SSGCID Collaborative Structural Genomics Project Creates Blueprint for Infectious Disease and Biodefense Research | Newswise - Newswise,"Thu, 01 Sep 2011 07:00:00 GMT",https://news.google.com/rss/articles/CBMi4AFBVV95cUxOeFUtQmtYMzFXdjhLSUh2SjRUMWlEN3o4SlQ2YlN0Yk1ITkFCQ0FCU05EYTNWY1FSTEQ1MDRXWUJmX01rTUoycjl2UklFc1JVSHVzQXhDTXFCQUJscEprTnZodWhfci1qSWY3QmFQeEZNdl9DOUVyM1Zhdm5kNC1SU1NTTUpUbGZGNmxBcEpwM2w3RmU0dHpGWkdWVmJITGRUS3BLTjBUcHlsSjV3Qzg0dm5FSnRQdUt4Z3pOQkR5UVo0MEpmMUhTeHdpS2NvaWpnVS03VjB1dTZneWNwVVMtWdIB4AFBVV95cUxOeFUtQmtYMzFXdjhLSUh2SjRUMWlEN3o4SlQ2YlN0Yk1ITkFCQ0FCU05EYTNWY1FSTEQ1MDRXWUJmX01rTUoycjl2UklFc1JVSHVzQXhDTXFCQUJscEprTnZodWhfci1qSWY3QmFQeEZNdl9DOUVyM1Zhdm5kNC1SU1NTTUpUbGZGNmxBcEpwM2w3RmU0dHpGWkdWVmJITGRUS3BLTjBUcHlsSjV3Qzg0dm5FSnRQdUt4Z3pOQkR5UVo0MEpmMUhTeHdpS2NvaWpnVS03VjB1dTZneWNwVVMtWQ?oc=5,Newswise,"<a href=""https://news.google.com/rss/articles/CBMi4AFBVV95cUxOeFUtQmtYMzFXdjhLSUh2SjRUMWlEN3o4SlQ2YlN0Yk1ITkFCQ0FCU05EYTNWY1FSTEQ1MDRXWUJmX01rTUoycjl2UklFc1JVSHVzQXhDTXFCQUJscEprTnZodWhfci1qSWY3QmFQeEZNdl9DOUVyM1Zhdm5kNC1SU1NTTUpUbGZGNmxBcEpwM2w3RmU0dHpGWkdWVmJITGRUS3BLTjBUcHlsSjV3Qzg0dm5FSnRQdUt4Z3pOQkR5UVo0MEpmMUhTeHdpS2NvaWpnVS03VjB1dTZneWNwVVMtWdIB4AFBVV95cUxOeFUtQmtYMzFXdjhLSUh2SjRUMWlEN3o4SlQ2YlN0Yk1ITkFCQ0FCU05EYTNWY1FSTEQ1MDRXWUJmX01rTUoycjl2UklFc1JVSHVzQXhDTXFCQUJscEprTnZodWhfci1qSWY3QmFQeEZNdl9DOUVyM1Zhdm5kNC1SU1NTTUpUbGZGNmxBcEpwM2w3RmU0dHpGWkdWVmJITGRUS3BLTjBUcHlsSjV3Qzg0dm5FSnRQdUt4Z3pOQkR5UVo0MEpmMUhTeHdpS2NvaWpnVS03VjB1dTZneWNwVVMtWQ?oc=5"" target=""_blank"">SSGCID Collaborative Structural Genomics Project Creates Blueprint for Infectious Disease and Biodefense Research | Newswise</a>&nbsp;&nbsp;<font color=""#6f6f6f"">Newswise</font>"
2011-09,"""valley fever""","OSU lab safe, but stuff inside is scary - The Columbus Dispatch","Fri, 16 Sep 2011 07:00:00 GMT",https://news.google.com/rss/articles/CBMipAFBVV95cUxQYVN0c2I3bjloekR5U09DbU1RUTNZTjJrUEg3cUlVWGxuWUl0R2RzOVVSanhoU3hiX0syUFl0ZzNoYlEyRF9ZMHFZQzJ0THFXcnN6LWNhUHo5Umo5UEY2SDFMUnJKUG1yX1d5RFFjekxTbHc1d3FBazJUZkhSRHpFbnVJYVBkN1d0YklWZlVNbTBvNm12UUdJX1QxZGNTdEUtT09yMA?oc=5,The Columbus Dispatch,"<a href=""https://news.google.com/rss/articles/CBMipAFBVV95cUxQYVN0c2I3bjloekR5U09DbU1RUTNZTjJrUEg3cUlVWGxuWUl0R2RzOVVSanhoU3hiX0syUFl0ZzNoYlEyRF9ZMHFZQzJ0THFXcnN6LWNhUHo5Umo5UEY2SDFMUnJKUG1yX1d5RFFjekxTbHc1d3FBazJUZkhSRHpFbnVJYVBkN1d0YklWZlVNbTBvNm12UUdJX1QxZGNTdEUtT09yMA?oc=5"" target=""_blank"">OSU lab safe, but stuff inside is scary</a>&nbsp;&nbsp;<font color=""#6f6f6f"">The Columbus Dispatch</font>"
2011-09,"""valley fever""","FAO, gov’t conduct livestock vaccination in S. Sudan - Sudan Tribune","Fri, 30 Sep 2011 07:00:00 GMT",https://news.google.com/rss/articles/CBMiT0FVX3lxTE9qSktwbk9TNS1BNkxDSGx0akpSc3ZkRVRrUks1c2RHMEF4VUhfS3NvR0lTMElVNEZlRWViLVpVRUUteEJGRnM2VENjRml5QVE?oc=5,Sudan Tribune,"<a href=""https://news.google.com/rss/articles/CBMiT0FVX3lxTE9qSktwbk9TNS1BNkxDSGx0akpSc3ZkRVRrUks1c2RHMEF4VUhfS3NvR0lTMElVNEZlRWViLVpVRUUteEJGRnM2VENjRml5QVE?oc=5"" target=""_blank"">FAO, gov’t conduct livestock vaccination in S. Sudan</a>&nbsp;&nbsp;<font color=""#6f6f6f"">Sudan Tribune</font>"
2011-10,"""valley fever""",West Nile virus outbreaks linked to ‘super-spreader’ birds - East Bay Times,"Wed, 26 Oct 2011 07:00:00 GMT",https://news.google.com/rss/articles/CBMingFBVV95cUxQQzFqZGVTYjVESEZFWjdqX0p0R2hyNmtnVG93Vng4eDFHUy1Ca3FJRlF4eHlIRjNtcllSZ0JCdV9ha2E5NFh5RThrcnBhdWpKcUlhWFItbl9IcWItMlFxSlVnUXF6V21OQ3ZKdVQ2M3dwQXBmQlZrdnl5a3NfRWh4eVZVdlB6RnBhQmxKaGdhOHNua016Z1NyV1NxWk9OQdIBowFBVV95cUxOSFVXbXNEQUpsa25iakdsQVQxUVd2TnczeGp4c1dqNUNXR2ZOVzItZmllRG1yQkFEcHNPa0lWMEtiY0pmTTFTQzJFNXV1akpsNWxpOU1XSkNDNlRfNGxtdmZRY1ZXVjQxc181eS1yWFg4TU85c3ZKbS1mXzQzcEk1eV9KV0U3a1BHenlMNDBGTldvdjY4RFF4SFFnQ1BWRVEwblEw?oc=5,East Bay Times,"<a href=""https://news.google.com/rss/articles/CBMingFBVV95cUxQQzFqZGVTYjVESEZFWjdqX0p0R2hyNmtnVG93Vng4eDFHUy1Ca3FJRlF4eHlIRjNtcllSZ0JCdV9ha2E5NFh5RThrcnBhdWpKcUlhWFItbl9IcWItMlFxSlVnUXF6V21OQ3ZKdVQ2M3dwQXBmQlZrdnl5a3NfRWh4eVZVdlB6RnBhQmxKaGdhOHNua016Z1NyV1NxWk9OQdIBowFBVV95cUxOSFVXbXNEQUpsa25iakdsQVQxUVd2TnczeGp4c1dqNUNXR2ZOVzItZmllRG1yQkFEcHNPa0lWMEtiY0pmTTFTQzJFNXV1akpsNWxpOU1XSkNDNlRfNGxtdmZRY1ZXVjQxc181eS1yWFg4TU85c3ZKbS1mXzQzcEk1eV9KV0U3a1BHenlMNDBGTldvdjY4RFF4SFFnQ1BWRVEwblEw?oc=5"" target=""_blank"">West Nile virus outbreaks linked to ‘super-spreader’ birds</a>&nbsp;&nbsp;<font color=""#6f6f6f"">East Bay Times</font>"
2011-11,"""valley fever""",Crystal structure of the Lassa virus nucleoprotein–RNA complex reveals a gating mechanism for RNA binding - PNAS,"Mon, 14 Nov 2011 08:00:00 GMT",https://news.google.com/rss/articles/CBMiXEFVX3lxTE5SUWRQZEdLRkxvV2h3UGVlOXkxbWZzbFFNcktjZlpNRE15Nm9MRXQtZjlpbm5vWXRKM0YzTjJnVXVremJlUVpCRGxiWDRLUkJEckMzZjFwUmpGUWVU?oc=5,PNAS,"<a href=""https://news.google.com/rss/articles/CBMiXEFVX3lxTE5SUWRQZEdLRkxvV2h3UGVlOXkxbWZzbFFNcktjZlpNRE15Nm9MRXQtZjlpbm5vWXRKM0YzTjJnVXVremJlUVpCRGxiWDRLUkJEckMzZjFwUmpGUWVU?oc=5"" target=""_blank"">Crystal structure of the Lassa virus nucleoprotein–RNA complex reveals a gating mechanism for RNA binding</a>&nbsp;&nbsp;<font color=""#6f6f6f"">PNAS</font>"
2011-11,coccidioidomycosis,Clinical Challenge: A Rash Response to Southern Exposure - Medical Professionals Reference,"Thu, 10 Nov 2011 08:00:00 GMT",https://news.google.com/rss/articles/CBMiowFBVV95cUxOeHpaVk55Zm8wUE9IUkV6Xy1GNE1WR0dGRzgxU2pQOXh3U2tSSUJsVjJ0dW9ILUdQSlZyYnlJMDZNQlprUWpTNW5tRHEyMjVZZ09KaW5vdnU3SWlXejE3LWpQNE81cmgyVkxxcWszUTE2YXl5ZHJoOUcyYWVVdTNDdkliNFNBUHZoWEhUeW5zeDEyc0ZPTC1MS25rWjVsR0F2MWNB?oc=5,Medical Professionals Reference,"<a href=""https://news.google.com/rss/articles/CBMiowFBVV95cUxOeHpaVk55Zm8wUE9IUkV6Xy1GNE1WR0dGRzgxU2pQOXh3U2tSSUJsVjJ0dW9ILUdQSlZyYnlJMDZNQlprUWpTNW5tRHEyMjVZZ09KaW5vdnU3SWlXejE3LWpQNE81cmgyVkxxcWszUTE2YXl5ZHJoOUcyYWVVdTNDdkliNFNBUHZoWEhUeW5zeDEyc0ZPTC1MS25rWjVsR0F2MWNB?oc=5"" target=""_blank"">Clinical Challenge: A Rash Response to Southern Exposure</a>&nbsp;&nbsp;<font color=""#6f6f6f"">Medical Professionals Reference</font>"
2011-12,"""valley fever""",How a Flat Expanse of Boring Gravel is Vital to You and the Desert - PBS SoCal,"Tue, 06 Dec 2011 08:00:00 GMT",https://news.google.com/rss/articles/CBMiogFBVV95cUxPeVdXRGlqT29uMEFDZzMxa1IzXzFieWZFdUQ0OFJoel9lQlBMS2Z6SGlhOURuSVZyNUFhRlc0Ny1Nc1VvcE8yNTZoWlZiY2FGT2x3cWFGSm5URnhGd0R2YU5IMnFyLUhKOWFCYk1aeFpFOXE3UFJubl9lR1RnNjBzcmpkMmVLRTN5NUJoa3JPLUN0YVdBWVlvNmNaM2RmcklWbHc?oc=5,PBS SoCal,"<a href=""https://news.google.com/rss/articles/CBMiogFBVV95cUxPeVdXRGlqT29uMEFDZzMxa1IzXzFieWZFdUQ0OFJoel9lQlBMS2Z6SGlhOURuSVZyNUFhRlc0Ny1Nc1VvcE8yNTZoWlZiY2FGT2x3cWFGSm5URnhGd0R2YU5IMnFyLUhKOWFCYk1aeFpFOXE3UFJubl9lR1RnNjBzcmpkMmVLRTN5NUJoa3JPLUN0YVdBWVlvNmNaM2RmcklWbHc?oc=5"" target=""_blank"">How a Flat Expanse of Boring Gravel is Vital to You and the Desert</a>&nbsp;&nbsp;<font color=""#6f6f6f"">PBS SoCal</font>"
2011-12,"""valley fever""",SA’s food price bombshell - thestar.co.za,"Thu, 15 Dec 2011 08:00:00 GMT",https://news.google.com/rss/articles/CBMigwFBVV95cUxNdWlyMnhwbVRuZXRFQ3ZsTlZ6WTdocmc4N21YTjF6T3VTZ3FPN1NUUGR3VlN0cWYwbGdlZ25qeGxVb1BQYUNhb1VNQmJiUXo5NzhIbms4MmdFYVUxSzJHaV9JS3hQa2V0cWRoM3AwcERfbHduYVhNdUJlQTZJcWJlNEVlRQ?oc=5,thestar.co.za,"<a href=""https://news.google.com/rss/articles/CBMigwFBVV95cUxNdWlyMnhwbVRuZXRFQ3ZsTlZ6WTdocmc4N21YTjF6T3VTZ3FPN1NUUGR3VlN0cWYwbGdlZ25qeGxVb1BQYUNhb1VNQmJiUXo5NzhIbms4MmdFYVUxSzJHaV9JS3hQa2V0cWRoM3AwcERfbHduYVhNdUJlQTZJcWJlNEVlRQ?oc=5"" target=""_blank"">SA’s food price bombshell</a>&nbsp;&nbsp;<font color=""#6f6f6f"">thestar.co.za</font>"
2012-01,"""valley fever""",Travel Souvenir Could be a Flu-like Fungal Infection - Mayo Clinic News Network,"Mon, 09 Jan 2012 08:00:00 GMT",https://news.google.com/rss/articles/CBMioAFBVV95cUxQMjJzS05JVy1aQjlRczNJbGhORWtZTU1kWC1wNUYxNGp5MWVVa21KajFTSmhxYW1GOGU3TWdqckdoSGpzREstUXVSM29UU01WTE9uLVhJVTlGUnpsRkp0T2oyb3dGQjltMjdjR2Q0dTVvbjhLMUd2M3NUU214dzZKdUlfNnZaUEpYOGV3Vmd3aHpHV0JNUnRTLS16bFp6MWoy?oc=5,Mayo Clinic News Network,"<a href=""https://news.google.com/rss/articles/CBMioAFBVV95cUxQMjJzS05JVy1aQjlRczNJbGhORWtZTU1kWC1wNUYxNGp5MWVVa21KajFTSmhxYW1GOGU3TWdqckdoSGpzREstUXVSM29UU01WTE9uLVhJVTlGUnpsRkp0T2oyb3dGQjltMjdjR2Q0dTVvbjhLMUd2M3NUU214dzZKdUlfNnZaUEpYOGV3Vmd3aHpHV0JNUnRTLS16bFp6MWoy?oc=5"" target=""_blank"">Travel Souvenir Could be a Flu-like Fungal Infection</a>&nbsp;&nbsp;<font color=""#6f6f6f"">Mayo Clinic News Network</font>"
2012-01,"""valley fever""",Return of the Dust Bowl - earthmagazine.org,"Thu, 05 Jan 2012 08:00:00 GMT",https://news.google.com/rss/articles/CBMiZkFVX3lxTE1WcjRteFFDZENBalVkUjJ3aHlYa2xxZlZzYVh3ejRJdlIyNkI3WkU0NGZndUI3cHdndm1xOHNmcS04ZXFsOGxsR2pRenlpVmhhUS1hNnFNMWFCQ2R3MC1scmR2Q1Nodw?oc=5,earthmagazine.org,"<a href=""https://news.google.com/rss/articles/CBMiZkFVX3lxTE1WcjRteFFDZENBalVkUjJ3aHlYa2xxZlZzYVh3ejRJdlIyNkI3WkU0NGZndUI3cHdndm1xOHNmcS04ZXFsOGxsR2pRenlpVmhhUS1hNnFNMWFCQ2R3MC1scmR2Q1Nodw?oc=5"" target=""_blank"">Return of the Dust Bowl</a>&nbsp;&nbsp;<font color=""#6f6f6f"">earthmagazine.org</font>"
2012-01,"""valley fever""",Bridge works across six level crossings speed up - The Hindu,"Sun, 08 Jan 2012 08:00:00 GMT",https://news.google.com/rss/articles/CBMitgFBVV95cUxQT3h4WDY3QzBhQW9WbmxPeTRneURDYzI1MFdsNEJvQUlWVXBiU0lrODRnelJHY0U4dXgtamE4eHRtYUotNTM2cUxHWnZ1OVp5UjZmTG9iTV8yeG43TzZRc3pDcWtnSE5sZnNNZHVGbDRvNFFUdEkzSGZCV3lpaXRFM3ZBT3d5S00wTjZaWXNNdVN4TVdlWVRQandhTHp5QjQtRWNoQW1tYXF5cDhHMktMWGJiMmxNUdIBvAFBVV95cUxQdXU0WjFFa0ZSSVQzR1lMRDc4c0wwMjdRVTV6VndSc0czLXQ5OUNuc0hPUDVwLUc3SUxQUDhBT3lFS1VIT1RfV2gtTEU3a2Q1dVc2ZEpoZlVGT0ozUVpFelZwWU1aSDdFdzJLczc1ZGVKZHNuTTBvRUxodzh2Z2NBV0xjRFNDMTRxNHR2THg2VmIxMlA4V180VWpwRllOc29EUDZDajhfbG9fdXI4RUVaUEMybEltbnI4RHNYTQ?oc=5,The Hindu,"<a href=""https://news.google.com/rss/articles/CBMitgFBVV95cUxQT3h4WDY3QzBhQW9WbmxPeTRneURDYzI1MFdsNEJvQUlWVXBiU0lrODRnelJHY0U4dXgtamE4eHRtYUotNTM2cUxHWnZ1OVp5UjZmTG9iTV8yeG43TzZRc3pDcWtnSE5sZnNNZHVGbDRvNFFUdEkzSGZCV3lpaXRFM3ZBT3d5S00wTjZaWXNNdVN4TVdlWVRQandhTHp5QjQtRWNoQW1tYXF5cDhHMktMWGJiMmxNUdIBvAFBVV95cUxQdXU0WjFFa0ZSSVQzR1lMRDc4c0wwMjdRVTV6VndSc0czLXQ5OUNuc0hPUDVwLUc3SUxQUDhBT3lFS1VIT1RfV2gtTEU3a2Q1dVc2ZEpoZlVGT0ozUVpFelZwWU1aSDdFdzJLczc1ZGVKZHNuTTBvRUxodzh2Z2NBV0xjRFNDMTRxNHR2THg2VmIxMlA4V180VWpwRllOc29EUDZDajhfbG9fdXI4RUVaUEMybEltbnI4RHNYTQ?oc=5"" target=""_blank"">Bridge works across six level crossings speed up</a>&nbsp;&nbsp;<font color=""#6f6f6f"">The Hindu</font>"
2012-03,"""valley fever""",Valley fever sidelines Mets' Ike Davis: What is it? - CBS News,"Mon, 05 Mar 2012 08:00:00 GMT",https://news.google.com/rss/articles/CBMihAFBVV95cUxOY0Z3RlVQVld2czJyQkw4Q3J5TkFBWXhLcEM5aWxrdzUxRWFVMS1UdWZ1THlUU2JEckoyQTNBbTV4WlF5ZnZ2YUEwYmpHa3otWEQ1MDF2NjNuTmtDaWRyM2ZzREVXR2FzVzlUN0dXRjhKV0VrZzRUMGVuUWdjUk1DdUQwUjc?oc=5,CBS News,"<a href=""https://news.google.com/rss/articles/CBMihAFBVV95cUxOY0Z3RlVQVld2czJyQkw4Q3J5TkFBWXhLcEM5aWxrdzUxRWFVMS1UdWZ1THlUU2JEckoyQTNBbTV4WlF5ZnZ2YUEwYmpHa3otWEQ1MDF2NjNuTmtDaWRyM2ZzREVXR2FzVzlUN0dXRjhKV0VrZzRUMGVuUWdjUk1DdUQwUjc?oc=5"" target=""_blank"">Valley fever sidelines Mets' Ike Davis: What is it?</a>&nbsp;&nbsp;<font color=""#6f6f6f"">CBS News</font>"
2012-03,"""valley fever""","The Mets’ health report on Ike Davis, and the real story - Politico","Tue, 06 Mar 2012 08:00:00 GMT",https://news.google.com/rss/articles/CBMiwAFBVV95cUxPNHZDSjU2QTlyLUFjSWVldDA0V0lxOEt4alNUdEtiUkx3YzNoVFNWNEhJaEJDaGd4V2ZMdmJXWjZFRTFLa3dsM0Q2UjItc0xpalpERmFiUW5hLUZUNVBYMG5jNlRrc0hiTFZCS0FaTU9WTUpEdnVieU0tSUtUMXJvYVNtM2tSdjYxQ2VueVdDaFgyRnV6UHFralZBbmNYcmUyNVJTSk1OakVEMmpWbzFHdzh1amV0QWxtUzdBZ0FFN1E?oc=5,Politico,"<a href=""https://news.google.com/rss/articles/CBMiwAFBVV95cUxPNHZDSjU2QTlyLUFjSWVldDA0V0lxOEt4alNUdEtiUkx3YzNoVFNWNEhJaEJDaGd4V2ZMdmJXWjZFRTFLa3dsM0Q2UjItc0xpalpERmFiUW5hLUZUNVBYMG5jNlRrc0hiTFZCS0FaTU9WTUpEdnVieU0tSUtUMXJvYVNtM2tSdjYxQ2VueVdDaFgyRnV6UHFralZBbmNYcmUyNVJTSk1OakVEMmpWbzFHdzh1amV0QWxtUzdBZ0FFN1E?oc=5"" target=""_blank"">The Mets’ health report on Ike Davis, and the real story</a>&nbsp;&nbsp;<font color=""#6f6f6f"">Politico</font>"
2012-03,"""valley fever""",Working out the bugs - army.mil,"Thu, 29 Mar 2012 07:00:00 GMT",https://news.google.com/rss/articles/CBMiZkFVX3lxTE1GandiQWVEYU9NbGRObWhOLXluTHE1RTNlVkhTVWVWNU1oVGkxQTllRTNVcEhvYkRVMnF1aUlOWV9WTmhGbFowQVhTRjZfckk2dWtEdUNkSnJSQm1ZUEdhZ1Mtd0RwQdIBa0FVX3lxTE96aHU4VU50WmxQWE80M1p6R2drbTUzVTdFUjg5V256QUFiYnZjY29WemVPQWtfcEFGZnZ1NUZQQlhuRzhLdlo1V0w3RUNNTjRYbWo1YXROZHZ3TFYyLUhuajg1cWw1WmVLNENr?oc=5,army.mil,"<a href=""https://news.google.com/rss/articles/CBMiZkFVX3lxTE1GandiQWVEYU9NbGRObWhOLXluTHE1RTNlVkhTVWVWNU1oVGkxQTllRTNVcEhvYkRVMnF1aUlOWV9WTmhGbFowQVhTRjZfckk2dWtEdUNkSnJSQm1ZUEdhZ1Mtd0RwQdIBa0FVX3lxTE96aHU4VU50WmxQWE80M1p6R2drbTUzVTdFUjg5V256QUFiYnZjY29WemVPQWtfcEFGZnZ1NUZQQlhuRzhLdlo1V0w3RUNNTjRYbWo1YXROZHZ3TFYyLUhuajg1cWw1WmVLNENr?oc=5"" target=""_blank"">Working out the bugs</a>&nbsp;&nbsp;<font color=""#6f6f6f"">army.mil</font>"
2012-03,"""valley fever""",Zumaya to undergo Tommy John surgery - Sarasota Herald-Tribune,"Sun, 04 Mar 2012 08:00:00 GMT",https://news.google.com/rss/articles/CBMiowFBVV95cUxQNWRPcmh0MkVpcDJrbjNHR3I0VFRPcjZWUVp2cDRRVGM3eFg5T0UtMTRZVWx4dHB2dXkwVnh4SG9fRkdNY2x3RmtFQ3RVYXItSWlWcFp3by1qVmtVYzJXOWk3TENqa3BEWmRfZzhCd2Y2UEV1Q2l3ZG1VbHBhakJEc3VoR19Eak43VS1CZnZONmNKbEdSWlpCTWdLX0p4RHNLM1Zr?oc=5,Sarasota Herald-Tribune,"<a href=""https://news.google.com/rss/articles/CBMiowFBVV95cUxQNWRPcmh0MkVpcDJrbjNHR3I0VFRPcjZWUVp2cDRRVGM3eFg5T0UtMTRZVWx4dHB2dXkwVnh4SG9fRkdNY2x3RmtFQ3RVYXItSWlWcFp3by1qVmtVYzJXOWk3TENqa3BEWmRfZzhCd2Y2UEV1Q2l3ZG1VbHBhakJEc3VoR19Eak43VS1CZnZONmNKbEdSWlpCTWdLX0p4RHNLM1Zr?oc=5"" target=""_blank"">Zumaya to undergo Tommy John surgery</a>&nbsp;&nbsp;<font color=""#6f6f6f"">Sarasota Herald-Tribune</font>"
2012-03,"""valley fever""",WIND STORM: POTENTIAL RISKS TO RESIDENTS FROM 20-SQUARE-MILE WIND PROJECT PROPOSED FOR OCOTILLO - East County Magazine,"Wed, 28 Mar 2012 07:00:00 GMT",https://news.google.com/rss/articles/CBMiuAFBVV95cUxNSzhVTVB1NjUyM3JNYmI1ZnJPRGo3NU9WM0ppRG9YakYwaVJqbGFEYWdxZGxBYi1XaUZ5VFVSLXBra1FwY1FYM3FobGZpQUViQklpOXpjSGI5T2hiUHFXQVdhUWdhYWhNZWkyektDQTZuTHVKbHRRUDZrOVJEU29YM3RaNC1WT2s1bzlVanN4THM4Z1ItYkJsWUR2QkwxYnVHazhjTjRuQXdsLVJ0VlNXX1Ftd2NZc3Fn?oc=5,East County Magazine,"<a href=""https://news.google.com/rss/articles/CBMiuAFBVV95cUxNSzhVTVB1NjUyM3JNYmI1ZnJPRGo3NU9WM0ppRG9YakYwaVJqbGFEYWdxZGxBYi1XaUZ5VFVSLXBra1FwY1FYM3FobGZpQUViQklpOXpjSGI5T2hiUHFXQVdhUWdhYWhNZWkyektDQTZuTHVKbHRRUDZrOVJEU29YM3RaNC1WT2s1bzlVanN4THM4Z1ItYkJsWUR2QkwxYnVHazhjTjRuQXdsLVJ0VlNXX1Ftd2NZc3Fn?oc=5"" target=""_blank"">WIND STORM: POTENTIAL RISKS TO RESIDENTS FROM 20-SQUARE-MILE WIND PROJECT PROPOSED FOR OCOTILLO</a>&nbsp;&nbsp;<font color=""#6f6f6f"">East County Magazine</font>"
2012-04,"""valley fever""",Bob Uecker mourns loss of son - ESPN,"Fri, 06 Apr 2012 07:00:00 GMT",https://news.google.com/rss/articles/CBMijAFBVV95cUxNQ1l1VVRJUktPTF9PNHI3V1Z4aVVBVVpEc3E2Y2gycXo3dDhXemdIVHh2dDY4N0JnZVk4aVRTRUFOUjRuSl9OYS1fdHN4bFdLZ25DV1NRX3VyU1ZLbTYtQk1HYmlCX1o0WWNVU0FuTzd6TkNPQy1DY0hhakVKWjZ3Ukk2TGVBdm1FX08wRA?oc=5,ESPN,"<a href=""https://news.google.com/rss/articles/CBMijAFBVV95cUxNQ1l1VVRJUktPTF9PNHI3V1Z4aVVBVVpEc3E2Y2gycXo3dDhXemdIVHh2dDY4N0JnZVk4aVRTRUFOUjRuSl9OYS1fdHN4bFdLZ25DV1NRX3VyU1ZLbTYtQk1HYmlCX1o0WWNVU0FuTzd6TkNPQy1DY0hhakVKWjZ3Ukk2TGVBdm1FX08wRA?oc=5"" target=""_blank"">Bob Uecker mourns loss of son</a>&nbsp;&nbsp;<font color=""#6f6f6f"">ESPN</font>"
2012-04,"""valley fever""","Steve Uecker Obituary (2012) - Milwaukee, WI - Legacy obituary","Fri, 06 Apr 2012 07:00:00 GMT",https://news.google.com/rss/articles/CBMigwFBVV95cUxNRkJDTlB3N3VBOVd2Qk5DYmN0YjlzVmZLcjN3SnlRZmlXNTFBU21KbVVhWGdaV0NLMy14NlVGemNJam1iSTAyUmlnWUtuRWhReFcxaGdYT3ZCY0dvX1MyVjcxbktMX1pPOUdXT21iT01rX0cxcko4ZzVfYWtnVHNVMTNROA?oc=5,Legacy obituary,"<a href=""https://news.google.com/rss/articles/CBMigwFBVV95cUxNRkJDTlB3N3VBOVd2Qk5DYmN0YjlzVmZLcjN3SnlRZmlXNTFBU21KbVVhWGdaV0NLMy14NlVGemNJam1iSTAyUmlnWUtuRWhReFcxaGdYT3ZCY0dvX1MyVjcxbktMX1pPOUdXT21iT01rX0cxcko4ZzVfYWtnVHNVMTNROA?oc=5"" target=""_blank"">Steve Uecker Obituary (2012) - Milwaukee, WI</a>&nbsp;&nbsp;<font color=""#6f6f6f"">Legacy obituary</font>"
2012-04,"""valley fever""",EDITORIAL: SUPERVISORS SHOULD DENY PATTERN ENERGY APPLICATION FOR OCOTILLO EXPRESS WIND - East County Magazine,"Wed, 25 Apr 2012 07:00:00 GMT",https://news.google.com/rss/articles/CBMiuAFBVV95cUxOdFY0RHNBOV9pWWxkbVF6bWFCc3U2dmVwNFVnY0hIN3UybUNLVC1hYmRtQjcyREVzeHRQRXRmSUkwNFUwajVWSmY5UTdKdzgwenJwOTdSUG1VUDYtYnFScjVuU19mSkFfTmU5RkljTkhzQzgyYTl4SzNpWG8tZDA5djl1a0U0cWR3LUxmUEJjVXg1UGhkRXRoWUJjSDVSQzBxcVcxbmE5WENNSm5YQXpfaXZ3VjJmaTI1?oc=5,East County Magazine,"<a href=""https://news.google.com/rss/articles/CBMiuAFBVV95cUxOdFY0RHNBOV9pWWxkbVF6bWFCc3U2dmVwNFVnY0hIN3UybUNLVC1hYmRtQjcyREVzeHRQRXRmSUkwNFUwajVWSmY5UTdKdzgwenJwOTdSUG1VUDYtYnFScjVuU19mSkFfTmU5RkljTkhzQzgyYTl4SzNpWG8tZDA5djl1a0U0cWR3LUxmUEJjVXg1UGhkRXRoWUJjSDVSQzBxcVcxbmE5WENNSm5YQXpfaXZ3VjJmaTI1?oc=5"" target=""_blank"">EDITORIAL: SUPERVISORS SHOULD DENY PATTERN ENERGY APPLICATION FOR OCOTILLO EXPRESS WIND</a>&nbsp;&nbsp;<font color=""#6f6f6f"">East County Magazine</font>"
2012-04,"""valley fever""","NY Mets swept by San Francisco Giants at Citi Field as Tim Lincecum, Madison Bumgarner pitch circles around Miguel Batista, Dillon Gee - New York Daily News","Tue, 24 Apr 2012 07:00:00 GMT",https://news.google.com/rss/articles/CBMiggJBVV95cUxNTlZydWhNd3FSaVVGWHpSajZsbTA2ZVFYeUZNbElNS2M2RER1TmZwTU9tSHpuYUhBTkdnVmhLY1RxOUh4b1I0OW1aXzlFUk9CVjNUS25DLWZNSktvR25HbE0xZEhPTklubzhwdnh2eU5JMkJwaWYzZmZrRjBlcUZhbV9SbWo5TkphbkEtT2ZrbzFjZTZERjFjRGZrZ2lueXZZNkFjOERnbHVnZWlFS29BRWpTMnhFc0piVmd3QzJpY294emQxWEU3WTY2S1pfZ2xMYjhhYWM3QkQyTl9TWERjYm9BNEhVU3BjbGxOZi1vRmwtcnZXUjdVb096a0tWcDNGTGc?oc=5,New York Daily News,"<a href=""https://news.google.com/rss/articles/CBMiggJBVV95cUxNTlZydWhNd3FSaVVGWHpSajZsbTA2ZVFYeUZNbElNS2M2RER1TmZwTU9tSHpuYUhBTkdnVmhLY1RxOUh4b1I0OW1aXzlFUk9CVjNUS25DLWZNSktvR25HbE0xZEhPTklubzhwdnh2eU5JMkJwaWYzZmZrRjBlcUZhbV9SbWo5TkphbkEtT2ZrbzFjZTZERjFjRGZrZ2lueXZZNkFjOERnbHVnZWlFS29BRWpTMnhFc0piVmd3QzJpY294emQxWEU3WTY2S1pfZ2xMYjhhYWM3QkQyTl9TWERjYm9BNEhVU3BjbGxOZi1vRmwtcnZXUjdVb096a0tWcDNGTGc?oc=5"" target=""_blank"">NY Mets swept by San Francisco Giants at Citi Field as Tim Lincecum, Madison Bumgarner pitch circles around Miguel Batista, Dillon Gee</a>&nbsp;&nbsp;<font color=""#6f6f6f"">New York Daily News</font>"
2012-04,"""valley fever""","NY Mets’ broadcaster Ron Darling stays positive in SNY television booth with Keith Hernandez, Gary Cohen - New York Daily News","Thu, 12 Apr 2012 07:00:00 GMT",https://news.google.com/rss/articles/CBMi2gFBVV95cUxNQjd0c0Z4WDNCRWVhRDB4NGRkUXFKZGRyaXZKZW8xa0JKWWhyWjBvQVlXeUJhWEJFcE5xOGdrNjZiV0p1VkFqR292dEpQcTRhVC1Qd3F0OXpXN0t2aDF4bjhEbDdIWGV3RGlzRTBnSHpUd1V6blh0NExaV19rV2NUS2JkbzJZQ0lqV0Q5NVZoa2g0cWY1bFRIQ3BBejMwZkMzR29RLWc1TmJ5TnFrdl96TXZiVDk1SmsyMGljbEFTbTV0WXplYUdFZjR5WGJkOUotU3ZfNmtGTEk0QQ?oc=5,New York Daily News,"<a href=""https://news.google.com/rss/articles/CBMi2gFBVV95cUxNQjd0c0Z4WDNCRWVhRDB4NGRkUXFKZGRyaXZKZW8xa0JKWWhyWjBvQVlXeUJhWEJFcE5xOGdrNjZiV0p1VkFqR292dEpQcTRhVC1Qd3F0OXpXN0t2aDF4bjhEbDdIWGV3RGlzRTBnSHpUd1V6blh0NExaV19rV2NUS2JkbzJZQ0lqV0Q5NVZoa2g0cWY1bFRIQ3BBejMwZkMzR29RLWc1TmJ5TnFrdl96TXZiVDk1SmsyMGljbEFTbTV0WXplYUdFZjR5WGJkOUotU3ZfNmtGTEk0QQ?oc=5"" target=""_blank"">NY Mets’ broadcaster Ron Darling stays positive in SNY television booth with Keith Hernandez, Gary Cohen</a>&nbsp;&nbsp;<font color=""#6f6f6f"">New York Daily News</font>"
2012-05,"""valley fever""","Haboob leaves a mess, questions in its wake - KOLD","Thu, 10 May 2012 07:00:00 GMT",https://news.google.com/rss/articles/CBMihgFBVV95cUxQdW5NSjZqZnpXalVTYlVSYmxUYkgySEZTdUh5TFhJemVlT3EzWFpKbkQwNVZJUTY3LUhXUXBDa2F4RzEtYWtOdWh5N0g4S0xHa2lpQUFrYXdyd0Z2OEk1ZlhZTXk3RXpqYVpGemE2anZ3emNwRlVodzRiM3JuWi1TODFUU3NFd9IBmAFBVV95cUxNWkx0QmlPVm91YkN5ay0yTjE2cjBKa3VqM2FKV01RemIxd0hCd1RTVXJwMWhCcXA0OXJuQWhpdE9HX3gyeGlFWEd1OHY2d3VuRkZlLUI2bmpXa3JBX0hZYkpGZDQ5dzRCRDdPeVFmOEhXSXljdkJDOUNDNmVwMXpsekNtMFI5UjlfSFJlWWFBQy1RTnZIVXd3bA?oc=5,KOLD,"<a href=""https://news.google.com/rss/articles/CBMihgFBVV95cUxQdW5NSjZqZnpXalVTYlVSYmxUYkgySEZTdUh5TFhJemVlT3EzWFpKbkQwNVZJUTY3LUhXUXBDa2F4RzEtYWtOdWh5N0g4S0xHa2lpQUFrYXdyd0Z2OEk1ZlhZTXk3RXpqYVpGemE2anZ3emNwRlVodzRiM3JuWi1TODFUU3NFd9IBmAFBVV95cUxNWkx0QmlPVm91YkN5ay0yTjE2cjBKa3VqM2FKV01RemIxd0hCd1RTVXJwMWhCcXA0OXJuQWhpdE9HX3gyeGlFWEd1OHY2d3VuRkZlLUI2bmpXa3JBX0hZYkpGZDQ5dzRCRDdPeVFmOEhXSXljdkJDOUNDNmVwMXpsekNtMFI5UjlfSFJlWWFBQy1RTnZIVXd3bA?oc=5"" target=""_blank"">Haboob leaves a mess, questions in its wake</a>&nbsp;&nbsp;<font color=""#6f6f6f"">KOLD</font>"
2012-05,"""valley fever""",Mets Are Connecting; Davis Is Still Trying (Published 2012) - The New York Times,"Thu, 10 May 2012 07:00:00 GMT",https://news.google.com/rss/articles/CBMipAFBVV95cUxOSHQ3RzZhTmYzdGI1elRHRk1PYWVSUmJFOEd3SEh4ckJtTlZYVXlXOEtORDRIZl9FOE5RZk5HXzhGbjdIZWpfZWllbHNNRGJBdW1zNHZjSjRZeDRHQ3Q5al9zRFJ4TVlRUU1NeEpkb3R6ZWZacHBLSDNmbEpQV3lqRUZjeVB2cHAwZU9UMHhkWjhfSHNFY2hnVl9xbFFJSi1QZUo3bg?oc=5,The New York Times,"<a href=""https://news.google.com/rss/articles/CBMipAFBVV95cUxOSHQ3RzZhTmYzdGI1elRHRk1PYWVSUmJFOEd3SEh4ckJtTlZYVXlXOEtORDRIZl9FOE5RZk5HXzhGbjdIZWpfZWllbHNNRGJBdW1zNHZjSjRZeDRHQ3Q5al9zRFJ4TVlRUU1NeEpkb3R6ZWZacHBLSDNmbEpQV3lqRUZjeVB2cHAwZU9UMHhkWjhfSHNFY2hnVl9xbFFJSi1QZUo3bg?oc=5"" target=""_blank"">Mets Are Connecting; Davis Is Still Trying (Published 2012)</a>&nbsp;&nbsp;<font color=""#6f6f6f"">The New York Times</font>"
2012-05,"""valley fever""",Why This Could Be the Worst Mosquito Summer of All Time -- New York Magazine - Nymag - New York Magazine,"Fri, 18 May 2012 07:00:00 GMT",https://news.google.com/rss/articles/CBMiXkFVX3lxTE0zS2piQUdGNUx2empIR0h2YTR5RU9fZmsyblVoMkJVYncybkpfRmNEZi1WTlFhU0xid09sTVJVUGhmNF9memw4Z0ZOMUFOX1JBTjIzVVVJWll3dm5tdmc?oc=5,New York Magazine,"<a href=""https://news.google.com/rss/articles/CBMiXkFVX3lxTE0zS2piQUdGNUx2empIR0h2YTR5RU9fZmsyblVoMkJVYncybkpfRmNEZi1WTlFhU0xid09sTVJVUGhmNF9memw4Z0ZOMUFOX1JBTjIzVVVJWll3dm5tdmc?oc=5"" target=""_blank"">Why This Could Be the Worst Mosquito Summer of All Time -- New York Magazine - Nymag</a>&nbsp;&nbsp;<font color=""#6f6f6f"">New York Magazine</font>"
2012-05,"""valley fever""",Waylon Birthday Bashes Join to Benefit Diabetes Research - - Saving Country Music,"Mon, 21 May 2012 07:00:00 GMT",https://news.google.com/rss/articles/CBMikgFBVV95cUxNZVRHdHUxMXJBSkVCU2hDZkRtQjRxUHJCUUdXRGlHSUItbFZfUUphSnRCSE0zSG5XSUdVWmxfNnRPaHNBNkVPWWFvZlA5cFB5UDBnOUo3cEtSUnRKSldsUTdNRE9HMUl4WThEejlieUc2eXV1elpHSmg1aEpQSWxuU2dseEJqYmRhaFZHbTNDVWt2UQ?oc=5,- Saving Country Music,"<a href=""https://news.google.com/rss/articles/CBMikgFBVV95cUxNZVRHdHUxMXJBSkVCU2hDZkRtQjRxUHJCUUdXRGlHSUItbFZfUUphSnRCSE0zSG5XSUdVWmxfNnRPaHNBNkVPWWFvZlA5cFB5UDBnOUo3cEtSUnRKSldsUTdNRE9HMUl4WThEejlieUc2eXV1elpHSmg1aEpQSWxuU2dseEJqYmRhaFZHbTNDVWt2UQ?oc=5"" target=""_blank"">Waylon Birthday Bashes Join to Benefit Diabetes Research</a>&nbsp;&nbsp;<font color=""#6f6f6f"">- Saving Country Music</font>"
2012-05,"""valley fever""","Facts, figures and major problems of Somalia - Hürriyet Daily News","Thu, 31 May 2012 07:00:00 GMT",https://news.google.com/rss/articles/CBMiiwFBVV95cUxQMzhPc0tnaXpDVkpYVnBQNmgwME1aTnl1Q0FfTnluUF8zblI0d2JUajhhWF9zMGFYU1pMcG00NlhUeHJGR1hpRW93ZmRvQTROZV9QanJhRzY3SnBYdUZWRzVKMmx0U01MQ21udms2dEcyY3pWMG5fV002ZF83R01nNEI5N2t2NU1PbnpN0gGQAUFVX3lxTFBnT2dwVXRVQXZOLWFPZjVQV0htYmdUZTduU3Qtd2xwRlBDWndCVEt4Umo3aG1UVUE4dGltQ1pkdE90NFoyNy1ZYVpHTXhBWkFsdG9jRG5sT1psZ0dCQXJnYnNuNHp3cHhYZ3hkekJPX09hWm5DbVIzdFFiTWJwQmxYVkwtcUVUTmNoMS04bVRHSw?oc=5,Hürriyet Daily News,"<a href=""https://news.google.com/rss/articles/CBMiiwFBVV95cUxQMzhPc0tnaXpDVkpYVnBQNmgwME1aTnl1Q0FfTnluUF8zblI0d2JUajhhWF9zMGFYU1pMcG00NlhUeHJGR1hpRW93ZmRvQTROZV9QanJhRzY3SnBYdUZWRzVKMmx0U01MQ21udms2dEcyY3pWMG5fV002ZF83R01nNEI5N2t2NU1PbnpN0gGQAUFVX3lxTFBnT2dwVXRVQXZOLWFPZjVQV0htYmdUZTduU3Qtd2xwRlBDWndCVEt4Umo3aG1UVUE4dGltQ1pkdE90NFoyNy1ZYVpHTXhBWkFsdG9jRG5sT1psZ0dCQXJnYnNuNHp3cHhYZ3hkekJPX09hWm5DbVIzdFFiTWJwQmxYVkwtcUVUTmNoMS04bVRHSw?oc=5"" target=""_blank"">Facts, figures and major problems of Somalia</a>&nbsp;&nbsp;<font color=""#6f6f6f"">Hürriyet Daily News</font>"
2012-05,"""valley fever""",For the love of Sivaji - The Hindu,"Sat, 12 May 2012 07:00:00 GMT",https://news.google.com/rss/articles/CBMiigFBVV95cUxNREpPZUhXNXd0UUZYWkZrVGRqRkRSampIUHpZTVVrQW4xMzBuT1hpdmFqUi1LM0FLZDlaVXJ0YXhaXy1aSWJRY3U3RWxPUVYxRDJMSUNxQzBwRTRIamh2RlV2TTRaV19BcHhIVFYzRGtTT0lZMkk5dDBCVDNnbzRuMUJpdFE3VEVaOWfSAZABQVVfeXFMT3lSblp2OVlRZVN3cEpkMHdsZmt3eHhJaXk1OWtGZHZNaVF1c3lYUEpiMXFOSUJMWDRXLWRjMHNsSnFKUWoyRGZYSGlmNUczVkR6Y191dnlNSkhpYzc0X3YxOWRCcVJ0amhmMU84YVhDaTEyY2pzejhudkw5WWg4VWNlbkNIcWdDc3FBV3NCYU1F?oc=5,The Hindu,"<a href=""https://news.google.com/rss/articles/CBMiigFBVV95cUxNREpPZUhXNXd0UUZYWkZrVGRqRkRSampIUHpZTVVrQW4xMzBuT1hpdmFqUi1LM0FLZDlaVXJ0YXhaXy1aSWJRY3U3RWxPUVYxRDJMSUNxQzBwRTRIamh2RlV2TTRaV19BcHhIVFYzRGtTT0lZMkk5dDBCVDNnbzRuMUJpdFE3VEVaOWfSAZABQVVfeXFMT3lSblp2OVlRZVN3cEpkMHdsZmt3eHhJaXk1OWtGZHZNaVF1c3lYUEpiMXFOSUJMWDRXLWRjMHNsSnFKUWoyRGZYSGlmNUczVkR6Y191dnlNSkhpYzc0X3YxOWRCcVJ0amhmMU84YVhDaTEyY2pzejhudkw5WWg4VWNlbkNIcWdDc3FBV3NCYU1F?oc=5"" target=""_blank"">For the love of Sivaji</a>&nbsp;&nbsp;<font color=""#6f6f6f"">The Hindu</font>"
2012-06,"""valley fever""","Two Profound Slumps, With Some Parallels (Published 2012) - The New York Times","Wed, 06 Jun 2012 07:00:00 GMT",https://news.google.com/rss/articles/CBMiswFBVV95cUxQemprU0xRWExQbm1uSWhacGtuZTdocnVCN21oS1I5M21vbElIcm5jSXRuR0ppQ1FQbmFKRE1OaFBMZ0o2bHprMTVxa2hQQzkydEEtTVQzNHJ6SDFCN3djZ293WW5nbk1mR285OHNwOTJNTVI3Y0VTeFE5WDhrMVhBTGRzN2ZOVDhIdE1Uck0zTTV3QkxDalYzWnppcEd5WThSVDJQTERVZ0FEZGxpdW1DN2N0RQ?oc=5,The New York Times,"<a href=""https://news.google.com/rss/articles/CBMiswFBVV95cUxQemprU0xRWExQbm1uSWhacGtuZTdocnVCN21oS1I5M21vbElIcm5jSXRuR0ppQ1FQbmFKRE1OaFBMZ0o2bHprMTVxa2hQQzkydEEtTVQzNHJ6SDFCN3djZ293WW5nbk1mR285OHNwOTJNTVI3Y0VTeFE5WDhrMVhBTGRzN2ZOVDhIdE1Uck0zTTV3QkxDalYzWnppcEd5WThSVDJQTERVZ0FEZGxpdW1DN2N0RQ?oc=5"" target=""_blank"">Two Profound Slumps, With Some Parallels (Published 2012)</a>&nbsp;&nbsp;<font color=""#6f6f6f"">The New York Times</font>"
2012-06,"""valley fever""","Malaria, dengue fever, leishmania rapid detection devices to be fielded - army.mil","Mon, 11 Jun 2012 07:00:00 GMT",https://news.google.com/rss/articles/CBMipwFBVV95cUxNUlR1M29IRlFvNzJoQkEzQTJOTW1CNmtiQTU3VkNPWENuZTFWQzd2NDlHNlk1dlFaaGlVUmNqUlNzdHFfZU9NbTQzem54aWNUb2NzM3hxS21GRjlBcjF1RWtyTDlaY01Ld3h1bWZ1MmxULW10N213M0p4MXk0dHJXWVc2RGxmMWo2NURsWWtQNVg4d2hrVWQ3eTRDVTF5b2VidGIwVUwxTdIBrAFBVV95cUxOOTZyUFFjYWZXOExWaHBOaTR2U0phaFlpN2ozbXdfRHFLSTdZSkhuUUlQb3djNVc2MHVWQkk1bG1aQU5yejViYnBTbHRWWV9lZU53TDFMb0VBUVdaTjAxVWFvVlFUN01LaTdaQ0V1bDNvQVlxblp4UWQ4Y0dTa2Uzck5jUmVITGZvUlVMOEkxNjlyQUZIX2xrcHlLd0FaZXV0VVBWV1gxU2ZabDRv?oc=5,army.mil,"<a href=""https://news.google.com/rss/articles/CBMipwFBVV95cUxNUlR1M29IRlFvNzJoQkEzQTJOTW1CNmtiQTU3VkNPWENuZTFWQzd2NDlHNlk1dlFaaGlVUmNqUlNzdHFfZU9NbTQzem54aWNUb2NzM3hxS21GRjlBcjF1RWtyTDlaY01Ld3h1bWZ1MmxULW10N213M0p4MXk0dHJXWVc2RGxmMWo2NURsWWtQNVg4d2hrVWQ3eTRDVTF5b2VidGIwVUwxTdIBrAFBVV95cUxOOTZyUFFjYWZXOExWaHBOaTR2U0phaFlpN2ozbXdfRHFLSTdZSkhuUUlQb3djNVc2MHVWQkk1bG1aQU5yejViYnBTbHRWWV9lZU53TDFMb0VBUVdaTjAxVWFvVlFUN01LaTdaQ0V1bDNvQVlxblp4UWQ4Y0dTa2Uzck5jUmVITGZvUlVMOEkxNjlyQUZIX2xrcHlLd0FaZXV0VVBWV1gxU2ZabDRv?oc=5"" target=""_blank"">Malaria, dengue fever, leishmania rapid detection devices to be fielded</a>&nbsp;&nbsp;<font color=""#6f6f6f"">army.mil</font>"
2012-06,"""valley fever""",The Greatest Biological Threats To Civilization - Business Insider,"Fri, 29 Jun 2012 07:00:00 GMT",https://news.google.com/rss/articles/CBMiuwFBVV95cUxQOWo1NjBwZV9Ya0xVT0lqNDdFby1EcUw4WTBuS01QcHp0WWUxT3lQQkdGVHRyb051ZHFtaHN1bk5XSUp2SkRwdHJoRERJTWg3a2FFVmlQMWpUaVVBZVBaTHRrVmtZZ1FpTUlqRDVRWXpyYUgxeUM2WmtYNmpMY0N3RklYa0x2aGdmZzZ0Q0h5SjI3SkNaQ3FxbVFRTVpYMjNxRUE5bVJzY0JDRDItUXlwTmFyMWtvT2EwdXJB?oc=5,Business Insider,"<a href=""https://news.google.com/rss/articles/CBMiuwFBVV95cUxQOWo1NjBwZV9Ya0xVT0lqNDdFby1EcUw4WTBuS01QcHp0WWUxT3lQQkdGVHRyb051ZHFtaHN1bk5XSUp2SkRwdHJoRERJTWg3a2FFVmlQMWpUaVVBZVBaTHRrVmtZZ1FpTUlqRDVRWXpyYUgxeUM2WmtYNmpMY0N3RklYa0x2aGdmZzZ0Q0h5SjI3SkNaQ3FxbVFRTVpYMjNxRUE5bVJzY0JDRDItUXlwTmFyMWtvT2EwdXJB?oc=5"" target=""_blank"">The Greatest Biological Threats To Civilization</a>&nbsp;&nbsp;<font color=""#6f6f6f"">Business Insider</font>"
2012-06,"""valley fever""",30 Seconds With Johnny Bench - New York Times / Archive,"Sat, 16 Jun 2012 07:00:00 GMT",https://news.google.com/rss/articles/CBMilgFBVV95cUxQdVRIaFEweWhCNzZfZUxYX21GNDN4M0JWMXBmNTVyeU4tck1MQjlUNF8yYUZzODk3UmhmMzJfZmgxVWZiV1o0TDFfcHp2NERzTldKRHdreUstNUFFOExhVTF0ODJla3JaelNMelIzN3VVMjJvNFVRRjRhRGNvc0lzMXF3OW9BWEpoNXdNcW1WUG1la0pGV3c?oc=5,New York Times / Archive,"<a href=""https://news.google.com/rss/articles/CBMilgFBVV95cUxQdVRIaFEweWhCNzZfZUxYX21GNDN4M0JWMXBmNTVyeU4tck1MQjlUNF8yYUZzODk3UmhmMzJfZmgxVWZiV1o0TDFfcHp2NERzTldKRHdreUstNUFFOExhVTF0ODJla3JaelNMelIzN3VVMjJvNFVRRjRhRGNvc0lzMXF3OW9BWEpoNXdNcW1WUG1la0pGV3c?oc=5"" target=""_blank"">30 Seconds With Johnny Bench</a>&nbsp;&nbsp;<font color=""#6f6f6f"">New York Times / Archive</font>"
2012-06,coccidioidomycosis,Coccidioidal septic arthritis: lessons learned from a clinical and laboratory perspective - The Medical Journal of Australia,"Mon, 18 Jun 2012 07:00:00 GMT",https://news.google.com/rss/articles/CBMisgFBVV95cUxNakVJZVJNTWNvQ2pJaUhiYlpDN3JyeThiSXIyM01CZ1ZPeUFPbXlOTnpkMU1vdnlxSk9pbFh3RldrRmlEcjA1RklRYXZ6REZiN2ZHV0tTb2ZZWFlsTXFKam50WG92cjdWTE8tSnZ0TUlES05qLWw2M3czdllXSDFPN1BSTEhTUjFkdzZLQ3FqRGJ5bkVZWkE2N0Q4UVoyZ2xad0xkbHo0NzIzVV9zNEhPRjJ3?oc=5,The Medical Journal of Australia,"<a href=""https://news.google.com/rss/articles/CBMisgFBVV95cUxNakVJZVJNTWNvQ2pJaUhiYlpDN3JyeThiSXIyM01CZ1ZPeUFPbXlOTnpkMU1vdnlxSk9pbFh3RldrRmlEcjA1RklRYXZ6REZiN2ZHV0tTb2ZZWFlsTXFKam50WG92cjdWTE8tSnZ0TUlES05qLWw2M3czdllXSDFPN1BSTEhTUjFkdzZLQ3FqRGJ5bkVZWkE2N0Q4UVoyZ2xad0xkbHo0NzIzVV9zNEhPRjJ3?oc=5"" target=""_blank"">Coccidioidal septic arthritis: lessons learned from a clinical and laboratory perspective</a>&nbsp;&nbsp;<font color=""#6f6f6f"">The Medical Journal of Australia</font>"
2012-07,"""valley fever""",A world free of 1 of the most virulent animal diseases? - EurekAlert!,"Mon, 02 Jul 2012 07:00:00 GMT",https://news.google.com/rss/articles/CBMiW0FVX3lxTE9nVXpsUTU2eXNwei1jZWFUeExPOTZpTEVSbHRRNW56dFQ1eXJaellJd0l2SXZ2cmdjYThLQ2w1SUxPMnplRXh1dlktNnpOYlkyWjIxWXMxa2RSMmM?oc=5,EurekAlert!,"<a href=""https://news.google.com/rss/articles/CBMiW0FVX3lxTE9nVXpsUTU2eXNwei1jZWFUeExPOTZpTEVSbHRRNW56dFQ1eXJaellJd0l2SXZ2cmdjYThLQ2w1SUxPMnplRXh1dlktNnpOYlkyWjIxWXMxa2RSMmM?oc=5"" target=""_blank"">A world free of 1 of the most virulent animal diseases?</a>&nbsp;&nbsp;<font color=""#6f6f6f"">EurekAlert!</font>"
2012-07,"""valley fever""",YSPH alumnus plays a pivotal role in eradicating rinderpest disease - Yale News,"Thu, 19 Jul 2012 07:00:00 GMT",https://news.google.com/rss/articles/CBMimwFBVV95cUxNNGVIRXVJeFUtUkhvT2NUN0h1aXRUdjVnX0xYVGdkRlZCc2RoY2tES3hYTDNWbzdhcjVCaU1LSWVVOVR2RFl2Mjg1SGtCYVR1VVBNSnNudW4tamt5c2V6SmtkaklveFFqWnowS1kxTHBuS0Z4NkM4bEwyRlBrT0k1bGhVYTJPZDZiUmhMS3lkM3BaSnRmWlZ6Nms3UQ?oc=5,Yale News,"<a href=""https://news.google.com/rss/articles/CBMimwFBVV95cUxNNGVIRXVJeFUtUkhvT2NUN0h1aXRUdjVnX0xYVGdkRlZCc2RoY2tES3hYTDNWbzdhcjVCaU1LSWVVOVR2RFl2Mjg1SGtCYVR1VVBNSnNudW4tamt5c2V6SmtkaklveFFqWnowS1kxTHBuS0Z4NkM4bEwyRlBrT0k1bGhVYTJPZDZiUmhMS3lkM3BaSnRmWlZ6Nms3UQ?oc=5"" target=""_blank"">YSPH alumnus plays a pivotal role in eradicating rinderpest disease</a>&nbsp;&nbsp;<font color=""#6f6f6f"">Yale News</font>"
2012-07,"""valley fever""",7 Surprising Health Effects of Drought - Live Science,"Wed, 18 Jul 2012 07:00:00 GMT",https://news.google.com/rss/articles/CBMibkFVX3lxTE0yUGhrMTlCUy1td2Y0T3UyQ19LeDl4TllydENOQ29qRURZSnFHdHJicGFjZWxXTWl4T2FBb2ExV3RpcXFfZFV5R3gzVWJuV0dKQTRWREJiR2thQWVqRVBhM0c5QmFWNUQ5dnFoR2JR?oc=5,Live Science,"<a href=""https://news.google.com/rss/articles/CBMibkFVX3lxTE0yUGhrMTlCUy1td2Y0T3UyQ19LeDl4TllydENOQ29qRURZSnFHdHJicGFjZWxXTWl4T2FBb2ExV3RpcXFfZFV5R3gzVWJuV0dKQTRWREJiR2thQWVqRVBhM0c5QmFWNUQ5dnFoR2JR?oc=5"" target=""_blank"">7 Surprising Health Effects of Drought</a>&nbsp;&nbsp;<font color=""#6f6f6f"">Live Science</font>"
2012-07,"""valley fever""",The Mosquito Solution - The New Yorker,"Mon, 02 Jul 2012 07:00:00 GMT",https://news.google.com/rss/articles/CBMidkFVX3lxTE5ETGlZdWpfNVdheHFOSG9iemZVbm9VdUZTYm16aWVIc1lNdnI1aEhRQmRxa1VKTDQtWE4wTW01b1NaekhDWW5tT2xKM3paYVNuQ1JWTHdvdTlvaWNveHpadVE0QTlndFlhdERuSk1nQWtEV1VGekE?oc=5,The New Yorker,"<a href=""https://news.google.com/rss/articles/CBMidkFVX3lxTE5ETGlZdWpfNVdheHFOSG9iemZVbm9VdUZTYm16aWVIc1lNdnI1aEhRQmRxa1VKTDQtWE4wTW01b1NaekhDWW5tT2xKM3paYVNuQ1JWTHdvdTlvaWNveHpadVE0QTlndFlhdERuSk1nQWtEV1VGekE?oc=5"" target=""_blank"">The Mosquito Solution</a>&nbsp;&nbsp;<font color=""#6f6f6f"">The New Yorker</font>"
2012-07,"""valley fever""",Damara sheep: Adaptable and profitable - Farmer's Weekly SA,"Tue, 17 Jul 2012 07:00:00 GMT",https://news.google.com/rss/articles/CBMijAFBVV95cUxPWndaWG10QkIxMkxvLXVyYjYwMnE1T0hwZ3FPaGYteFpkZjdic2pTdVRfMFV1ODQzLUFXaHYzN3VwdHN5QkQ4a1pGSi1lYUhxLVg5QlUxbU9MV2ZDaXJTUko2U0RyNXVZX1NhYkI4ZjRyUlFoRUh2M0ZLN2M1eFlTQmlmbVh0U3k1dmlVUQ?oc=5,Farmer's Weekly SA,"<a href=""https://news.google.com/rss/articles/CBMijAFBVV95cUxPWndaWG10QkIxMkxvLXVyYjYwMnE1T0hwZ3FPaGYteFpkZjdic2pTdVRfMFV1ODQzLUFXaHYzN3VwdHN5QkQ4a1pGSi1lYUhxLVg5QlUxbU9MV2ZDaXJTUko2U0RyNXVZX1NhYkI4ZjRyUlFoRUh2M0ZLN2M1eFlTQmlmbVh0U3k1dmlVUQ?oc=5"" target=""_blank"">Damara sheep: Adaptable and profitable</a>&nbsp;&nbsp;<font color=""#6f6f6f"">Farmer's Weekly SA</font>"
2012-08,"""valley fever""",Valley fever research pioneer dead at 89 - KBAK,"Sun, 12 Aug 2012 07:00:00 GMT",https://news.google.com/rss/articles/CBMihgFBVV95cUxPSWVKUW1RRXBBZkZIdjliXzVVYjdZbXJyMDdjVlpDRUlaUUxpZkJ2Y0xucHdHUEJTTjIwUlFmUm15V2Jtc1c2ZHl0cnkzOGM5OUdkblN3UFkycEtDZkNPRm1RTGVORlQ5U3o3ZHRPUmRPaXNYMkxVaDZOT2Z4YXlLUlRsa1RUQQ?oc=5,KBAK,"<a href=""https://news.google.com/rss/articles/CBMihgFBVV95cUxPSWVKUW1RRXBBZkZIdjliXzVVYjdZbXJyMDdjVlpDRUlaUUxpZkJ2Y0xucHdHUEJTTjIwUlFmUm15V2Jtc1c2ZHl0cnkzOGM5OUdkblN3UFkycEtDZkNPRm1RTGVORlQ5U3o3ZHRPUmRPaXNYMkxVaDZOT2Z4YXlLUlRsa1RUQQ?oc=5"" target=""_blank"">Valley fever research pioneer dead at 89</a>&nbsp;&nbsp;<font color=""#6f6f6f"">KBAK</font>"
2012-08,"""valley fever""",A New Phlebovirus Associated with Severe Febrile Illness in Missouri - The New England Journal of Medicine,"Thu, 30 Aug 2012 07:00:00 GMT",https://news.google.com/rss/articles/CBMiYEFVX3lxTE5YZjVEQy1ueFZ0UWZKajFOb2JZal9uaDlSbm9KUVdjM0lFeUZvZi10LWE0LTJFa0d5YlpMODE0RnVCZTZycHNwbkFiSFdXcTVkV09jbkdJUXpWY0I2QURZeA?oc=5,The New England Journal of Medicine,"<a href=""https://news.google.com/rss/articles/CBMiYEFVX3lxTE5YZjVEQy1ueFZ0UWZKajFOb2JZal9uaDlSbm9KUVdjM0lFeUZvZi10LWE0LTJFa0d5YlpMODE0RnVCZTZycHNwbkFiSFdXcTVkV09jbkdJUXpWY0I2QURZeA?oc=5"" target=""_blank"">A New Phlebovirus Associated with Severe Febrile Illness in Missouri</a>&nbsp;&nbsp;<font color=""#6f6f6f"">The New England Journal of Medicine</font>"
2012-08,"""valley fever""",New tick-borne virus puts the bite on Missouri farmers - NBC News,"Wed, 29 Aug 2012 07:00:00 GMT",https://news.google.com/rss/articles/CBMiowFBVV95cUxPZ2V6aG9oaU01THBhUVlfazBkREFzc2hNTkVwcFVPZzVQSXliLTFsX05neExrQ1dmbWhZenhQVm43YzhoejNWVEstUVZKam1wWUphYnVhQTRQa3JsLVk2RmZJYXNLNUw4NXdCZVZzT1d2VmtVOFQteGNFTDVDLXNkd1BKdGY4Qkd2cTFDTkV0b1FvVWlLb0lGZmVLUVpRU2dtN1NR?oc=5,NBC News,"<a href=""https://news.google.com/rss/articles/CBMiowFBVV95cUxPZ2V6aG9oaU01THBhUVlfazBkREFzc2hNTkVwcFVPZzVQSXliLTFsX05neExrQ1dmbWhZenhQVm43YzhoejNWVEstUVZKam1wWUphYnVhQTRQa3JsLVk2RmZJYXNLNUw4NXdCZVZzT1d2VmtVOFQteGNFTDVDLXNkd1BKdGY4Qkd2cTFDTkV0b1FvVWlLb0lGZmVLUVpRU2dtN1NR?oc=5"" target=""_blank"">New tick-borne virus puts the bite on Missouri farmers</a>&nbsp;&nbsp;<font color=""#6f6f6f"">NBC News</font>"
2012-08,"""valley fever""",Fear the mosquito? You can take a bite out of those bug-borne illnesses - AL.com,"Sun, 26 Aug 2012 07:00:00 GMT",https://news.google.com/rss/articles/CBMieEFVX3lxTE5kSzdHWGhkWnU4OFF3MzVzRXk4bm4tMHBfaS1XV1JsQmpfLWl1S3ZwYjNhQXctRDIxY1MzR0dITXRXY0dUUjdDanRYeXVHN3NaeFRNcUpnYnhRYU9RQy1QOHAyQVd4Z0RIc0tTbTdGcER5RFlnbEFpYw?oc=5,AL.com,"<a href=""https://news.google.com/rss/articles/CBMieEFVX3lxTE5kSzdHWGhkWnU4OFF3MzVzRXk4bm4tMHBfaS1XV1JsQmpfLWl1S3ZwYjNhQXctRDIxY1MzR0dITXRXY0dUUjdDanRYeXVHN3NaeFRNcUpnYnhRYU9RQy1QOHAyQVd4Z0RIc0tTbTdGcER5RFlnbEFpYw?oc=5"" target=""_blank"">Fear the mosquito? You can take a bite out of those bug-borne illnesses</a>&nbsp;&nbsp;<font color=""#6f6f6f"">AL.com</font>"
2012-08,"""valley fever""","Alexander Smith Obituary (2012) - Phoenix, AZ - The Arizona Republic - Legacy obituary","Wed, 15 Aug 2012 07:00:00 GMT",https://news.google.com/rss/articles/CBMikgFBVV95cUxNaHZkYUdiYk1IRmNUY1V4QjlINjE0OVZzS1AxcExoUndCUEtCUzFMS2JfNXVZMGEzVUFqQVpocmEtQVV6UHRfSzFUWHpaNXNYd3huS05yUHl0M0Z3bDZ4Ny1EMTZMOXc2aklYMjZlcElqaW9OZ2R1b2c4eklaOXZvV19WVk85WDMtaWtWb3pqeEZ2QQ?oc=5,Legacy obituary,"<a href=""https://news.google.com/rss/articles/CBMikgFBVV95cUxNaHZkYUdiYk1IRmNUY1V4QjlINjE0OVZzS1AxcExoUndCUEtCUzFMS2JfNXVZMGEzVUFqQVpocmEtQVV6UHRfSzFUWHpaNXNYd3huS05yUHl0M0Z3bDZ4Ny1EMTZMOXc2aklYMjZlcElqaW9OZ2R1b2c4eklaOXZvV19WVk85WDMtaWtWb3pqeEZ2QQ?oc=5"" target=""_blank"">Alexander Smith Obituary (2012) - Phoenix, AZ - The Arizona Republic</a>&nbsp;&nbsp;<font color=""#6f6f6f"">Legacy obituary</font>"
2012-09,"""valley fever""",Valley fever costs mount for patients and taxpayers - KVPR,"Sat, 22 Sep 2012 07:00:00 GMT",https://news.google.com/rss/articles/CBMilAFBVV95cUxPZ1VyY0JXRjFuMWYtVmgyMEJKZExEbFVqN2FXRzRIOEl2c2w0ME1Eb2V5Y1pjUV9nRzZPVzBTQ3oyYXpRQ2NabkpaTl90cWFwNlF1R1k0M1ByUi1VZlVZMjFTOVJ1ZVl5WlFabndWU2dKUG1waGpPZG4wRExwaTBpX2dWTXVCemVsbi1IWEFGUW02WmUy?oc=5,KVPR,"<a href=""https://news.google.com/rss/articles/CBMilAFBVV95cUxPZ1VyY0JXRjFuMWYtVmgyMEJKZExEbFVqN2FXRzRIOEl2c2w0ME1Eb2V5Y1pjUV9nRzZPVzBTQ3oyYXpRQ2NabkpaTl90cWFwNlF1R1k0M1ByUi1VZlVZMjFTOVJ1ZVl5WlFabndWU2dKUG1waGpPZG4wRExwaTBpX2dWTXVCemVsbi1IWEFGUW02WmUy?oc=5"" target=""_blank"">Valley fever costs mount for patients and taxpayers</a>&nbsp;&nbsp;<font color=""#6f6f6f"">KVPR</font>"
2012-09,"""valley fever""","Valley Fever Cases Soar, Harm Remains Hidden - KQED","Mon, 10 Sep 2012 07:00:00 GMT",https://news.google.com/rss/articles/CBMiiwFBVV95cUxQbFdJakpFUXl0blBTYU5HS0l3UDB6cGk5U1V0eWNFVmVySXZ5Nk52Q1FOLVRwSU5RTDZvRGFPSDdzcEdacThsVHMwT0tQTHB0cE1lM04zZ1FNSFlzS1RnNVlUVWlZOVVCVzFrR0xfa3M1MVVaYWplMExPTERON2xlOW9PRXAtV054SWlB?oc=5,KQED,"<a href=""https://news.google.com/rss/articles/CBMiiwFBVV95cUxQbFdJakpFUXl0blBTYU5HS0l3UDB6cGk5U1V0eWNFVmVySXZ5Nk52Q1FOLVRwSU5RTDZvRGFPSDdzcEdacThsVHMwT0tQTHB0cE1lM04zZ1FNSFlzS1RnNVlUVWlZOVVCVzFrR0xfa3M1MVVaYWplMExPTERON2xlOW9PRXAtV054SWlB?oc=5"" target=""_blank"">Valley Fever Cases Soar, Harm Remains Hidden</a>&nbsp;&nbsp;<font color=""#6f6f6f"">KQED</font>"
2012-09,"""valley fever""","New virus in Africa looks like rabies, acts like Ebola - NBC News","Thu, 27 Sep 2012 07:00:00 GMT",https://news.google.com/rss/articles/CBMingFBVV95cUxNZHJsM0VwREZkNFMwTndXNHVOS3lWeE44X1FkUlR5Nk9CRkFGeUlXRzBLeWxsbkNrdHU4VWQ3enpTQlE5OU5KXzNMMjdNZkRMYzVjRzZpTm5IX1ZCWjhhMjgtR3U3RVBNMi14Uy0xWWQyLTJzV3JqMERuZ19venluU3NUUFBfWFNRZi1YZk9HM3pSekNCQWFhN3pKMWpkUQ?oc=5,NBC News,"<a href=""https://news.google.com/rss/articles/CBMingFBVV95cUxNZHJsM0VwREZkNFMwTndXNHVOS3lWeE44X1FkUlR5Nk9CRkFGeUlXRzBLeWxsbkNrdHU4VWQ3enpTQlE5OU5KXzNMMjdNZkRMYzVjRzZpTm5IX1ZCWjhhMjgtR3U3RVBNMi14Uy0xWWQyLTJzV3JqMERuZ19venluU3NUUFBfWFNRZi1YZk9HM3pSekNCQWFhN3pKMWpkUQ?oc=5"" target=""_blank"">New virus in Africa looks like rabies, acts like Ebola</a>&nbsp;&nbsp;<font color=""#6f6f6f"">NBC News</font>"
2012-09,"""valley fever""","When Valley Fever Struck Celebrated Winemaker, Doctors Missed It - KVPR","Sun, 09 Sep 2012 07:00:00 GMT",https://news.google.com/rss/articles/CBMipAFBVV95cUxPY21PSzlHa1FVazlLeGcxaGh3VU5IbGt0dmQ1d0JLTzRRVWRsQzFfbXZMcThNckVxQzhWWTlQeU5IbmVvZF96MmtZVFUzZWVpVWFKNVBDTFIxMk5NRGM5a3VtazhGVzcyRFNaS3pJUTdSSkxWTUZ3RHkzdmJzdGVnS2ZIeHBaQmpaTkxNZzFJTi1QWWxIYWVpWXA5SS0ta3FtN1N4VQ?oc=5,KVPR,"<a href=""https://news.google.com/rss/articles/CBMipAFBVV95cUxPY21PSzlHa1FVazlLeGcxaGh3VU5IbGt0dmQ1d0JLTzRRVWRsQzFfbXZMcThNckVxQzhWWTlQeU5IbmVvZF96MmtZVFUzZWVpVWFKNVBDTFIxMk5NRGM5a3VtazhGVzcyRFNaS3pJUTdSSkxWTUZ3RHkzdmJzdGVnS2ZIeHBaQmpaTkxNZzFJTi1QWWxIYWVpWXA5SS0ta3FtN1N4VQ?oc=5"" target=""_blank"">When Valley Fever Struck Celebrated Winemaker, Doctors Missed It</a>&nbsp;&nbsp;<font color=""#6f6f6f"">KVPR</font>"
2012-09,"""valley fever""",EPA opens window to Nogales air quality plan - Tucson Sentinel,"Thu, 27 Sep 2012 07:00:00 GMT",https://news.google.com/rss/articles/CBMicEFVX3lxTE0ta3BDT1Q1T1Zfc0ZBem1neEZZS012Q2Q4U2dTYkdWZkNVZFFiRTMwZDU3SHdRZVRwajNKRlZDM1F0Zk0yb3c3cDMtd0NCUFFydS1wQko1cTZJZ0NzUmtWN1NHOVZTVjZZbDZJaGs4U2o?oc=5,Tucson Sentinel,"<a href=""https://news.google.com/rss/articles/CBMicEFVX3lxTE0ta3BDT1Q1T1Zfc0ZBem1neEZZS012Q2Q4U2dTYkdWZkNVZFFiRTMwZDU3SHdRZVRwajNKRlZDM1F0Zk0yb3c3cDMtd0NCUFFydS1wQko1cTZJZ0NzUmtWN1NHOVZTVjZZbDZJaGs4U2o?oc=5"" target=""_blank"">EPA opens window to Nogales air quality plan</a>&nbsp;&nbsp;<font color=""#6f6f6f"">Tucson Sentinel</font>"
2012-09,"""valley fever""","Lisa McDonald Obituary (2012) - Tempe, AZ - The Arizona Republic - Legacy obituary","Wed, 12 Sep 2012 07:00:00 GMT",https://news.google.com/rss/articles/CBMijwFBVV95cUxQZnd5blFYY240RFZpNHFmcHZHLWhFN1pfeXJaelFMaWtVSDRmMy1NVkd3d3U2Ti1UQUJ2ZG81RFZOb0V4QVpjNDY0aXRZd0pmTlMwRXFMUUhPdm9aZDktZE1mSmVvcmkzTHd5bTMtbDA3eFlUVkZrMWtlZi1mR3ZiS3J3dnljbmJKZVB1cmxobw?oc=5,Legacy obituary,"<a href=""https://news.google.com/rss/articles/CBMijwFBVV95cUxQZnd5blFYY240RFZpNHFmcHZHLWhFN1pfeXJaelFMaWtVSDRmMy1NVkd3d3U2Ti1UQUJ2ZG81RFZOb0V4QVpjNDY0aXRZd0pmTlMwRXFMUUhPdm9aZDktZE1mSmVvcmkzTHd5bTMtbDA3eFlUVkZrMWtlZi1mR3ZiS3J3dnljbmJKZVB1cmxobw?oc=5"" target=""_blank"">Lisa McDonald Obituary (2012) - Tempe, AZ - The Arizona Republic</a>&nbsp;&nbsp;<font color=""#6f6f6f"">Legacy obituary</font>"
2012-09,"""valley fever""",Taxpayers spend millions on valley fever in prisons - KVPR,"Sat, 22 Sep 2012 07:00:00 GMT",https://news.google.com/rss/articles/CBMilAFBVV95cUxOTjNoZGpac1hJYXVrQU5aN1VZaXpiWFU1UVNYYTNIZkhTN19Ucm5CQ3ZmNC1XdHFHUXhqUW8yWENhTkl2d05rWi0zMFd1cVI3bXo5UTFtMFBMVEk2ck5PYXhTRzFwbVMtZHRGZVJJbUVpZDFFSzZaZDRMOU9YdzhXWTl1bkJEZ3ktT3I2RDA4a2EyczdZ?oc=5,KVPR,"<a href=""https://news.google.com/rss/articles/CBMilAFBVV95cUxOTjNoZGpac1hJYXVrQU5aN1VZaXpiWFU1UVNYYTNIZkhTN19Ucm5CQ3ZmNC1XdHFHUXhqUW8yWENhTkl2d05rWi0zMFd1cVI3bXo5UTFtMFBMVEk2ck5PYXhTRzFwbVMtZHRGZVJJbUVpZDFFSzZaZDRMOU9YdzhXWTl1bkJEZ3ktT3I2RDA4a2EyczdZ?oc=5"" target=""_blank"">Taxpayers spend millions on valley fever in prisons</a>&nbsp;&nbsp;<font color=""#6f6f6f"">KVPR</font>"
2012-09,"""valley fever""",Mastitis in a dairy herd - Farmer's Weekly SA,"Mon, 03 Sep 2012 07:00:00 GMT",https://news.google.com/rss/articles/CBMifEFVX3lxTE40NW5MS2RCOU5tZHNCZEdoeVF4aDFvMmlYX0ZSOW91WlFobkdabjB2bklpVVBhMEctb2FYeUg2N3dycGdOSm1xeV8xYnZHS3pYd19xeWp5a2pvd3J1UkpMTkYzU2tycnd5NXhiUVpkcVNwV2FsSTZpNnExdXk?oc=5,Farmer's Weekly SA,"<a href=""https://news.google.com/rss/articles/CBMifEFVX3lxTE40NW5MS2RCOU5tZHNCZEdoeVF4aDFvMmlYX0ZSOW91WlFobkdabjB2bklpVVBhMEctb2FYeUg2N3dycGdOSm1xeV8xYnZHS3pYd19xeWp5a2pvd3J1UkpMTkYzU2tycnd5NXhiUVpkcVNwV2FsSTZpNnExdXk?oc=5"" target=""_blank"">Mastitis in a dairy herd</a>&nbsp;&nbsp;<font color=""#6f6f6f"">Farmer's Weekly SA</font>"
2012-09,"""valley fever""",Valley fever forces police captain to give up his badge - KVPR,"Sat, 22 Sep 2012 07:00:00 GMT",https://news.google.com/rss/articles/CBMimgFBVV95cUxPdFN0YWs2aWhlZ1lqS3UwWmFUdWdnMmNiYnVwdUJnVWpBaDNpMlRObGhCRGlmZVBfQ0s0YTQza015VUZtSzJWb090MHhuZ2d6Rm9VMXZTNXFXeGV2T3ZSRFFrN2tnU184ZDNqR1p4UzhkTm1MVmdEY0EwTXlwdy1oSmVJRWRrTVVlQUxUZDU1SnJWTzFPdXJWUWV3?oc=5,KVPR,"<a href=""https://news.google.com/rss/articles/CBMimgFBVV95cUxPdFN0YWs2aWhlZ1lqS3UwWmFUdWdnMmNiYnVwdUJnVWpBaDNpMlRObGhCRGlmZVBfQ0s0YTQza015VUZtSzJWb090MHhuZ2d6Rm9VMXZTNXFXeGV2T3ZSRFFrN2tnU184ZDNqR1p4UzhkTm1MVmdEY0EwTXlwdy1oSmVJRWRrTVVlQUxUZDU1SnJWTzFPdXJWUWV3?oc=5"" target=""_blank"">Valley fever forces police captain to give up his badge</a>&nbsp;&nbsp;<font color=""#6f6f6f"">KVPR</font>"
2012-10,"""valley fever""","More People Dying from Valley Fever, Especially Those With Chronic Disease - KVPR","Wed, 17 Oct 2012 07:00:00 GMT",https://news.google.com/rss/articles/CBMisgFBVV95cUxNeUtSS3NRTm93dEtsYU00MkFWOWpNZzVrdG5iVW8xeGhrOFQ4a3c0b0JxOVF6ZHJOc2t2UXZ3NG9BR2NNV1JsRWZZX2NTMzUwTVVNTlBYV29lSmswckpEUjhOc21DS3VLRDNFcm9IRDZ0VW9oQjFveXpaUkpOYUwxZkZDYTZzdGdzWDJxSm1CeXdKRnpYUTU2emp3bnNyWlFEbnFPN0o2VDg1dC1URHpkSlpR?oc=5,KVPR,"<a href=""https://news.google.com/rss/articles/CBMisgFBVV95cUxNeUtSS3NRTm93dEtsYU00MkFWOWpNZzVrdG5iVW8xeGhrOFQ4a3c0b0JxOVF6ZHJOc2t2UXZ3NG9BR2NNV1JsRWZZX2NTMzUwTVVNTlBYV29lSmswckpEUjhOc21DS3VLRDNFcm9IRDZ0VW9oQjFveXpaUkpOYUwxZkZDYTZzdGdzWDJxSm1CeXdKRnpYUTU2emp3bnNyWlFEbnFPN0o2VDg1dC1URHpkSlpR?oc=5"" target=""_blank"">More People Dying from Valley Fever, Especially Those With Chronic Disease</a>&nbsp;&nbsp;<font color=""#6f6f6f"">KVPR</font>"
2012-10,"""valley fever""",Mauritania: Suspected Rift Valley Fever (Situation as of 07 October 2012) - ReliefWeb,"Sun, 07 Oct 2012 07:00:00 GMT",https://news.google.com/rss/articles/CBMiowFBVV95cUxPRkJ4aEU2TktZdTdRWFZIdVZfTWhoYUZiOVNmWkxTWUpHZXVaNFdVMHNicC1QeFAtWVEwenUxdHVxZkRieU5yZm1ocVFyQnJZTjhrTFdUc3owZlp3NEdCeldSTW5EajNhemlNTXZRT2p3NTk2ZFF3U2MtQ1pMYWw0clltM3JrNUEzOUtXWmg0UTJZOV8xNmpUZ3MtUVFRa2szSmhr?oc=5,ReliefWeb,"<a href=""https://news.google.com/rss/articles/CBMiowFBVV95cUxPRkJ4aEU2TktZdTdRWFZIdVZfTWhoYUZiOVNmWkxTWUpHZXVaNFdVMHNicC1QeFAtWVEwenUxdHVxZkRieU5yZm1ocVFyQnJZTjhrTFdUc3owZlp3NEdCeldSTW5EajNhemlNTXZRT2p3NTk2ZFF3U2MtQ1pMYWw0clltM3JrNUEzOUtXWmg0UTJZOV8xNmpUZ3MtUVFRa2szSmhr?oc=5"" target=""_blank"">Mauritania: Suspected Rift Valley Fever (Situation as of 07 October 2012)</a>&nbsp;&nbsp;<font color=""#6f6f6f"">ReliefWeb</font>"
2012-10,"""valley fever""",A mathematical approach to solving ecological problems - Tulane University News,"Fri, 05 Oct 2012 07:00:00 GMT",https://news.google.com/rss/articles/CBMihAFBVV95cUxOME9OdXRWcG9YZm52ekFBR0xzNXBlNlhWTkZvZFh5Z1NxUzNFb0NUak5VMmJmNmswdGdRRFVSNTBLNl81SU45b1lBZzE2U3VZdVVUdmpBNmpFZmRHdTBXN1YyUkNCR0VlOGM0a3l5TkhhVHdFZHlweGg2VHJqbTkxcTZlRC0?oc=5,Tulane University News,"<a href=""https://news.google.com/rss/articles/CBMihAFBVV95cUxOME9OdXRWcG9YZm52ekFBR0xzNXBlNlhWTkZvZFh5Z1NxUzNFb0NUak5VMmJmNmswdGdRRFVSNTBLNl81SU45b1lBZzE2U3VZdVVUdmpBNmpFZmRHdTBXN1YyUkNCR0VlOGM0a3l5TkhhVHdFZHlweGg2VHJqbTkxcTZlRC0?oc=5"" target=""_blank"">A mathematical approach to solving ecological problems</a>&nbsp;&nbsp;<font color=""#6f6f6f"">Tulane University News</font>"
2012-10,"""valley fever""",How Mosquitoes Are Out-Smarting Humans - Smithsonian Magazine,"Thu, 04 Oct 2012 07:00:00 GMT",https://news.google.com/rss/articles/CBMilAFBVV95cUxNelBleGhhZ3I0c1YwaFpJOFZlOVJCWkNYQXlic21fejhMaGZFMVM5c3hZZjhRRXdxbE9kTlByOTVSTWF3emhJZGt3SlBsUHE4ak1NbGVYaGVoYmxKYnoxbzFtbXhhYThPRUl3bWxXc3ZLR3BCUGFSRFYyQmtIaXYzLVZWc1ZXel9Fbnpsa0dMNnppZ2Vi?oc=5,Smithsonian Magazine,"<a href=""https://news.google.com/rss/articles/CBMilAFBVV95cUxNelBleGhhZ3I0c1YwaFpJOFZlOVJCWkNYQXlic21fejhMaGZFMVM5c3hZZjhRRXdxbE9kTlByOTVSTWF3emhJZGt3SlBsUHE4ak1NbGVYaGVoYmxKYnoxbzFtbXhhYThPRUl3bWxXc3ZLR3BCUGFSRFYyQmtIaXYzLVZWc1ZXel9Fbnpsa0dMNnppZ2Vi?oc=5"" target=""_blank"">How Mosquitoes Are Out-Smarting Humans</a>&nbsp;&nbsp;<font color=""#6f6f6f"">Smithsonian Magazine</font>"
2012-10,"""valley fever""","They Are So Beastly, These Ticks and Plagues (Published 2012) - The New York Times","Tue, 02 Oct 2012 07:00:00 GMT",https://news.google.com/rss/articles/CBMiowFBVV95cUxOMVY1X0hSMUl6RXhZRHpHVjlNM1AyWGFjQXIxaEVHRkRPVElLMnhGUHJ2TzB6UWNEUjV5N0FIZE00NGxJcVlxR1Y4WDZnRGJhLTgtT1EwdEN1Zi01aFFzNlBlbzgtV3Y5RUlZaUdLZGxEWnFZSUh4U1hfek95UGotUERUTGVHcHJjOUc5b29IOTFlM0NkakNlR0E0RFo2TkdDSTNN?oc=5,The New York Times,"<a href=""https://news.google.com/rss/articles/CBMiowFBVV95cUxOMVY1X0hSMUl6RXhZRHpHVjlNM1AyWGFjQXIxaEVHRkRPVElLMnhGUHJ2TzB6UWNEUjV5N0FIZE00NGxJcVlxR1Y4WDZnRGJhLTgtT1EwdEN1Zi01aFFzNlBlbzgtV3Y5RUlZaUdLZGxEWnFZSUh4U1hfek95UGotUERUTGVHcHJjOUc5b29IOTFlM0NkakNlR0E0RFo2TkdDSTNN?oc=5"" target=""_blank"">They Are So Beastly, These Ticks and Plagues (Published 2012)</a>&nbsp;&nbsp;<font color=""#6f6f6f"">The New York Times</font>"
2012-10,"""valley fever""",[Cover Story] Unwelcome Tourists - PCT magazine.,"Wed, 17 Oct 2012 07:00:00 GMT",https://news.google.com/rss/articles/CBMickFVX3lxTE4xbUlEYW1UeWxxblNsUks2bElJQnBOQUUtNmdEeWNnR0VHTnBMdUJ4TEtpM0UwUHZGSXJjM1RZMW13ZlNjemlycTR1Y1ZkWmNGWEUtd2RYYXgxR1dUbUhUNkczZGo1Rmo3ckdiTW1XM0g0Zw?oc=5,PCT magazine.,"<a href=""https://news.google.com/rss/articles/CBMickFVX3lxTE4xbUlEYW1UeWxxblNsUks2bElJQnBOQUUtNmdEeWNnR0VHTnBMdUJ4TEtpM0UwUHZGSXJjM1RZMW13ZlNjemlycTR1Y1ZkWmNGWEUtd2RYYXgxR1dUbUhUNkczZGo1Rmo3ckdiTW1XM0g0Zw?oc=5"" target=""_blank"">[Cover Story] Unwelcome Tourists</a>&nbsp;&nbsp;<font color=""#6f6f6f"">PCT magazine.</font>"
2012-11,"""valley fever""",Misdiagnosing Valley Fever Prolongs Suffering of Its Victims - Voice of OC,"Mon, 12 Nov 2012 08:00:00 GMT",https://news.google.com/rss/articles/CBMilAFBVV95cUxNOGJxMkdwNDZIbmVGMExMVzdnUUR5OXAxd3NsQlR0Qk5ENWd4d0hWMHBfbXM2UXFqemIwWVlaUGNLV1RQMHBabm13a0ZNc1RRRElsajNuTWZBZnBfZXBmcWZndDlvX194UXhxdGx5RnpnazBYTDdsdnA5a2U0NjNYWnpJMjBhQmJWWmdJZ2lPaFAtbFBN?oc=5,Voice of OC,"<a href=""https://news.google.com/rss/articles/CBMilAFBVV95cUxNOGJxMkdwNDZIbmVGMExMVzdnUUR5OXAxd3NsQlR0Qk5ENWd4d0hWMHBfbXM2UXFqemIwWVlaUGNLV1RQMHBabm13a0ZNc1RRRElsajNuTWZBZnBfZXBmcWZndDlvX194UXhxdGx5RnpnazBYTDdsdnA5a2U0NjNYWnpJMjBhQmJWWmdJZ2lPaFAtbFBN?oc=5"" target=""_blank"">Misdiagnosing Valley Fever Prolongs Suffering of Its Victims</a>&nbsp;&nbsp;<font color=""#6f6f6f"">Voice of OC</font>"
2012-11,"""valley fever""","Valley fever takes an animal toll, and pets rely on the same treatments as people - KVPR","Mon, 19 Nov 2012 08:00:00 GMT",https://news.google.com/rss/articles/CBMiuwFBVV95cUxNOWN1Q2RLMWwtbGYxNzFqLVBDUmpkVWktdWNYUTlNRGg5am1Dbi1LR0ozWGs0eHlJTW5FYm5IN1pESmJoRkN6Sm0yaGdCSFdQT25RQW9pYzg5aDl6QjRjRFlGRnc1RzdEMzctc3k3dVQ2WDh0OGE3bFJteGpBa3B0VDdPdGdpX2NGeHBVUU96UXRlVkZCdVV2aXlWbUNSUm5KeElNQzFseHFNaFZuTF9Jd0ZMRXJ5a1dYZGs4?oc=5,KVPR,"<a href=""https://news.google.com/rss/articles/CBMiuwFBVV95cUxNOWN1Q2RLMWwtbGYxNzFqLVBDUmpkVWktdWNYUTlNRGg5am1Dbi1LR0ozWGs0eHlJTW5FYm5IN1pESmJoRkN6Sm0yaGdCSFdQT25RQW9pYzg5aDl6QjRjRFlGRnc1RzdEMzctc3k3dVQ2WDh0OGE3bFJteGpBa3B0VDdPdGdpX2NGeHBVUU96UXRlVkZCdVV2aXlWbUNSUm5KeElNQzFseHFNaFZuTF9Jd0ZMRXJ5a1dYZGs4?oc=5"" target=""_blank"">Valley fever takes an animal toll, and pets rely on the same treatments as people</a>&nbsp;&nbsp;<font color=""#6f6f6f"">KVPR</font>"
2012-11,"""valley fever""","For Some California Prisoners, Valley Fever Becomes A Life Sentence - KVPR","Mon, 26 Nov 2012 08:00:00 GMT",https://news.google.com/rss/articles/CBMiqAFBVV95cUxQYTZmV3Q3NVhwSldjMm5Gc0dkX3lIUV93NkhmUDJmQ0RvdVUyV3lyanp4R0NzV1ZWOUhpOUlRVXk2ajZPdGRDY0NBN21iWmNyVDBLVVY5S3RhV25qTVhHaEh1eHFPMGpaWEVJQ0dndTRMeTJTRFBLdGEyc2RwUTdUUUV1WkNkN0xCcEFmTUFscnRtRUtFeXNXSjNEMEhvYWlxcS0xZHJLY0M?oc=5,KVPR,"<a href=""https://news.google.com/rss/articles/CBMiqAFBVV95cUxQYTZmV3Q3NVhwSldjMm5Gc0dkX3lIUV93NkhmUDJmQ0RvdVUyV3lyanp4R0NzV1ZWOUhpOUlRVXk2ajZPdGRDY0NBN21iWmNyVDBLVVY5S3RhV25qTVhHaEh1eHFPMGpaWEVJQ0dndTRMeTJTRFBLdGEyc2RwUTdUUUV1WkNkN0xCcEFmTUFscnRtRUtFeXNXSjNEMEhvYWlxcS0xZHJLY0M?oc=5"" target=""_blank"">For Some California Prisoners, Valley Fever Becomes A Life Sentence</a>&nbsp;&nbsp;<font color=""#6f6f6f"">KVPR</font>"
2012-11,"""valley fever""",Discovery advances fight against phleboviruses - Medical Xpress,"Wed, 07 Nov 2012 08:00:00 GMT",https://news.google.com/rss/articles/CBMiggFBVV95cUxPVlVZbmpvOEdKTG93bjYxQmhKZXluSk1vb0UyMmU0MnV4b1RJaTRKZzVfQmtNV1ZlNGgzX3lOWF9Ib2ZtMjFraWFrME1WUHQySGRDQk04c2Nneld3N3IwOW43VDQyUFdQb2NlOEUyY25Bd2c3ZDBuemlCSkR6OGFRaEFB?oc=5,Medical Xpress,"<a href=""https://news.google.com/rss/articles/CBMiggFBVV95cUxPVlVZbmpvOEdKTG93bjYxQmhKZXluSk1vb0UyMmU0MnV4b1RJaTRKZzVfQmtNV1ZlNGgzX3lOWF9Ib2ZtMjFraWFrME1WUHQySGRDQk04c2Nneld3N3IwOW43VDQyUFdQb2NlOEUyY25Bd2c3ZDBuemlCSkR6OGFRaEFB?oc=5"" target=""_blank"">Discovery advances fight against phleboviruses</a>&nbsp;&nbsp;<font color=""#6f6f6f"">Medical Xpress</font>"
2012-11,"""valley fever""",UNHCR helps mediate South Sudan cattle grazing dispute - UNHCR - The UN Refugee Agency,"Thu, 29 Nov 2012 08:00:00 GMT",https://news.google.com/rss/articles/CBMikwFBVV95cUxQR2pPZFdZNUVnQkdVMjBWbWtMZWVsZFFPeTFfTlR0UGktMGQ1SktINURodEJZQzBjYmZ1bTZZSXJDS2g4YVEtb1hGSGNaMWt1LVBpWURCN0hJTlpyS1BybWhoc2VJNWtSVEtNMzl6em5ZU3VqMUVpbmg4WE9CZjlHVF93LUhBOG1GbnVlcTQ5Y2FINTQ?oc=5,UNHCR - The UN Refugee Agency,"<a href=""https://news.google.com/rss/articles/CBMikwFBVV95cUxQR2pPZFdZNUVnQkdVMjBWbWtMZWVsZFFPeTFfTlR0UGktMGQ1SktINURodEJZQzBjYmZ1bTZZSXJDS2g4YVEtb1hGSGNaMWt1LVBpWURCN0hJTlpyS1BybWhoc2VJNWtSVEtNMzl6em5ZU3VqMUVpbmg4WE9CZjlHVF93LUhBOG1GbnVlcTQ5Y2FINTQ?oc=5"" target=""_blank"">UNHCR helps mediate South Sudan cattle grazing dispute</a>&nbsp;&nbsp;<font color=""#6f6f6f"">UNHCR - The UN Refugee Agency</font>"
2012-11,"""valley fever""",Massive deforestation risks turning Somalia into desert - Al Arabiya English,"Mon, 19 Nov 2012 08:00:00 GMT",https://news.google.com/rss/articles/CBMib0FVX3lxTE1rSWQ4Yl9MQ2Jic2FqRmNYck42Slk4bnpoS2s2ZEhBdmpIX0cwN1BaVjNDMUV5MS1nVjFpbUdXRUxEVW9TdDJqRDdjS3Zrdm80RmEyYWxSQ1NsNjRKTnRFc19VLUQ0U2pLb2RxNzJUbw?oc=5,Al Arabiya English,"<a href=""https://news.google.com/rss/articles/CBMib0FVX3lxTE1rSWQ4Yl9MQ2Jic2FqRmNYck42Slk4bnpoS2s2ZEhBdmpIX0cwN1BaVjNDMUV5MS1nVjFpbUdXRUxEVW9TdDJqRDdjS3Zrdm80RmEyYWxSQ1NsNjRKTnRFc19VLUQ0U2pLb2RxNzJUbw?oc=5"" target=""_blank"">Massive deforestation risks turning Somalia into desert</a>&nbsp;&nbsp;<font color=""#6f6f6f"">Al Arabiya English</font>"
2012-12,"""valley fever""",Valley fever treatments can do harm as they heal - KVPR,"Sat, 08 Dec 2012 08:00:00 GMT",https://news.google.com/rss/articles/CBMikAFBVV95cUxPTmsxWVI2Q0RUY0NtSU9pS3NfdVhZNEt3SnI1eFhvUFphS21ZRk5IQ191U1F3Z1dWNy1TeWEydGI0SFBRY0pXcG9aWF9tTnVNYVpxeFZrc1RjRzA4TFZVcHl6WW1wZ3plTkdheDMycGxLNHFMSTNKZG1JY2V0OWdsZ1kzYlVtOGphX2lMeXd6TFE?oc=5,KVPR,"<a href=""https://news.google.com/rss/articles/CBMikAFBVV95cUxPTmsxWVI2Q0RUY0NtSU9pS3NfdVhZNEt3SnI1eFhvUFphS21ZRk5IQ191U1F3Z1dWNy1TeWEydGI0SFBRY0pXcG9aWF9tTnVNYVpxeFZrc1RjRzA4TFZVcHl6WW1wZ3plTkdheDMycGxLNHFMSTNKZG1JY2V0OWdsZ1kzYlVtOGphX2lMeXd6TFE?oc=5"" target=""_blank"">Valley fever treatments can do harm as they heal</a>&nbsp;&nbsp;<font color=""#6f6f6f"">KVPR</font>"
2012-12,"""valley fever""",Outbreaks Lead Calif. to Move Inmates - Good Morning America,"Fri, 28 Dec 2012 08:00:00 GMT",https://news.google.com/rss/articles/CBMiwAFBVV95cUxNUnBVUDk4U1FaTFpqaGNTTVhMTFU3Tzc3VEQ1cWZvNlVTTEMxT1NoUGlweEJmMnJUbjNUSEM0S1ZqQmV2SnZYYjV2ejBlVUFpVlNkZXRtenVNeG9JRW5Sd1kzVHJYeG5UTVZZRjJtUGRvTXR6X09qaVRSZUpNYWJXLVdUSGZyMjMxcWlIS195eURubHlhSmg1QzhuN2p2Q2NCbzYzeHFUeWphQXdodmZER0lGbTBXQ296TTRSN3JjZHXSAcABQVVfeXFMTVJwVVA5OFNRWkxaamhjU01YTExVN083N1RENXFmbzZVU0xDMU9TaFBpcHhCZjJyVG4zVEhDNEtWakJldkp2WGI1dnowZVVBaVZTZGV0bXp1TXhvSUVuUndZM1RyWHhuVE1WWUYybVBkb010el9PamlUUmVKTWFiVy1XVEhmcjIzMXFpSEtfeXlEbmx5YUpoNUM4bjdqdkNjQm82M3hxVHlqYUF3aHZmREdJRm0wV0Nvek00UjdyY2R1?oc=5,Good Morning America,"<a href=""https://news.google.com/rss/articles/CBMiwAFBVV95cUxNUnBVUDk4U1FaTFpqaGNTTVhMTFU3Tzc3VEQ1cWZvNlVTTEMxT1NoUGlweEJmMnJUbjNUSEM0S1ZqQmV2SnZYYjV2ejBlVUFpVlNkZXRtenVNeG9JRW5Sd1kzVHJYeG5UTVZZRjJtUGRvTXR6X09qaVRSZUpNYWJXLVdUSGZyMjMxcWlIS195eURubHlhSmg1QzhuN2p2Q2NCbzYzeHFUeWphQXdodmZER0lGbTBXQ296TTRSN3JjZHXSAcABQVVfeXFMTVJwVVA5OFNRWkxaamhjU01YTExVN083N1RENXFmbzZVU0xDMU9TaFBpcHhCZjJyVG4zVEhDNEtWakJldkp2WGI1dnowZVVBaVZTZGV0bXp1TXhvSUVuUndZM1RyWHhuVE1WWUYybVBkb010el9PamlUUmVKTWFiVy1XVEhmcjIzMXFpSEtfeXlEbmx5YUpoNUM4bjdqdkNjQm82M3hxVHlqYUF3aHZmREdJRm0wV0Nvek00UjdyY2R1?oc=5"" target=""_blank"">Outbreaks Lead Calif. to Move Inmates</a>&nbsp;&nbsp;<font color=""#6f6f6f"">Good Morning America</font>"
2012-12,"""valley fever""","Suffering, Misdiagnosis and Pain: Community Members Share Their Valley Fever Stories - KVPR","Sat, 22 Dec 2012 08:00:00 GMT",https://news.google.com/rss/articles/CBMivgFBVV95cUxNZ0FkLTNLcVJMV2dlVVNvRmJjbHFjQnQyY2ZqVUxaV1dLS2xuRm13Zy1LS0RTc0ROb29FZWJnWWlTN3pIVE80OWNNMi02WW5rRkJCb1dsVy15WXBmM3Z3U3pJM056NWo4N2dzTzd0ZGZFVFhaVHZCcVNyektlcDcxbndmTmd4TUtWMHAzM1FLdGJQM05FYkhiMzFXWHp3QTlXclJiZjJaTW9jalp2VXdGZGxyWWtWTnhsSVJaS3NB?oc=5,KVPR,"<a href=""https://news.google.com/rss/articles/CBMivgFBVV95cUxNZ0FkLTNLcVJMV2dlVVNvRmJjbHFjQnQyY2ZqVUxaV1dLS2xuRm13Zy1LS0RTc0ROb29FZWJnWWlTN3pIVE80OWNNMi02WW5rRkJCb1dsVy15WXBmM3Z3U3pJM056NWo4N2dzTzd0ZGZFVFhaVHZCcVNyektlcDcxbndmTmd4TUtWMHAzM1FLdGJQM05FYkhiMzFXWHp3QTlXclJiZjJaTW9jalp2VXdGZGxyWWtWTnhsSVJaS3NB?oc=5"" target=""_blank"">Suffering, Misdiagnosis and Pain: Community Members Share Their Valley Fever Stories</a>&nbsp;&nbsp;<font color=""#6f6f6f"">KVPR</font>"
2012-12,"""valley fever""","Regional Office for West and Central Africa Bulletin - Central Emergency Response Fund, January - December 2012 [EN/FR] - OCHA","Mon, 31 Dec 2012 08:00:00 GMT",https://news.google.com/rss/articles/CBMiyAFBVV95cUxNSkl5ZmRFNUVPVHcwT1VHTHpoNm1vWnQ1V2JjS0xvUDZxQkpxU0lRUHdhOVY0OFBWUmZ1eFZvaHRVVkVVRFZYMEhMRS1Tb2xqcF9qZ3k1WlN0RFg1WEVkSjhPeUFnZHB6SktvY3dhUFp1YW1paXVuT0txWkpxclNhTkZJa1NxdnNNNHgxS0lUY3dhZEI3aDRzYzJtU1NaMXJwWkwwZVdpQXdCc1pCZTc3NHFScWo1MEk5TVN1YUo4OVFhNDYyN2lPaQ?oc=5,OCHA,"<a href=""https://news.google.com/rss/articles/CBMiyAFBVV95cUxNSkl5ZmRFNUVPVHcwT1VHTHpoNm1vWnQ1V2JjS0xvUDZxQkpxU0lRUHdhOVY0OFBWUmZ1eFZvaHRVVkVVRFZYMEhMRS1Tb2xqcF9qZ3k1WlN0RFg1WEVkSjhPeUFnZHB6SktvY3dhUFp1YW1paXVuT0txWkpxclNhTkZJa1NxdnNNNHgxS0lUY3dhZEI3aDRzYzJtU1NaMXJwWkwwZVdpQXdCc1pCZTc3NHFScWo1MEk5TVN1YUo4OVFhNDYyN2lPaQ?oc=5"" target=""_blank"">Regional Office for West and Central Africa Bulletin - Central Emergency Response Fund, January - December 2012 [EN/FR]</a>&nbsp;&nbsp;<font color=""#6f6f6f"">OCHA</font>"
2013-01,"""valley fever""",Crystal structure of glycoprotein C from Rift Valley fever virus - PNAS,"Mon, 14 Jan 2013 08:00:00 GMT",https://news.google.com/rss/articles/CBMiXEFVX3lxTE1jcENnR0tfNlZ1Sk1uY1Q2cW5YcmstSTIwbzNiaVdjQm80T0EtSkRYQjlDd3VhSks4c05wZlZiTFpHVnllbE1NOE0wYWJkZXF2bVpGSU5jb3RhU1U1?oc=5,PNAS,"<a href=""https://news.google.com/rss/articles/CBMiXEFVX3lxTE1jcENnR0tfNlZ1Sk1uY1Q2cW5YcmstSTIwbzNiaVdjQm80T0EtSkRYQjlDd3VhSks4c05wZlZiTFpHVnllbE1NOE0wYWJkZXF2bVpGSU5jb3RhU1U1?oc=5"" target=""_blank"">Crystal structure of glycoprotein C from Rift Valley fever virus</a>&nbsp;&nbsp;<font color=""#6f6f6f"">PNAS</font>"
2013-01,"""valley fever""",Lessons From The Northridge Quake of 1994 - MySafe:LA,"Thu, 17 Jan 2013 08:00:00 GMT",https://news.google.com/rss/articles/CBMif0FVX3lxTE5YdThySlFheGV1MndKcHN4T3B4a0FrVGhfRGdDNTJIcFU2RHpIVDdITFEwUnV3cHJlWmFUTkFUT3F5elg4Y0ZLTmJUSjZuQmhhbzVSTVdFMVJCaC1QYnVISGtCTXY2Zm1qUm5SdHJLT1RyYXRDNHpuN0NsYno3Tnc?oc=5,MySafe:LA,"<a href=""https://news.google.com/rss/articles/CBMif0FVX3lxTE5YdThySlFheGV1MndKcHN4T3B4a0FrVGhfRGdDNTJIcFU2RHpIVDdITFEwUnV3cHJlWmFUTkFUT3F5elg4Y0ZLTmJUSjZuQmhhbzVSTVdFMVJCaC1QYnVISGtCTXY2Zm1qUm5SdHJLT1RyYXRDNHpuN0NsYno3Tnc?oc=5"" target=""_blank"">Lessons From The Northridge Quake of 1994</a>&nbsp;&nbsp;<font color=""#6f6f6f"">MySafe:LA</font>"
2013-01,"""valley fever""","Regional Office for West and Central Africa Bulletin - Central Emergency Response Fund, January - December 2012 [EN/FR] - ReliefWeb","Fri, 04 Jan 2013 08:00:00 GMT",https://news.google.com/rss/articles/CBMitgFBVV95cUxNRUlmdWVKT3N3aE81bFFTVGdKaEVpUzkxSkEyUS1iVENYZTJvZHJNbHpNQUxNOEdkN3dpVFJfUnFwZURRaTdLRjlhaTFSUURVZjVhNEtBTmc4VkVTM3NQSkNNRkdkWXVKQXFQZmlCVHY2SFY4emU1S3NzRXNmRHVqOVpFTE5EOENDQTdPdnphWWlmSnlHSzVJQ2hhUk1EeFNNdFFndmh0TkNGb2dRWXc0YmxVOVhsQQ?oc=5,ReliefWeb,"<a href=""https://news.google.com/rss/articles/CBMitgFBVV95cUxNRUlmdWVKT3N3aE81bFFTVGdKaEVpUzkxSkEyUS1iVENYZTJvZHJNbHpNQUxNOEdkN3dpVFJfUnFwZURRaTdLRjlhaTFSUURVZjVhNEtBTmc4VkVTM3NQSkNNRkdkWXVKQXFQZmlCVHY2SFY4emU1S3NzRXNmRHVqOVpFTE5EOENDQTdPdnphWWlmSnlHSzVJQ2hhUk1EeFNNdFFndmh0TkNGb2dRWXc0YmxVOVhsQQ?oc=5"" target=""_blank"">Regional Office for West and Central Africa Bulletin - Central Emergency Response Fund, January - December 2012 [EN/FR]</a>&nbsp;&nbsp;<font color=""#6f6f6f"">ReliefWeb</font>"
2013-01,"""valley fever""",Tensions grow between refugees and host community - The New Humanitarian,"Wed, 02 Jan 2013 08:00:00 GMT",https://news.google.com/rss/articles/CBMiogFBVV95cUxORzJKU0F6UDMwNUFJRTNWbkRDVEdmMFpSQUU0ejA5QUdqbXZvSzVhSGRPczJ1b3VmSC1CTEEtbXFWalY1ZnpWRmJaVHVkeGQ4cVdZZFRITHFETHhxR2xPek1NNTdYRzRGaVpSYk8xYm8zbEo3a3ZHMWtZRS1tZVRPblA0RldlSFV5MHpRSGt2V0FERGFtQzV6ck40MUZpUXltOGc?oc=5,The New Humanitarian,"<a href=""https://news.google.com/rss/articles/CBMiogFBVV95cUxORzJKU0F6UDMwNUFJRTNWbkRDVEdmMFpSQUU0ejA5QUdqbXZvSzVhSGRPczJ1b3VmSC1CTEEtbXFWalY1ZnpWRmJaVHVkeGQ4cVdZZFRITHFETHhxR2xPek1NNTdYRzRGaVpSYk8xYm8zbEo3a3ZHMWtZRS1tZVRPblA0RldlSFV5MHpRSGt2V0FERGFtQzV6ck40MUZpUXltOGc?oc=5"" target=""_blank"">Tensions grow between refugees and host community</a>&nbsp;&nbsp;<font color=""#6f6f6f"">The New Humanitarian</font>"
2013-01,"""valley fever""",Gun research: More known about U.S. car deaths than gun deaths - Boulder Daily Camera,"Thu, 17 Jan 2013 08:00:00 GMT",https://news.google.com/rss/articles/CBMihAFBVV95cUxNMkw3VjI4WEoxMm1UNW5pZ20temM4U2ZvbHZ4ekNBOTZjbjFxamNLbEdOY3p3UkhwbGdnNmh0cXllQ0JjMmduU3c5Vk5VdzdKcWUxOVFOakxpUWE2YXIyRWxoeVhYMFZhX2Jkc0tYTHdOMi1FRU5wVGJOa0RiUF9nbUMxc00?oc=5,Boulder Daily Camera,"<a href=""https://news.google.com/rss/articles/CBMihAFBVV95cUxNMkw3VjI4WEoxMm1UNW5pZ20temM4U2ZvbHZ4ekNBOTZjbjFxamNLbEdOY3p3UkhwbGdnNmh0cXllQ0JjMmduU3c5Vk5VdzdKcWUxOVFOakxpUWE2YXIyRWxoeVhYMFZhX2Jkc0tYTHdOMi1FRU5wVGJOa0RiUF9nbUMxc00?oc=5"" target=""_blank"">Gun research: More known about U.S. car deaths than gun deaths</a>&nbsp;&nbsp;<font color=""#6f6f6f"">Boulder Daily Camera</font>"
2013-02,"""valley fever""","Ike Davis opens up about his valley fever, or whatever it was, last year - NBC Sports","Fri, 08 Feb 2013 08:00:00 GMT",https://news.google.com/rss/articles/CBMiqAFBVV95cUxNX0ZKV3JVQ05qN2lhcmRQRWVKVnB1VmxEMXVlUlR2NjVaZjNFTHlyNlZ6S01NSVpZbHNUQ0RZeFJBdWxwaXhWS1dONGh3RnhZczBBTkhabWZIbTRzd2N5anhUWHE1ZEFHOTdvZWFZMm9OaU93aWliS2NkUHRVbjJ1NXBJSTlzU1BVajROT1doSGZCMUtXcVhHM3hlQllna3ljZFlTZ2dveGY?oc=5,NBC Sports,"<a href=""https://news.google.com/rss/articles/CBMiqAFBVV95cUxNX0ZKV3JVQ05qN2lhcmRQRWVKVnB1VmxEMXVlUlR2NjVaZjNFTHlyNlZ6S01NSVpZbHNUQ0RZeFJBdWxwaXhWS1dONGh3RnhZczBBTkhabWZIbTRzd2N5anhUWHE1ZEFHOTdvZWFZMm9OaU93aWliS2NkUHRVbjJ1NXBJSTlzU1BVajROT1doSGZCMUtXcVhHM3hlQllna3ljZFlTZ2dveGY?oc=5"" target=""_blank"">Ike Davis opens up about his valley fever, or whatever it was, last year</a>&nbsp;&nbsp;<font color=""#6f6f6f"">NBC Sports</font>"
2013-02,"""valley fever""",What Does Senator Michael Rubio's Resignation Mean For the Valley? - KVPR,"Fri, 22 Feb 2013 08:00:00 GMT",https://news.google.com/rss/articles/CBMitwFBVV95cUxOU01UX0xjdzNaaERzZ2hYQkQxTDAzMGg4ZXhmTjR1ZGRpenhodVlEZUUwQzR4ZC11c2IzMXVEbm9lSTdrYWtjUm5tTnFMQmdTeTNCX29tRURhNzdRTWRNVnNxck14NnlLU041ZDdfU0FxT1c0aElPZzRZWTFuVVZlZ2hRSVlNQXZKVk1OdG5LVXI1Z0NxVXhnUGtNMnlFU3dCb1psY2pxbmpxVmpPZG9QeVhjQU01SDg?oc=5,KVPR,"<a href=""https://news.google.com/rss/articles/CBMitwFBVV95cUxOU01UX0xjdzNaaERzZ2hYQkQxTDAzMGg4ZXhmTjR1ZGRpenhodVlEZUUwQzR4ZC11c2IzMXVEbm9lSTdrYWtjUm5tTnFMQmdTeTNCX29tRURhNzdRTWRNVnNxck14NnlLU041ZDdfU0FxT1c0aElPZzRZWTFuVVZlZ2hRSVlNQXZKVk1OdG5LVXI1Z0NxVXhnUGtNMnlFU3dCb1psY2pxbmpxVmpPZG9QeVhjQU01SDg?oc=5"" target=""_blank"">What Does Senator Michael Rubio's Resignation Mean For the Valley?</a>&nbsp;&nbsp;<font color=""#6f6f6f"">KVPR</font>"
2013-02,"""valley fever""",Ex-OSU football player seeks to open athletics to everyone - The Columbus Dispatch,"Thu, 28 Feb 2013 08:00:00 GMT",https://news.google.com/rss/articles/CBMingFBVV95cUxNdTQ3X29CaFRoWkM4RGpxNU90UGFUYmRPZGlVdzBPUkhHOThheURIVGNqOGN2T1lJWjJUZXEwbjZsN1hCVEw1MlFnZHQtbFhMcWNyelQyNG1CeVFocHRYbnNoOG5PNTM2Tm55Mk5zNGJERGJOeDRiOGR0YUZPVFFDRV9pcy1LbWl6cWJ1M1hjQVRtczgwR1FkdmROaDhTQQ?oc=5,The Columbus Dispatch,"<a href=""https://news.google.com/rss/articles/CBMingFBVV95cUxNdTQ3X29CaFRoWkM4RGpxNU90UGFUYmRPZGlVdzBPUkhHOThheURIVGNqOGN2T1lJWjJUZXEwbjZsN1hCVEw1MlFnZHQtbFhMcWNyelQyNG1CeVFocHRYbnNoOG5PNTM2Tm55Mk5zNGJERGJOeDRiOGR0YUZPVFFDRV9pcy1LbWl6cWJ1M1hjQVRtczgwR1FkdmROaDhTQQ?oc=5"" target=""_blank"">Ex-OSU football player seeks to open athletics to everyone</a>&nbsp;&nbsp;<font color=""#6f6f6f"">The Columbus Dispatch</font>"
2013-02,"""valley fever""",Researchers Identify a Protein That Blocks HIV - SciTechDaily,"Tue, 12 Feb 2013 08:00:00 GMT",https://news.google.com/rss/articles/CBMifEFVX3lxTE1vTjFxRkdDZHZZeXM3TW4yRFY2MnluajI4NFp0V0E3bTBJUHFMekYwa1NkYm1DYW93T0tIZUQ0Nm1yc1VoV25fSE1nalpyRHdqc3lRMHpUb0lFUE96TF9qNnBIZGtwYjBLVDRqY0FPTmR2Y0pZTDJFMXFrVzQ?oc=5,SciTechDaily,"<a href=""https://news.google.com/rss/articles/CBMifEFVX3lxTE1vTjFxRkdDZHZZeXM3TW4yRFY2MnluajI4NFp0V0E3bTBJUHFMekYwa1NkYm1DYW93T0tIZUQ0Nm1yc1VoV25fSE1nalpyRHdqc3lRMHpUb0lFUE96TF9qNnBIZGtwYjBLVDRqY0FPTmR2Y0pZTDJFMXFrVzQ?oc=5"" target=""_blank"">Researchers Identify a Protein That Blocks HIV</a>&nbsp;&nbsp;<font color=""#6f6f6f"">SciTechDaily</font>"
2013-02,"""valley fever""","Mikasa, Kenwood Founder Aratani Dies at 95 - Rafu Shimpo","Wed, 20 Feb 2013 08:00:00 GMT",https://news.google.com/rss/articles/CBMidkFVX3lxTE9NYmRsaXl5MG1UNk5qSDR5OWZBR25iT0tYbm53N2JEb0ZUYTRyY0VUaUlBQ3hGUlZYTHdheUZCV1FSX0tPc25lbHp1WGRfVDBZT1pIb1pQQzVWbXdhVDhZTzZNX2lleWpDV0ljQ1dlRGszUHZtcFE?oc=5,Rafu Shimpo,"<a href=""https://news.google.com/rss/articles/CBMidkFVX3lxTE9NYmRsaXl5MG1UNk5qSDR5OWZBR25iT0tYbm53N2JEb0ZUYTRyY0VUaUlBQ3hGUlZYTHdheUZCV1FSX0tPc25lbHp1WGRfVDBZT1pIb1pQQzVWbXdhVDhZTzZNX2lleWpDV0ljQ1dlRGszUHZtcFE?oc=5"" target=""_blank"">Mikasa, Kenwood Founder Aratani Dies at 95</a>&nbsp;&nbsp;<font color=""#6f6f6f"">Rafu Shimpo</font>"
2013-02,"""valley fever""",Michael Rubio Resigns From State Senate - KVPR,"Fri, 22 Feb 2013 08:00:00 GMT",https://news.google.com/rss/articles/CBMilgFBVV95cUxPNWJCaXRONlI5QkxBV3dlQ09feXdGbVNiMDJKbHVmczFmNDZXU1ZSLTVsWmJ1VjRWWFczTHN2bXB4dmlUcWJlLWQwNzFnLUZmWUpGQi13ajdEN3FsSFlCbG9LX0psbERQNnlXMnRIaERXR043MWpoNnlraVRwdVFoRGM4QVZQZVhnYWE4eU9ydTVmdWxlNEE?oc=5,KVPR,"<a href=""https://news.google.com/rss/articles/CBMilgFBVV95cUxPNWJCaXRONlI5QkxBV3dlQ09feXdGbVNiMDJKbHVmczFmNDZXU1ZSLTVsWmJ1VjRWWFczTHN2bXB4dmlUcWJlLWQwNzFnLUZmWUpGQi13ajdEN3FsSFlCbG9LX0psbERQNnlXMnRIaERXR043MWpoNnlraVRwdVFoRGM4QVZQZVhnYWE4eU9ydTVmdWxlNEE?oc=5"" target=""_blank"">Michael Rubio Resigns From State Senate</a>&nbsp;&nbsp;<font color=""#6f6f6f"">KVPR</font>"
2013-02,"""valley fever""","Arnold Serbin Obituary (2013) - Phoenix, AZ - The Arizona Republic - Legacy obituary","Wed, 20 Feb 2013 08:00:00 GMT",https://news.google.com/rss/articles/CBMijwFBVV95cUxNVFBkYXFaSml5cmY5ZUoyN3ZLNUlnbXR4b0J4VU52dGZfZ3V0TDhDdERKNW53U0NMcXozajNnREpNOVRaMFdhX0pua01yWFdMME1hYTJHOTFsaE9CLVpEM0pMQVpKM2VLZ2xCZ1F0RzJqN2JoUkdKV09vS1lpeGk1emYxSWhMRjZNX0xIQTQ0UQ?oc=5,Legacy obituary,"<a href=""https://news.google.com/rss/articles/CBMijwFBVV95cUxNVFBkYXFaSml5cmY5ZUoyN3ZLNUlnbXR4b0J4VU52dGZfZ3V0TDhDdERKNW53U0NMcXozajNnREpNOVRaMFdhX0pua01yWFdMME1hYTJHOTFsaE9CLVpEM0pMQVpKM2VLZ2xCZ1F0RzJqN2JoUkdKV09vS1lpeGk1emYxSWhMRjZNX0xIQTQ0UQ?oc=5"" target=""_blank"">Arnold Serbin Obituary (2013) - Phoenix, AZ - The Arizona Republic</a>&nbsp;&nbsp;<font color=""#6f6f6f"">Legacy obituary</font>"
2013-03,"""valley fever""",VALLEY FEVER CASES SKYROCKET TEN-FOLD ACROSS SOUTHWEST; OVER 25% OF CASES ARE IN CALIFORNIA - East County Magazine,"Fri, 29 Mar 2013 07:00:00 GMT",https://news.google.com/rss/articles/CBMiugFBVV95cUxQY3ZYWVljWFV5NGZWS1Rsd2xLUXh3ZHBxV0lHbl9MSnRzczhjcng0U0liY3FtZzVJcXJibkpHTVlSc2w2QkNVY0EwUElZWEMySXBsZUQtN0JxcXJoaTVLNlJVeGJIMXhEV3Nwbno0RFNDeHA5djFFR0pENzJiMDZIcXBEQ3pTVGMtZ0kzU0VpdmFlRnFTTTQ3QmJodU5DX2xwTXJUQUJSRGlfWDJab3otZVVvRVB6ek5ZQXc?oc=5,East County Magazine,"<a href=""https://news.google.com/rss/articles/CBMiugFBVV95cUxQY3ZYWVljWFV5NGZWS1Rsd2xLUXh3ZHBxV0lHbl9MSnRzczhjcng0U0liY3FtZzVJcXJibkpHTVlSc2w2QkNVY0EwUElZWEMySXBsZUQtN0JxcXJoaTVLNlJVeGJIMXhEV3Nwbno0RFNDeHA5djFFR0pENzJiMDZIcXBEQ3pTVGMtZ0kzU0VpdmFlRnFTTTQ3QmJodU5DX2xwTXJUQUJSRGlfWDJab3otZVVvRVB6ek5ZQXc?oc=5"" target=""_blank"">VALLEY FEVER CASES SKYROCKET TEN-FOLD ACROSS SOUTHWEST; OVER 25% OF CASES ARE IN CALIFORNIA</a>&nbsp;&nbsp;<font color=""#6f6f6f"">East County Magazine</font>"
2013-03,"""valley fever""","Drugs, guns and cash seized in latest nitrous oxide crackdown - Los Angeles Times","Fri, 29 Mar 2013 07:00:00 GMT",https://news.google.com/rss/articles/CBMirgFBVV95cUxPOHpnS3NUMUZ4WVVFaUwtYTFZNVY2VHBUTkNqMS0zbGE3Z05wZ0RvazBYRklDbkV5bV9CVjJvdzdnZUZranVHVl91VTlhRXFFSXFkX3Ytb0RsNHk0VnBPZzRCakJYTkUxT1NFV0hoVGNtM0haaW02VlMyUVJZR0MyQWQ1V1JjRXY3bVJJbU1kMmRkd1pWcWxPQ3VzQzdGTDJxX2xOY1lncVlyRlpCUUE?oc=5,Los Angeles Times,"<a href=""https://news.google.com/rss/articles/CBMirgFBVV95cUxPOHpnS3NUMUZ4WVVFaUwtYTFZNVY2VHBUTkNqMS0zbGE3Z05wZ0RvazBYRklDbkV5bV9CVjJvdzdnZUZranVHVl91VTlhRXFFSXFkX3Ytb0RsNHk0VnBPZzRCakJYTkUxT1NFV0hoVGNtM0haaW02VlMyUVJZR0MyQWQ1V1JjRXY3bVJJbU1kMmRkd1pWcWxPQ3VzQzdGTDJxX2xOY1lncVlyRlpCUUE?oc=5"" target=""_blank"">Drugs, guns and cash seized in latest nitrous oxide crackdown</a>&nbsp;&nbsp;<font color=""#6f6f6f"">Los Angeles Times</font>"
2013-03,"""valley fever""",Mistrial declared in Halloween killing of boy dressed as Spider-Man - Los Angeles Times,"Fri, 29 Mar 2013 07:00:00 GMT",https://news.google.com/rss/articles/CBMisAFBVV95cUxNR0ctWmR5b09NT3VmcEZXWWNqWU1uOHRlaDNwVXROWmRaVWNGLTRKMnp6ako0QURpWGVKZHRLeHRGLXRhdzZNUGV5QmV6UVdjVzU1MVgxeTAzQmNZQlhzSWR0am1qZ2ZqWlIySFlCYTRYZGxLcjZOQnBtaFE4dXBYS040a0IzdEJ0b1JDVlYwc2hKbGVUVHd0THFzbXNjWFpBMmlWZGRFNkRTUS1QYzh3Mg?oc=5,Los Angeles Times,"<a href=""https://news.google.com/rss/articles/CBMisAFBVV95cUxNR0ctWmR5b09NT3VmcEZXWWNqWU1uOHRlaDNwVXROWmRaVWNGLTRKMnp6ako0QURpWGVKZHRLeHRGLXRhdzZNUGV5QmV6UVdjVzU1MVgxeTAzQmNZQlhzSWR0am1qZ2ZqWlIySFlCYTRYZGxLcjZOQnBtaFE4dXBYS040a0IzdEJ0b1JDVlYwc2hKbGVUVHd0THFzbXNjWFpBMmlWZGRFNkRTUS1QYzh3Mg?oc=5"" target=""_blank"">Mistrial declared in Halloween killing of boy dressed as Spider-Man</a>&nbsp;&nbsp;<font color=""#6f6f6f"">Los Angeles Times</font>"
2013-03,"""valley fever""",Sex harassment scandal rocks the peace of Bikram yoga world - Los Angeles Times,"Thu, 28 Mar 2013 07:00:00 GMT",https://news.google.com/rss/articles/CBMiugFBVV95cUxPc09BRmhpeWxvemhXRnFCVEFMSldlSHhoWkhldDF6bThzNXpJX19PTlVYUjU0d2d4ckdMT0JxWDJRMjRlc1BFVF84dy1lcVV0Z2JkMi1BT3Q5R29USkh6bGJKa1drRHFRelptRjNicmRoWHlBVXdDSHhoRmU5T0ZXRFdYU3JITjlqb2d1YmxHMU8yMGhXZkdibUp5djBBclRPSURlX1piajZVemVNV21SekFkcnFoMWFZVnc?oc=5,Los Angeles Times,"<a href=""https://news.google.com/rss/articles/CBMiugFBVV95cUxPc09BRmhpeWxvemhXRnFCVEFMSldlSHhoWkhldDF6bThzNXpJX19PTlVYUjU0d2d4ckdMT0JxWDJRMjRlc1BFVF84dy1lcVV0Z2JkMi1BT3Q5R29USkh6bGJKa1drRHFRelptRjNicmRoWHlBVXdDSHhoRmU5T0ZXRFdYU3JITjlqb2d1YmxHMU8yMGhXZkdibUp5djBBclRPSURlX1piajZVemVNV21SekFkcnFoMWFZVnc?oc=5"" target=""_blank"">Sex harassment scandal rocks the peace of Bikram yoga world</a>&nbsp;&nbsp;<font color=""#6f6f6f"">Los Angeles Times</font>"
2013-03,"""valley fever""",Jury in mistrial of accused Halloween shooter was 9-3 for guilt - Los Angeles Times,"Fri, 29 Mar 2013 07:00:00 GMT",https://news.google.com/rss/articles/CBMisAFBVV95cUxNd0JHa281eUxlcVNuTHJGdlkyazNsR3JWWmRNVDd1RGNtejZudnBUTTh3U1kzTG1yN3RWVV8tbWlRU3dTR1h6UGROODE5TmU1ZEFUX0F3ZHJsQzdrUHo1THNiRFVXLW9scTN1Z05iTWJXTDY5cUdfd2VYUkEtbHRHN0VFYjBZUUZmYXYyU0hla2Zhdmd2TTFRZVdQQXJ4MHNob092cXZWSFUxR2Z5THgxTg?oc=5,Los Angeles Times,"<a href=""https://news.google.com/rss/articles/CBMisAFBVV95cUxNd0JHa281eUxlcVNuTHJGdlkyazNsR3JWWmRNVDd1RGNtejZudnBUTTh3U1kzTG1yN3RWVV8tbWlRU3dTR1h6UGROODE5TmU1ZEFUX0F3ZHJsQzdrUHo1THNiRFVXLW9scTN1Z05iTWJXTDY5cUdfd2VYUkEtbHRHN0VFYjBZUUZmYXYyU0hla2Zhdmd2TTFRZVdQQXJ4MHNob092cXZWSFUxR2Z5THgxTg?oc=5"" target=""_blank"">Jury in mistrial of accused Halloween shooter was 9-3 for guilt</a>&nbsp;&nbsp;<font color=""#6f6f6f"">Los Angeles Times</font>"
2013-04,"""valley fever""",Prison Health Advocates Call For More Steps to Stop Valley Fever Outbreak - KVPR,"Tue, 30 Apr 2013 07:00:00 GMT",https://news.google.com/rss/articles/CBMisgFBVV95cUxOQ0dGdUVlMkRfeFVGOFhtRnZBbWgtTGVWUmpRZjI5aWRuTk9ZSm15ZnRBUkRGLU5VOW5aa0dPMFZJNWxkcUJhQnZRa3lPUFRsQkRFdDYtYV9Bc0JTYy03WVZPMlFPS0ZEU1kxRDJVdTdreE5Rek9vR2VRb0Q0RFRheF9uUUg1UXVMbnRZQWxLRVVHMHg1OWNhZFAxSTRGeVdlY183NUlycmlnTXY5OU1Jc3J3?oc=5,KVPR,"<a href=""https://news.google.com/rss/articles/CBMisgFBVV95cUxOQ0dGdUVlMkRfeFVGOFhtRnZBbWgtTGVWUmpRZjI5aWRuTk9ZSm15ZnRBUkRGLU5VOW5aa0dPMFZJNWxkcUJhQnZRa3lPUFRsQkRFdDYtYV9Bc0JTYy03WVZPMlFPS0ZEU1kxRDJVdTdreE5Rek9vR2VRb0Q0RFRheF9uUUg1UXVMbnRZQWxLRVVHMHg1OWNhZFAxSTRGeVdlY183NUlycmlnTXY5OU1Jc3J3?oc=5"" target=""_blank"">Prison Health Advocates Call For More Steps to Stop Valley Fever Outbreak</a>&nbsp;&nbsp;<font color=""#6f6f6f"">KVPR</font>"
2013-04,"""valley fever""","General: After missing the final eight games of the season lastyear with a back injury, his healthy return for 2000-01 is vital to the - University of Arizona Athletics","Thu, 18 Apr 2013 07:00:00 GMT",https://news.google.com/rss/articles/CBMia0FVX3lxTE1waEFJbkwtSjNybjVybWdYUXBaZHV1ZnVnMGNzOHBZcU5CX25RN1pmRTFSUnR0ZzJZWGtHZkNkYnBrcVVRLWRhZlhrOG00S0FXQ3NMbVlvQU5GUjR1b3dLVlVEekNldW82bnBr?oc=5,University of Arizona Athletics,"<a href=""https://news.google.com/rss/articles/CBMia0FVX3lxTE1waEFJbkwtSjNybjVybWdYUXBaZHV1ZnVnMGNzOHBZcU5CX25RN1pmRTFSUnR0ZzJZWGtHZkNkYnBrcVVRLWRhZlhrOG00S0FXQ3NMbVlvQU5GUjR1b3dLVlVEekNldW82bnBr?oc=5"" target=""_blank"">General: After missing the final eight games of the season lastyear with a back injury, his healthy return for 2000-01 is vital to the</a>&nbsp;&nbsp;<font color=""#6f6f6f"">University of Arizona Athletics</font>"
2013-05,"""valley fever""",State Raises Questions About Moving Inmates At Risk of Valley Fever - KVPR,"Tue, 07 May 2013 07:00:00 GMT",https://news.google.com/rss/articles/CBMiqgFBVV95cUxObUlPekFBZG0wSzEtNVpDN2F5MXpibUV5NHRQd3NNTHJSbktteGlvRmVyLWZja2FGWDFoS2k4WXQtRkdCaWg3WDItS0s2T2lySkQyZW5kQ2NaSXl4M2ZLQ3hiam8taEhiQjFsNHM2Sl9acWVBQXE0aDM1Wmw1dFp1TFdzdVM1SU1NRGNpM2ROel9JVWYwTjNtMU9lT2NEZ3R6REpJY3JwMmNfdw?oc=5,KVPR,"<a href=""https://news.google.com/rss/articles/CBMiqgFBVV95cUxObUlPekFBZG0wSzEtNVpDN2F5MXpibUV5NHRQd3NNTHJSbktteGlvRmVyLWZja2FGWDFoS2k4WXQtRkdCaWg3WDItS0s2T2lySkQyZW5kQ2NaSXl4M2ZLQ3hiam8taEhiQjFsNHM2Sl9acWVBQXE0aDM1Wmw1dFp1TFdzdVM1SU1NRGNpM2ROel9JVWYwTjNtMU9lT2NEZ3R6REpJY3JwMmNfdw?oc=5"" target=""_blank"">State Raises Questions About Moving Inmates At Risk of Valley Fever</a>&nbsp;&nbsp;<font color=""#6f6f6f"">KVPR</font>"
2013-05,"""valley fever""",What's contributing to the spread of valley fever? - CBS News,"Thu, 30 May 2013 07:00:00 GMT",https://news.google.com/rss/articles/CBMihAFBVV95cUxQQkxPYnJHQWNLVEZQeTBic0VSMGxJdHBFYW1heEpkZ2xPWHhzTHBFYUxnRHhPTW9fUjM1YlFNV1RCSnh1TkcteGNMOXY3VXBTWF9vbGNCdnJNZVUxQy1rc1U3Q0V5c2gtZjFHSWZGNzFUUTdhb1hCaUF5Y3pibTZITjdubUE?oc=5,CBS News,"<a href=""https://news.google.com/rss/articles/CBMihAFBVV95cUxQQkxPYnJHQWNLVEZQeTBic0VSMGxJdHBFYW1heEpkZ2xPWHhzTHBFYUxnRHhPTW9fUjM1YlFNV1RCSnh1TkcteGNMOXY3VXBTWF9vbGNCdnJNZVUxQy1rc1U3Q0V5c2gtZjFHSWZGNzFUUTdhb1hCaUF5Y3pibTZITjdubUE?oc=5"" target=""_blank"">What's contributing to the spread of valley fever?</a>&nbsp;&nbsp;<font color=""#6f6f6f"">CBS News</font>"
2013-05,"""valley fever""",Valley fever hits thousands in parched farm region - Orange County Register,"Sun, 05 May 2013 07:00:00 GMT",https://news.google.com/rss/articles/CBMikwFBVV95cUxQOTkwZHBGYTFFeVhONThUNGlYLWJITF9FQVhEbVRTenF3c2lHZWdMODBfNENwZlFhdUNPcGhIVTZyV05RQ1lnT3JRMXdUSjZQSUI2V0lWZS12VlJRZW50WFJhOVY2LVNOcjloRWU3Yk1iTjNxMktQUERLU1VMdmlaazFsT0ZzdG9nQ2xtRURJZHM1N0k?oc=5,Orange County Register,"<a href=""https://news.google.com/rss/articles/CBMikwFBVV95cUxQOTkwZHBGYTFFeVhONThUNGlYLWJITF9FQVhEbVRTenF3c2lHZWdMODBfNENwZlFhdUNPcGhIVTZyV05RQ1lnT3JRMXdUSjZQSUI2V0lWZS12VlJRZW50WFJhOVY2LVNOcjloRWU3Yk1iTjNxMktQUERLU1VMdmlaazFsT0ZzdG9nQ2xtRURJZHM1N0k?oc=5"" target=""_blank"">Valley fever hits thousands in parched farm region</a>&nbsp;&nbsp;<font color=""#6f6f6f"">Orange County Register</font>"
2013-05,"""valley fever""","Valley fever: Cause, symptoms, treatment - The Mercury News","Mon, 06 May 2013 07:00:00 GMT",https://news.google.com/rss/articles/CBMigwFBVV95cUxNT1ZJNFhqMzF1LVloV1VnUUpHNE9YUllpREpDMXpzb29ERmRCY0xSSk9Hb05Zb01SQjJOUFd4SThxSWFENkZzZXluWFJuVkdGb3JOUWFSQ3hsSkNITjg0a1p5RzEwaU1ZYWU5Z0g5WVdWeEpuSzd2ZjlRMTQzcTZUbFhkSdIBiAFBVV95cUxPX01vVnNteGNNV3Ytc0RoR2hBZlRhd0JsLXEtN21QekhyelpZOWhXRXJtY0UwbFdXMG02QVpyZkFFVnE1UGpvWnd6S0ZLaGo5S3VDblh6bmhwV2dkU1ZkOThhQkVXYU8wZmlUV2NqdWRnc2V0UWprMjRjVDFKSVhoa0tsUnRYOFdr?oc=5,The Mercury News,"<a href=""https://news.google.com/rss/articles/CBMigwFBVV95cUxNT1ZJNFhqMzF1LVloV1VnUUpHNE9YUllpREpDMXpzb29ERmRCY0xSSk9Hb05Zb01SQjJOUFd4SThxSWFENkZzZXluWFJuVkdGb3JOUWFSQ3hsSkNITjg0a1p5RzEwaU1ZYWU5Z0g5WVdWeEpuSzd2ZjlRMTQzcTZUbFhkSdIBiAFBVV95cUxPX01vVnNteGNNV3Ytc0RoR2hBZlRhd0JsLXEtN21QekhyelpZOWhXRXJtY0UwbFdXMG02QVpyZkFFVnE1UGpvWnd6S0ZLaGo5S3VDblh6bmhwV2dkU1ZkOThhQkVXYU8wZmlUV2NqdWRnc2V0UWprMjRjVDFKSVhoa0tsUnRYOFdr?oc=5"" target=""_blank"">Valley fever: Cause, symptoms, treatment</a>&nbsp;&nbsp;<font color=""#6f6f6f"">The Mercury News</font>"
2013-05,"""valley fever""",Cases Of Mysterious Valley Fever Rise In American Southwest - KVPR,"Mon, 13 May 2013 07:00:00 GMT",https://news.google.com/rss/articles/CBMilgFBVV95cUxPTFpOZnUteUFqTk1EMkwxWGZCRDVXOWNXWS1DQ3ZrTzlQYVFZUG9EVHhaSThkeVIzdG5DbVNVemR2NkQ5OTNHVExVNzhEQ1JLRjA5V2hoVFc1aHJFRnlPR0MwcWJNVklTaml2WXBJV3EzbHZjN25GQ2x3UTg3elBfWG9vMEhzbzdMVmowNURLLWs2ZzBLRmc?oc=5,KVPR,"<a href=""https://news.google.com/rss/articles/CBMilgFBVV95cUxPTFpOZnUteUFqTk1EMkwxWGZCRDVXOWNXWS1DQ3ZrTzlQYVFZUG9EVHhaSThkeVIzdG5DbVNVemR2NkQ5OTNHVExVNzhEQ1JLRjA5V2hoVFc1aHJFRnlPR0MwcWJNVklTaml2WXBJV3EzbHZjN25GQ2x3UTg3elBfWG9vMEhzbzdMVmowNURLLWs2ZzBLRmc?oc=5"" target=""_blank"">Cases Of Mysterious Valley Fever Rise In American Southwest</a>&nbsp;&nbsp;<font color=""#6f6f6f"">KVPR</font>"
2013-05,"""valley fever""",What Prisons and the Solar Industry Have in Common in California - KQED,"Wed, 01 May 2013 07:00:00 GMT",https://news.google.com/rss/articles/CBMiqAFBVV95cUxNQnJOQzhncTJYd09xV2dpaVVCX1g1NjQ2NWd3Q3ZGSGFtaFYyaE9kRnVhY3lkaWhadzVxQVdQWXl1VFFqUjZ1TTRzU0p3ZmhwQU5CbDRHc1VwTW9aeFlnVXZIUVc1V180d18xMmRab20yb1lraXZMaXUwVC0zTGV2OGpEY3plcUVzb3M4aG9rZFFvdTZpRUFjbExzODZzemY1cGVJUm0wTng?oc=5,KQED,"<a href=""https://news.google.com/rss/articles/CBMiqAFBVV95cUxNQnJOQzhncTJYd09xV2dpaVVCX1g1NjQ2NWd3Q3ZGSGFtaFYyaE9kRnVhY3lkaWhadzVxQVdQWXl1VFFqUjZ1TTRzU0p3ZmhwQU5CbDRHc1VwTW9aeFlnVXZIUVc1V180d18xMmRab20yb1lraXZMaXUwVC0zTGV2OGpEY3plcUVzb3M4aG9rZFFvdTZpRUFjbExzODZzemY1cGVJUm0wTng?oc=5"" target=""_blank"">What Prisons and the Solar Industry Have in Common in California</a>&nbsp;&nbsp;<font color=""#6f6f6f"">KQED</font>"
2013-05,"""valley fever""",Climate variability and outbreaks of infectious diseases in Europe - Nature,"Fri, 03 May 2013 07:00:00 GMT",https://news.google.com/rss/articles/CBMiU0FVX3lxTE5pUS1fRUoxeTZkanBBRDNQbGlROERSejdpalNsd3RiZGJkNndBYlU2cXZmc1pUWExoTUpyNF9jaDlBQ2JwcWtwY1hMZTQ5SDlmNjZn?oc=5,Nature,"<a href=""https://news.google.com/rss/articles/CBMiU0FVX3lxTE5pUS1fRUoxeTZkanBBRDNQbGlROERSejdpalNsd3RiZGJkNndBYlU2cXZmc1pUWExoTUpyNF9jaDlBQ2JwcWtwY1hMZTQ5SDlmNjZn?oc=5"" target=""_blank"">Climate variability and outbreaks of infectious diseases in Europe</a>&nbsp;&nbsp;<font color=""#6f6f6f"">Nature</font>"
2013-05,"""valley fever""","Advice Is Plentiful for Davis, but Hits Are Not (Published 2013) - The New York Times","Thu, 02 May 2013 07:00:00 GMT",https://news.google.com/rss/articles/CBMirwFBVV95cUxOckZBQjVKbmNOaXloZFpiWXUzVTRMWktMYUN4dHpJdlNQMTJnaWZzekptM214bmJ3SzRVVVRETmFRTTd1eEhqdnJkbndZRFU1bmRVd3JZQWoyRkNsRGUxTE5fZ213c1FqQlJzdjZBcmJlME1vdGNOQWo2SFNadno0Z3NDZEF2a1VTYjJCTlgxY1JhVXpxbWIyVFBJeXB6QjZZTjQ1dGpIaE83RG84ekpJ?oc=5,The New York Times,"<a href=""https://news.google.com/rss/articles/CBMirwFBVV95cUxOckZBQjVKbmNOaXloZFpiWXUzVTRMWktMYUN4dHpJdlNQMTJnaWZzekptM214bmJ3SzRVVVRETmFRTTd1eEhqdnJkbndZRFU1bmRVd3JZQWoyRkNsRGUxTE5fZ213c1FqQlJzdjZBcmJlME1vdGNOQWo2SFNadno0Z3NDZEF2a1VTYjJCTlgxY1JhVXpxbWIyVFBJeXB6QjZZTjQ1dGpIaE83RG84ekpJ?oc=5"" target=""_blank"">Advice Is Plentiful for Davis, but Hits Are Not (Published 2013)</a>&nbsp;&nbsp;<font color=""#6f6f6f"">The New York Times</font>"
2013-05,"""valley fever""",New Data Show A Decline In Reported Cases of Valley Fever - KVPR,"Tue, 28 May 2013 07:00:00 GMT",https://news.google.com/rss/articles/CBMinAFBVV95cUxOclR5UFNZWGVvS3JmYVNtcFJhWGVKYThJWEx3bTBRX1BCVDhPVkYtbkJaSjJISVZUUk1iT2c2ZDl2SXdGTl9VUHNoemdlakliN2VpWUgwZG1VTkZmbGM5eGhLRzdUcmNrNVREblQtWi02YTFqSkpTNU1qR1RSQm02MkVuNjVvOUx4Yl9tcW80eFRBcFk1SW8zY3VxemM?oc=5,KVPR,"<a href=""https://news.google.com/rss/articles/CBMinAFBVV95cUxOclR5UFNZWGVvS3JmYVNtcFJhWGVKYThJWEx3bTBRX1BCVDhPVkYtbkJaSjJISVZUUk1iT2c2ZDl2SXdGTl9VUHNoemdlakliN2VpWUgwZG1VTkZmbGM5eGhLRzdUcmNrNVREblQtWi02YTFqSkpTNU1qR1RSQm02MkVuNjVvOUx4Yl9tcW80eFRBcFk1SW8zY3VxemM?oc=5"" target=""_blank"">New Data Show A Decline In Reported Cases of Valley Fever</a>&nbsp;&nbsp;<font color=""#6f6f6f"">KVPR</font>"
2013-06,"""valley fever""",Valley Fever: 10 Things CDC Says You Should Know - PBS,"Wed, 26 Jun 2013 07:00:00 GMT",https://news.google.com/rss/articles/CBMiiwFBVV95cUxNM0VGeHpQbFQwSERLWjZGQm5PeHQ4MjVTYTJOa3c4NUhOSkV0YUFUWFVXdFhVRi1EUHIzQy1DUk1zVV9uNFkySmNsbHFQMzVXQlpERGFCc28xSWhzYXVGVFdJY0IwWlg0amVDc2xLdVVNZ2liUWR0TnZBUmRia3Mta3MyLXBSMVhLeTJz?oc=5,PBS,"<a href=""https://news.google.com/rss/articles/CBMiiwFBVV95cUxNM0VGeHpQbFQwSERLWjZGQm5PeHQ4MjVTYTJOa3c4NUhOSkV0YUFUWFVXdFhVRi1EUHIzQy1DUk1zVV9uNFkySmNsbHFQMzVXQlpERGFCc28xSWhzYXVGVFdJY0IwWlg0amVDc2xLdVVNZ2liUWR0TnZBUmRia3Mta3MyLXBSMVhLeTJz?oc=5"" target=""_blank"">Valley Fever: 10 Things CDC Says You Should Know</a>&nbsp;&nbsp;<font color=""#6f6f6f"">PBS</font>"
2013-06,"""valley fever""",Valley fever cases fall but officials temper optimism - The Stockton Record,"Sun, 02 Jun 2013 07:00:00 GMT",https://news.google.com/rss/articles/CBMikgFBVV95cUxNb0RDS0ZrTlZ3SEFNY1QzRDZka3ZqMTdCYmg4X3RuLWpzcFVLRHJyYWZuUDdfX0pHazJaX1dsVTVTaS00SG8yUmdtcGRndkNSQWNTYmNwaEQ5cEF2Q1BsNXlfRmhSczNhSXpLbDZHZHZkSXJfQkNKVjM4WjkzNGpEbU5HcmxwUlYyelBDZkpBa2lNdw?oc=5,The Stockton Record,"<a href=""https://news.google.com/rss/articles/CBMikgFBVV95cUxNb0RDS0ZrTlZ3SEFNY1QzRDZka3ZqMTdCYmg4X3RuLWpzcFVLRHJyYWZuUDdfX0pHazJaX1dsVTVTaS00SG8yUmdtcGRndkNSQWNTYmNwaEQ5cEF2Q1BsNXlfRmhSczNhSXpLbDZHZHZkSXJfQkNKVjM4WjkzNGpEbU5HcmxwUlYyelBDZkpBa2lNdw?oc=5"" target=""_blank"">Valley fever cases fall but officials temper optimism</a>&nbsp;&nbsp;<font color=""#6f6f6f"">The Stockton Record</font>"
2013-06,"""valley fever""","Hot, Dry Winds Help Spread Deadly Valley Fever Infections - PBS","Wed, 26 Jun 2013 07:00:00 GMT",https://news.google.com/rss/articles/CBMilAFBVV95cUxOZ1Rfenh3dWJ6d0lDR3pvU1RwUXk0QTcxT0M2M2pVYUNwWExjRHBkRGpwUGxaekFXZXJTdDhxX3hFbHR3YTZuamFGVFMwenc2RzZJM1ZGR2s1NEVCbWUtOWZBRkZwY2xjQkJPTXowZ3NRWGQ1RkFLM0s1ZkRWNTQ2MHV4QlFFdUFJOFVVZmg5QVl0SEpo?oc=5,PBS,"<a href=""https://news.google.com/rss/articles/CBMilAFBVV95cUxOZ1Rfenh3dWJ6d0lDR3pvU1RwUXk0QTcxT0M2M2pVYUNwWExjRHBkRGpwUGxaekFXZXJTdDhxX3hFbHR3YTZuamFGVFMwenc2RzZJM1ZGR2s1NEVCbWUtOWZBRkZwY2xjQkJPTXowZ3NRWGQ1RkFLM0s1ZkRWNTQ2MHV4QlFFdUFJOFVVZmg5QVl0SEpo?oc=5"" target=""_blank"">Hot, Dry Winds Help Spread Deadly Valley Fever Infections</a>&nbsp;&nbsp;<font color=""#6f6f6f"">PBS</font>"
2013-06,"""valley fever""",California: Prisoners at Avenal and Pleasant Valley prisons demand move as valley fever death toll rises - The Independent,"Tue, 18 Jun 2013 07:00:00 GMT",https://news.google.com/rss/articles/CBMi-gFBVV95cUxPQmtDanVxbHdwYWhGWmIyVHV2cU9PUWZkTF9namh0SnY2MTNxbTZPaHZ0UjhvZTZTYjhzQ0RxYm9ReDlrOU9xQWxHNkNvSzEyRW1vSVBSQ051UkxlcXd4cWllRW8yR2x2N09aVmZtM2hOdFRkUk45REdEY3BXZzl1WGYwVlFFUzgtcGpTX0ZmaGUzTlVnUVFtY1l0Z3RHSjdVQnNzbE9BUFZnc0pQdkE2VUxWa2dWeXpSeEt3bnZYWkVWS0hwdWtaNEJGRTV2T3puV0ZkMzVveXUtMWQxUXc0NWZVS3BLRkt2Vk1RWmRKc3RzTW9NRzRSanhB?oc=5,The Independent,"<a href=""https://news.google.com/rss/articles/CBMi-gFBVV95cUxPQmtDanVxbHdwYWhGWmIyVHV2cU9PUWZkTF9namh0SnY2MTNxbTZPaHZ0UjhvZTZTYjhzQ0RxYm9ReDlrOU9xQWxHNkNvSzEyRW1vSVBSQ051UkxlcXd4cWllRW8yR2x2N09aVmZtM2hOdFRkUk45REdEY3BXZzl1WGYwVlFFUzgtcGpTX0ZmaGUzTlVnUVFtY1l0Z3RHSjdVQnNzbE9BUFZnc0pQdkE2VUxWa2dWeXpSeEt3bnZYWkVWS0hwdWtaNEJGRTV2T3puV0ZkMzVveXUtMWQxUXc0NWZVS3BLRkt2Vk1RWmRKc3RzTW9NRzRSanhB?oc=5"" target=""_blank"">California: Prisoners at Avenal and Pleasant Valley prisons demand move as valley fever death toll rises</a>&nbsp;&nbsp;<font color=""#6f6f6f"">The Independent</font>"
2013-06,"""valley fever""",Prison Medical Facility Opens in Stockton - KVPR,"Tue, 25 Jun 2013 07:00:00 GMT",https://news.google.com/rss/articles/CBMimAFBVV95cUxQdUpTQ3l4ZS1xWGlfSURFZTNRdmRnZTNPeEw2czJiYW1PUDl4MXpRSmZHZVp2aVU0SThCZ2s1cVA3RlZmMHZQYnF0Z2diY2QxaU9WSXg1VHhhU1lFWjg2S2p5RFNldEx2dEZseHZoY0otMkF5WXZiS0xKR2tzWjhwLWNoS3hfcEpRNmV6V3NqYkdUV3lxTnU4MQ?oc=5,KVPR,"<a href=""https://news.google.com/rss/articles/CBMimAFBVV95cUxQdUpTQ3l4ZS1xWGlfSURFZTNRdmRnZTNPeEw2czJiYW1PUDl4MXpRSmZHZVp2aVU0SThCZ2s1cVA3RlZmMHZQYnF0Z2diY2QxaU9WSXg1VHhhU1lFWjg2S2p5RFNldEx2dEZseHZoY0otMkF5WXZiS0xKR2tzWjhwLWNoS3hfcEpRNmV6V3NqYkdUV3lxTnU4MQ?oc=5"" target=""_blank"">Prison Medical Facility Opens in Stockton</a>&nbsp;&nbsp;<font color=""#6f6f6f"">KVPR</font>"
2013-06,"""valley fever""",Judge hears claims of neglect in prison psych wards - Los Angeles Times,"Wed, 19 Jun 2013 07:00:00 GMT",https://news.google.com/rss/articles/CBMitwFBVV95cUxPcnlaVFlnMENPWmhvN1UyNFNDOHNjMlJFSTJPNGRsV0pra2psY2hIYURlampBUHpQS0JCdFhYeFVlYk1PRWZNaExpWXdzNUtyMll6RWllRDFpMGxucXNuaDFsZzRQZXpsV3l1UVd0b0gzT015NFNWQUoxZmNXLTVqbnY3UUV5ZzJ5dl9pQlA4bXk2OHhBeW1OdkRHZ1AxR3pMZnlhUl9XejBya3NPMmF0V0tmMVRleVU?oc=5,Los Angeles Times,"<a href=""https://news.google.com/rss/articles/CBMitwFBVV95cUxPcnlaVFlnMENPWmhvN1UyNFNDOHNjMlJFSTJPNGRsV0pra2psY2hIYURlampBUHpQS0JCdFhYeFVlYk1PRWZNaExpWXdzNUtyMll6RWllRDFpMGxucXNuaDFsZzRQZXpsV3l1UVd0b0gzT015NFNWQUoxZmNXLTVqbnY3UUV5ZzJ5dl9pQlA4bXk2OHhBeW1OdkRHZ1AxR3pMZnlhUl9XejBya3NPMmF0V0tmMVRleVU?oc=5"" target=""_blank"">Judge hears claims of neglect in prison psych wards</a>&nbsp;&nbsp;<font color=""#6f6f6f"">Los Angeles Times</font>"
2013-06,"""valley fever""",American West Becoming Increasingly Dusty - National Geographic,"Wed, 12 Jun 2013 07:00:00 GMT",https://news.google.com/rss/articles/CBMirAFBVV95cUxPRHVscVNoV3FEV3RJb3hYQ1NTTVN3ZnFoaEdneGcxeDlVYkN0djdPWkhQeUN5VXdTOUw3bWw1VGg2bDhIX0M4bnBMMVFDTVJneVpRZ2tOb1FBSHBOdExTUWxENzZ2MW9CSkpFUkhSdlltVFA1MVNhcDJndFVjT21FMnNRY0Q0QjczMDhFME13ZEJtLWtIS3V3QVhYTk00Yzk3NlZTZmJ1UXlmV1FF?oc=5,National Geographic,"<a href=""https://news.google.com/rss/articles/CBMirAFBVV95cUxPRHVscVNoV3FEV3RJb3hYQ1NTTVN3ZnFoaEdneGcxeDlVYkN0djdPWkhQeUN5VXdTOUw3bWw1VGg2bDhIX0M4bnBMMVFDTVJneVpRZ2tOb1FBSHBOdExTUWxENzZ2MW9CSkpFUkhSdlltVFA1MVNhcDJndFVjT21FMnNRY0Q0QjczMDhFME13ZEJtLWtIS3V3QVhYTk00Yzk3NlZTZmJ1UXlmV1FF?oc=5"" target=""_blank"">American West Becoming Increasingly Dusty</a>&nbsp;&nbsp;<font color=""#6f6f6f"">National Geographic</font>"
2013-06,"""valley fever""",Shandler: Don't give up yet on demoted 1B Ike Davis - USA Today,"Mon, 10 Jun 2013 07:00:00 GMT",https://news.google.com/rss/articles/CBMimwFBVV95cUxNMG5tcEY4Ml8xa1VqdUZUeEstaFdXM0lHXzZTR251Mlo1N2JJckxnNzIwY1ljWUN4c1FwRGs1Z2hrdXZ5dXRSVUZYQ2NReDIzQ1FhRHVROTdCTjFSQ1JENk9KZDR3RGd3MkFtRlNJdFVnOGs3aFVOd01aRnhzRk8xdnJhZmFzOFlnRE1CbmY1aFR2eTdvbWVFQnBNdw?oc=5,USA Today,"<a href=""https://news.google.com/rss/articles/CBMimwFBVV95cUxNMG5tcEY4Ml8xa1VqdUZUeEstaFdXM0lHXzZTR251Mlo1N2JJckxnNzIwY1ljWUN4c1FwRGs1Z2hrdXZ5dXRSVUZYQ2NReDIzQ1FhRHVROTdCTjFSQ1JENk9KZDR3RGd3MkFtRlNJdFVnOGs3aFVOd01aRnhzRk8xdnJhZmFzOFlnRE1CbmY1aFR2eTdvbWVFQnBNdw?oc=5"" target=""_blank"">Shandler: Don't give up yet on demoted 1B Ike Davis</a>&nbsp;&nbsp;<font color=""#6f6f6f"">USA Today</font>"
2013-06,"""valley fever""",Endowment honors daughter’s memory - Journal-Patriot,"Mon, 03 Jun 2013 07:00:00 GMT",https://news.google.com/rss/articles/CBMivAFBVV95cUxPTHY2NkJFLWZpRmZTd2tqR2R4SGdvLUR2a2J2NWxiUWFrUFgzYndhZUxDYVFoR0FONU9Uekt3elE2OTVDeEJtenFZR0xUX1Y4WmljbFhBbHZJVnRhX2N0Z0w3VEdoMGd2ZDlmZGNYS2VMU3JJZTZsMUpHOTBjU3JOWDVnQ2JxcC1SUXNwN1BvUnFLNllla0tuVWdhSWNQd2dsVjU4eTEwUmcwWUlYN2traEpQc0t6NzJrTHNaZQ?oc=5,Journal-Patriot,"<a href=""https://news.google.com/rss/articles/CBMivAFBVV95cUxPTHY2NkJFLWZpRmZTd2tqR2R4SGdvLUR2a2J2NWxiUWFrUFgzYndhZUxDYVFoR0FONU9Uekt3elE2OTVDeEJtenFZR0xUX1Y4WmljbFhBbHZJVnRhX2N0Z0w3VEdoMGd2ZDlmZGNYS2VMU3JJZTZsMUpHOTBjU3JOWDVnQ2JxcC1SUXNwN1BvUnFLNllla0tuVWdhSWNQd2dsVjU4eTEwUmcwWUlYN2traEpQc0t6NzJrTHNaZQ?oc=5"" target=""_blank"">Endowment honors daughter’s memory</a>&nbsp;&nbsp;<font color=""#6f6f6f"">Journal-Patriot</font>"
2013-07,"""valley fever""",State to Transfer Inmates from Prisons Plagued by Valley Fever - KQED,"Wed, 03 Jul 2013 07:00:00 GMT",https://news.google.com/rss/articles/CBMipgFBVV95cUxOOGZnLUdRUi1hOGp2RWM1dlN5S2pCYUtXN0ctMFdNQ0piNWE5RGpieGs2a3VRQnNjT1RJUUE1MUU1MmszVloxdnJMVkF2TWxLMkJlOUs5V1FlMzByZ3NDbnB6eGFHZWRHMHU0d2VQaXA5dnZYcm9iM2x4Vy0wZjlkWFJ5LWQwSFlsRW5XUjQwdjhFT2FPUXZVZGZlVS1wWERkcFZQUnhR?oc=5,KQED,"<a href=""https://news.google.com/rss/articles/CBMipgFBVV95cUxOOGZnLUdRUi1hOGp2RWM1dlN5S2pCYUtXN0ctMFdNQ0piNWE5RGpieGs2a3VRQnNjT1RJUUE1MUU1MmszVloxdnJMVkF2TWxLMkJlOUs5V1FlMzByZ3NDbnB6eGFHZWRHMHU0d2VQaXA5dnZYcm9iM2x4Vy0wZjlkWFJ5LWQwSFlsRW5XUjQwdjhFT2FPUXZVZGZlVS1wWERkcFZQUnhR?oc=5"" target=""_blank"">State to Transfer Inmates from Prisons Plagued by Valley Fever</a>&nbsp;&nbsp;<font color=""#6f6f6f"">KQED</font>"
2013-07,"""valley fever""",Valley Fever Strikes Hard In California Towns - Texas Public Radio | TPR,"Tue, 30 Jul 2013 07:00:00 GMT",https://news.google.com/rss/articles/CBMiggFBVV95cUxOSzgxeFVTalF4bFF2N2pLRGd5My00NlRpd1NoN2VJUFYyNzgycVdIZzlybHpvYW9SVVRjbDRFQnMtV3UxWEZmeFgwWjFRWjVrRXAyNFF2cTVWemVKQzlueHBBWUhCMGZrWHJJcjlpd3RWLTNubVF2WHdSZWtyVktIU05n?oc=5,Texas Public Radio | TPR,"<a href=""https://news.google.com/rss/articles/CBMiggFBVV95cUxOSzgxeFVTalF4bFF2N2pLRGd5My00NlRpd1NoN2VJUFYyNzgycVdIZzlybHpvYW9SVVRjbDRFQnMtV3UxWEZmeFgwWjFRWjVrRXAyNFF2cTVWemVKQzlueHBBWUhCMGZrWHJJcjlpd3RWLTNubVF2WHdSZWtyVktIU05n?oc=5"" target=""_blank"">Valley Fever Strikes Hard In California Towns</a>&nbsp;&nbsp;<font color=""#6f6f6f"">Texas Public Radio | TPR</font>"
2013-07,"""valley fever""","Kern Co., Rep. McCarthy target valley fever with new efforts - KBAK","Tue, 23 Jul 2013 07:00:00 GMT",https://news.google.com/rss/articles/CBMimwFBVV95cUxNQTVlTDBRekRNOXBGSFFDZHVabVRtdmtzcWZrNEMweHE4LWsxRmxzRjMtUENJSWNETmkzUm1PcEdfamZ3SnQ1emhUWUphOFNoWWM3bVozRThBQXZoSld6TXlLSlJVdjlTX0EtLUxaOGp1X1YtQnpNcG1Vczl1NXRkOF9jVXZRbTlvMnBiRVVsR25KRWFNRE02dGp0Yw?oc=5,KBAK,"<a href=""https://news.google.com/rss/articles/CBMimwFBVV95cUxNQTVlTDBRekRNOXBGSFFDZHVabVRtdmtzcWZrNEMweHE4LWsxRmxzRjMtUENJSWNETmkzUm1PcEdfamZ3SnQ1emhUWUphOFNoWWM3bVozRThBQXZoSld6TXlLSlJVdjlTX0EtLUxaOGp1X1YtQnpNcG1Vczl1NXRkOF9jVXZRbTlvMnBiRVVsR25KRWFNRE02dGp0Yw?oc=5"" target=""_blank"">Kern Co., Rep. McCarthy target valley fever with new efforts</a>&nbsp;&nbsp;<font color=""#6f6f6f"">KBAK</font>"
2013-07,"""valley fever""",Outbreaks Lead Calif. to Move Inmates - Good Morning America,"Thu, 04 Jul 2013 07:00:00 GMT",https://news.google.com/rss/articles/CBMiwAFBVV95cUxQck5wUS1UZlZYY1E4dG5nYk9QWS1ab0RCbVFTcWdjblNkSXFlWlFrZkVQM254ZkRQWFRkY0lfcFE3RHA5NFBQUUpwbGRWVWN2N1F0SVp2bkwzZjNrVnZSOUVjeFVCNUhXMTVwaWZGUEMyRUhpVlpLWEIwY1BRMGxxa3ltY2ZzQkU3ZzNIdWxmaENVZ3JHMlNQMFhhRHJUdUVma01aM3NRbmxxcll5OFMzRHZvZ0dmVXJuY1ZOUUdBbnXSAcYBQVVfeXFMUFc1bmFaMTNOUW41TjVjY2hzWXlvYi1Dc2Q0SDVBUmpCZmtJYXBlVTdLR0k0SUtiTVZkSG04djVobW1yUEtjZTUyLThyVm5ST1J1MmJMYzdyZ25ZUFR1Tk4wVmhTRG1MUjBHZE1GY2RpS1VTWi1BRzVaUk1RZEtyMUZnN3lzU3FfS0hBYzNVVml3YUg0MWRVeXVOQ3VTYVhBZXpVckQtZGEwRWdMdUNTbURNYWZ3OXh0UmhUcUk2Z05lUkE1S2NB?oc=5,Good Morning America,"<a href=""https://news.google.com/rss/articles/CBMiwAFBVV95cUxQck5wUS1UZlZYY1E4dG5nYk9QWS1ab0RCbVFTcWdjblNkSXFlWlFrZkVQM254ZkRQWFRkY0lfcFE3RHA5NFBQUUpwbGRWVWN2N1F0SVp2bkwzZjNrVnZSOUVjeFVCNUhXMTVwaWZGUEMyRUhpVlpLWEIwY1BRMGxxa3ltY2ZzQkU3ZzNIdWxmaENVZ3JHMlNQMFhhRHJUdUVma01aM3NRbmxxcll5OFMzRHZvZ0dmVXJuY1ZOUUdBbnXSAcYBQVVfeXFMUFc1bmFaMTNOUW41TjVjY2hzWXlvYi1Dc2Q0SDVBUmpCZmtJYXBlVTdLR0k0SUtiTVZkSG04djVobW1yUEtjZTUyLThyVm5ST1J1MmJMYzdyZ25ZUFR1Tk4wVmhTRG1MUjBHZE1GY2RpS1VTWi1BRzVaUk1RZEtyMUZnN3lzU3FfS0hBYzNVVml3YUg0MWRVeXVOQ3VTYVhBZXpVckQtZGEwRWdMdUNTbURNYWZ3OXh0UmhUcUk2Z05lUkE1S2NB?oc=5"" target=""_blank"">Outbreaks Lead Calif. to Move Inmates</a>&nbsp;&nbsp;<font color=""#6f6f6f"">Good Morning America</font>"
2013-07,"""valley fever""",California Is Facing More Woes in Prisons (Published 2013) - The New York Times,"Sun, 14 Jul 2013 07:00:00 GMT",https://news.google.com/rss/articles/CBMijAFBVV95cUxQS25xaDZOd2Z0NlJvME1LdFViWDZTWVdhUkpfVmFySUtrZ1NfWHBsTjdtTXFibXd0b1lzQlZyMnN1bzhVcmYyT3d5SlhCVk43c2RLTTduT0tsQk5xOU4xZjlGMzRydGxLR2hJSGhEb2RNNHI1ZXRybDNPdVlYajhpN01Ea19EZFpFbGVCTw?oc=5,The New York Times,"<a href=""https://news.google.com/rss/articles/CBMijAFBVV95cUxQS25xaDZOd2Z0NlJvME1LdFViWDZTWVdhUkpfVmFySUtrZ1NfWHBsTjdtTXFibXd0b1lzQlZyMnN1bzhVcmYyT3d5SlhCVk43c2RLTTduT0tsQk5xOU4xZjlGMzRydGxLR2hJSGhEb2RNNHI1ZXRybDNPdVlYajhpN01Ea19EZFpFbGVCTw?oc=5"" target=""_blank"">California Is Facing More Woes in Prisons (Published 2013)</a>&nbsp;&nbsp;<font color=""#6f6f6f"">The New York Times</font>"
2013-07,"""valley fever""",Aggressive Asian tiger mosquito invades Europe - CMAJ,"Tue, 09 Jul 2013 07:00:00 GMT",https://news.google.com/rss/articles/CBMiUEFVX3lxTE9SSndnelZ1WVVDa2xOT1VVMTVFMnV6TXB3eEw3aGtnekg4RlNfV2FNOEhsN3AtM2RPZU1kTVZjbC1QaVV0WkpmRnlPWlZadS1K?oc=5,CMAJ,"<a href=""https://news.google.com/rss/articles/CBMiUEFVX3lxTE9SSndnelZ1WVVDa2xOT1VVMTVFMnV6TXB3eEw3aGtnekg4RlNfV2FNOEhsN3AtM2RPZU1kTVZjbC1QaVV0WkpmRnlPWlZadS1K?oc=5"" target=""_blank"">Aggressive Asian tiger mosquito invades Europe</a>&nbsp;&nbsp;<font color=""#6f6f6f"">CMAJ</font>"
2013-07,"""valley fever""",Family of missing girl 'heartbroken' as search nears one month - The State Press,"Tue, 09 Jul 2013 07:00:00 GMT",https://news.google.com/rss/articles/CBMipgFBVV95cUxNeDRLeFhVcEl4ZnBsOHZTVEpYZ1dVTWtCMlhGODBNeE5TNllfY2ZHQ3J3Q2RoSW5TNEhMMVFXU01lUlFSeFhJSjBmSkNVazI1dGcxbk5WNFJfeUx5VjdNaXRKYmRwenZjaWQzRG1BYmQ3VUdxRDNlT2xvNWgzVEJwRUFnZmoyZkItaC0tZmlLeVgxd01SLXFmVko3ZzR4RHJwcnAzb3pB?oc=5,The State Press,"<a href=""https://news.google.com/rss/articles/CBMipgFBVV95cUxNeDRLeFhVcEl4ZnBsOHZTVEpYZ1dVTWtCMlhGODBNeE5TNllfY2ZHQ3J3Q2RoSW5TNEhMMVFXU01lUlFSeFhJSjBmSkNVazI1dGcxbk5WNFJfeUx5VjdNaXRKYmRwenZjaWQzRG1BYmQ3VUdxRDNlT2xvNWgzVEJwRUFnZmoyZkItaC0tZmlLeVgxd01SLXFmVko3ZzR4RHJwcnAzb3pB?oc=5"" target=""_blank"">Family of missing girl 'heartbroken' as search nears one month</a>&nbsp;&nbsp;<font color=""#6f6f6f"">The State Press</font>"
2013-07,"""valley fever""",Ex-governors join Gov. Jerry Brown in fighting inmate releases - Los Angeles Times,"Mon, 15 Jul 2013 07:00:00 GMT",https://news.google.com/rss/articles/CBMinAFBVV95cUxOU2s2Y09tOW5YcVFGQldWbV9fMkdPclpiMHo4a1hhOUFyVWtBbHRaTHZQZElPLUN4My1OckhUazhibS1tTDU0QXJRZGRVUEpfZEVUT3FYNHVqT1FTeXpUeWJXUFpQd0ViZ0JxOVBZckJtV1AwMWc2LW5DUC1NYXRJMjNlajRuMkhfTlh6ZzRtY3BJdnY3aFNZN0FQLTQ?oc=5,Los Angeles Times,"<a href=""https://news.google.com/rss/articles/CBMinAFBVV95cUxOU2s2Y09tOW5YcVFGQldWbV9fMkdPclpiMHo4a1hhOUFyVWtBbHRaTHZQZElPLUN4My1OckhUazhibS1tTDU0QXJRZGRVUEpfZEVUT3FYNHVqT1FTeXpUeWJXUFpQd0ViZ0JxOVBZckJtV1AwMWc2LW5DUC1NYXRJMjNlajRuMkhfTlh6ZzRtY3BJdnY3aFNZN0FQLTQ?oc=5"" target=""_blank"">Ex-governors join Gov. Jerry Brown in fighting inmate releases</a>&nbsp;&nbsp;<font color=""#6f6f6f"">Los Angeles Times</font>"
2013-07,"""valley fever""",Does the dangerous new Middle East coronavirus have an African origin? - Science Codex,"Wed, 24 Jul 2013 07:00:00 GMT",https://news.google.com/rss/articles/CBMiqAFBVV95cUxPbW9BWDdFSkk5VFpjZDZvYUtuRUdmZFotMHNyMWRNQlRtU0ktWlI3YWVJOW5DcmdEUEZMZ2E0TkVfTXZ0QkdVME1vUE9lREc0NnQyU0FzeHRERzJaRlFHMXRHMzlOTUotY1ZCUGFmcmlCRnRveVhsMmJIMjlUbU40cWpzTlFEaXJjelh2WFFrNXp2OW1fSHpxUzJBU3lsODBCRm1tTUp0Tk4?oc=5,Science Codex,"<a href=""https://news.google.com/rss/articles/CBMiqAFBVV95cUxPbW9BWDdFSkk5VFpjZDZvYUtuRUdmZFotMHNyMWRNQlRtU0ktWlI3YWVJOW5DcmdEUEZMZ2E0TkVfTXZ0QkdVME1vUE9lREc0NnQyU0FzeHRERzJaRlFHMXRHMzlOTUotY1ZCUGFmcmlCRnRveVhsMmJIMjlUbU40cWpzTlFEaXJjelh2WFFrNXp2OW1fSHpxUzJBU3lsODBCRm1tTUp0Tk4?oc=5"" target=""_blank"">Does the dangerous new Middle East coronavirus have an African origin?</a>&nbsp;&nbsp;<font color=""#6f6f6f"">Science Codex</font>"
2013-07,"""valley fever""","Hunger Strike by California Inmates, Already Large, Is Expected to Be Long (Published 2013) - The New York Times","Wed, 10 Jul 2013 07:00:00 GMT",https://news.google.com/rss/articles/CBMivgFBVV95cUxNVlV6U29LRmFFUDZ2cGN0TWROVTlST2JQTmRQWW5Cb1l1VXpCaVN2QS0yN3R2Z1Zvc1haM2JVV0UwVkdwakVycVY5VjBsQkE1cGNkTWVXRkFORmxRVkdkYk80N3kzd3Rka0hoYlNySU9FZWRUdklndlAyeDFsTG9KN2U3MnQ1MkxMOFZVVHREeXVPYWxlZnB4ZmF5SDJyYm1za3BUQUFaSWI4X2cxb2d1MXAzN1VYb1ZUSEdXdzB3?oc=5,The New York Times,"<a href=""https://news.google.com/rss/articles/CBMivgFBVV95cUxNVlV6U29LRmFFUDZ2cGN0TWROVTlST2JQTmRQWW5Cb1l1VXpCaVN2QS0yN3R2Z1Zvc1haM2JVV0UwVkdwakVycVY5VjBsQkE1cGNkTWVXRkFORmxRVkdkYk80N3kzd3Rka0hoYlNySU9FZWRUdklndlAyeDFsTG9KN2U3MnQ1MkxMOFZVVHREeXVPYWxlZnB4ZmF5SDJyYm1za3BUQUFaSWI4X2cxb2d1MXAzN1VYb1ZUSEdXdzB3?oc=5"" target=""_blank"">Hunger Strike by California Inmates, Already Large, Is Expected to Be Long (Published 2013)</a>&nbsp;&nbsp;<font color=""#6f6f6f"">The New York Times</font>"
2013-08,"""valley fever""","Valley Fever, Explained - Mother Jones","Wed, 14 Aug 2013 07:00:00 GMT",https://news.google.com/rss/articles/CBMie0FVX3lxTE8zOVNWaG9QaVNjQkNhcmR4SlpjTUZtUDBjd2tjdml6QnBKczQ2VS1VU05lTWhJSGpLckN3aTBrNnBvSlUxWi1rUUFqTTR2SldnQzNwT3NZOEdLWnVLdkw0UlFHU0kyLVQyUlhuMmthai16THo3MFd3U1BQMA?oc=5,Mother Jones,"<a href=""https://news.google.com/rss/articles/CBMie0FVX3lxTE8zOVNWaG9QaVNjQkNhcmR4SlpjTUZtUDBjd2tjdml6QnBKczQ2VS1VU05lTWhJSGpLckN3aTBrNnBvSlUxWi1rUUFqTTR2SldnQzNwT3NZOEdLWnVLdkw0UlFHU0kyLVQyUlhuMmthai16THo3MFd3U1BQMA?oc=5"" target=""_blank"">Valley Fever, Explained</a>&nbsp;&nbsp;<font color=""#6f6f6f"">Mother Jones</font>"
2013-08,"""valley fever""",Inmates Fear Being Transferred to Prisons in Valley Fever Areas - Voice of OC,"Mon, 26 Aug 2013 07:00:00 GMT",https://news.google.com/rss/articles/CBMimgFBVV95cUxOVkQ1TnRpVHF2LXU2NnNJZmlZRUlRSngtMjF1TFIxNklXUjhYWm5pRUY5VHAtaG9RRmYwaGlUeVk0cUJwcGpGVVg5T0xhTFpBT1hJTlEtUHp1ZlEtWmU1NlVjZkJXS1FwYmd4M2pySVIyellCNU9OYzdGY0NmMEhvSkM3cnZrNUVDcWt5TWZ3VzRXX3gwOXJDSU5B?oc=5,Voice of OC,"<a href=""https://news.google.com/rss/articles/CBMimgFBVV95cUxOVkQ1TnRpVHF2LXU2NnNJZmlZRUlRSngtMjF1TFIxNklXUjhYWm5pRUY5VHAtaG9RRmYwaGlUeVk0cUJwcGpGVVg5T0xhTFpBT1hJTlEtUHp1ZlEtWmU1NlVjZkJXS1FwYmd4M2pySVIyellCNU9OYzdGY0NmMEhvSkM3cnZrNUVDcWt5TWZ3VzRXX3gwOXJDSU5B?oc=5"" target=""_blank"">Inmates Fear Being Transferred to Prisons in Valley Fever Areas</a>&nbsp;&nbsp;<font color=""#6f6f6f"">Voice of OC</font>"
2013-08,"""valley fever""",Death in Pleasant Valley - In These Times,"Mon, 26 Aug 2013 07:00:00 GMT",https://news.google.com/rss/articles/CBMiaEFVX3lxTE5OMGJNSk5DRGtpRzRaV3c4R0YxalZibmZ6eEMzNktFYWVYWjZxS2tkcXlGZkFTUVdBZHlqU2Z4MThDWVd2OUNUck01eGwtQzBFeERXZWdBbzNhbVlMLUYwMk1UbWVKVnd4?oc=5,In These Times,"<a href=""https://news.google.com/rss/articles/CBMiaEFVX3lxTE5OMGJNSk5DRGtpRzRaV3c4R0YxalZibmZ6eEMzNktFYWVYWjZxS2tkcXlGZkFTUVdBZHlqU2Z4MThDWVd2OUNUck01eGwtQzBFeERXZWdBbzNhbVlMLUYwMk1UbWVKVnd4?oc=5"" target=""_blank"">Death in Pleasant Valley</a>&nbsp;&nbsp;<font color=""#6f6f6f"">In These Times</font>"
2013-08,"""valley fever""",VALLEY FEVER: Inland inmates may replace transferred prisoners - pressenterprise.com,"Tue, 06 Aug 2013 07:00:00 GMT",https://news.google.com/rss/articles/CBMiqAFBVV95cUxOcm9LSkNyMEd2dmFuQ3VLMm9kanlpNGhCZE04aDRYMVNlaUwzV1J5MjVSQlF1ZjVMVEptNVFBaHhpVzR2ZFA4elBWTHFsVDJiUjF3OHZCOWZNWTIwaE8tZVlJZWlKUW1jZ2dfVFozb1k5WEtBaE9HSU1UamVBNE5aSTg1SnFLN0ZoT1A4S3Y5VDBrRkVBNG9MZzVZV0ViM0hHOEVZODNTcGc?oc=5,pressenterprise.com,"<a href=""https://news.google.com/rss/articles/CBMiqAFBVV95cUxOcm9LSkNyMEd2dmFuQ3VLMm9kanlpNGhCZE04aDRYMVNlaUwzV1J5MjVSQlF1ZjVMVEptNVFBaHhpVzR2ZFA4elBWTHFsVDJiUjF3OHZCOWZNWTIwaE8tZVlJZWlKUW1jZ2dfVFozb1k5WEtBaE9HSU1UamVBNE5aSTg1SnFLN0ZoT1A4S3Y5VDBrRkVBNG9MZzVZV0ViM0hHOEVZODNTcGc?oc=5"" target=""_blank"">VALLEY FEVER: Inland inmates may replace transferred prisoners</a>&nbsp;&nbsp;<font color=""#6f6f6f"">pressenterprise.com</font>"
2013-08,"""valley fever""",SECOND DUST STORM STRIKES OCOTILLO; COULD DESERT ENERGY PROJECTS BE THE CAUSE? - East County Magazine,"Mon, 26 Aug 2013 07:00:00 GMT",https://news.google.com/rss/articles/CBMiqwFBVV95cUxNbktxemFoWTVnSzVWOG9EUFk5RDg3OFBNNGw2NW5Ub2ZLclpPY0RFSk9HRFZmVnM2T3lVUjJXUGhfR1lBa0wyNzVBb1piQ1U1djFSWGQtbGczcjNRZ3RBZDlNcWtMcXJuR3pUUTlzNEFYa25PQlVOeG9vTUV1N2lNNThXYVZRYWw2ZjU1UzNMUGVLYWhMWVJjc0Q5N2RFVUdBNnhMV2EwQVFCRVk?oc=5,East County Magazine,"<a href=""https://news.google.com/rss/articles/CBMiqwFBVV95cUxNbktxemFoWTVnSzVWOG9EUFk5RDg3OFBNNGw2NW5Ub2ZLclpPY0RFSk9HRFZmVnM2T3lVUjJXUGhfR1lBa0wyNzVBb1piQ1U1djFSWGQtbGczcjNRZ3RBZDlNcWtMcXJuR3pUUTlzNEFYa25PQlVOeG9vTUV1N2lNNThXYVZRYWw2ZjU1UzNMUGVLYWhMWVJjc0Q5N2RFVUdBNnhMV2EwQVFCRVk?oc=5"" target=""_blank"">SECOND DUST STORM STRIKES OCOTILLO; COULD DESERT ENERGY PROJECTS BE THE CAUSE?</a>&nbsp;&nbsp;<font color=""#6f6f6f"">East County Magazine</font>"
2013-08,"""valley fever""",The Most Dangerous Animal On Earth Can Fit On Your Fingertip - Business Insider,"Thu, 29 Aug 2013 07:00:00 GMT",https://news.google.com/rss/articles/CBMigAFBVV95cUxQelBOekNVajkwVnllWG9Jem1IQTBqaGtQMVBjVElCZ2NmR3loaWxLSi1ESXI2NEwzZ0tzcUNJVEhTOTVfSnRfcWRwWW95Q3R2YS03MEc5Z09HblFtXzZ5aFZGUmJEcVFkTEhXRm1aOXlkOFNWODFhcE1wWm55VXppbg?oc=5,Business Insider,"<a href=""https://news.google.com/rss/articles/CBMigAFBVV95cUxQelBOekNVajkwVnllWG9Jem1IQTBqaGtQMVBjVElCZ2NmR3loaWxLSi1ESXI2NEwzZ0tzcUNJVEhTOTVfSnRfcWRwWW95Q3R2YS03MEc5Z09HblFtXzZ5aFZGUmJEcVFkTEhXRm1aOXlkOFNWODFhcE1wWm55VXppbg?oc=5"" target=""_blank"">The Most Dangerous Animal On Earth Can Fit On Your Fingertip</a>&nbsp;&nbsp;<font color=""#6f6f6f"">Business Insider</font>"
2013-08,"""valley fever""",Obituary information for Margie Cooper - Dirks-Blem Funeral Service,"Fri, 23 Aug 2013 07:00:00 GMT",https://news.google.com/rss/articles/CBMickFVX3lxTE5xZE9NWXpzV2FDOXBQeHlxZVFNM2FYRXRpejdPOThReHowOW9MdmVBd0NLX2t6Mm1EclBpVWtxel9VUXJ6OHh3U2pxcGdSWFctREowM1FGRW9leHNpOFZ1VzFMTF9QRXEtbVJTaE5KcHFZZw?oc=5,Dirks-Blem Funeral Service,"<a href=""https://news.google.com/rss/articles/CBMickFVX3lxTE5xZE9NWXpzV2FDOXBQeHlxZVFNM2FYRXRpejdPOThReHowOW9MdmVBd0NLX2t6Mm1EclBpVWtxel9VUXJ6OHh3U2pxcGdSWFctREowM1FGRW9leHNpOFZ1VzFMTF9QRXEtbVJTaE5KcHFZZw?oc=5"" target=""_blank"">Obituary information for Margie Cooper</a>&nbsp;&nbsp;<font color=""#6f6f6f"">Dirks-Blem Funeral Service</font>"
2013-08,"""valley fever""","Raymond Watten Obituary (2013) - Santa Rosa, CA - San Francisco Chronicle - Legacy obituary","Sat, 31 Aug 2013 07:00:00 GMT",https://news.google.com/rss/articles/CBMijAFBVV95cUxOY2xfQnloMkpaR3BiRExMaW9Uc1JCYnAzY0dBdGZZWGtpY0lJNEFidG82ckwzam0xZVpRdno5YjFDbzhIdEZyU1VvbFRVanJhWEN2eDVpQ3hEX3lZXzZ6WWJWWXJuU0pCcU9ldk5MWElLbDJzR2ZEVG0yWXpFYnFDTUJwbGNrNnhsczdXbQ?oc=5,Legacy obituary,"<a href=""https://news.google.com/rss/articles/CBMijAFBVV95cUxOY2xfQnloMkpaR3BiRExMaW9Uc1JCYnAzY0dBdGZZWGtpY0lJNEFidG82ckwzam0xZVpRdno5YjFDbzhIdEZyU1VvbFRVanJhWEN2eDVpQ3hEX3lZXzZ6WWJWWXJuU0pCcU9ldk5MWElLbDJzR2ZEVG0yWXpFYnFDTUJwbGNrNnhsczdXbQ?oc=5"" target=""_blank"">Raymond Watten Obituary (2013) - Santa Rosa, CA - San Francisco Chronicle</a>&nbsp;&nbsp;<font color=""#6f6f6f"">Legacy obituary</font>"
2013-08,"""valley fever""",MASSIVE DUST STORM STRIKES OCOTILLO - East County Magazine,"Fri, 23 Aug 2013 07:00:00 GMT",https://news.google.com/rss/articles/CBMiekFVX3lxTFAteHFIZ2QzZUZyRjBCTDZUSFZ1bnI2djAxcmpETzlpZVpLN0FGWXNsRk9FWG1ueWdQcThWUVNvQWtfcGtudUVRWTFRNjVUUE5TMm1uYUV5VExZUnhmREFjNHBUZ1VVajdHX1JXZUt0WFpsQVhLTVROY0RB?oc=5,East County Magazine,"<a href=""https://news.google.com/rss/articles/CBMiekFVX3lxTFAteHFIZ2QzZUZyRjBCTDZUSFZ1bnI2djAxcmpETzlpZVpLN0FGWXNsRk9FWG1ueWdQcThWUVNvQWtfcGtudUVRWTFRNjVUUE5TMm1uYUV5VExZUnhmREFjNHBUZ1VVajdHX1JXZUt0WFpsQVhLTVROY0RB?oc=5"" target=""_blank"">MASSIVE DUST STORM STRIKES OCOTILLO</a>&nbsp;&nbsp;<font color=""#6f6f6f"">East County Magazine</font>"
2013-09,"""valley fever""",Valley Fever: The Fungal Spores that Plague Archaeologists - Smithsonian Magazine,"Thu, 12 Sep 2013 07:00:00 GMT",https://news.google.com/rss/articles/CBMirAFBVV95cUxOQUdaT1ZmcFFJeXJrZlpVUDc0X1RsMDJDb0xxSkZ0cDQyemd3WnJyNUprcWU0SW9DbFN5WVZjYnRiSUdnSDRxcWpHUno5U0FZWTFiMGx6Sy1tX2hLYWljcTNKcDByRE5MT2RadmZYQXpPalRoemFaWHRnM05GQlI0LXhMWFRyeDBxTFp0WnJGNGxFWGs4SEFYMWxSY1FWV1BReWtHSlNJajRkSDln?oc=5,Smithsonian Magazine,"<a href=""https://news.google.com/rss/articles/CBMirAFBVV95cUxOQUdaT1ZmcFFJeXJrZlpVUDc0X1RsMDJDb0xxSkZ0cDQyemd3WnJyNUprcWU0SW9DbFN5WVZjYnRiSUdnSDRxcWpHUno5U0FZWTFiMGx6Sy1tX2hLYWljcTNKcDByRE5MT2RadmZYQXpPalRoemFaWHRnM05GQlI0LXhMWFRyeDBxTFp0WnJGNGxFWGs4SEFYMWxSY1FWV1BReWtHSlNJajRkSDln?oc=5"" target=""_blank"">Valley Fever: The Fungal Spores that Plague Archaeologists</a>&nbsp;&nbsp;<font color=""#6f6f6f"">Smithsonian Magazine</font>"
2013-09,"""valley fever""",Inmates prone to valley fever to be transferred from prisons - KCRA,"Tue, 24 Sep 2013 07:00:00 GMT",https://news.google.com/rss/articles/CBMingFBVV95cUxNRUVqY21GWWIzenVFX1BRRU84MHZXTVNxOWRnX1dXamZYNWV0LUJsaF9mRmZPajBOMzIwVEg1eGRId2NfZF9PUVJhazhyYnRIUEc0VWdTTXBtSzd2OUVRamtNbEhyNEwxcEt1N29kbWoxb1Z5dG9MVG9fVmdCMjRnUWt2RF93SUpYNlNFUDZ2OTV3TmllbGM1dXNPZkU0Zw?oc=5,KCRA,"<a href=""https://news.google.com/rss/articles/CBMingFBVV95cUxNRUVqY21GWWIzenVFX1BRRU84MHZXTVNxOWRnX1dXamZYNWV0LUJsaF9mRmZPajBOMzIwVEg1eGRId2NfZF9PUVJhazhyYnRIUEc0VWdTTXBtSzd2OUVRamtNbEhyNEwxcEt1N29kbWoxb1Z5dG9MVG9fVmdCMjRnUWt2RF93SUpYNlNFUDZ2OTV3TmllbGM1dXNPZkU0Zw?oc=5"" target=""_blank"">Inmates prone to valley fever to be transferred from prisons</a>&nbsp;&nbsp;<font color=""#6f6f6f"">KCRA</font>"
2013-09,"""valley fever""","OCOTILLO RESIDENTS’ WOES CONTINUE AS NEW DUST STORM, FLOODING, WHITE SLUDGE FLOW STRIKES COMMUNITY - East County Magazine","Sun, 08 Sep 2013 07:00:00 GMT",https://news.google.com/rss/articles/CBMi0AFBVV95cUxOaFU4bDZxNkZ0TmZEN0NMY1d4ZkdOQVRxbVdsMEZNODgwMDFad0FVWE5TVy1jd2Jubkc4dFVOcVFGdV9GQkgwYnhsVlVXYUVDWVA2VGdGcEVIbG56ZDdJNnZMbC0tbW9ZTFdCTUhNU2pYWEpILUxUUFJROHItV2FIU0VkTFI4bEtJY2JuYzJPTEIzXzJUMGY3dUpGODF2eVhnbjJMZ2pXTmRBQUFzTENVV0ZSYzV2Z3JHRm9waXkyaWtKaEFyUmV6RFBMdXZPT0h6?oc=5,East County Magazine,"<a href=""https://news.google.com/rss/articles/CBMi0AFBVV95cUxOaFU4bDZxNkZ0TmZEN0NMY1d4ZkdOQVRxbVdsMEZNODgwMDFad0FVWE5TVy1jd2Jubkc4dFVOcVFGdV9GQkgwYnhsVlVXYUVDWVA2VGdGcEVIbG56ZDdJNnZMbC0tbW9ZTFdCTUhNU2pYWEpILUxUUFJROHItV2FIU0VkTFI4bEtJY2JuYzJPTEIzXzJUMGY3dUpGODF2eVhnbjJMZ2pXTmRBQUFzTENVV0ZSYzV2Z3JHRm9waXkyaWtKaEFyUmV6RFBMdXZPT0h6?oc=5"" target=""_blank"">OCOTILLO RESIDENTS’ WOES CONTINUE AS NEW DUST STORM, FLOODING, WHITE SLUDGE FLOW STRIKES COMMUNITY</a>&nbsp;&nbsp;<font color=""#6f6f6f"">East County Magazine</font>"
2013-09,"""valley fever""",Volkswagen Rabbit Pickup Truck Sets 189.7mph Land Speed Record - MotorTrend,"Wed, 11 Sep 2013 07:00:00 GMT",https://news.google.com/rss/articles/CBMioAFBVV95cUxQbWRYbDFTcTlwWmZiX1ZuMVgxbmZ6WUUwbzFFOXhnUkdPcnVoMHFlX3BiYVB4dzRIUF9yb1J0ZERaVTdibmhNdnVnODRKVFJkNVExcjUybFF6ejliMTh5clRud3Z1NnRWVnlqUENydU0yaE1YMS1qMnRNT3pMeHlZX2RrUjFoY0FWTTNWcDVseFhqYVoyODJKbUlSSWYtM3I1?oc=5,MotorTrend,"<a href=""https://news.google.com/rss/articles/CBMioAFBVV95cUxQbWRYbDFTcTlwWmZiX1ZuMVgxbmZ6WUUwbzFFOXhnUkdPcnVoMHFlX3BiYVB4dzRIUF9yb1J0ZERaVTdibmhNdnVnODRKVFJkNVExcjUybFF6ejliMTh5clRud3Z1NnRWVnlqUENydU0yaE1YMS1qMnRNT3pMeHlZX2RrUjFoY0FWTTNWcDVseFhqYVoyODJKbUlSSWYtM3I1?oc=5"" target=""_blank"">Volkswagen Rabbit Pickup Truck Sets 189.7mph Land Speed Record</a>&nbsp;&nbsp;<font color=""#6f6f6f"">MotorTrend</font>"
2013-09,"""valley fever""",Doctor Performs Tracheotomy On Choking Diner With Pocket Knife - CBS News,"Wed, 25 Sep 2013 07:00:00 GMT",https://news.google.com/rss/articles/CBMipgFBVV95cUxPSkpTVlc5VEp1VzBuQ2kta20zb0NwNkhJSGVSZ0Y5bVpWakE1enMtVzFaNzc0eVAxTTRyV3N1RnAzUWNYRnJaZmMtQ1VFNXBZWmh6N0tLRDZEcnVtMldrM29sTmtQcXN4bFZJWktyeTNhQjdfbXhUY3ZZRDQ1VmdwcVg1MGZkdllTRjhZNDdneUlXUU9jSEZyamp1MlB3TnYxTXRTY0RR?oc=5,CBS News,"<a href=""https://news.google.com/rss/articles/CBMipgFBVV95cUxPSkpTVlc5VEp1VzBuQ2kta20zb0NwNkhJSGVSZ0Y5bVpWakE1enMtVzFaNzc0eVAxTTRyV3N1RnAzUWNYRnJaZmMtQ1VFNXBZWmh6N0tLRDZEcnVtMldrM29sTmtQcXN4bFZJWktyeTNhQjdfbXhUY3ZZRDQ1VmdwcVg1MGZkdllTRjhZNDdneUlXUU9jSEZyamp1MlB3TnYxTXRTY0RR?oc=5"" target=""_blank"">Doctor Performs Tracheotomy On Choking Diner With Pocket Knife</a>&nbsp;&nbsp;<font color=""#6f6f6f"">CBS News</font>"
2013-09,"""valley fever""",Bakersfield doctor saves choking diner with knife and pen - The Mercury News,"Wed, 25 Sep 2013 07:00:00 GMT",https://news.google.com/rss/articles/CBMingFBVV95cUxNNjNMNG5HV05MVlYwY0Y4RkV1SXloa0tzbGNISDBVamxYYmFxaEt1aFdLa21zVUhKTjVWcTNCX1V5VzJ2Y1JjVVFaZUpEd1I2WjI2ZllvRXUzS0hnZTRRMzFmY0dMeWxLb2FFRzlxeDRUdXAtbHJORXp1dnR5U183TXo4SXF6V2NYZVpoNHhCMzcyT3d3c0luZVpzMzBpUdIBowFBVV95cUxNazgwS3BGTDdHdWh0NWYzYmxwVVVTYXZHR0VISWRTNmQzUjBiNVFMR0lISGkxZjY4bThJbldUNE1pWFljQjFEZmszajNiWjF2RGl0LWNIanZEU1V2ckJNSzFQV0sxeFRoeUpaMGJxSHJQMVN5U0ZkbDBsTUYwc0cybm9QdWZXV2s0Z254V1MxOUFQVHR6R01LYlhodzltZV9lTnI4?oc=5,The Mercury News,"<a href=""https://news.google.com/rss/articles/CBMingFBVV95cUxNNjNMNG5HV05MVlYwY0Y4RkV1SXloa0tzbGNISDBVamxYYmFxaEt1aFdLa21zVUhKTjVWcTNCX1V5VzJ2Y1JjVVFaZUpEd1I2WjI2ZllvRXUzS0hnZTRRMzFmY0dMeWxLb2FFRzlxeDRUdXAtbHJORXp1dnR5U183TXo4SXF6V2NYZVpoNHhCMzcyT3d3c0luZVpzMzBpUdIBowFBVV95cUxNazgwS3BGTDdHdWh0NWYzYmxwVVVTYXZHR0VISWRTNmQzUjBiNVFMR0lISGkxZjY4bThJbldUNE1pWFljQjFEZmszajNiWjF2RGl0LWNIanZEU1V2ckJNSzFQV0sxeFRoeUpaMGJxSHJQMVN5U0ZkbDBsTUYwc0cybm9QdWZXV2s0Z254V1MxOUFQVHR6R01LYlhodzltZV9lTnI4?oc=5"" target=""_blank"">Bakersfield doctor saves choking diner with knife and pen</a>&nbsp;&nbsp;<font color=""#6f6f6f"">The Mercury News</font>"
2013-09,"""valley fever""",Raymond Henry Watten - The Press Democrat,"Sun, 08 Sep 2013 07:00:00 GMT",https://news.google.com/rss/articles/CBMidEFVX3lxTFB3R3lMSHRxS21VMTNNTU1GenB0V1JBSGNnaTFXNW8td29USjVscEJCY0EyVS1HMmFYemVCNmNJVlcybFRCblpDeHd1am4yaExpdWxwT1pGQjNNY3pvRFlyWUdDVno5TlpVV0ZxWk44MDhpZmh5?oc=5,The Press Democrat,"<a href=""https://news.google.com/rss/articles/CBMidEFVX3lxTFB3R3lMSHRxS21VMTNNTU1GenB0V1JBSGNnaTFXNW8td29USjVscEJCY0EyVS1HMmFYemVCNmNJVlcybFRCblpDeHd1am4yaExpdWxwT1pGQjNNY3pvRFlyWUdDVno5TlpVV0ZxWk44MDhpZmh5?oc=5"" target=""_blank"">Raymond Henry Watten</a>&nbsp;&nbsp;<font color=""#6f6f6f"">The Press Democrat</font>"
2013-10,"""valley fever""",Centsible Mom: Prices hiked on Valley Fever medicine for dogs - Arizona Daily Star,"Sun, 27 Oct 2013 07:00:00 GMT",https://news.google.com/rss/articles/CBMi3gFBVV95cUxPTXZYZGlCVmZXYnhXVWhUUERtVjdLakRnSFZJZjVEQXZ2S3ZRaDg5X2JINEpvX1ZBZGNDN3hLMDhuY0loQjZON2RLbnUtaFE5RHBfZWJNQzZWRFhLYlhNVkRZdXNFU1B0TFdzR3RyUUppRUVhMTFGcUw3TVEtcUR2dGhEV250cmQ0d3VBLTB6cGRPSnlPNTJiTmZpNFBMWXcxTmFCdFJhd0lRMzZHQVR2QldmTnk3Z1RYdlFlamEtOHhHV2FIU0VnbExxUXdFdG05U1RPOVg0cmpLY3dweWc?oc=5,Arizona Daily Star,"<a href=""https://news.google.com/rss/articles/CBMi3gFBVV95cUxPTXZYZGlCVmZXYnhXVWhUUERtVjdLakRnSFZJZjVEQXZ2S3ZRaDg5X2JINEpvX1ZBZGNDN3hLMDhuY0loQjZON2RLbnUtaFE5RHBfZWJNQzZWRFhLYlhNVkRZdXNFU1B0TFdzR3RyUUppRUVhMTFGcUw3TVEtcUR2dGhEV250cmQ0d3VBLTB6cGRPSnlPNTJiTmZpNFBMWXcxTmFCdFJhd0lRMzZHQVR2QldmTnk3Z1RYdlFlamEtOHhHV2FIU0VnbExxUXdFdG05U1RPOVg0cmpLY3dweWc?oc=5"" target=""_blank"">Centsible Mom: Prices hiked on Valley Fever medicine for dogs</a>&nbsp;&nbsp;<font color=""#6f6f6f"">Arizona Daily Star</font>"
2013-10,"""valley fever""",Valley Public Radio Project Earns Mention In Columbia Journalism Review - KVPR,"Thu, 31 Oct 2013 07:00:00 GMT",https://news.google.com/rss/articles/CBMitgFBVV95cUxNb1loSXVqdWxrTkhISkc4cVRJbmVVYkY4WWZjeW4zU0tNMm1JZDF0YS1wSm4yQlRORFR4a2NzY18xMnY1ODRuSEVoVllMRncybldtY2dybGlKWmIzeHAtN1dXZnhvcThLSU1TaUxHejFESFdndG5oOUhnc0ZJLThfTzdJWUJsVUVjVFV6cEh2RGJqN3dhVGFTNzc1RHg3YXFid2dKOTJZQ1ZnTDZDdTFOZUlHa2cxdw?oc=5,KVPR,"<a href=""https://news.google.com/rss/articles/CBMitgFBVV95cUxNb1loSXVqdWxrTkhISkc4cVRJbmVVYkY4WWZjeW4zU0tNMm1JZDF0YS1wSm4yQlRORFR4a2NzY18xMnY1ODRuSEVoVllMRncybldtY2dybGlKWmIzeHAtN1dXZnhvcThLSU1TaUxHejFESFdndG5oOUhnc0ZJLThfTzdJWUJsVUVjVFV6cEh2RGJqN3dhVGFTNzc1RHg3YXFid2dKOTJZQ1ZnTDZDdTFOZUlHa2cxdw?oc=5"" target=""_blank"">Valley Public Radio Project Earns Mention In Columbia Journalism Review</a>&nbsp;&nbsp;<font color=""#6f6f6f"">KVPR</font>"
2013-10,"""valley fever""",Your Guide To STDs Over Age 40 - Prevention,"Mon, 14 Oct 2013 07:00:00 GMT",https://news.google.com/rss/articles/CBMijAFBVV95cUxQN2hzdXMwd3I2UTFLZWJuQ3hwOE9WY25ibFlBX0ZMM3FsMmVLcFBocXJTQ2FZYTNIMDY3eVYwbGZBdjUzRG1zNW83UDZHeXlYOXdCYXg1OGpqVFRnUFRRc3gzeWdDLXEtVWZDOTFaSnoxYUVRVkxIRU9wMFNNR2s0T1JXQWFudHNEMWJsRA?oc=5,Prevention,"<a href=""https://news.google.com/rss/articles/CBMijAFBVV95cUxQN2hzdXMwd3I2UTFLZWJuQ3hwOE9WY25ibFlBX0ZMM3FsMmVLcFBocXJTQ2FZYTNIMDY3eVYwbGZBdjUzRG1zNW83UDZHeXlYOXdCYXg1OGpqVFRnUFRRc3gzeWdDLXEtVWZDOTFaSnoxYUVRVkxIRU9wMFNNR2s0T1JXQWFudHNEMWJsRA?oc=5"" target=""_blank"">Your Guide To STDs Over Age 40</a>&nbsp;&nbsp;<font color=""#6f6f6f"">Prevention</font>"
2013-10,"""valley fever""",Unique view of Springville history - Porterville Recorder,"Wed, 30 Oct 2013 07:00:00 GMT",https://news.google.com/rss/articles/CBMitgFBVV95cUxQbTFxRzVtdjdlazZfNXZIR3RINmJSNXdSLVFXREZfS0dlVlNHczlpeWc5U05tN1B5aHRyUlhQLXRIQW9QUEF5ck9PT29sMUpJV2NISlpxVzdxd3M0Y2tZMkxCR1BvaC1HWi1nYTFxSVhES0JPWWszSG01UHQ1RGlaUURBY2FIZ0phX2JrRmprX2FuamdOcGk0NTVtNER6M0R5clBHN0I1LXVIMVA0aXBXcGxIZEYyUQ?oc=5,Porterville Recorder,"<a href=""https://news.google.com/rss/articles/CBMitgFBVV95cUxQbTFxRzVtdjdlazZfNXZIR3RINmJSNXdSLVFXREZfS0dlVlNHczlpeWc5U05tN1B5aHRyUlhQLXRIQW9QUEF5ck9PT29sMUpJV2NISlpxVzdxd3M0Y2tZMkxCR1BvaC1HWi1nYTFxSVhES0JPWWszSG01UHQ1RGlaUURBY2FIZ0phX2JrRmprX2FuamdOcGk0NTVtNER6M0R5clBHN0I1LXVIMVA0aXBXcGxIZEYyUQ?oc=5"" target=""_blank"">Unique view of Springville history</a>&nbsp;&nbsp;<font color=""#6f6f6f"">Porterville Recorder</font>"
2013-10,"""valley fever""",Dad’s illness affects the whole family - Thousand Oaks Acorn,"Thu, 10 Oct 2013 07:00:00 GMT",https://news.google.com/rss/articles/CBMie0FVX3lxTE1HSG9McXNueUV0aHhYMHVGOHNoWVlFbmVqREE4RkVVbFVscks0NGFvN3hGVmVzVEEybUp3eE1BUWx4bzVCX1laSlZUczE5cnNCMHQ3M0s4dzhYbkxsT0ZQdDdEcFB3cERrRUdfMVpRc2JhTXlSX2JaTnZWZw?oc=5,Thousand Oaks Acorn,"<a href=""https://news.google.com/rss/articles/CBMie0FVX3lxTE1HSG9McXNueUV0aHhYMHVGOHNoWVlFbmVqREE4RkVVbFVscks0NGFvN3hGVmVzVEEybUp3eE1BUWx4bzVCX1laSlZUczE5cnNCMHQ3M0s4dzhYbkxsT0ZQdDdEcFB3cERrRUdfMVpRc2JhTXlSX2JaTnZWZw?oc=5"" target=""_blank"">Dad’s illness affects the whole family</a>&nbsp;&nbsp;<font color=""#6f6f6f"">Thousand Oaks Acorn</font>"
2013-10,"""valley fever""",Small kudu. Big problem? - Farmer's Weekly SA,"Fri, 18 Oct 2013 07:00:00 GMT",https://news.google.com/rss/articles/CBMiiAFBVV95cUxPWkswellQZDZRSTFOR1dSWjVCRHpJNllhUHhTX0JicE5jQjJrUnh5ZENabnRhR0RQQlVvUzE2eGRKaDlvSDlNc3gtOExSQ3RMUktMbnBvcll6Q1otTGNzSkQyRG96a2dhOUViRGlhemktYVVfbmxmbjVaYk5XNmczWWZvSkhCMDBu?oc=5,Farmer's Weekly SA,"<a href=""https://news.google.com/rss/articles/CBMiiAFBVV95cUxPWkswellQZDZRSTFOR1dSWjVCRHpJNllhUHhTX0JicE5jQjJrUnh5ZENabnRhR0RQQlVvUzE2eGRKaDlvSDlNc3gtOExSQ3RMUktMbnBvcll6Q1otTGNzSkQyRG96a2dhOUViRGlhemktYVVfbmxmbjVaYk5XNmczWWZvSkhCMDBu?oc=5"" target=""_blank"">Small kudu. Big problem?</a>&nbsp;&nbsp;<font color=""#6f6f6f"">Farmer's Weekly SA</font>"
2013-10,coccidioidomycosis,Fungal diseases mimicking primary lung cancer: radiologic–pathologic correlation - Gazzoni - 2014 - Mycoses - Wiley Online Library,"Tue, 22 Oct 2013 07:00:00 GMT",https://news.google.com/rss/articles/CBMiY0FVX3lxTE52NjdQRndRV3VUbmJCWXRkZ19JQWhsS3VpN19BMzYzbWcwakhFQnZuT09sczdsYVpheDZtdUVWWHhkVlFtNUxSSnd2eTRNX0ExR2Vjb01CTGpsSEludDQtRklsNA?oc=5,Wiley Online Library,"<a href=""https://news.google.com/rss/articles/CBMiY0FVX3lxTE52NjdQRndRV3VUbmJCWXRkZ19JQWhsS3VpN19BMzYzbWcwakhFQnZuT09sczdsYVpheDZtdUVWWHhkVlFtNUxSSnd2eTRNX0ExR2Vjb01CTGpsSEludDQtRklsNA?oc=5"" target=""_blank"">Fungal diseases mimicking primary lung cancer: radiologic–pathologic correlation - Gazzoni - 2014 - Mycoses</a>&nbsp;&nbsp;<font color=""#6f6f6f"">Wiley Online Library</font>"
2013-11,"""valley fever""",Valley Fever Awareness - Arizona Department of Health Services (.gov),"Thu, 14 Nov 2013 08:00:00 GMT",https://news.google.com/rss/articles/CBMib0FVX3lxTE5QSm5tUEhORjdsQ2ZydTgzOHE2SWJsTlF6aGlEcmJJT3BZVnVFOEJOOGVSUlQ4YVptRHhqNS1IY2h3ODR0T2cwUlpXUmIwVmdPYjBfZFlISDZLYTN2VnZBVVF3bVV2cFdpLXNqekpORQ?oc=5,Arizona Department of Health Services (.gov),"<a href=""https://news.google.com/rss/articles/CBMib0FVX3lxTE5QSm5tUEhORjdsQ2ZydTgzOHE2SWJsTlF6aGlEcmJJT3BZVnVFOEJOOGVSUlQ4YVptRHhqNS1IY2h3ODR0T2cwUlpXUmIwVmdPYjBfZFlISDZLYTN2VnZBVVF3bVV2cFdpLXNqekpORQ?oc=5"" target=""_blank"">Valley Fever Awareness</a>&nbsp;&nbsp;<font color=""#6f6f6f"">Arizona Department of Health Services (.gov)</font>"
2013-11,"""valley fever""","James H. Steele, Pioneer in Veterinary Public Health, Dies at 100 (Published 2013) - The New York Times","Thu, 21 Nov 2013 08:00:00 GMT",https://news.google.com/rss/articles/CBMiqAFBVV95cUxOMndSbm8tZnZSSlI3VmdMQUEtZE9abTVvbGpJQU04LV8tdmVjMnhacDExZU1MR0RCS3JoS3pzSVlSaFdrN090YWxtbFJrbUVOSjE3SXNwVnFYaXdaamxKVkp1Wm5UVkRua3V5TEdOYzBPWVlMcHVYTjZDOFRUMDJvNVd1RHlsMGU3LVRqbHN5MnBUd0doVnBUcmlJU3NtYWRyUHQyTEF4TFk?oc=5,The New York Times,"<a href=""https://news.google.com/rss/articles/CBMiqAFBVV95cUxOMndSbm8tZnZSSlI3VmdMQUEtZE9abTVvbGpJQU04LV8tdmVjMnhacDExZU1MR0RCS3JoS3pzSVlSaFdrN090YWxtbFJrbUVOSjE3SXNwVnFYaXdaamxKVkp1Wm5UVkRua3V5TEdOYzBPWVlMcHVYTjZDOFRUMDJvNVd1RHlsMGU3LVRqbHN5MnBUd0doVnBUcmlJU3NtYWRyUHQyTEF4TFk?oc=5"" target=""_blank"">James H. Steele, Pioneer in Veterinary Public Health, Dies at 100 (Published 2013)</a>&nbsp;&nbsp;<font color=""#6f6f6f"">The New York Times</font>"
2013-11,"""valley fever""",Karl Marx Is the World’s Most Influential Scholar - Smithsonian Magazine,"Wed, 06 Nov 2013 08:00:00 GMT",https://news.google.com/rss/articles/CBMiowFBVV95cUxQZi1aNEJfS3IwaWpoMm5WejBOUTNsckNBbUM5dWZoMzF6OGVFYVk3Q2ZpVVU1cmV1VkhaZHdSM2JvS253ajdfajczY25sUGVndDZjS1dsV2FmcDNITXc4SmpOYXFydlJCZTVTa0xpbXVVVVFnSWJOZS1tY1lLajlzcXkwQ01zVGdRX0VfZUdYOW1fVDlQMmNlRTRBZGdlRXV0YVZj?oc=5,Smithsonian Magazine,"<a href=""https://news.google.com/rss/articles/CBMiowFBVV95cUxQZi1aNEJfS3IwaWpoMm5WejBOUTNsckNBbUM5dWZoMzF6OGVFYVk3Q2ZpVVU1cmV1VkhaZHdSM2JvS253ajdfajczY25sUGVndDZjS1dsV2FmcDNITXc4SmpOYXFydlJCZTVTa0xpbXVVVVFnSWJOZS1tY1lLajlzcXkwQ01zVGdRX0VfZUdYOW1fVDlQMmNlRTRBZGdlRXV0YVZj?oc=5"" target=""_blank"">Karl Marx Is the World’s Most Influential Scholar</a>&nbsp;&nbsp;<font color=""#6f6f6f"">Smithsonian Magazine</font>"
2013-11,"""San Joaquin Valley"" fever",Seems as if all of Fresno has adopted the Bulldogs - Los Angeles Times,"Thu, 21 Nov 2013 08:00:00 GMT",https://news.google.com/rss/articles/CBMihwFBVV95cUxNaVY2QWhWMWJyckFXbVRUSjZBWDY4M081d1h5M1VQYnpFNThYU2xYSnVERXZWY016TmRUd043MGdhR2Q1QUM3T2N2b1hXdTVDTjlkaWtNYVFhTWUxVGVxbURVQV91SmlvUnJjeUxvdGxlNDUyS2xabG9OUlZEWHZ5RVZzSzNTRTg?oc=5,Los Angeles Times,"<a href=""https://news.google.com/rss/articles/CBMihwFBVV95cUxNaVY2QWhWMWJyckFXbVRUSjZBWDY4M081d1h5M1VQYnpFNThYU2xYSnVERXZWY016TmRUd043MGdhR2Q1QUM3T2N2b1hXdTVDTjlkaWtNYVFhTWUxVGVxbURVQV91SmlvUnJjeUxvdGxlNDUyS2xabG9OUlZEWHZ5RVZzSzNTRTg?oc=5"" target=""_blank"">Seems as if all of Fresno has adopted the Bulldogs</a>&nbsp;&nbsp;<font color=""#6f6f6f"">Los Angeles Times</font>"
2013-12,"""valley fever""","Systematic review of severe fever with thrombocytopenia syndrome:virology, epidemiology, and clinical characteristics - Wiley Online Library","Fri, 06 Dec 2013 08:00:00 GMT",https://news.google.com/rss/articles/CBMiYkFVX3lxTE8yU2ZsR2lOOGdiVlZHUE1IZG1wS09QSWNZaUdRZmpxbmJGQ2R4eXQ5TjE1NTJST3dDQkFXdTJnNUhsTFhJWXA2TjlfR0VNaXRmSzRWdzVLbUprbWZxR1FGV0tR?oc=5,Wiley Online Library,"<a href=""https://news.google.com/rss/articles/CBMiYkFVX3lxTE8yU2ZsR2lOOGdiVlZHUE1IZG1wS09QSWNZaUdRZmpxbmJGQ2R4eXQ5TjE1NTJST3dDQkFXdTJnNUhsTFhJWXA2TjlfR0VNaXRmSzRWdzVLbUprbWZxR1FGV0tR?oc=5"" target=""_blank"">Systematic review of severe fever with thrombocytopenia syndrome:virology, epidemiology, and clinical characteristics</a>&nbsp;&nbsp;<font color=""#6f6f6f"">Wiley Online Library</font>"
2014-01,"""valley fever""",Death Dust - The New Yorker,"Sun, 12 Jan 2014 08:00:00 GMT",https://news.google.com/rss/articles/CBMiZ0FVX3lxTE9uUGhVWHZ5NXNWeFJVTVRYdG00SzFKeWZabjB1cXBIS0pSZDlnQVpDSW0tbzQ3REhrUDJTYlI3b25wUi1kUEVMYUJLM2o4aXVKVzRFNkFtdlN4ODcwV2xpb05VVVlKZWc?oc=5,The New Yorker,"<a href=""https://news.google.com/rss/articles/CBMiZ0FVX3lxTE9uUGhVWHZ5NXNWeFJVTVRYdG00SzFKeWZabjB1cXBIS0pSZDlnQVpDSW0tbzQ3REhrUDJTYlI3b25wUi1kUEVMYUJLM2o4aXVKVzRFNkFtdlN4ODcwV2xpb05VVVlKZWc?oc=5"" target=""_blank"">Death Dust</a>&nbsp;&nbsp;<font color=""#6f6f6f"">The New Yorker</font>"
2014-01,"""valley fever""",The Silent Epidemic Known as Valley Fever - Congressman Schweikert (.gov),"Tue, 28 Jan 2014 08:00:00 GMT",https://news.google.com/rss/articles/CBMigAFBVV95cUxNWURIS3NoMXhHbEdka211cDcxRHp1ZGZvZ2lZd0tEN2VtMmljb29ta3BDYnNaYm1yVWxyZEt6VEVpM21YSXI2NGw1b2NaTm4tX2o3RGdvM21BMmZDeUlWeC15RGVtZGFuQnNwNUlDOXFjcFZYZkJfM3pHQm9DQU5zeg?oc=5,Congressman Schweikert (.gov),"<a href=""https://news.google.com/rss/articles/CBMigAFBVV95cUxNWURIS3NoMXhHbEdka211cDcxRHp1ZGZvZ2lZd0tEN2VtMmljb29ta3BDYnNaYm1yVWxyZEt6VEVpM21YSXI2NGw1b2NaTm4tX2o3RGdvM21BMmZDeUlWeC15RGVtZGFuQnNwNUlDOXFjcFZYZkJfM3pHQm9DQU5zeg?oc=5"" target=""_blank"">The Silent Epidemic Known as Valley Fever</a>&nbsp;&nbsp;<font color=""#6f6f6f"">Congressman Schweikert (.gov)</font>"
2014-02,"""valley fever""",Natural Disasters Bring Risk of Fungal Infections - NBC News,"Wed, 12 Feb 2014 08:00:00 GMT",https://news.google.com/rss/articles/CBMiUEFVX3lxTE4zSll0OTdjbUlhcGdNSU02ME1kQVFRRExJbEJwSnVYYzVQWFM2aVhOalh0Y0Y2X3RsOWJIY1Z2UUtBZlZUTXlXZXlpM28yMTFN0gFYQVVfeXFMT3BVMG9GYWtFdUNNRW4xcVpyZHNzTTJGRWtqU0J5XzdZRGh6UjhtUGUzWVpGanl5WVA0NHVBbUU1T1dyTlZ2cHp1SVBBVVNzQUtCdEZBc3dZeg?oc=5,NBC News,"<a href=""https://news.google.com/rss/articles/CBMiUEFVX3lxTE4zSll0OTdjbUlhcGdNSU02ME1kQVFRRExJbEJwSnVYYzVQWFM2aVhOalh0Y0Y2X3RsOWJIY1Z2UUtBZlZUTXlXZXlpM28yMTFN0gFYQVVfeXFMT3BVMG9GYWtFdUNNRW4xcVpyZHNzTTJGRWtqU0J5XzdZRGh6UjhtUGUzWVpGanl5WVA0NHVBbUU1T1dyTlZ2cHp1SVBBVVNzQUtCdEZBc3dZeg?oc=5"" target=""_blank"">Natural Disasters Bring Risk of Fungal Infections</a>&nbsp;&nbsp;<font color=""#6f6f6f"">NBC News</font>"
2014-02,"""valley fever""",Beyond Malaria — Causes of Fever in Outpatient Tanzanian Children | New England Journal of Medicine - The New England Journal of Medicine,"Thu, 27 Feb 2014 08:00:00 GMT",https://news.google.com/rss/articles/CBMiYEFVX3lxTE80dTNyNlVWQTlJVjdJdi1VTExyY015S1ZwSnBvM1B6eDR6cDYzcVdrVEdDQmpSRmRNYU91MzAzaGxLQUtPcHJETGxFWGVTeGl5Ty03R1VQLVk0LWJFZ1o1Rw?oc=5,The New England Journal of Medicine,"<a href=""https://news.google.com/rss/articles/CBMiYEFVX3lxTE80dTNyNlVWQTlJVjdJdi1VTExyY015S1ZwSnBvM1B6eDR6cDYzcVdrVEdDQmpSRmRNYU91MzAzaGxLQUtPcHJETGxFWGVTeGl5Ty03R1VQLVk0LWJFZ1o1Rw?oc=5"" target=""_blank"">Beyond Malaria — Causes of Fever in Outpatient Tanzanian Children | New England Journal of Medicine</a>&nbsp;&nbsp;<font color=""#6f6f6f"">The New England Journal of Medicine</font>"
2014-02,"""valley fever""",Voices Of The Drought: Nurseryman Jon Reelhorn - KVPR,"Mon, 24 Feb 2014 08:00:00 GMT",https://news.google.com/rss/articles/CBMikwFBVV95cUxPYzNQc0QweVFXT2N0RG52dnZBUDV2N2lvZEFmZHA0RVFSbnlXR3RobFJtZWtXQk5UamZNM3NlOWE0TmJ2VUNiWGwxYXNNOGIwM3J3dk9NUnRtLVo5VHRwU2lPeDB3THNOaXJPbHV3aHMtamFZUkRUVzI1WHRqT005RGd2eUJQVzVQd1piVHFHcWxqaVE?oc=5,KVPR,"<a href=""https://news.google.com/rss/articles/CBMikwFBVV95cUxPYzNQc0QweVFXT2N0RG52dnZBUDV2N2lvZEFmZHA0RVFSbnlXR3RobFJtZWtXQk5UamZNM3NlOWE0TmJ2VUNiWGwxYXNNOGIwM3J3dk9NUnRtLVo5VHRwU2lPeDB3THNOaXJPbHV3aHMtamFZUkRUVzI1WHRqT005RGd2eUJQVzVQd1piVHFHcWxqaVE?oc=5"" target=""_blank"">Voices Of The Drought: Nurseryman Jon Reelhorn</a>&nbsp;&nbsp;<font color=""#6f6f6f"">KVPR</font>"
2014-02,"""valley fever""",Opinion | The Dust Bowl Returns (Published 2014) - The New York Times,"Sun, 09 Feb 2014 08:00:00 GMT",https://news.google.com/rss/articles/CBMieEFVX3lxTFBKWXAzVEVoeE9tQzBkS2JRczB0RTkzVDJtN0pLdDZIRFZZcGkwWHZweXVrT1gtYWhXYl91LTNFVmdLeWZNZlRfQXZ3UGF0VktxOFFYeEZQSVJKcm1uWURnbzV1S0Z3NTFzNDBNM1BZWm45bDE2QldZYg?oc=5,The New York Times,"<a href=""https://news.google.com/rss/articles/CBMieEFVX3lxTFBKWXAzVEVoeE9tQzBkS2JRczB0RTkzVDJtN0pLdDZIRFZZcGkwWHZweXVrT1gtYWhXYl91LTNFVmdLeWZNZlRfQXZ3UGF0VktxOFFYeEZQSVJKcm1uWURnbzV1S0Z3NTFzNDBNM1BZWm45bDE2QldZYg?oc=5"" target=""_blank"">Opinion | The Dust Bowl Returns (Published 2014)</a>&nbsp;&nbsp;<font color=""#6f6f6f"">The New York Times</font>"
2014-02,"""valley fever""","Bronson Arroyo, D-backs reach deal - abcnews.com","Fri, 07 Feb 2014 08:00:00 GMT",https://news.google.com/rss/articles/CBMiggFBVV95cUxOVEJXdkVIU3JHbmNoaUZuYkI0anV1bEducmpobkpnTW44RVZPZnAwWmw1RU95N1B5R0h0UjlkRG1FSkRUOC1EZlhnLUlOUjNDbHZrOGlNUWxDNTlpaEstdFk3WlRFemhZRkFVZlRWSno0V0tWWkhXYUNUVlRRU1NxLWtR0gGHAUFVX3lxTE45Y3czNm9HZkR5bTk5WVM2VUNMd0ducFNEYzQzY2JPSG1xM0owOTFjUHJtMFl6bzBiQ0JwR2pTVVFqYmJwQ0FjRkpHazZkUWt4X2lVLW11NkNxM3pLZGpYcWxNam5VNUNWaE44Q0FCZ01BMnJyblFqbElFeGlqOWdRUWZNNjdHWQ?oc=5,abcnews.com,"<a href=""https://news.google.com/rss/articles/CBMiggFBVV95cUxOVEJXdkVIU3JHbmNoaUZuYkI0anV1bEducmpobkpnTW44RVZPZnAwWmw1RU95N1B5R0h0UjlkRG1FSkRUOC1EZlhnLUlOUjNDbHZrOGlNUWxDNTlpaEstdFk3WlRFemhZRkFVZlRWSno0V0tWWkhXYUNUVlRRU1NxLWtR0gGHAUFVX3lxTE45Y3czNm9HZkR5bTk5WVM2VUNMd0ducFNEYzQzY2JPSG1xM0owOTFjUHJtMFl6bzBiQ0JwR2pTVVFqYmJwQ0FjRkpHazZkUWt4X2lVLW11NkNxM3pLZGpYcWxNam5VNUNWaE44Q0FCZ01BMnJyblFqbElFeGlqOWdRUWZNNjdHWQ?oc=5"" target=""_blank"">Bronson Arroyo, D-backs reach deal</a>&nbsp;&nbsp;<font color=""#6f6f6f"">abcnews.com</font>"
2014-02,"""valley fever""","MARK CERRO Obituary (04/18/1958 - 02/07/2014) - Bakersfield, CA - Bakersfield Californian - Legacy obituary","Fri, 14 Feb 2014 08:00:00 GMT",https://news.google.com/rss/articles/CBMijgFBVV95cUxQeXJjUFlBb0Q4UFk2anl4YkNmc2hRNVVLaDJ0eE1TWkw1ellnTHJSaF96dU15dTdmNHZLeUJwaU1rRjJSMmY2WE0zbjROdllMX0RnaE11Z05ydW5JMkpsZlNRX3Vvb1E3WkZydnlGNExvNHJWYjFTVWFUSFR1eHNPakFuUkVyTzR1R2hiNVZ3?oc=5,Legacy obituary,"<a href=""https://news.google.com/rss/articles/CBMijgFBVV95cUxQeXJjUFlBb0Q4UFk2anl4YkNmc2hRNVVLaDJ0eE1TWkw1ellnTHJSaF96dU15dTdmNHZLeUJwaU1rRjJSMmY2WE0zbjROdllMX0RnaE11Z05ydW5JMkpsZlNRX3Vvb1E3WkZydnlGNExvNHJWYjFTVWFUSFR1eHNPakFuUkVyTzR1R2hiNVZ3?oc=5"" target=""_blank"">MARK CERRO Obituary (04/18/1958 - 02/07/2014) - Bakersfield, CA - Bakersfield Californian</a>&nbsp;&nbsp;<font color=""#6f6f6f"">Legacy obituary</font>"
2014-02,coccidioidomycosis,Verrucous Nodule on the Upper Lip - MDedge,"Tue, 11 Feb 2014 08:00:00 GMT",https://news.google.com/rss/articles/CBMijAFBVV95cUxQbXZyZS1WaG1lQW5MdW9EUE5xd1V5Q2ZPZUdqcUVQYVBEajZIOUk2X1c0dE1xdjF6WnNuM1cxZm1jbDI2Mmg3NS04ZzVweW1YVkp3SF8yMXNSbnpZX3djZFBsclJhWEFyS1ljNXdoT05tSGFZdm1YcFM5eWZkNXJGbzBybDVmTm4wTV9ZNQ?oc=5,MDedge,"<a href=""https://news.google.com/rss/articles/CBMijAFBVV95cUxQbXZyZS1WaG1lQW5MdW9EUE5xd1V5Q2ZPZUdqcUVQYVBEajZIOUk2X1c0dE1xdjF6WnNuM1cxZm1jbDI2Mmg3NS04ZzVweW1YVkp3SF8yMXNSbnpZX3djZFBsclJhWEFyS1ljNXdoT05tSGFZdm1YcFM5eWZkNXJGbzBybDVmTm4wTV9ZNQ?oc=5"" target=""_blank"">Verrucous Nodule on the Upper Lip</a>&nbsp;&nbsp;<font color=""#6f6f6f"">MDedge</font>"
2014-03,"""valley fever""","Insight: Deadly Dust: Valley Fever In The West / ""Immigrants"" / Donna Reads / Dee Maaske - capradio.org","Wed, 19 Mar 2014 07:00:00 GMT",https://news.google.com/rss/articles/CBMickFVX3lxTE02WGdCOUJRWG1qN3RUQnJ6SXVDLXVWcWVyYjRrd3FnNGdORlg2NFpmVVFTSnJqNExMSFR0S09IQmFvN3dvZlZVZVFFVlBEQjc5T2xaMjNTdG1aSnVjd3B3aERVZngzang0cExvZGpERzdzQQ?oc=5,capradio.org,"<a href=""https://news.google.com/rss/articles/CBMickFVX3lxTE02WGdCOUJRWG1qN3RUQnJ6SXVDLXVWcWVyYjRrd3FnNGdORlg2NFpmVVFTSnJqNExMSFR0S09IQmFvN3dvZlZVZVFFVlBEQjc5T2xaMjNTdG1aSnVjd3B3aERVZngzang0cExvZGpERzdzQQ?oc=5"" target=""_blank"">Insight: Deadly Dust: Valley Fever In The West / ""Immigrants"" / Donna Reads / Dee Maaske</a>&nbsp;&nbsp;<font color=""#6f6f6f"">capradio.org</font>"
2014-03,"""valley fever""","Dust, the Ledger of Past Existence - The Atlantic","Fri, 14 Mar 2014 07:00:00 GMT",https://news.google.com/rss/articles/CBMinAFBVV95cUxNUmJ4Wm5XSDdyX1NJb3RZM0RIV2ZnWWhERWtNSGF2b1FYMENZMVUyS1ZJdy1mdndKNDdxUlRHZjZDaVFyd1YxR1Z2aEpoSTA4Q1BMR09IQWdGMzM5aVpueW5vRW1OUHVLX0VMdWYzck5rRF9PS2xUUGo4V1ZBeE9Sa2xxWENUQ3NUak95UXMxT0h2ZjFvcWtwQzB6Vno?oc=5,The Atlantic,"<a href=""https://news.google.com/rss/articles/CBMinAFBVV95cUxNUmJ4Wm5XSDdyX1NJb3RZM0RIV2ZnWWhERWtNSGF2b1FYMENZMVUyS1ZJdy1mdndKNDdxUlRHZjZDaVFyd1YxR1Z2aEpoSTA4Q1BMR09IQWdGMzM5aVpueW5vRW1OUHVLX0VMdWYzck5rRF9PS2xUUGo4V1ZBeE9Sa2xxWENUQ3NUak95UXMxT0h2ZjFvcWtwQzB6Vno?oc=5"" target=""_blank"">Dust, the Ledger of Past Existence</a>&nbsp;&nbsp;<font color=""#6f6f6f"">The Atlantic</font>"
2014-03,"""valley fever""",Botswana National Veterinary Laboratory Improves Cattle Exports - International Atomic Energy Agency,"Sat, 01 Mar 2014 08:00:00 GMT",https://news.google.com/rss/articles/CBMioAFBVV95cUxNT1ZGNDhuZmhLWHN3ZE5lTU02cFlOQktJeHRDcUxsclMzUDEtckxWSWR6YS1fNmp0SG1vVXNiaTBFb21ncFFOTFFlaXJyVllZWEY4QmQ5MTc1Z3RCRkN5WWstTE5XR3VvNGxHZDhFR01wQW9PY09sTFB4X3dGOWhTbmU0YzR1WFdCak16cUhWQ0lxTWxxZjMzWWVBMVd3SHFn?oc=5,International Atomic Energy Agency,"<a href=""https://news.google.com/rss/articles/CBMioAFBVV95cUxNT1ZGNDhuZmhLWHN3ZE5lTU02cFlOQktJeHRDcUxsclMzUDEtckxWSWR6YS1fNmp0SG1vVXNiaTBFb21ncFFOTFFlaXJyVllZWEY4QmQ5MTc1Z3RCRkN5WWstTE5XR3VvNGxHZDhFR01wQW9PY09sTFB4X3dGOWhTbmU0YzR1WFdCak16cUhWQ0lxTWxxZjMzWWVBMVd3SHFn?oc=5"" target=""_blank"">Botswana National Veterinary Laboratory Improves Cattle Exports</a>&nbsp;&nbsp;<font color=""#6f6f6f"">International Atomic Energy Agency</font>"
2014-03,"""valley fever""",Trying to Save Merle Haggard's Old Home (a Boxcar) - Worcester Telegram,"Sun, 02 Mar 2014 08:00:00 GMT",https://news.google.com/rss/articles/CBMikgFBVV95cUxNeGx3SWc1Z29XN3NGaGgwaUlOZ3pGOG5MUnZXWFpzckQ3X3JlYXByQ3k3WHN3ZnpHSDZVcU9aZ1ZLdWtrY1U4SkF3RW8ycFZIMlo1dGQtdWtFOUtKRjF3cE82eHRJRU1ZY29HMjhKNWpvMU83MXJrNFd4RzYycVR4dVFPWk9FQWZTSHdNaUxZTkVVQQ?oc=5,Worcester Telegram,"<a href=""https://news.google.com/rss/articles/CBMikgFBVV95cUxNeGx3SWc1Z29XN3NGaGgwaUlOZ3pGOG5MUnZXWFpzckQ3X3JlYXByQ3k3WHN3ZnpHSDZVcU9aZ1ZLdWtrY1U4SkF3RW8ycFZIMlo1dGQtdWtFOUtKRjF3cE82eHRJRU1ZY29HMjhKNWpvMU83MXJrNFd4RzYycVR4dVFPWk9FQWZTSHdNaUxZTkVVQQ?oc=5"" target=""_blank"">Trying to Save Merle Haggard's Old Home (a Boxcar)</a>&nbsp;&nbsp;<font color=""#6f6f6f"">Worcester Telegram</font>"
2014-03,"""valley fever""",Harold Ramis’ death puts vasculitis in the spotlight - Chicago Tribune,"Fri, 14 Mar 2014 07:00:00 GMT",https://news.google.com/rss/articles/CBMinAFBVV95cUxOLUVQNkhuczBucHMzbmRwMmh1bXFGU0tUMmlwNHVkRWpOalJGcEJfd1hyQ0hyR0RHdjVuUnFjSU9SS1ZORkE2SzdwVFFXckN6QjlfS2pKdU1iSDlZMEgwQnhQRkUtWjFvZjJmeFBKdllHeGJOM3plb1lWYkFEUUpEcWlwejZSbmMzMkhfVXhjTjB2dkZ5bUpIUXBrVWE?oc=5,Chicago Tribune,"<a href=""https://news.google.com/rss/articles/CBMinAFBVV95cUxOLUVQNkhuczBucHMzbmRwMmh1bXFGU0tUMmlwNHVkRWpOalJGcEJfd1hyQ0hyR0RHdjVuUnFjSU9SS1ZORkE2SzdwVFFXckN6QjlfS2pKdU1iSDlZMEgwQnhQRkUtWjFvZjJmeFBKdllHeGJOM3plb1lWYkFEUUpEcWlwejZSbmMzMkhfVXhjTjB2dkZ5bUpIUXBrVWE?oc=5"" target=""_blank"">Harold Ramis’ death puts vasculitis in the spotlight</a>&nbsp;&nbsp;<font color=""#6f6f6f"">Chicago Tribune</font>"
2014-03,"""valley fever""","CDC: New disease spread by common “lone star” ticks, which live throughout Florida - The Palm Beach Post","Thu, 27 Mar 2014 07:00:00 GMT",https://news.google.com/rss/articles/CBMirgFBVV95cUxOYW5PMGpzN0pFdlJtbmVpR2M1VTBxRndBTFBLLUJSM2Q2OUZsRmlfcVRDYl9qNnNGaTdfRlUwQWQxLUJ5X0pncWhfOUJnUzN2R3dwN2htUUdEOUl1WGNwM2d6eHVaaEtzdkZUYkhkZ3V0U0dTcC1wRnhLQUdFMlFsMTlRZ24yMHNGQ1NmU3VLYkpoZC1Pd1RaS3hYRkptWU5tT1RNNHNZYUZfRUpVblE?oc=5,The Palm Beach Post,"<a href=""https://news.google.com/rss/articles/CBMirgFBVV95cUxOYW5PMGpzN0pFdlJtbmVpR2M1VTBxRndBTFBLLUJSM2Q2OUZsRmlfcVRDYl9qNnNGaTdfRlUwQWQxLUJ5X0pncWhfOUJnUzN2R3dwN2htUUdEOUl1WGNwM2d6eHVaaEtzdkZUYkhkZ3V0U0dTcC1wRnhLQUdFMlFsMTlRZ24yMHNGQ1NmU3VLYkpoZC1Pd1RaS3hYRkptWU5tT1RNNHNZYUZfRUpVblE?oc=5"" target=""_blank"">CDC: New disease spread by common “lone star” ticks, which live throughout Florida</a>&nbsp;&nbsp;<font color=""#6f6f6f"">The Palm Beach Post</font>"
2014-03,"""valley fever""","Victor Lasseter Obituary (04/20/1939 - 03/13/2014) - Bakersfield, CA - Bakersfield Californian - Legacy obituary","Fri, 21 Mar 2014 07:00:00 GMT",https://news.google.com/rss/articles/CBMilAFBVV95cUxOa3FvVHZiNGVGdG1BSXpBSjYzM25WZnJZRURYWkItNmMxZzc3Nl9tMjVYS3VobVRxajZkek9EYzhkQnY0VVVNM1Y3RDMtb3ViQU5NY0o4LUVUa0FWMFFKMHhtcks0V2VjU1RWcmhFVGNfd3pRT3NyVEpmbV9UMEZWcG9tdTloNXNSeU9yR2I3OUc2Tjcy?oc=5,Legacy obituary,"<a href=""https://news.google.com/rss/articles/CBMilAFBVV95cUxOa3FvVHZiNGVGdG1BSXpBSjYzM25WZnJZRURYWkItNmMxZzc3Nl9tMjVYS3VobVRxajZkek9EYzhkQnY0VVVNM1Y3RDMtb3ViQU5NY0o4LUVUa0FWMFFKMHhtcks0V2VjU1RWcmhFVGNfd3pRT3NyVEpmbV9UMEZWcG9tdTloNXNSeU9yR2I3OUc2Tjcy?oc=5"" target=""_blank"">Victor Lasseter Obituary (04/20/1939 - 03/13/2014) - Bakersfield, CA - Bakersfield Californian</a>&nbsp;&nbsp;<font color=""#6f6f6f"">Legacy obituary</font>"
2014-03,"""valley fever""",Utah: Land of Secrets - Salt Lake Magazine,"Sat, 01 Mar 2014 08:00:00 GMT",https://news.google.com/rss/articles/CBMiX0FVX3lxTE0zeFhxZzg1QkE0TXVTTUhwaHhPM2J6SkFVejhfVXNXNUlSdXFDQWJSMTV0bWswRHpPa1BnZTA1eldqVDJmSG9EcU1DN1hESm0xQTRXUXNQbmlyM1lCZGdj?oc=5,Salt Lake Magazine,"<a href=""https://news.google.com/rss/articles/CBMiX0FVX3lxTE0zeFhxZzg1QkE0TXVTTUhwaHhPM2J6SkFVejhfVXNXNUlSdXFDQWJSMTV0bWswRHpPa1BnZTA1eldqVDJmSG9EcU1DN1hESm0xQTRXUXNQbmlyM1lCZGdj?oc=5"" target=""_blank"">Utah: Land of Secrets</a>&nbsp;&nbsp;<font color=""#6f6f6f"">Salt Lake Magazine</font>"
2014-03,"""valley fever""","Video: 7-Eleven Customers Pull Guns on Each Other, One Shot - Phoenix New Times","Thu, 06 Mar 2014 08:00:00 GMT",https://news.google.com/rss/articles/CBMipgFBVV95cUxQQ0JrelZUSWh3aTFtX3p4OWdGMVpWUDRadmlUa0lFcG11M1N6WmItXzJEcjRIZmh2YXoxdU9kT09NbHJQY3FxOXlvb2hMY2hBR3dBaXZ1emM0R3BOa3ktMXFLcnhNLU43MVpJWjBNcDUyaWF6SXl6RHdQVG9wSHpLdTNnTnJ2YmxWQ0JNeFhZdTFyMlpONzNsTU9Vbm53b3FEblR5VUdR?oc=5,Phoenix New Times,"<a href=""https://news.google.com/rss/articles/CBMipgFBVV95cUxQQ0JrelZUSWh3aTFtX3p4OWdGMVpWUDRadmlUa0lFcG11M1N6WmItXzJEcjRIZmh2YXoxdU9kT09NbHJQY3FxOXlvb2hMY2hBR3dBaXZ1emM0R3BOa3ktMXFLcnhNLU43MVpJWjBNcDUyaWF6SXl6RHdQVG9wSHpLdTNnTnJ2YmxWQ0JNeFhZdTFyMlpONzNsTU9Vbm53b3FEblR5VUdR?oc=5"" target=""_blank"">Video: 7-Eleven Customers Pull Guns on Each Other, One Shot</a>&nbsp;&nbsp;<font color=""#6f6f6f"">Phoenix New Times</font>"
2014-04,"""valley fever""",Coccidioidomycosis: An Enduring Work-Related Disease - Centers for Disease Control and Prevention | CDC (.gov),"Wed, 23 Apr 2014 07:00:00 GMT",https://news.google.com/rss/articles/CBMicEFVX3lxTE5NVEVmWVdSZWRiMHdNei1MM3hTeDJNM2VMeXBwa2FpMFQwdjc0NEg0QTA1b3FOZXV6dFBoVnE0ZnNMLXg2azQzX3dNbGNFZ3pIR2Nrcnk0LXpndVJqT0JWQVNsMXI3WXBsUXhaQlVGLUc?oc=5,Centers for Disease Control and Prevention | CDC (.gov),"<a href=""https://news.google.com/rss/articles/CBMicEFVX3lxTE5NVEVmWVdSZWRiMHdNei1MM3hTeDJNM2VMeXBwa2FpMFQwdjc0NEg0QTA1b3FOZXV6dFBoVnE0ZnNMLXg2azQzX3dNbGNFZ3pIR2Nrcnk0LXpndVJqT0JWQVNsMXI3WXBsUXhaQlVGLUc?oc=5"" target=""_blank"">Coccidioidomycosis: An Enduring Work-Related Disease</a>&nbsp;&nbsp;<font color=""#6f6f6f"">Centers for Disease Control and Prevention | CDC (.gov)</font>"
2014-04,"""valley fever""",This infographic reveals the world's deadliest animals — and it's not even close - Business Insider,"Mon, 28 Apr 2014 07:00:00 GMT",https://news.google.com/rss/articles/CBMijgFBVV95cUxPS3RYdjlrS3B5VjAxTk5xRDl1U3BDaTl6TTljY2QxUS1zY01mc3dwR0ZWTnVaX01EQTdpbTNLY1M3Um9YSXF6Tk0tVU5oclR1WUp6b1VqQU1BTFRrZmhWZkNxanN1QTJhM3VDeUI0RGZMNjFLQlF1TkQxN0xJZ2xmd3lZQjlwQU5NWlhxN01n?oc=5,Business Insider,"<a href=""https://news.google.com/rss/articles/CBMijgFBVV95cUxPS3RYdjlrS3B5VjAxTk5xRDl1U3BDaTl6TTljY2QxUS1zY01mc3dwR0ZWTnVaX01EQTdpbTNLY1M3Um9YSXF6Tk0tVU5oclR1WUp6b1VqQU1BTFRrZmhWZkNxanN1QTJhM3VDeUI0RGZMNjFLQlF1TkQxN0xJZ2xmd3lZQjlwQU5NWlhxN01n?oc=5"" target=""_blank"">This infographic reveals the world's deadliest animals — and it's not even close</a>&nbsp;&nbsp;<font color=""#6f6f6f"">Business Insider</font>"
2014-04,"""valley fever""",Bill Gates reveals the deadliest animal around - CBS News,"Tue, 29 Apr 2014 07:00:00 GMT",https://news.google.com/rss/articles/CBMiggFBVV95cUxQZGJNNWdhTUdVLUhrWFBqLWc3OWdiQ19HalpZYVhkeVY2cjZwRW4wSHdnY1RuXzBtY2dnYV9Kcklsa2VnU183aGpmQnM3am9LOGdOUTZ0UUFNeXNXVDNKaFEzRUNpRldmRUItdllLX3pFZzdoejZyLXdfdmROZmpuekJ30gGHAUFVX3lxTE5OQUVKSkJEMGN3R0FISm5pSHBwX21OZl96VjZZbW92dnBSWUhlcV8xWFN3cFdRQ05VVTZLY2MzQ3NqQm9WcWxoX3VLWmhfb2xfd2I2R1ZkelNuekppcHFlckhrUUY1eGM5VXdYTXBUdjd0M2xiZkc3WXd6ZzNXV0l5UDBpZUhMdw?oc=5,CBS News,"<a href=""https://news.google.com/rss/articles/CBMiggFBVV95cUxQZGJNNWdhTUdVLUhrWFBqLWc3OWdiQ19HalpZYVhkeVY2cjZwRW4wSHdnY1RuXzBtY2dnYV9Kcklsa2VnU183aGpmQnM3am9LOGdOUTZ0UUFNeXNXVDNKaFEzRUNpRldmRUItdllLX3pFZzdoejZyLXdfdmROZmpuekJ30gGHAUFVX3lxTE5OQUVKSkJEMGN3R0FISm5pSHBwX21OZl96VjZZbW92dnBSWUhlcV8xWFN3cFdRQ05VVTZLY2MzQ3NqQm9WcWxoX3VLWmhfb2xfd2I2R1ZkelNuekppcHFlckhrUUY1eGM5VXdYTXBUdjd0M2xiZkc3WXd6ZzNXV0l5UDBpZUhMdw?oc=5"" target=""_blank"">Bill Gates reveals the deadliest animal around</a>&nbsp;&nbsp;<font color=""#6f6f6f"">CBS News</font>"
2014-04,"""valley fever""","As U.S. warms, dangerous mosquito thrives - CNN","Wed, 30 Apr 2014 07:00:00 GMT",https://news.google.com/rss/articles/CBMigwFBVV95cUxPd1pJN0dqS19TUEhjak5Wd2Y2dUlNc0t2YTBob3ZNY2RSR0lxOHNsc1dhWHk4TGJvNnJibFpHcWJvUUNYZUdjNENmR3dGLXpJb0tZRUdOVmpfWkQ5MlZneF9haFZfRXZ4c2t2NW9RT05YakVIcldyUWZWZFFZamVmNFBzcw?oc=5,CNN,"<a href=""https://news.google.com/rss/articles/CBMigwFBVV95cUxPd1pJN0dqS19TUEhjak5Wd2Y2dUlNc0t2YTBob3ZNY2RSR0lxOHNsc1dhWHk4TGJvNnJibFpHcWJvUUNYZUdjNENmR3dGLXpJb0tZRUdOVmpfWkQ5MlZneF9haFZfRXZ4c2t2NW9RT05YakVIcldyUWZWZFFZamVmNFBzcw?oc=5"" target=""_blank"">As U.S. warms, dangerous mosquito thrives</a>&nbsp;&nbsp;<font color=""#6f6f6f"">CNN</font>"
2014-04,"""valley fever""",Pirates Acquire Ike Davis From Mets - MLB Trade Rumors,"Sat, 19 Apr 2014 07:00:00 GMT",https://news.google.com/rss/articles/CBMiigFBVV95cUxOLXU0NW53ZzBEc0IwNV92ajFOZkprWFQ2MXNFYkM0UTNaUFZUN2ZGNGdUbml4cjk3cG1jVzk0a1BZNVRQVHBOZVJ5eDdGQU9WTHBaV3hERHBmbnRZWFZ3SS14c0tnZnVrelcxQU9meUMzLWVySXJwNlJBRlhWeUlDcUIxTk4yT3ZKc2c?oc=5,MLB Trade Rumors,"<a href=""https://news.google.com/rss/articles/CBMiigFBVV95cUxOLXU0NW53ZzBEc0IwNV92ajFOZkprWFQ2MXNFYkM0UTNaUFZUN2ZGNGdUbml4cjk3cG1jVzk0a1BZNVRQVHBOZVJ5eDdGQU9WTHBaV3hERHBmbnRZWFZ3SS14c0tnZnVrelcxQU9meUMzLWVySXJwNlJBRlhWeUlDcUIxTk4yT3ZKc2c?oc=5"" target=""_blank"">Pirates Acquire Ike Davis From Mets</a>&nbsp;&nbsp;<font color=""#6f6f6f"">MLB Trade Rumors</font>"
2014-04,"""valley fever""",Sudan welcomes Saudi decision to lift meat imports ban - Sudan Tribune,"Mon, 07 Apr 2014 07:00:00 GMT",https://news.google.com/rss/articles/CBMiT0FVX3lxTE9yLTJwak5fUGNzNWRrVFUzY1dqOFhDdkI4RTlEQWh2WDlFbVFKVDZQWnhWM0RyM0UwTlMzelhlNnFWZ2hKZmlTTUk1U1U3Tkk?oc=5,Sudan Tribune,"<a href=""https://news.google.com/rss/articles/CBMiT0FVX3lxTE9yLTJwak5fUGNzNWRrVFUzY1dqOFhDdkI4RTlEQWh2WDlFbVFKVDZQWnhWM0RyM0UwTlMzelhlNnFWZ2hKZmlTTUk1U1U3Tkk?oc=5"" target=""_blank"">Sudan welcomes Saudi decision to lift meat imports ban</a>&nbsp;&nbsp;<font color=""#6f6f6f"">Sudan Tribune</font>"
2014-04,"""valley fever""",11 Reasons Why Mosquitoes Are The Worst - Business Insider,"Mon, 07 Apr 2014 07:00:00 GMT",https://news.google.com/rss/articles/CBMif0FVX3lxTE9ZbEhyTE9kd1V1bHhvamlVaDB2U1NJdzlDQ1hJZFpPbjFoUFpyMjByLVB1R2s5S3lZc0REVzZkQVdWR2FlYS1lWTBuQ2FqM3RQci1IZzBmM0JKbU5sSXhkbkg1anF2N3Q0MWZYU25lLXB3akkxTl95dmRiQ2hZejg?oc=5,Business Insider,"<a href=""https://news.google.com/rss/articles/CBMif0FVX3lxTE9ZbEhyTE9kd1V1bHhvamlVaDB2U1NJdzlDQ1hJZFpPbjFoUFpyMjByLVB1R2s5S3lZc0REVzZkQVdWR2FlYS1lWTBuQ2FqM3RQci1IZzBmM0JKbU5sSXhkbkg1anF2N3Q0MWZYU25lLXB3akkxTl95dmRiQ2hZejg?oc=5"" target=""_blank"">11 Reasons Why Mosquitoes Are The Worst</a>&nbsp;&nbsp;<font color=""#6f6f6f"">Business Insider</font>"
2014-04,coccidioidomycosis,Coccidioidomycosis: An Enduring Work-Related Disease - Centers for Disease Control and Prevention | CDC (.gov),"Wed, 23 Apr 2014 07:00:00 GMT",https://news.google.com/rss/articles/CBMibEFVX3lxTE5ZZGg4NU5CQ0EtUlBTUVdqNFhUQWFkMkVqWllhV1NITWdlc0hIczVzMjhsUmNTVm5kV0JTV2hfdUpHMG1nSkZTV1lFSWlIaEMxRHZmN09jREZPMGFNNEI0SXQwcnRla0M0VE12TQ?oc=5,Centers for Disease Control and Prevention | CDC (.gov),"<a href=""https://news.google.com/rss/articles/CBMibEFVX3lxTE5ZZGg4NU5CQ0EtUlBTUVdqNFhUQWFkMkVqWllhV1NITWdlc0hIczVzMjhsUmNTVm5kV0JTV2hfdUpHMG1nSkZTV1lFSWlIaEMxRHZmN09jREZPMGFNNEI0SXQwcnRla0M0VE12TQ?oc=5"" target=""_blank"">Coccidioidomycosis: An Enduring Work-Related Disease</a>&nbsp;&nbsp;<font color=""#6f6f6f"">Centers for Disease Control and Prevention | CDC (.gov)</font>"
2014-05,"""valley fever""",Fungus That Causes Fatal Illness Found In WA State But No Need For Worry - NonStop Local KHQ,"Mon, 05 May 2014 07:00:00 GMT",https://news.google.com/rss/articles/CBMi4AFBVV95cUxPdVR5c1RuQlRFWFp2bEhBcGRteUllZ1hyWUhJTjUyQ0tYMVZXczRMY2tiYlJDY1lZRlhZWDVOR2dXckVuMHEwNkcyNzFzVm1jeWZiajROX0E0ZThnMGdkSFZFeUVhUWFISGxreC1aX3hVOUVmSlNWRWZZMEdGa2EyOHJVaW4zaDRYbXJTMzltajRKV1ZmOS1SUXZuT04tdC1ZYnJ4RjJvcmx4WUxjZi16YmM5S2dmSkltUld6VUdnanljU0lhM0ZURWZtRmZtb2cwUlQwM2ljd3FOT09qOXZwVg?oc=5,NonStop Local KHQ,"<a href=""https://news.google.com/rss/articles/CBMi4AFBVV95cUxPdVR5c1RuQlRFWFp2bEhBcGRteUllZ1hyWUhJTjUyQ0tYMVZXczRMY2tiYlJDY1lZRlhZWDVOR2dXckVuMHEwNkcyNzFzVm1jeWZiajROX0E0ZThnMGdkSFZFeUVhUWFISGxreC1aX3hVOUVmSlNWRWZZMEdGa2EyOHJVaW4zaDRYbXJTMzltajRKV1ZmOS1SUXZuT04tdC1ZYnJ4RjJvcmx4WUxjZi16YmM5S2dmSkltUld6VUdnanljU0lhM0ZURWZtRmZtb2cwUlQwM2ljd3FOT09qOXZwVg?oc=5"" target=""_blank"">Fungus That Causes Fatal Illness Found In WA State But No Need For Worry</a>&nbsp;&nbsp;<font color=""#6f6f6f"">NonStop Local KHQ</font>"
2014-05,"""valley fever""",Aedes Mosquito Species in Western Saudi Arabia - BioOne,"Thu, 01 May 2014 07:00:00 GMT",https://news.google.com/rss/articles/CBMi6gFBVV95cUxQVkZmZzFMMWZkYU96SGpYa3lVNGlheFM2ZWJjWGk2UVB3RTdmbEcyQktqN2lkcXB3UHdaa01URGZwTlV0a2djNmNuNEd4SnRWVUhkOWVjQ2F4eWVFU0FLUW1SVDIyR09BZ1dCcDlFSmxEMUNrVzNYX0ZZMUVQOUJOMmloTE5xcW5VcE1za0NpV3F1eElldXFnWXJiOHQ1STJCb3preDRKU29WSzBRdzF0OVJpUnFqVkFEUVFFWlAzSExHMGM2M1pKc0FIc29vSDJOZnpXVGk1bkhmSmtsd3RVblV5RHIxdERaamc?oc=5,BioOne,"<a href=""https://news.google.com/rss/articles/CBMi6gFBVV95cUxQVkZmZzFMMWZkYU96SGpYa3lVNGlheFM2ZWJjWGk2UVB3RTdmbEcyQktqN2lkcXB3UHdaa01URGZwTlV0a2djNmNuNEd4SnRWVUhkOWVjQ2F4eWVFU0FLUW1SVDIyR09BZ1dCcDlFSmxEMUNrVzNYX0ZZMUVQOUJOMmloTE5xcW5VcE1za0NpV3F1eElldXFnWXJiOHQ1STJCb3preDRKU29WSzBRdzF0OVJpUnFqVkFEUVFFWlAzSExHMGM2M1pKc0FIc29vSDJOZnpXVGk1bkhmSmtsd3RVblV5RHIxdERaamc?oc=5"" target=""_blank"">Aedes Mosquito Species in Western Saudi Arabia</a>&nbsp;&nbsp;<font color=""#6f6f6f"">BioOne</font>"
2014-05,"""valley fever""","Quiet Moment around the Campfire - Volume 20, Number 6—June 2014 - Emerging Infectious Diseases journal - Centers for Disease Control and Prevention | CDC (.gov)","Mon, 19 May 2014 07:00:00 GMT",https://news.google.com/rss/articles/CBMiZEFVX3lxTE1DQkxYakJkRzVGVHc1RWJtTUJCY214VGZSaWZTSk1IUXhsVnNuZ29IY2o4cVlWcjJYM0ZNNi1Ma18yaWZmTGVKOWdtaTBzV0RlMVZ1M2JmMUJvZ3BNcEFzNFFtUzU?oc=5,Centers for Disease Control and Prevention | CDC (.gov),"<a href=""https://news.google.com/rss/articles/CBMiZEFVX3lxTE1DQkxYakJkRzVGVHc1RWJtTUJCY214VGZSaWZTSk1IUXhsVnNuZ29IY2o4cVlWcjJYM0ZNNi1Ma18yaWZmTGVKOWdtaTBzV0RlMVZ1M2JmMUJvZ3BNcEFzNFFtUzU?oc=5"" target=""_blank"">Quiet Moment around the Campfire - Volume 20, Number 6—June 2014 - Emerging Infectious Diseases journal</a>&nbsp;&nbsp;<font color=""#6f6f6f"">Centers for Disease Control and Prevention | CDC (.gov)</font>"
2014-05,"""valley fever""","Mysterious Disease Might Journey Across the Pacific, Carried By the Wind - PBS","Tue, 27 May 2014 07:00:00 GMT",https://news.google.com/rss/articles/CBMilgFBVV95cUxNR1pZTDRqVHFfZmFiMnRaRmY0NnZUQ3JhUHBqX2EzUG5ncndiQzdZZzA5V3hzRnpONlNmMkVfRmR4RVY4ZFVkcTZUZHN4WndQMllIdmotejdhdkR5Q2tIcFZlLVZSTEE4Wm1SWTFFbDRqYnJVZTF0U0l4QVA1TFFzemVub0RLUjlYb2NYLVhYaUhYc0s1Q1E?oc=5,PBS,"<a href=""https://news.google.com/rss/articles/CBMilgFBVV95cUxNR1pZTDRqVHFfZmFiMnRaRmY0NnZUQ3JhUHBqX2EzUG5ncndiQzdZZzA5V3hzRnpONlNmMkVfRmR4RVY4ZFVkcTZUZHN4WndQMllIdmotejdhdkR5Q2tIcFZlLVZSTEE4Wm1SWTFFbDRqYnJVZTF0U0l4QVA1TFFzemVub0RLUjlYb2NYLVhYaUhYc0s1Q1E?oc=5"" target=""_blank"">Mysterious Disease Might Journey Across the Pacific, Carried By the Wind</a>&nbsp;&nbsp;<font color=""#6f6f6f"">PBS</font>"
2014-05,"""valley fever""",CA High-Speed Rail Authority Certifies EIR for Fresno-to-Bakersfield Segment - Streetsblog Los Angeles,"Wed, 07 May 2014 07:00:00 GMT",https://news.google.com/rss/articles/CBMitAFBVV95cUxQZFV0TTVFT1dfYzFnSWl4c1Q2ZGR1SnFBZVRkblpaZG1QZFMyaGtkc2hwOVd5c09jUlpkbVFFRExxc2hSZTkzRTctLVNtMkU2R2R0TFFfcldoUDJZNi0tV2RxQ1hHQzRzYm1ZU3d6bnR2WjNsbUlSdmlxVkg3SEUtYU0wS3JPRFVFWjhXdTAzYndoZDU0UEJIb2ZZd0ctbjdBV0VMTnBxcm9vdnRmZ2RMckxkSVo?oc=5,Streetsblog Los Angeles,"<a href=""https://news.google.com/rss/articles/CBMitAFBVV95cUxQZFV0TTVFT1dfYzFnSWl4c1Q2ZGR1SnFBZVRkblpaZG1QZFMyaGtkc2hwOVd5c09jUlpkbVFFRExxc2hSZTkzRTctLVNtMkU2R2R0TFFfcldoUDJZNi0tV2RxQ1hHQzRzYm1ZU3d6bnR2WjNsbUlSdmlxVkg3SEUtYU0wS3JPRFVFWjhXdTAzYndoZDU0UEJIb2ZZd0ctbjdBV0VMTnBxcm9vdnRmZ2RMckxkSVo?oc=5"" target=""_blank"">CA High-Speed Rail Authority Certifies EIR for Fresno-to-Bakersfield Segment</a>&nbsp;&nbsp;<font color=""#6f6f6f"">Streetsblog Los Angeles</font>"
2014-05,"""valley fever""",Jake Owen Gives Big Boost to Arizona’s Tony Martinez - - Saving Country Music,"Fri, 09 May 2014 07:00:00 GMT",https://news.google.com/rss/articles/CBMiiwFBVV95cUxNVnN3QTFodlV1dy1oZnRyYlFHbUpMcnJBTkdCazM4eEN1T09CdHphSHBCbjVaT0U1RVZXTGpWSUMwNWtXVndManoyWGpaWVpkOHB1M1NrYlI1akZnclhPSUJTMlUwbHk4ZF9qb2c2QXhOR0FXOGdHZWlHN1NrZzhxcFVWRXYySnhvY0Y0?oc=5,- Saving Country Music,"<a href=""https://news.google.com/rss/articles/CBMiiwFBVV95cUxNVnN3QTFodlV1dy1oZnRyYlFHbUpMcnJBTkdCazM4eEN1T09CdHphSHBCbjVaT0U1RVZXTGpWSUMwNWtXVndManoyWGpaWVpkOHB1M1NrYlI1akZnclhPSUJTMlUwbHk4ZF9qb2c2QXhOR0FXOGdHZWlHN1NrZzhxcFVWRXYySnhvY0Y0?oc=5"" target=""_blank"">Jake Owen Gives Big Boost to Arizona’s Tony Martinez</a>&nbsp;&nbsp;<font color=""#6f6f6f"">- Saving Country Music</font>"
2014-05,"""valley fever""",MERS battle: Fakeih orders new measures - Arab News,"Tue, 20 May 2014 07:00:00 GMT",https://news.google.com/rss/articles/CBMiTEFVX3lxTE5UOGdXYUdxYXZLX01xbjZObWhWZ1lXeHg5WHZrN2xtYXY2cWJ5NGI0c0x3MGRoX3hlM1JRT2VJZ181ZzJ5ekR6ZF9hUmM?oc=5,Arab News,"<a href=""https://news.google.com/rss/articles/CBMiTEFVX3lxTE5UOGdXYUdxYXZLX01xbjZObWhWZ1lXeHg5WHZrN2xtYXY2cWJ5NGI0c0x3MGRoX3hlM1JRT2VJZ181ZzJ5ekR6ZF9hUmM?oc=5"" target=""_blank"">MERS battle: Fakeih orders new measures</a>&nbsp;&nbsp;<font color=""#6f6f6f"">Arab News</font>"
2014-05,"""valley fever""",Sudan ready to resume meat exports to Saudi Arabia - Sudan Tribune,"Sun, 25 May 2014 07:00:00 GMT",https://news.google.com/rss/articles/CBMiT0FVX3lxTE1rRFZXU0FxNEdNcDl4VXFRcDE4cklFVGRWV3lKNDFIWGNxWkM1ZDk4ZE5xWDJHLW9EWVVBWDVNOWpmeXprQ1VwNWtxc0QxWWs?oc=5,Sudan Tribune,"<a href=""https://news.google.com/rss/articles/CBMiT0FVX3lxTE1rRFZXU0FxNEdNcDl4VXFRcDE4cklFVGRWV3lKNDFIWGNxWkM1ZDk4ZE5xWDJHLW9EWVVBWDVNOWpmeXprQ1VwNWtxc0QxWWs?oc=5"" target=""_blank"">Sudan ready to resume meat exports to Saudi Arabia</a>&nbsp;&nbsp;<font color=""#6f6f6f"">Sudan Tribune</font>"
2014-06,"""valley fever""",How L.A. Zoo cares for a 360-pound gorilla who won’t take his medicine - Los Angeles Times,"Thu, 19 Jun 2014 07:00:00 GMT",https://news.google.com/rss/articles/CBMiekFVX3lxTFBIeXFySnlEbjlzMzMyWXBDQ2FjZmhsS3cxYk41WnlTV3dMN2E0ZWNoLThMc3FlY0VKbnRPLTFzZUxoQ2dPSUpyMnBqai1nYUM3dVpvYzFJQ2Y5VF8xZFl6am1lcFpEdlpqaUVmTXBnQVBZVkdCeWhYZmx3?oc=5,Los Angeles Times,"<a href=""https://news.google.com/rss/articles/CBMiekFVX3lxTFBIeXFySnlEbjlzMzMyWXBDQ2FjZmhsS3cxYk41WnlTV3dMN2E0ZWNoLThMc3FlY0VKbnRPLTFzZUxoQ2dPSUpyMnBqai1nYUM3dVpvYzFJQ2Y5VF8xZFl6am1lcFpEdlpqaUVmTXBnQVBZVkdCeWhYZmx3?oc=5"" target=""_blank"">How L.A. Zoo cares for a 360-pound gorilla who won’t take his medicine</a>&nbsp;&nbsp;<font color=""#6f6f6f"">Los Angeles Times</font>"
2014-06,"""valley fever""",Gorilla on mend from valley fever at LA Zoo - ABC30 Fresno,"Sat, 21 Jun 2014 07:00:00 GMT",https://news.google.com/rss/articles/CBMif0FVX3lxTE5BWWhtMEd4Q0FTdndUOHd5NkVxSEk5Z181Ql9tdkpOOXdkc0tQX0d2ZzlYaEYxYmZPNkFkbDFhR1hyaU14U2Y3cTdXdDNKaVZpcXlya0JmYVdOMUc2SlUyZmcwSjVrQTA3THAxYW5GalE5N3ZsSmctaUVrRDV3cEnSAYQBQVVfeXFMUHZZWmM1WEJ3Z1U3RXVUYnBvMHNJazEwSjNDWnRzbm9iN21LaU5RV29FSTl4NkdFVUxXUUplZ252dWxqQkU4Q2l6azFjQmljRno0akdSVDhpd25SZVZwNk9UM196WlNZVDVqakZlUkhxY0U5OTFZeS1oV0RvSElMckNwSWI1?oc=5,ABC30 Fresno,"<a href=""https://news.google.com/rss/articles/CBMif0FVX3lxTE5BWWhtMEd4Q0FTdndUOHd5NkVxSEk5Z181Ql9tdkpOOXdkc0tQX0d2ZzlYaEYxYmZPNkFkbDFhR1hyaU14U2Y3cTdXdDNKaVZpcXlya0JmYVdOMUc2SlUyZmcwSjVrQTA3THAxYW5GalE5N3ZsSmctaUVrRDV3cEnSAYQBQVVfeXFMUHZZWmM1WEJ3Z1U3RXVUYnBvMHNJazEwSjNDWnRzbm9iN21LaU5RV29FSTl4NkdFVUxXUUplZ252dWxqQkU4Q2l6azFjQmljRno0akdSVDhpd25SZVZwNk9UM196WlNZVDVqakZlUkhxY0U5OTFZeS1oV0RvSElMckNwSWI1?oc=5"" target=""_blank"">Gorilla on mend from valley fever at LA Zoo</a>&nbsp;&nbsp;<font color=""#6f6f6f"">ABC30 Fresno</font>"
2014-06,"""valley fever""",Robin Hammond: The Largest Trade “On The Hoof” - National Geographic,"Mon, 16 Jun 2014 07:00:00 GMT",https://news.google.com/rss/articles/CBMinwFBVV95cUxQc0ZGalpUQ0FMQW5aNUNZV0NxQXFDczlwUXprTU5ydzgtVmNjSkNWOTFiVUcyWU05d2ZWcnMtc1MwU2UxekJDZXVMbGRjQXhuVHVzNTkxT3B5UEF5cHZxNUFMa3dZOXJyWk1Oc3owNWd4eDM0OXExcUpxWmNrbk5hclBJV1UzUnFkdVlXb1ZTT3VETUtDR19INDdUQlB5dzQ?oc=5,National Geographic,"<a href=""https://news.google.com/rss/articles/CBMinwFBVV95cUxQc0ZGalpUQ0FMQW5aNUNZV0NxQXFDczlwUXprTU5ydzgtVmNjSkNWOTFiVUcyWU05d2ZWcnMtc1MwU2UxekJDZXVMbGRjQXhuVHVzNTkxT3B5UEF5cHZxNUFMa3dZOXJyWk1Oc3owNWd4eDM0OXExcUpxWmNrbk5hclBJV1UzUnFkdVlXb1ZTT3VETUtDR19INDdUQlB5dzQ?oc=5"" target=""_blank"">Robin Hammond: The Largest Trade “On The Hoof”</a>&nbsp;&nbsp;<font color=""#6f6f6f"">National Geographic</font>"
2014-06,"""valley fever""","In virus hunt, Saudi Arabia suspects African camel imports - Reuters","Fri, 27 Jun 2014 07:00:00 GMT",https://news.google.com/rss/articles/CBMirwFBVV95cUxNWGw3QmN0NEVoTThCZGxaQWlRNXhkNXlXWnhlZmgzdllackxITmFPbUFhMzFNa0J1ZzVBWHhOLVVodnRHbURra2lLcUJZc0pVb19VcFZoLXpNcENiVnAtNHhBT2o3VWxnaC1rVEpMU2w0YkJKOHpVNjBwMnIxRjZ3ZkdxazZYTzY3SmRIWUxpVHFnYnVMVnR4M29pUGoycUdiWjlVUFl1V0prN25PRnN3?oc=5,Reuters,"<a href=""https://news.google.com/rss/articles/CBMirwFBVV95cUxNWGw3QmN0NEVoTThCZGxaQWlRNXhkNXlXWnhlZmgzdllackxITmFPbUFhMzFNa0J1ZzVBWHhOLVVodnRHbURra2lLcUJZc0pVb19VcFZoLXpNcENiVnAtNHhBT2o3VWxnaC1rVEpMU2w0YkJKOHpVNjBwMnIxRjZ3ZkdxazZYTzY3SmRIWUxpVHFnYnVMVnR4M29pUGoycUdiWjlVUFl1V0prN25PRnN3?oc=5"" target=""_blank"">In virus hunt, Saudi Arabia suspects African camel imports</a>&nbsp;&nbsp;<font color=""#6f6f6f"">Reuters</font>"
2014-06,"""valley fever""","Kevin McCarthy, would-be majority leader, at home in D.C., Bakersfield - Los Angeles Times","Thu, 12 Jun 2014 07:00:00 GMT",https://news.google.com/rss/articles/CBMihgFBVV95cUxQNlh0YjE2THJyVXJxVVBFYWZpeWhjdkNlSGduR3ZHdF9maFZrdWhvQ3VpWDc1TlhRdzVQNDBoSmViSnBHaXItUDQ3X1ZoRTFlZXhCVGNBTG90cG5FeUo4RDlvRm9lcld0ajJ1QXpBZXZPaURxLVllcWg5NWJSYi1TemQ2VXBpQQ?oc=5,Los Angeles Times,"<a href=""https://news.google.com/rss/articles/CBMihgFBVV95cUxQNlh0YjE2THJyVXJxVVBFYWZpeWhjdkNlSGduR3ZHdF9maFZrdWhvQ3VpWDc1TlhRdzVQNDBoSmViSnBHaXItUDQ3X1ZoRTFlZXhCVGNBTG90cG5FeUo4RDlvRm9lcld0ajJ1QXpBZXZPaURxLVllcWg5NWJSYi1TemQ2VXBpQQ?oc=5"" target=""_blank"">Kevin McCarthy, would-be majority leader, at home in D.C., Bakersfield</a>&nbsp;&nbsp;<font color=""#6f6f6f"">Los Angeles Times</font>"
2014-07,"""valley fever""",Fungal disease 'Valley Fever' proves tricky to diagnose - PBS,"Sun, 06 Jul 2014 07:00:00 GMT",https://news.google.com/rss/articles/CBMif0FVX3lxTFBxVjlfdVJUSV9FeEMtclJKM3AwU3pNVTFlc1pNR3RaYk5UYUlhMUh6d2FrMGNjcTZ3YzFGQ2M4a0hVLWtrMGRyNURBcVpLWXBmZmxPeEN5QlF1ZkV1dEJJbWNkZURWQzNDeHZPSUhYbnFqLUJEWWVQNENYLXFuV3M?oc=5,PBS,"<a href=""https://news.google.com/rss/articles/CBMif0FVX3lxTFBxVjlfdVJUSV9FeEMtclJKM3AwU3pNVTFlc1pNR3RaYk5UYUlhMUh6d2FrMGNjcTZ3YzFGQ2M4a0hVLWtrMGRyNURBcVpLWXBmZmxPeEN5QlF1ZkV1dEJJbWNkZURWQzNDeHZPSUhYbnFqLUJEWWVQNENYLXFuV3M?oc=5"" target=""_blank"">Fungal disease 'Valley Fever' proves tricky to diagnose</a>&nbsp;&nbsp;<font color=""#6f6f6f"">PBS</font>"
2014-07,"""valley fever""",CDC: California Inmates Should Be Tested for Valley Fever Immunity - KQED,"Mon, 28 Jul 2014 07:00:00 GMT",https://news.google.com/rss/articles/CBMiqgFBVV95cUxNTFhMVzRGQkRMb3dRRDlMTjhaUjhYTjEwWk0xU0RSZVowYXU5MVFBWTZDLUZOY0p3WU40ZWV2ZTV3dm9RS0NyZWNwZGZ2c3RpMXFzTlhpOXV5UDh6TkFEZnRpb1phTzh4aWJJOUYwRU9ldlJ6WkR1bThZYl9xcHBEWXVWdlZBYkRhUzVJUzF5OEpnVERCdjhEYWVHMU53Uk1LZWlEWmVEbEZqUQ?oc=5,KQED,"<a href=""https://news.google.com/rss/articles/CBMiqgFBVV95cUxNTFhMVzRGQkRMb3dRRDlMTjhaUjhYTjEwWk0xU0RSZVowYXU5MVFBWTZDLUZOY0p3WU40ZWV2ZTV3dm9RS0NyZWNwZGZ2c3RpMXFzTlhpOXV5UDh6TkFEZnRpb1phTzh4aWJJOUYwRU9ldlJ6WkR1bThZYl9xcHBEWXVWdlZBYkRhUzVJUzF5OEpnVERCdjhEYWVHMU53Uk1LZWlEWmVEbEZqUQ?oc=5"" target=""_blank"">CDC: California Inmates Should Be Tested for Valley Fever Immunity</a>&nbsp;&nbsp;<font color=""#6f6f6f"">KQED</font>"
2014-07,"""valley fever""",SCV News | Valley Fever - SCVNews.com,"Sun, 13 Jul 2014 07:00:00 GMT",https://news.google.com/rss/articles/CBMiakFVX3lxTE90clhXcDcySmY5Sjl2R1BtMVloTFRXWTBnUDh3UHlDQUNpdjRKVFBqc2owc2lXT0JCeVBhdUgya0xIYlY1cjV4YTVPNjBhbmwzV0VaaG1NcHlzQnROU3F4STNYLTZOSWczYXc?oc=5,SCVNews.com,"<a href=""https://news.google.com/rss/articles/CBMiakFVX3lxTE90clhXcDcySmY5Sjl2R1BtMVloTFRXWTBnUDh3UHlDQUNpdjRKVFBqc2owc2lXT0JCeVBhdUgya0xIYlY1cjV4YTVPNjBhbmwzV0VaaG1NcHlzQnROU3F4STNYLTZOSWczYXc?oc=5"" target=""_blank"">SCV News | Valley Fever</a>&nbsp;&nbsp;<font color=""#6f6f6f"">SCVNews.com</font>"
2014-07,"""valley fever""",Evaluation of transmission risks associated with in vivo replication of several high containment pathogens in a biosafety level 4 laboratory | Scientific Reports - Nature,"Fri, 25 Jul 2014 07:00:00 GMT",https://news.google.com/rss/articles/CBMiU0FVX3lxTFBKSVRGTWlzZkRWREpkeFdsakZIRE9jMXZIWm5LSFJfMFE2bG5tV3IwbGlQaHQwclMzeC1zQWVRZ3o2LU9TMXRXSE9DcEdhTHd4aDh3?oc=5,Nature,"<a href=""https://news.google.com/rss/articles/CBMiU0FVX3lxTFBKSVRGTWlzZkRWREpkeFdsakZIRE9jMXZIWm5LSFJfMFE2bG5tV3IwbGlQaHQwclMzeC1zQWVRZ3o2LU9TMXRXSE9DcEdhTHd4aDh3?oc=5"" target=""_blank"">Evaluation of transmission risks associated with in vivo replication of several high containment pathogens in a biosafety level 4 laboratory | Scientific Reports</a>&nbsp;&nbsp;<font color=""#6f6f6f"">Nature</font>"
2014-07,"""valley fever""",Mechanism of Action for Drugs Against Arenaviruses - Global Biodefense,"Mon, 21 Jul 2014 07:00:00 GMT",https://news.google.com/rss/articles/CBMiggFBVV95cUxOaUFNS1J6RS1UanpTaC1ZNm9ST2xKZVdvLXhjbmdjTHpVcXFGemNRclNOdXRiRTRpREpRaWtOdzUwaHExUzdqT1kxNUYxdnJ0dWdNS0UzRXQyYUZjSWlLX1ZtdE5Dc2xqTzNnclZmTFVtV0UxTV84bzc3b29XZEtDQVF3?oc=5,Global Biodefense,"<a href=""https://news.google.com/rss/articles/CBMiggFBVV95cUxOaUFNS1J6RS1UanpTaC1ZNm9ST2xKZVdvLXhjbmdjTHpVcXFGemNRclNOdXRiRTRpREpRaWtOdzUwaHExUzdqT1kxNUYxdnJ0dWdNS0UzRXQyYUZjSWlLX1ZtdE5Dc2xqTzNnclZmTFVtV0UxTV84bzc3b29XZEtDQVF3?oc=5"" target=""_blank"">Mechanism of Action for Drugs Against Arenaviruses</a>&nbsp;&nbsp;<font color=""#6f6f6f"">Global Biodefense</font>"
2014-07,"""valley fever""",Somalia says any Saudi camel import ban would hurt economy - Reuters,"Thu, 03 Jul 2014 07:00:00 GMT",https://news.google.com/rss/articles/CBMisAFBVV95cUxQVHkxYVVzLUx2Wi0xeHNWbVdBTFA4M3VCTUFsUWZRUHdldmlkNnZtekIzNXVhdThXV1ZGQVVpVXpBX2MtRW1GY0UxVGtLSVhtX2NveTNWaWpXN2d1U0U1SW9aYmFNUlkyd0xkNTBZTW5TaVFlazVRYlNYUWFUU2hEbThjQlJYcWpHdmxfM0M2NUxTQTVSNlZKLUVnQ2Z3dmMxS1k0UW1jaVZENXdpYWhSeQ?oc=5,Reuters,"<a href=""https://news.google.com/rss/articles/CBMisAFBVV95cUxQVHkxYVVzLUx2Wi0xeHNWbVdBTFA4M3VCTUFsUWZRUHdldmlkNnZtekIzNXVhdThXV1ZGQVVpVXpBX2MtRW1GY0UxVGtLSVhtX2NveTNWaWpXN2d1U0U1SW9aYmFNUlkyd0xkNTBZTW5TaVFlazVRYlNYUWFUU2hEbThjQlJYcWpHdmxfM0M2NUxTQTVSNlZKLUVnQ2Z3dmMxS1k0UW1jaVZENXdpYWhSeQ?oc=5"" target=""_blank"">Somalia says any Saudi camel import ban would hurt economy</a>&nbsp;&nbsp;<font color=""#6f6f6f"">Reuters</font>"
2014-07,"""valley fever""",Why mosquitoes are no joke - The Globe and Mail,"Sun, 13 Jul 2014 07:00:00 GMT",https://news.google.com/rss/articles/CBMixgFBVV95cUxQeklaeVk2Y01abW5HR3BQeVljS3JPR0dvaVJ6RFlXX0hvaXE3NGd0VHhEbjI3QVlKZTFScEFrYVprOUlVTEF0a0E4dmZGeTN1c0I3Y1FNaldVd1dLNWszTExXSEp0OWFBRnItb24xQnVyQ1JhR0NJSjl1UXdkVFlLRDJ6RHp4OENabmFOem1Mb1A0VWE3Y3hDVHAxNTBuXzA1ZXppSmVuVE9zc1lKTHg1eGtZTTlPSkExMmhkeGNtQlZRQzVTeHc?oc=5,The Globe and Mail,"<a href=""https://news.google.com/rss/articles/CBMixgFBVV95cUxQeklaeVk2Y01abW5HR3BQeVljS3JPR0dvaVJ6RFlXX0hvaXE3NGd0VHhEbjI3QVlKZTFScEFrYVprOUlVTEF0a0E4dmZGeTN1c0I3Y1FNaldVd1dLNWszTExXSEp0OWFBRnItb24xQnVyQ1JhR0NJSjl1UXdkVFlLRDJ6RHp4OENabmFOem1Mb1A0VWE3Y3hDVHAxNTBuXzA1ZXppSmVuVE9zc1lKTHg1eGtZTTlPSkExMmhkeGNtQlZRQzVTeHc?oc=5"" target=""_blank"">Why mosquitoes are no joke</a>&nbsp;&nbsp;<font color=""#6f6f6f"">The Globe and Mail</font>"
2014-07,"""valley fever""",10 local shows to see in August: Andrew Jackson Jihad - The Arizona Republic,"Wed, 30 Jul 2014 07:00:00 GMT",https://news.google.com/rss/articles/CBMixAFBVV95cUxPYUtLT3JMa2NGWXZPcy1TLW0wNmZmT094a25JQXY5cTlaZnYzREI2MnpqajF1NXpjaUprQ1VVTzJ1czlWazZLczhoaGpQTklUOWQxWnRIZGZjMVNpWWdnT1BwU0ZkX0syQWt4R2dnM3Ewa2s2VndXS210MWJyRml1d2VKa2ZqLWVCRUVnbWUxd0Z1TmZucURFZW5xRC1XcThzeFlEcXlkWXM5Z1QtdG5rUFhQNy1nVUtSWUhDcVVrcnF3YVBw?oc=5,The Arizona Republic,"<a href=""https://news.google.com/rss/articles/CBMixAFBVV95cUxPYUtLT3JMa2NGWXZPcy1TLW0wNmZmT094a25JQXY5cTlaZnYzREI2MnpqajF1NXpjaUprQ1VVTzJ1czlWazZLczhoaGpQTklUOWQxWnRIZGZjMVNpWWdnT1BwU0ZkX0syQWt4R2dnM3Ewa2s2VndXS210MWJyRml1d2VKa2ZqLWVCRUVnbWUxd0Z1TmZucURFZW5xRC1XcThzeFlEcXlkWXM5Z1QtdG5rUFhQNy1nVUtSWUhDcVVrcnF3YVBw?oc=5"" target=""_blank"">10 local shows to see in August: Andrew Jackson Jihad</a>&nbsp;&nbsp;<font color=""#6f6f6f"">The Arizona Republic</font>"
2014-07,"""valley fever""",On Handjobs and Hopelessness: The Lovesick Zeal of Jenny Lewis’ ‘The Voyager’ - spin.com,"Tue, 29 Jul 2014 07:00:00 GMT",https://news.google.com/rss/articles/CBMiY0FVX3lxTE1QRy1zTTk2M0FtX2dUR0IxLVpta3FMeFRISmZJR0tSQ0FXdVpIenRfVU1QMHBQN2JrNlRoMnFoSnFGSnhfSzNDd25kczJZNG9RSlVEOENQX3BjaVRhLUNZck9EQQ?oc=5,spin.com,"<a href=""https://news.google.com/rss/articles/CBMiY0FVX3lxTE1QRy1zTTk2M0FtX2dUR0IxLVpta3FMeFRISmZJR0tSQ0FXdVpIenRfVU1QMHBQN2JrNlRoMnFoSnFGSnhfSzNDd25kczJZNG9RSlVEOENQX3BjaVRhLUNZck9EQQ?oc=5"" target=""_blank"">On Handjobs and Hopelessness: The Lovesick Zeal of Jenny Lewis’ ‘The Voyager’</a>&nbsp;&nbsp;<font color=""#6f6f6f"">spin.com</font>"
2014-07,"""valley fever""",Arnold Schwarzenegger 'had no part in exposing prisoners to leprosy-like disease' - Daily Mail,"Mon, 14 Jul 2014 07:00:00 GMT",https://news.google.com/rss/articles/CBMi6gFBVV95cUxNWHBNcXUteWJjcjUtam9zTlRnSUh4TDJTY2I1b0ctMERjQnk4N01BQ3EtNWRMUXQ1c3lkVGNha004RzF4T1pwTWdVTmJvZktHel85VUhfd1lnRGJicmV3R2NYYXRGc1hlRDA4bGstMjlaVXdKb3FSQTlWbl91UHVtMFhFWWlWNl9OcXR2dC1YWXBJODYwY0RlUF9SQTFFYWRmbW0telNCa252X01GSnFBRk04MmpMNWszLXN6b3Z2ODFsbkZnR3ptaEFrVzdfN2pxUzAycUR3UnA0T0U1eVlVWjdUZVAteEZpV1HSAe8BQVVfeXFMT0Y5WWVlajlOS2NUOVZkTEJHMnl1SUhISzd2NVAtWF9Xb1A2X2tnVlZBbG9Xa2N2eDhvejJyOUdWcGlLblcwc2I5eUFIUmpOdHNYM1VrelY1cTdfUHdpN3dRRlBjUTRFZmJZYUh6SG8zbUxtemcyQk5hWlM0dUpIRzM2REZGTDhXdDMyVHpuR3BmVFl5R3Vib0tyTWpHVkhlRTBQQW1vbzdyX04zcjJnTy00QzBqaTNsTzdHemRZdm5nTmlVVEhlR29peG9ydUJ4M1AwNkJIdnFHd3pKTXd3cUhqbHpaOE0xdHlEM1VORTA?oc=5,Daily Mail,"<a href=""https://news.google.com/rss/articles/CBMi6gFBVV95cUxNWHBNcXUteWJjcjUtam9zTlRnSUh4TDJTY2I1b0ctMERjQnk4N01BQ3EtNWRMUXQ1c3lkVGNha004RzF4T1pwTWdVTmJvZktHel85VUhfd1lnRGJicmV3R2NYYXRGc1hlRDA4bGstMjlaVXdKb3FSQTlWbl91UHVtMFhFWWlWNl9OcXR2dC1YWXBJODYwY0RlUF9SQTFFYWRmbW0telNCa252X01GSnFBRk04MmpMNWszLXN6b3Z2ODFsbkZnR3ptaEFrVzdfN2pxUzAycUR3UnA0T0U1eVlVWjdUZVAteEZpV1HSAe8BQVVfeXFMT0Y5WWVlajlOS2NUOVZkTEJHMnl1SUhISzd2NVAtWF9Xb1A2X2tnVlZBbG9Xa2N2eDhvejJyOUdWcGlLblcwc2I5eUFIUmpOdHNYM1VrelY1cTdfUHdpN3dRRlBjUTRFZmJZYUh6SG8zbUxtemcyQk5hWlM0dUpIRzM2REZGTDhXdDMyVHpuR3BmVFl5R3Vib0tyTWpHVkhlRTBQQW1vbzdyX04zcjJnTy00QzBqaTNsTzdHemRZdm5nTmlVVEhlR29peG9ydUJ4M1AwNkJIdnFHd3pKTXd3cUhqbHpaOE0xdHlEM1VORTA?oc=5"" target=""_blank"">Arnold Schwarzenegger 'had no part in exposing prisoners to leprosy-like disease'</a>&nbsp;&nbsp;<font color=""#6f6f6f"">Daily Mail</font>"
2014-08,"""valley fever""",Valley Fever an occupational hazard for geoscientists - earthmagazine.org,"Thu, 07 Aug 2014 07:00:00 GMT",https://news.google.com/rss/articles/CBMijgFBVV95cUxOeVhaWXlTeEdsc1ZiX19WM1VNMVdXcUxQTXBtM3ExcFBsV2hnbEdkNEJOVFZpU3pwQndyaGtxcHdDOWtFNE15MUE0S0QwLVhlXzBCRkdKd1VadlhmM2ZBVXZtNGhGeC1SU1hSNFUxaEtiSm9adHRybnVjTmNCcE5vc2c4NlJVNEVuN09RYzBR?oc=5,earthmagazine.org,"<a href=""https://news.google.com/rss/articles/CBMijgFBVV95cUxOeVhaWXlTeEdsc1ZiX19WM1VNMVdXcUxQTXBtM3ExcFBsV2hnbEdkNEJOVFZpU3pwQndyaGtxcHdDOWtFNE15MUE0S0QwLVhlXzBCRkdKd1VadlhmM2ZBVXZtNGhGeC1SU1hSNFUxaEtiSm9adHRybnVjTmNCcE5vc2c4NlJVNEVuN09RYzBR?oc=5"" target=""_blank"">Valley Fever an occupational hazard for geoscientists</a>&nbsp;&nbsp;<font color=""#6f6f6f"">earthmagazine.org</font>"
2014-08,"""valley fever""",The Mysterious Fungus Infecting the American Southwest - The Atlantic,"Fri, 08 Aug 2014 07:00:00 GMT",https://news.google.com/rss/articles/CBMiswFBVV95cUxOQ0dEbzVEWUR6TXJSQVgyRFd3bWxjTWRDN2FndU9VUUJTVmZMY0dRQU5qSHhEVnpZOFc4cmZaeWswaHNraDI2bGtDLU1fNGllcHlPcHQ0ME9UM3J0bUR2SFoyd0MzMlpBYy1Ha2pOdWpVQVBoT2p3bGJtWHJhOHFtUVZaeDNKQzM1Q2c5ZlVNRVNRQWhPUXdzc1FhaDhzdFpYRTJDSjJZYnF1eTZNQVZ1VEFZcw?oc=5,The Atlantic,"<a href=""https://news.google.com/rss/articles/CBMiswFBVV95cUxOQ0dEbzVEWUR6TXJSQVgyRFd3bWxjTWRDN2FndU9VUUJTVmZMY0dRQU5qSHhEVnpZOFc4cmZaeWswaHNraDI2bGtDLU1fNGllcHlPcHQ0ME9UM3J0bUR2SFoyd0MzMlpBYy1Ha2pOdWpVQVBoT2p3bGJtWHJhOHFtUVZaeDNKQzM1Q2c5ZlVNRVNRQWhPUXdzc1FhaDhzdFpYRTJDSjJZYnF1eTZNQVZ1VEFZcw?oc=5"" target=""_blank"">The Mysterious Fungus Infecting the American Southwest</a>&nbsp;&nbsp;<font color=""#6f6f6f"">The Atlantic</font>"
2014-08,"""valley fever""","Plugging into Phoenix: Valley Fever, Tramps and Thieves - The Arizona Republic","Fri, 15 Aug 2014 07:00:00 GMT",https://news.google.com/rss/articles/CBMisAFBVV95cUxNM1gxMl9wSVN0QmNKV2dBd2t0SS02VXBORFZWNVJCaHRnVE55NUJlNDJFMVg2MmJRbUFSS1VmdWhXMGRCd0VtRWNpMUZ1Y1lmQ2tKOC1xdG5rTWs3VXNjUWoxZHZ1TWw1Y2xBTnhrU3lUb2k1LUlSRjg5RXFCU0hnbTAxaUJ3QXhGcTJPc3ZaLWxjWE1CbWRqclRDcTdxalMxT0o2bDVXNEJtd1AwbGNaaQ?oc=5,The Arizona Republic,"<a href=""https://news.google.com/rss/articles/CBMisAFBVV95cUxNM1gxMl9wSVN0QmNKV2dBd2t0SS02VXBORFZWNVJCaHRnVE55NUJlNDJFMVg2MmJRbUFSS1VmdWhXMGRCd0VtRWNpMUZ1Y1lmQ2tKOC1xdG5rTWs3VXNjUWoxZHZ1TWw1Y2xBTnhrU3lUb2k1LUlSRjg5RXFCU0hnbTAxaUJ3QXhGcTJPc3ZaLWxjWE1CbWRqclRDcTdxalMxT0o2bDVXNEJtd1AwbGNaaQ?oc=5"" target=""_blank"">Plugging into Phoenix: Valley Fever, Tramps and Thieves</a>&nbsp;&nbsp;<font color=""#6f6f6f"">The Arizona Republic</font>"
2014-08,"""valley fever""",Is dengue fever coming to Europe? - blogs.biomedcentral.com,"Fri, 22 Aug 2014 07:00:00 GMT",https://news.google.com/rss/articles/CBMilAFBVV95cUxNRC1pM05HOVdGSXFuaFhGeFI2YmJ0MWoydElEUUM0ai1qSzhuV29EYy1rRkpYTkVSNjRSYXJ6T2tHMDNiWmJwaGdka2dWV3NfTTJHN0xjX19kVjNIbjF5cEpJT1o0UXNib3BvZlBRTzl5WlVGSG9uUlZhM2FPRFdXOGhPODljQVlvQlI0d29SY2dieHNy?oc=5,blogs.biomedcentral.com,"<a href=""https://news.google.com/rss/articles/CBMilAFBVV95cUxNRC1pM05HOVdGSXFuaFhGeFI2YmJ0MWoydElEUUM0ai1qSzhuV29EYy1rRkpYTkVSNjRSYXJ6T2tHMDNiWmJwaGdka2dWV3NfTTJHN0xjX19kVjNIbjF5cEpJT1o0UXNib3BvZlBRTzl5WlVGSG9uUlZhM2FPRFdXOGhPODljQVlvQlI0d29SY2dieHNy?oc=5"" target=""_blank"">Is dengue fever coming to Europe?</a>&nbsp;&nbsp;<font color=""#6f6f6f"">blogs.biomedcentral.com</font>"
2014-08,"""valley fever""",UTSA microbiologist Karl Klose receives Department of Defense contract to study tularemia - EurekAlert!,"Wed, 13 Aug 2014 07:00:00 GMT",https://news.google.com/rss/articles/CBMiW0FVX3lxTE9NYUQ4bV9lcnJSZ2MzU2tsVktGV3NSQnNPZFpXSE1IX3F5UENyRzFiVk1EY0pNLVpnTk1ZTXVIQk9rT0RuaGk2X0UtblFBckxrMlBuTDhyYTVkaFE?oc=5,EurekAlert!,"<a href=""https://news.google.com/rss/articles/CBMiW0FVX3lxTE9NYUQ4bV9lcnJSZ2MzU2tsVktGV3NSQnNPZFpXSE1IX3F5UENyRzFiVk1EY0pNLVpnTk1ZTXVIQk9rT0RuaGk2X0UtblFBckxrMlBuTDhyYTVkaFE?oc=5"" target=""_blank"">UTSA microbiologist Karl Klose receives Department of Defense contract to study tularemia</a>&nbsp;&nbsp;<font color=""#6f6f6f"">EurekAlert!</font>"
2014-08,"""valley fever""",Growing number of biosafety labs raises public health concern - Center for Public Integrity,"Wed, 20 Aug 2014 07:00:00 GMT",https://news.google.com/rss/articles/CBMirAFBVV95cUxQWU55SDJZZ0Ricm8zQTc3aFpqQmlsUU81blhwU0xoZnpiQm1KbXJYdEc2aWxweVREam52WDUxekZkdEVaWkxiT2xCTk51T3dEWU9XZ01BeU4wOTJCS2kzZkRhaEdyTUVwMjdWNWhrMERoOTM4eFhrY2pOVU9pTzhUWWhDTGk4ODJjSzgzeXg2M1o0alN0dUhoNzBKeHAtdG9BeXYxbE9OeFZwdWk4?oc=5,Center for Public Integrity,"<a href=""https://news.google.com/rss/articles/CBMirAFBVV95cUxQWU55SDJZZ0Ricm8zQTc3aFpqQmlsUU81blhwU0xoZnpiQm1KbXJYdEc2aWxweVREam52WDUxekZkdEVaWkxiT2xCTk51T3dEWU9XZ01BeU4wOTJCS2kzZkRhaEdyTUVwMjdWNWhrMERoOTM4eFhrY2pOVU9pTzhUWWhDTGk4ODJjSzgzeXg2M1o0alN0dUhoNzBKeHAtdG9BeXYxbE9OeFZwdWk4?oc=5"" target=""_blank"">Growing number of biosafety labs raises public health concern</a>&nbsp;&nbsp;<font color=""#6f6f6f"">Center for Public Integrity</font>"
2014-08,"""valley fever""",Channeling misfortune into music - Seacoastonline.com,"Wed, 06 Aug 2014 07:00:00 GMT",https://news.google.com/rss/articles/CBMipwFBVV95cUxPN3NvQ0JkOFo5RnVMSEd6VjhhQnNLZEU0WGQyZXRzOThEdFNPR2RXVUVXVFFCeFpqempubzNGZGZLWU51aW5PdlBfSU9mWkdZdDZkcVpDX3Z1OTlXUkFUQ21fUTVFd2w4cEtQWHJnVXVvQzdnOG4tNDRQd1RxVDVyOVFkRHR1WG1UMlY5bHBNV1FBMUl0ZmNDaHotaFhfUzdSYUtIOG9yaw?oc=5,Seacoastonline.com,"<a href=""https://news.google.com/rss/articles/CBMipwFBVV95cUxPN3NvQ0JkOFo5RnVMSEd6VjhhQnNLZEU0WGQyZXRzOThEdFNPR2RXVUVXVFFCeFpqempubzNGZGZLWU51aW5PdlBfSU9mWkdZdDZkcVpDX3Z1OTlXUkFUQ21fUTVFd2w4cEtQWHJnVXVvQzdnOG4tNDRQd1RxVDVyOVFkRHR1WG1UMlY5bHBNV1FBMUl0ZmNDaHotaFhfUzdSYUtIOG9yaw?oc=5"" target=""_blank"">Channeling misfortune into music</a>&nbsp;&nbsp;<font color=""#6f6f6f"">Seacoastonline.com</font>"
2014-08,"""valley fever""","Author, journalist Charles Bowden dies at 69 - USA Today","Sun, 31 Aug 2014 07:00:00 GMT",https://news.google.com/rss/articles/CBMijwFBVV95cUxPWlpvWHJQRDdnbzhMZUZoMTg4NUxGVEZGdkplbmtsOVFuclhfUEIzRDBRUmVwTzY0UlVKd2cyT1ZDX19kNEZ1MnB3YWlHUDZ2Z2l1d0Yza1ZodHd5YXJwWl9ZTDEwRFVtSDJGTWZsc0dNNzk5LWtYRUJLOE5tY1BOZjRzR3hoZkRzYUlWcE1adw?oc=5,USA Today,"<a href=""https://news.google.com/rss/articles/CBMijwFBVV95cUxPWlpvWHJQRDdnbzhMZUZoMTg4NUxGVEZGdkplbmtsOVFuclhfUEIzRDBRUmVwTzY0UlVKd2cyT1ZDX19kNEZ1MnB3YWlHUDZ2Z2l1d0Yza1ZodHd5YXJwWl9ZTDEwRFVtSDJGTWZsc0dNNzk5LWtYRUJLOE5tY1BOZjRzR3hoZkRzYUlWcE1adw?oc=5"" target=""_blank"">Author, journalist Charles Bowden dies at 69</a>&nbsp;&nbsp;<font color=""#6f6f6f"">USA Today</font>"
2014-08,"""valley fever""",How prepared is South Africa for an Ebola outbreak? - News24,"Fri, 01 Aug 2014 07:00:00 GMT",https://news.google.com/rss/articles/CBMi1gFBVV95cUxQU0p6c0Y2b3VNY3p0QmFTRmxWejYzTFM1Q3k3OFgtWFJwc1Z0VF9JSFE2SDdOMi1TNnp5ZmdnM1pmbDlCSlJhMHJqWjJOM3hCb1VmdE44ZnNwOXVWMXRNTTNob2Jfc0xTNkJQR1k5WktiVWhTc09OS3pCamZJeTVUcWNfOU5XTEtMUGI4NUQyV3hxci1zSTFWOXhkWFJQTkpPWGtlVWlVRm1OY2dFWkk4OWJZWXpEVVdpTl9oWUFjWWlrYzNkbG1zS0hMcmpzM1Q5VmNWT1Nn?oc=5,News24,"<a href=""https://news.google.com/rss/articles/CBMi1gFBVV95cUxQU0p6c0Y2b3VNY3p0QmFTRmxWejYzTFM1Q3k3OFgtWFJwc1Z0VF9JSFE2SDdOMi1TNnp5ZmdnM1pmbDlCSlJhMHJqWjJOM3hCb1VmdE44ZnNwOXVWMXRNTTNob2Jfc0xTNkJQR1k5WktiVWhTc09OS3pCamZJeTVUcWNfOU5XTEtMUGI4NUQyV3hxci1zSTFWOXhkWFJQTkpPWGtlVWlVRm1OY2dFWkk4OWJZWXpEVVdpTl9oWUFjWWlrYzNkbG1zS0hMcmpzM1Q5VmNWT1Nn?oc=5"" target=""_blank"">How prepared is South Africa for an Ebola outbreak?</a>&nbsp;&nbsp;<font color=""#6f6f6f"">News24</font>"
2014-09,"""valley fever""",Napolitano encourages aspiring doctors in Fresno - University of California,"Fri, 05 Sep 2014 07:00:00 GMT",https://news.google.com/rss/articles/CBMikwFBVV95cUxQRWFBLTU0NS01ZndJQnJGM3NUcmZMNENHOFJhdHo0bk1kTU5zU242SUR4Tnp2a0tnZm5qc2hDNzA2TThsMHVnaktlMEVmemF1RUZqcC16QVpMTlRyampia2ZvdDNMQ1d4R2FBUXozSTV2RTNDeG1MazVqT1d1VDk3UTd1VHRQQnBhTUp6U2ozMVN4RHM?oc=5,University of California,"<a href=""https://news.google.com/rss/articles/CBMikwFBVV95cUxQRWFBLTU0NS01ZndJQnJGM3NUcmZMNENHOFJhdHo0bk1kTU5zU242SUR4Tnp2a0tnZm5qc2hDNzA2TThsMHVnaktlMEVmemF1RUZqcC16QVpMTlRyampia2ZvdDNMQ1d4R2FBUXozSTV2RTNDeG1MazVqT1d1VDk3UTd1VHRQQnBhTUp6U2ozMVN4RHM?oc=5"" target=""_blank"">Napolitano encourages aspiring doctors in Fresno</a>&nbsp;&nbsp;<font color=""#6f6f6f"">University of California</font>"
2014-09,"""valley fever""",'Haboob' in Coachella Valley highlights dust trend - The Desert Sun,"Sat, 06 Sep 2014 07:00:00 GMT",https://news.google.com/rss/articles/CBMingFBVV95cUxOVEVWZXJMelNoWDdGLWlUZ1djWDBVVDZWd08ySlE1R0NWNFQtei1sS09obWVTVWpVYkUwODZpTVQtaDA1VURfMEg0YXRBRnlpcTdubXBMbmEzXzRfODYxRzFEOUpkQlREZy0yZWFNSVVOakp4NlRTZ2FiR3hBLXk1Q3FXLUhLNTkwRkRnNXhNTWQ0M2Z5NTJoVG5QM2NDZw?oc=5,The Desert Sun,"<a href=""https://news.google.com/rss/articles/CBMingFBVV95cUxOVEVWZXJMelNoWDdGLWlUZ1djWDBVVDZWd08ySlE1R0NWNFQtei1sS09obWVTVWpVYkUwODZpTVQtaDA1VURfMEg0YXRBRnlpcTdubXBMbmEzXzRfODYxRzFEOUpkQlREZy0yZWFNSVVOakp4NlRTZ2FiR3hBLXk1Q3FXLUhLNTkwRkRnNXhNTWQ0M2Z5NTJoVG5QM2NDZw?oc=5"" target=""_blank"">'Haboob' in Coachella Valley highlights dust trend</a>&nbsp;&nbsp;<font color=""#6f6f6f"">The Desert Sun</font>"
2014-09,"""valley fever""",Emerging infectious diseases and pandemic potential: status quo and reducing risk of global spread - The Lancet,"Mon, 01 Sep 2014 07:00:00 GMT",https://news.google.com/rss/articles/CBMiiwFBVV95cUxOR29yZzA1ejRTNnJ6TVpwR1BGMzljaEE3TEtieXdDQ3pUNzBCOWRZMEF4NnFOb2hobFFOZkFjY2pRczY1OFRhRllvTmJRUTZiUzJud1AwT2tYVDJZTlZGNE5yWG9TS1k0LWlyRGZySlBPNU1RT25YeENNaVJRQ01lMmpVTEhFQkdrQkR3?oc=5,The Lancet,"<a href=""https://news.google.com/rss/articles/CBMiiwFBVV95cUxOR29yZzA1ejRTNnJ6TVpwR1BGMzljaEE3TEtieXdDQ3pUNzBCOWRZMEF4NnFOb2hobFFOZkFjY2pRczY1OFRhRllvTmJRUTZiUzJud1AwT2tYVDJZTlZGNE5yWG9TS1k0LWlyRGZySlBPNU1RT25YeENNaVJRQ01lMmpVTEhFQkdrQkR3?oc=5"" target=""_blank"">Emerging infectious diseases and pandemic potential: status quo and reducing risk of global spread</a>&nbsp;&nbsp;<font color=""#6f6f6f"">The Lancet</font>"
2014-09,"""valley fever""",Ebola: Not an Effective Biological Weapon for Terrorists - Combating Terrorism Center at West Point,"Fri, 19 Sep 2014 07:00:00 GMT",https://news.google.com/rss/articles/CBMiigFBVV95cUxNVE12Q1MxTzlCNnB3QV91dl9xZ2ZDbjdHbEZ6U0dzcEtBblFvZnlIQnN3RVJIQzRjaG1rMnp5LWpRbVh2WTE5T3RWbkRpbzNwU1A1NGplX205MFU0MmhpU0YzUzhVQ09QUHNaNXZlcEZxZzRKOGZkOUZoYUZJZFJ2TFZFVjNWdGVqdWc?oc=5,Combating Terrorism Center at West Point,"<a href=""https://news.google.com/rss/articles/CBMiigFBVV95cUxNVE12Q1MxTzlCNnB3QV91dl9xZ2ZDbjdHbEZ6U0dzcEtBblFvZnlIQnN3RVJIQzRjaG1rMnp5LWpRbVh2WTE5T3RWbkRpbzNwU1A1NGplX205MFU0MmhpU0YzUzhVQ09QUHNaNXZlcEZxZzRKOGZkOUZoYUZJZFJ2TFZFVjNWdGVqdWc?oc=5"" target=""_blank"">Ebola: Not an Effective Biological Weapon for Terrorists</a>&nbsp;&nbsp;<font color=""#6f6f6f"">Combating Terrorism Center at West Point</font>"
2014-09,"""valley fever""",Scalable high-density peptide arrays for comprehensive health monitoring - Nature,"Wed, 03 Sep 2014 07:00:00 GMT",https://news.google.com/rss/articles/CBMiVEFVX3lxTE4xUDdnekZnNlZpc0NoZ1R0ZTlhUE1abEdVMFdyUEJ4dlFmdEY5UjJjUFVvZXRyYUtfSjhTODZMcVhKRXhYS0pUM1EzNHZzdWNQU1B3Ug?oc=5,Nature,"<a href=""https://news.google.com/rss/articles/CBMiVEFVX3lxTE4xUDdnekZnNlZpc0NoZ1R0ZTlhUE1abEdVMFdyUEJ4dlFmdEY5UjJjUFVvZXRyYUtfSjhTODZMcVhKRXhYS0pUM1EzNHZzdWNQU1B3Ug?oc=5"" target=""_blank"">Scalable high-density peptide arrays for comprehensive health monitoring</a>&nbsp;&nbsp;<font color=""#6f6f6f"">Nature</font>"
2014-09,"""valley fever""","Calif. city could put unused, costly jail up for sale - Corrections1","Thu, 04 Sep 2014 07:00:00 GMT",https://news.google.com/rss/articles/CBMisgFBVV95cUxNNXBWLXp2VGNMblFBYWowZ01NWEUtZ01hcEZaMzFDYk15TDdNUTZ0RnJnVWxTaWg0WUdlY194akxmQzI4cVJfTGhjWmFkc1JoRGVOTnVIX3JCTHBrbkgtLUE4clAyTkhhTUp3ZzBoUC1WWDNZVmN1VjRfbmJGUkttaS1MVmVfS1h5czJpUzdpazRjOUNYUkExeFZIcXY3TkVreTZPSHhEYWRhYVJvLVdkSGRn?oc=5,Corrections1,"<a href=""https://news.google.com/rss/articles/CBMisgFBVV95cUxNNXBWLXp2VGNMblFBYWowZ01NWEUtZ01hcEZaMzFDYk15TDdNUTZ0RnJnVWxTaWg0WUdlY194akxmQzI4cVJfTGhjWmFkc1JoRGVOTnVIX3JCTHBrbkgtLUE4clAyTkhhTUp3ZzBoUC1WWDNZVmN1VjRfbmJGUkttaS1MVmVfS1h5czJpUzdpazRjOUNYUkExeFZIcXY3TkVreTZPSHhEYWRhYVJvLVdkSGRn?oc=5"" target=""_blank"">Calif. city could put unused, costly jail up for sale</a>&nbsp;&nbsp;<font color=""#6f6f6f"">Corrections1</font>"
2014-09,coccidioidomycosis,"Cutaneous, Pulmonary, and Cardiac Invasion in a Young Woman - Consultant360","Tue, 09 Sep 2014 07:00:00 GMT",https://news.google.com/rss/articles/CBMilgFBVV95cUxNYllOV1BNR29tamN4OUpTMF81TGpVcGZYZUlvVkR4TUhUdG9WRldnZGhCbGl4LThBRXV2V0E3VE9KaEZ6RGUzc0xVNlFiellJNHBDOXMyQlhHQ2JYci1helBfbHBScDZ3MlRMUkdRMzRrR0RKYzJkY3FwbXlRZGxibVMwZHU3dHM0LUd2alhUQmJyYU84clE?oc=5,Consultant360,"<a href=""https://news.google.com/rss/articles/CBMilgFBVV95cUxNYllOV1BNR29tamN4OUpTMF81TGpVcGZYZUlvVkR4TUhUdG9WRldnZGhCbGl4LThBRXV2V0E3VE9KaEZ6RGUzc0xVNlFiellJNHBDOXMyQlhHQ2JYci1helBfbHBScDZ3MlRMUkdRMzRrR0RKYzJkY3FwbXlRZGxibVMwZHU3dHM0LUd2alhUQmJyYU84clE?oc=5"" target=""_blank"">Cutaneous, Pulmonary, and Cardiac Invasion in a Young Woman</a>&nbsp;&nbsp;<font color=""#6f6f6f"">Consultant360</font>"
2014-09,coccidioidomycosis,Study Questions Accuracy of Lung Cancer Screens in Some Geographic Regions | Newswise - Newswise,"Mon, 22 Sep 2014 07:00:00 GMT",https://news.google.com/rss/articles/CBMirAFBVV95cUxPY0I1WG1uQ0FnSk9nV0F3VnlXbnFENWxQWllBQnh6QWwwTjRrMzZOT3BhSUhsaF93OU4zcm00c1VwNFNILW0xQTdjWEFSbS13ZnBUUTg1M0VCaG5SQ2lZOE5BVl9PTFNMZ1YwUHM2T3ZCUG1mR05lejJWbjVLVjRleUpUc21yekFNQkY0TEN5ZnFlM2JyUmwxZEtGZEJzSUhuTU03VkgxNTdOczFx0gGsAUFVX3lxTE9jQjVYbW5DQWdKT2dXQXdWeVducUQ1bFBaWUFCeHpBbDBONGszNk5PcGFJSGxoX3c5TjNybTRzVXA0U0gtbTFBN2NYQVJtLXdmcFRRODUzRUJoblJDaVk4TkFWX09MU0xnVjBQczZPdkJQbWZHTmV6MlZuNUtWNGV5SlRzbXJ6QU1CRjRMQ3lmcWUzYnJSbDFkS0ZkQnNJSG5NTTdWSDE1N05zMXE?oc=5,Newswise,"<a href=""https://news.google.com/rss/articles/CBMirAFBVV95cUxPY0I1WG1uQ0FnSk9nV0F3VnlXbnFENWxQWllBQnh6QWwwTjRrMzZOT3BhSUhsaF93OU4zcm00c1VwNFNILW0xQTdjWEFSbS13ZnBUUTg1M0VCaG5SQ2lZOE5BVl9PTFNMZ1YwUHM2T3ZCUG1mR05lejJWbjVLVjRleUpUc21yekFNQkY0TEN5ZnFlM2JyUmwxZEtGZEJzSUhuTU03VkgxNTdOczFx0gGsAUFVX3lxTE9jQjVYbW5DQWdKT2dXQXdWeVducUQ1bFBaWUFCeHpBbDBONGszNk5PcGFJSGxoX3c5TjNybTRzVXA0U0gtbTFBN2NYQVJtLXdmcFRRODUzRUJoblJDaVk4TkFWX09MU0xnVjBQczZPdkJQbWZHTmV6MlZuNUtWNGV5SlRzbXJ6QU1CRjRMQ3lmcWUzYnJSbDFkS0ZkQnNJSG5NTTdWSDE1N05zMXE?oc=5"" target=""_blank"">Study Questions Accuracy of Lung Cancer Screens in Some Geographic Regions | Newswise</a>&nbsp;&nbsp;<font color=""#6f6f6f"">Newswise</font>"
2014-10,"""valley fever""",FDA Prioritizes UA Tests for Possible Valley Fever Cure - AZPM,"Tue, 07 Oct 2014 07:00:00 GMT",https://news.google.com/rss/articles/CBMijgFBVV95cUxORy1TVWRadDJiQXBHR0dxeGdzQU14WE9Wbk5hbWxOSlJfVkFiSkMycmpFYWJEcGRzYnNDOUllUnl0OU01Y0pkYXFWaG9yU0pVbzNvVXFDbnJ2UzVBaWtsV2JVaEV5SlFheVV3RDZjMW9mdzRuQUhPc3lWZ0RadTNXOEFSendWUFpLZC02WW5R?oc=5,AZPM,"<a href=""https://news.google.com/rss/articles/CBMijgFBVV95cUxORy1TVWRadDJiQXBHR0dxeGdzQU14WE9Wbk5hbWxOSlJfVkFiSkMycmpFYWJEcGRzYnNDOUllUnl0OU01Y0pkYXFWaG9yU0pVbzNvVXFDbnJ2UzVBaWtsV2JVaEV5SlFheVV3RDZjMW9mdzRuQUhPc3lWZ0RadTNXOEFSendWUFpLZC02WW5R?oc=5"" target=""_blank"">FDA Prioritizes UA Tests for Possible Valley Fever Cure</a>&nbsp;&nbsp;<font color=""#6f6f6f"">AZPM</font>"
2014-10,"""valley fever""",Research Looks For Genetic Link To Valley Fever - KJZZ,"Mon, 13 Oct 2014 07:00:00 GMT",https://news.google.com/rss/articles/CBMie0FVX3lxTE1WUHU0MHd0VWNaaThfN1NzNExleEg0T2xmY1A3MUFsWDdxQVdrY0FOX1lKNy1BYVdBSTdQRlFiT1U0aFVRNWFicGxwR3JMbkZScjdZWTQ0QjVnTUJEREJiQlcxWHByLWktZlA2eldDOFRnQXB1ZDFwMXJhMA?oc=5,KJZZ,"<a href=""https://news.google.com/rss/articles/CBMie0FVX3lxTE1WUHU0MHd0VWNaaThfN1NzNExleEg0T2xmY1A3MUFsWDdxQVdrY0FOX1lKNy1BYVdBSTdQRlFiT1U0aFVRNWFicGxwR3JMbkZScjdZWTQ0QjVnTUJEREJiQlcxWHByLWktZlA2eldDOFRnQXB1ZDFwMXJhMA?oc=5"" target=""_blank"">Research Looks For Genetic Link To Valley Fever</a>&nbsp;&nbsp;<font color=""#6f6f6f"">KJZZ</font>"
2014-10,"""valley fever""",McCarthy: Potential valley fever cure gets FDA 'fast track' - KBAK,"Thu, 02 Oct 2014 07:00:00 GMT",https://news.google.com/rss/articles/CBMimgFBVV95cUxNTXZWLTIwZ1V5ZUVwaEd6QXhrTnYtVXdaZm9USlkzVUwxYUdaOG56aHE2VzVWRG1hVXJmOHRtOU4yUEJoLVJmUUhPNnlNdEYxRkxnN1hILXI4d2pnUm9GZ1dsQ1ZUcndmLWl5QWFlRnNkeWlVVExvZ1IxYUE1YkdRQkwyUU5RWmtseXU3NG9UQ29JLVp0NVFmOV9R?oc=5,KBAK,"<a href=""https://news.google.com/rss/articles/CBMimgFBVV95cUxNTXZWLTIwZ1V5ZUVwaEd6QXhrTnYtVXdaZm9USlkzVUwxYUdaOG56aHE2VzVWRG1hVXJmOHRtOU4yUEJoLVJmUUhPNnlNdEYxRkxnN1hILXI4d2pnUm9GZ1dsQ1ZUcndmLWl5QWFlRnNkeWlVVExvZ1IxYUE1YkdRQkwyUU5RWmtseXU3NG9UQ29JLVp0NVFmOV9R?oc=5"" target=""_blank"">McCarthy: Potential valley fever cure gets FDA 'fast track'</a>&nbsp;&nbsp;<font color=""#6f6f6f"">KBAK</font>"
2014-10,"""valley fever""",Infection leads to Phoenix girl's autoimmune disorder - The Arizona Republic,"Tue, 21 Oct 2014 07:00:00 GMT",https://news.google.com/rss/articles/CBMirwFBVV95cUxQU01GdWdDT3pJSTdRT3dwWTJBdWFuT3BqTFBZZlhxMklCRUpkY2JNUjVFcl9HbExtUlBXSXhveXVHZFl4aWtLOURlbkRJcllWQlpYTGpaeGttaVNSWGdaMFluQjhJZzdVZFUzQXhXSm1Od3ZGWmxrM085QVF0aUk5c2FnMDFNYXRQUHdyY1JVUFVoYW5TR2x0NTVPVVlTVEQ0bkV4cmRqZFJTdHExdWVZ?oc=5,The Arizona Republic,"<a href=""https://news.google.com/rss/articles/CBMirwFBVV95cUxQU01GdWdDT3pJSTdRT3dwWTJBdWFuT3BqTFBZZlhxMklCRUpkY2JNUjVFcl9HbExtUlBXSXhveXVHZFl4aWtLOURlbkRJcllWQlpYTGpaeGttaVNSWGdaMFluQjhJZzdVZFUzQXhXSm1Od3ZGWmxrM085QVF0aUk5c2FnMDFNYXRQUHdyY1JVUFVoYW5TR2x0NTVPVVlTVEQ0bkV4cmRqZFJTdHExdWVZ?oc=5"" target=""_blank"">Infection leads to Phoenix girl's autoimmune disorder</a>&nbsp;&nbsp;<font color=""#6f6f6f"">The Arizona Republic</font>"
2014-10,"""valley fever""",Fresno green lights Recurrent Energy’s 400 MW solar project - Utility Dive,"Fri, 10 Oct 2014 07:00:00 GMT",https://news.google.com/rss/articles/CBMioAFBVV95cUxNaW5ycmZCeTdBRWJyWm1RdUQ5VENYb21tbXk0QVgya2hnYk5CMnlyckUwZmJFbVFsd0gzQ2FzcXk0VDVCOWtVVGdkX0V4OWVYdW9LV3Nqb2dKTkJwbUw5SS04WHN6NUtfbDk2dXJ6WnpPNjh6Tk9BcEtMbUJ0R09NeFlra2ZYdkFHd0xxNXJMU0lHdkRNRWNjcUg2eFZIR0ZD?oc=5,Utility Dive,"<a href=""https://news.google.com/rss/articles/CBMioAFBVV95cUxNaW5ycmZCeTdBRWJyWm1RdUQ5VENYb21tbXk0QVgya2hnYk5CMnlyckUwZmJFbVFsd0gzQ2FzcXk0VDVCOWtVVGdkX0V4OWVYdW9LV3Nqb2dKTkJwbUw5SS04WHN6NUtfbDk2dXJ6WnpPNjh6Tk9BcEtMbUJ0R09NeFlra2ZYdkFHd0xxNXJMU0lHdkRNRWNjcUg2eFZIR0ZD?oc=5"" target=""_blank"">Fresno green lights Recurrent Energy’s 400 MW solar project</a>&nbsp;&nbsp;<font color=""#6f6f6f"">Utility Dive</font>"
2014-10,"""valley fever""",Business leaders say labor is pushing rail car plant from L.A. County - Los Angeles Times,"Mon, 20 Oct 2014 07:00:00 GMT",https://news.google.com/rss/articles/CBMimAFBVV95cUxNcDctZGNsUEgwYzVXT2RnbGpvVmllamF1YlVSM0ZIRmE4dWtnSmFiOGdJWERWOHpIT3NuVW1mTmlHQXQzQlE2d3J0TEJnZlNCM19NdWo3Vk5RcnBndWg3YUZISU9aLXdvMGdlMWw0bWpfN2RrcTN0WXhmaTJuaHJJTmlfTHRYZndYWTk3UXJJLWNLb0RjODZocA?oc=5,Los Angeles Times,"<a href=""https://news.google.com/rss/articles/CBMimAFBVV95cUxNcDctZGNsUEgwYzVXT2RnbGpvVmllamF1YlVSM0ZIRmE4dWtnSmFiOGdJWERWOHpIT3NuVW1mTmlHQXQzQlE2d3J0TEJnZlNCM19NdWo3Vk5RcnBndWg3YUZISU9aLXdvMGdlMWw0bWpfN2RrcTN0WXhmaTJuaHJJTmlfTHRYZndYWTk3UXJJLWNLb0RjODZocA?oc=5"" target=""_blank"">Business leaders say labor is pushing rail car plant from L.A. County</a>&nbsp;&nbsp;<font color=""#6f6f6f"">Los Angeles Times</font>"
2014-10,coccidioidomycosis,Erythematous Seropurulent Ulcerations - MDedge,"Fri, 17 Oct 2014 07:00:00 GMT",https://news.google.com/rss/articles/CBMilAFBVV95cUxON0hscGFRaWU4QzNQSnoxY2NkeW1HU0duSm51eWtwTXVDa3c4NzZac01sa1ktVjlWM0RJYi1oNWVGM1VRbTVtdGNKbDM3Z2Q1RGFpNG41V1RyaUFxX0ViS20zSkx5bHBwYy13djlCWDBwTGU3SURaVU11VGFwVjdtMW5MeVZ4WTVhdU55eW1qd3otQjZy?oc=5,MDedge,"<a href=""https://news.google.com/rss/articles/CBMilAFBVV95cUxON0hscGFRaWU4QzNQSnoxY2NkeW1HU0duSm51eWtwTXVDa3c4NzZac01sa1ktVjlWM0RJYi1oNWVGM1VRbTVtdGNKbDM3Z2Q1RGFpNG41V1RyaUFxX0ViS20zSkx5bHBwYy13djlCWDBwTGU3SURaVU11VGFwVjdtMW5MeVZ4WTVhdU55eW1qd3otQjZy?oc=5"" target=""_blank"">Erythematous Seropurulent Ulcerations</a>&nbsp;&nbsp;<font color=""#6f6f6f"">MDedge</font>"
2014-11,"""valley fever""",USAMRIID supports Ebola Virus Disease outbreak response in West Africa - army.mil,"Tue, 04 Nov 2014 08:00:00 GMT",https://news.google.com/rss/articles/CBMiqgFBVV95cUxPM0d1SUZGeV8tUERoTWtQRF9GLUVyYzF1SjBCT0tSV0NfZkFOeWZpd1p1bGgtR1EtWXp4MElnVXFMajF2emp6Y0tWM1NFSVNPLUNyeXNUYi12QW1MaWdtMGJ6TU5fWG1BODJSMTBYLWtKM09URlJtYmhtcUlMSGZMd2hrc25hc29UTHJ0Z1BKMk5PN2h3ckx2VXowTXJMSUpRVzJHeTBpbW1rUdIBrwFBVV95cUxNZ1JPSmVRMDVxTVhCT05fVnhaMEpLNTN2WERIMFNYeTZfV3JQak05bjhrNE8xSmpQMzJzSFZoaTdTS0x3ZHlfTFRoRkR2ZlRVaWotZWgtWVV5ekw1OVNrbXRCSTB0U09CRXh6d2p1Tm1IZEdlTjBNT3VIbzdtbGQ5YUQ0QUhveEtMTmR3b1dWbS0yQVBQNVduN1pEWkdUb3JTY05razNzazlDV0F5SnJN?oc=5,army.mil,"<a href=""https://news.google.com/rss/articles/CBMiqgFBVV95cUxPM0d1SUZGeV8tUERoTWtQRF9GLUVyYzF1SjBCT0tSV0NfZkFOeWZpd1p1bGgtR1EtWXp4MElnVXFMajF2emp6Y0tWM1NFSVNPLUNyeXNUYi12QW1MaWdtMGJ6TU5fWG1BODJSMTBYLWtKM09URlJtYmhtcUlMSGZMd2hrc25hc29UTHJ0Z1BKMk5PN2h3ckx2VXowTXJMSUpRVzJHeTBpbW1rUdIBrwFBVV95cUxNZ1JPSmVRMDVxTVhCT05fVnhaMEpLNTN2WERIMFNYeTZfV3JQak05bjhrNE8xSmpQMzJzSFZoaTdTS0x3ZHlfTFRoRkR2ZlRVaWotZWgtWVV5ekw1OVNrbXRCSTB0U09CRXh6d2p1Tm1IZEdlTjBNT3VIbzdtbGQ5YUQ0QUhveEtMTmR3b1dWbS0yQVBQNVduN1pEWkdUb3JTY05razNzazlDV0F5SnJN?oc=5"" target=""_blank"">USAMRIID supports Ebola Virus Disease outbreak response in West Africa</a>&nbsp;&nbsp;<font color=""#6f6f6f"">army.mil</font>"
2014-11,"""valley fever""",General Mills Settles Nature Valley ‘All Natural’ Class Action Lawsuits - Class Action Lawsuits,"Wed, 19 Nov 2014 08:00:00 GMT",https://news.google.com/rss/articles/CBMixgFBVV95cUxNY1pJYjE5dktPc1JCSnIzT3RjRG10U0w4V0l0ekM0SDg3dXpjZFZVYmpvam9ueG9rMkZyMURoeHFrR1phRXR5ZklnbFdLdDF0enBRV0tDTEd0THFjVXZOdnR6TDV3X3J0RHhKdHFJb2ttTGRzNmtSbk16Rk1QMVNMWEJ5RUpoeDVRRm9BMzBaMFJISE1VdkJQR2ZVQ25jYjlsdWZOSWhoejBvMVd2anRta202MjBoOF9iQ0R4cXdpSWp1Znh6V3c?oc=5,Class Action Lawsuits,"<a href=""https://news.google.com/rss/articles/CBMixgFBVV95cUxNY1pJYjE5dktPc1JCSnIzT3RjRG10U0w4V0l0ekM0SDg3dXpjZFZVYmpvam9ueG9rMkZyMURoeHFrR1phRXR5ZklnbFdLdDF0enBRV0tDTEd0THFjVXZOdnR6TDV3X3J0RHhKdHFJb2ttTGRzNmtSbk16Rk1QMVNMWEJ5RUpoeDVRRm9BMzBaMFJISE1VdkJQR2ZVQ25jYjlsdWZOSWhoejBvMVd2anRta202MjBoOF9iQ0R4cXdpSWp1Znh6V3c?oc=5"" target=""_blank"">General Mills Settles Nature Valley ‘All Natural’ Class Action Lawsuits</a>&nbsp;&nbsp;<font color=""#6f6f6f"">Class Action Lawsuits</font>"
2014-11,"""valley fever""",Dr. Andy Anderson: The Science of Ebola - Carmel Monthly Magazine,"Mon, 03 Nov 2014 08:00:00 GMT",https://news.google.com/rss/articles/CBMic0FVX3lxTE5iNk9LdEk3VW1raFF0d1FoMWllZDB1VkxhbUlSSmg3d3JFcXVrR3pZWjlIT0kxdV8wUmdEMDFLZWlHdklpb3RZcVBPVXdxekNoRVNmenU1cTE1OWJteHR6Tzh6eWlmQV9obDlXY3RudG9hQkk?oc=5,Carmel Monthly Magazine,"<a href=""https://news.google.com/rss/articles/CBMic0FVX3lxTE5iNk9LdEk3VW1raFF0d1FoMWllZDB1VkxhbUlSSmg3d3JFcXVrR3pZWjlIT0kxdV8wUmdEMDFLZWlHdklpb3RZcVBPVXdxekNoRVNmenU1cTE1OWJteHR6Tzh6eWlmQV9obDlXY3RudG9hQkk?oc=5"" target=""_blank"">Dr. Andy Anderson: The Science of Ebola</a>&nbsp;&nbsp;<font color=""#6f6f6f"">Carmel Monthly Magazine</font>"
2014-11,"""valley fever""",Veteran served as secret Army lab rat - The Desert Sun,"Sun, 09 Nov 2014 08:00:00 GMT",https://news.google.com/rss/articles/CBMinAFBVV95cUxOWE8zdjBMeTBXV0I5b0UtdXBZVUR5UFN3WjNOUzMyOTY5UHlpU1ExOWFNTUJTS010TmNpR3hlY3VQdk42NlhwWGFtTWRJX1Fhd2xCVmlPSU1hZUVGY094MlpCOUVXNTE4WnBHWUdJMWJ4X2Z1b09lSEd3N1RIMl81V2R3Vmk5RFpSTW9FM1R4MWt0RFNfREk4VlFaTVE?oc=5,The Desert Sun,"<a href=""https://news.google.com/rss/articles/CBMinAFBVV95cUxOWE8zdjBMeTBXV0I5b0UtdXBZVUR5UFN3WjNOUzMyOTY5UHlpU1ExOWFNTUJTS010TmNpR3hlY3VQdk42NlhwWGFtTWRJX1Fhd2xCVmlPSU1hZUVGY094MlpCOUVXNTE4WnBHWUdJMWJ4X2Z1b09lSEd3N1RIMl81V2R3Vmk5RFpSTW9FM1R4MWt0RFNfREk4VlFaTVE?oc=5"" target=""_blank"">Veteran served as secret Army lab rat</a>&nbsp;&nbsp;<font color=""#6f6f6f"">The Desert Sun</font>"
2014-11,"""valley fever""",Strengthening Capacity to Respond to Animal Disease Emergencies in the Republic of Sudan - Food and Agriculture Organization,"Mon, 03 Nov 2014 08:00:00 GMT",https://news.google.com/rss/articles/CBMiaEFVX3lxTE15eG02Z1JIb1VqdW5xUGJTR0xidzhVQVFpaXRSN2h4b0g4MTl1MVVJNERCS1hUa3hHV1VYdUxGcXlFSUN1OTRvaENPeGhwS3pJZzNRUTVBUnhkdno5b0ZyYVg1QTd3U1Ny?oc=5,Food and Agriculture Organization,"<a href=""https://news.google.com/rss/articles/CBMiaEFVX3lxTE15eG02Z1JIb1VqdW5xUGJTR0xidzhVQVFpaXRSN2h4b0g4MTl1MVVJNERCS1hUa3hHV1VYdUxGcXlFSUN1OTRvaENPeGhwS3pJZzNRUTVBUnhkdno5b0ZyYVg1QTd3U1Ny?oc=5"" target=""_blank"">Strengthening Capacity to Respond to Animal Disease Emergencies in the Republic of Sudan</a>&nbsp;&nbsp;<font color=""#6f6f6f"">Food and Agriculture Organization</font>"
2014-12,"""valley fever""",Valley fever drug from UA on fast track - Arizona Daily Star,"Sun, 21 Dec 2014 08:00:00 GMT",https://news.google.com/rss/articles/CBMizwFBVV95cUxPZWN6RGNpcWZLT1ZseFVxWWt0Y2xLN3dTVjZUTUZVcjRvNUJNY0VwMXlkbjVLelNwZDJ5azRVNjQtZGhsb2tyQ3lUWnZEQ1FUZHdFbGJjZlNHcUMxeTFFT1dfbGpFeVhQNV9pdWEyT0dSVTBvT0dsR2EyX2FybWxiOS1DLUdHOFZTY3p3dGZQaklET3JPRzRJY1Y1dXd5REgydGk1SVpqbXN2U0Z3bVlMOU90N1FLVjUyTUZrb2hhSmVSN3pDQTJUUy1GdWw4cHM?oc=5,Arizona Daily Star,"<a href=""https://news.google.com/rss/articles/CBMizwFBVV95cUxPZWN6RGNpcWZLT1ZseFVxWWt0Y2xLN3dTVjZUTUZVcjRvNUJNY0VwMXlkbjVLelNwZDJ5azRVNjQtZGhsb2tyQ3lUWnZEQ1FUZHdFbGJjZlNHcUMxeTFFT1dfbGpFeVhQNV9pdWEyT0dSVTBvT0dsR2EyX2FybWxiOS1DLUdHOFZTY3p3dGZQaklET3JPRzRJY1Y1dXd5REgydGk1SVpqbXN2U0Z3bVlMOU90N1FLVjUyTUZrb2hhSmVSN3pDQTJUUy1GdWw4cHM?oc=5"" target=""_blank"">Valley fever drug from UA on fast track</a>&nbsp;&nbsp;<font color=""#6f6f6f"">Arizona Daily Star</font>"
2014-12,"""valley fever""","Army scientist uses diagnostic tools to track Ebola, other viruses - army.mil","Thu, 18 Dec 2014 08:00:00 GMT",https://news.google.com/rss/articles/CBMiowFBVV95cUxNazh0LUpjTzd2T1NmM2tsNDlsZHpSNDZ5ak5yb2xIbmtJYzU2ZEM2SGdLV0JnU0UzX2NYeDJoTnUyQWZLQlBZTVByMmlyeGhJMVBHNHNWTDRwUm5FdHFlY0lNYndWQUs1NXIyLTQ0Y0dfS1h6SFREVU56YS1kZFRnT0ZKUXRFWTdGOXNRWmlsTGkzTjZuZmM1Z1RtQnpoUXgtOE1F0gGoAUFVX3lxTFBfekVjczRpbmZrQm1veEc5SE9rN2N0NnY1XzlUQnpidlFkWTEwUVpHNUpVal9zR3VmYV9MOVRCVXA3XzVmMzIzb2ZIUmJ2TG5KMHZscTJxNm9DYTNlMGhJbXo3RUdIdlhqa1lTVXF1T2h3dzZta0ptWWg2ZU1Nc0p6UVRndW8ybk90b3F5TkpIU1Fwci1LZUpaMHJwdEYwaC02cmZVRkRraQ?oc=5,army.mil,"<a href=""https://news.google.com/rss/articles/CBMiowFBVV95cUxNazh0LUpjTzd2T1NmM2tsNDlsZHpSNDZ5ak5yb2xIbmtJYzU2ZEM2SGdLV0JnU0UzX2NYeDJoTnUyQWZLQlBZTVByMmlyeGhJMVBHNHNWTDRwUm5FdHFlY0lNYndWQUs1NXIyLTQ0Y0dfS1h6SFREVU56YS1kZFRnT0ZKUXRFWTdGOXNRWmlsTGkzTjZuZmM1Z1RtQnpoUXgtOE1F0gGoAUFVX3lxTFBfekVjczRpbmZrQm1veEc5SE9rN2N0NnY1XzlUQnpidlFkWTEwUVpHNUpVal9zR3VmYV9MOVRCVXA3XzVmMzIzb2ZIUmJ2TG5KMHZscTJxNm9DYTNlMGhJbXo3RUdIdlhqa1lTVXF1T2h3dzZta0ptWWg2ZU1Nc0p6UVRndW8ybk90b3F5TkpIU1Fwci1LZUpaMHJwdEYwaC02cmZVRkRraQ?oc=5"" target=""_blank"">Army scientist uses diagnostic tools to track Ebola, other viruses</a>&nbsp;&nbsp;<font color=""#6f6f6f"">army.mil</font>"
2014-12,"""valley fever""",How Ebola Roared Back (Published 2014) - The New York Times,"Mon, 29 Dec 2014 08:00:00 GMT",https://news.google.com/rss/articles/CBMid0FVX3lxTE9jb1VmZUlWc2RQZ29FSHpaQldDczFpbGk1amcwR05qQ3JtblRCR2RHeDJPQzRpR2M4a1RTQ2hPWEJyLTFfR3NNT1F5R1k4UmFWQThMMTFmOE1uY3BWUFJfSXpTdWg1czQ2NUFXSnIyYk5iZHFHekRz?oc=5,The New York Times,"<a href=""https://news.google.com/rss/articles/CBMid0FVX3lxTE9jb1VmZUlWc2RQZ29FSHpaQldDczFpbGk1amcwR05qQ3JtblRCR2RHeDJPQzRpR2M4a1RTQ2hPWEJyLTFfR3NNT1F5R1k4UmFWQThMMTFmOE1uY3BWUFJfSXpTdWg1czQ2NUFXSnIyYk5iZHFHekRz?oc=5"" target=""_blank"">How Ebola Roared Back (Published 2014)</a>&nbsp;&nbsp;<font color=""#6f6f6f"">The New York Times</font>"
2015-01,"""valley fever""",Arizona trivia every visitor should know - The Arizona Republic,"Tue, 27 Jan 2015 08:00:00 GMT",https://news.google.com/rss/articles/CBMitgFBVV95cUxQbU9ZR1JxZlhGNzJpWmhhLTQ0RWthTGdzZ2dhdG9xWmFXRGhJZWYwUi1iQjlMY0RybXJScGdmZkVlekJjdWdnYnFRVlJnS1l5ZkJ0V2xpYlJOV3JhZVZFMlRUaG5VeU8xTlhRbl9mQWpKVVBnajZ2Z1BkRkoxUUJvTElZS2ROU24wQmRBOC0xWmpvYWJ5UVk3MktON1I0VENONWRack85Q25IWEV0YUh5VE5uanBTQQ?oc=5,The Arizona Republic,"<a href=""https://news.google.com/rss/articles/CBMitgFBVV95cUxQbU9ZR1JxZlhGNzJpWmhhLTQ0RWthTGdzZ2dhdG9xWmFXRGhJZWYwUi1iQjlMY0RybXJScGdmZkVlekJjdWdnYnFRVlJnS1l5ZkJ0V2xpYlJOV3JhZVZFMlRUaG5VeU8xTlhRbl9mQWpKVVBnajZ2Z1BkRkoxUUJvTElZS2ROU24wQmRBOC0xWmpvYWJ5UVk3MktON1I0VENONWRack85Q25IWEV0YUh5VE5uanBTQQ?oc=5"" target=""_blank"">Arizona trivia every visitor should know</a>&nbsp;&nbsp;<font color=""#6f6f6f"">The Arizona Republic</font>"
2015-01,"""valley fever""",The return of El Niño - The Week,"Thu, 08 Jan 2015 08:00:00 GMT",https://news.google.com/rss/articles/CBMiXkFVX3lxTFBhdWVnTEhPV0Z0VFg2R0JydDE2NjdBb0t6R1ZKOHJEak9nWmJRSThkRGJqVGZQYnJvcGx3TXBqekhFcHF4N0xmdHgyanc3b1lxMjNaQ1ZiMXd5NzdnVGc?oc=5,The Week,"<a href=""https://news.google.com/rss/articles/CBMiXkFVX3lxTFBhdWVnTEhPV0Z0VFg2R0JydDE2NjdBb0t6R1ZKOHJEak9nWmJRSThkRGJqVGZQYnJvcGx3TXBqekhFcHF4N0xmdHgyanc3b1lxMjNaQ1ZiMXd5NzdnVGc?oc=5"" target=""_blank"">The return of El Niño</a>&nbsp;&nbsp;<font color=""#6f6f6f"">The Week</font>"
2015-01,"""valley fever""",Hantavirus: Symptoms & Treatment of Infection - Live Science,"Thu, 15 Jan 2015 08:00:00 GMT",https://news.google.com/rss/articles/CBMiXkFVX3lxTE9HOHBhREVMTEdGa3N3eFBNZnRETlBSWHVWXzRBeENsbW5OZEpDZVh1ckFIX3RTR002WjRHeC0yQTA0MEFtV2Y5eU5QYU1aTHdWNElrajZqODUycTF1SGc?oc=5,Live Science,"<a href=""https://news.google.com/rss/articles/CBMiXkFVX3lxTE9HOHBhREVMTEdGa3N3eFBNZnRETlBSWHVWXzRBeENsbW5OZEpDZVh1ckFIX3RTR002WjRHeC0yQTA0MEFtV2Y5eU5QYU1aTHdWNElrajZqODUycTF1SGc?oc=5"" target=""_blank"">Hantavirus: Symptoms & Treatment of Infection</a>&nbsp;&nbsp;<font color=""#6f6f6f"">Live Science</font>"
2015-02,"""valley fever""",Valley fever is taking a toll on California prisoners — and it’s the government’s fault - grist.org,"Tue, 03 Feb 2015 08:00:00 GMT",https://news.google.com/rss/articles/CBMirgFBVV95cUxQY3VJbjg1NXdXVlRnUkpIeTFDcHZkc0ZrSUhnZzJHcHRhbEhxbkhPYlNXQ0t6Uml0SlhIWmNBOVRPbkEtWXJodDdBb0VmbDg4YjhXQUl2LWZMU1FacHc3X19NQzNhQm5ZOUV5RFVOQXVxTDZ4Rm5NNEE1SG9NZGk0WjBNMHdqQ0JvYndTRm00Wk0zX0lvUERIc3E1YTRqejFXZXd4WXNwYWVJN0dfVUE?oc=5,grist.org,"<a href=""https://news.google.com/rss/articles/CBMirgFBVV95cUxQY3VJbjg1NXdXVlRnUkpIeTFDcHZkc0ZrSUhnZzJHcHRhbEhxbkhPYlNXQ0t6Uml0SlhIWmNBOVRPbkEtWXJodDdBb0VmbDg4YjhXQUl2LWZMU1FacHc3X19NQzNhQm5ZOUV5RFVOQXVxTDZ4Rm5NNEE1SG9NZGk0WjBNMHdqQ0JvYndTRm00Wk0zX0lvUERIc3E1YTRqejFXZXd4WXNwYWVJN0dfVUE?oc=5"" target=""_blank"">Valley fever is taking a toll on California prisoners — and it’s the government’s fault</a>&nbsp;&nbsp;<font color=""#6f6f6f"">grist.org</font>"
2015-02,"""valley fever""",Ike Davis complains ‘nightmare’ valley fever still won’t go away - New York Post,"Tue, 10 Feb 2015 08:00:00 GMT",https://news.google.com/rss/articles/CBMilwFBVV95cUxNT3RWMWNsREE5MXRuSW5hcXdZQnduaDltdjcwMXJoZkRFeWs3aTcza28xaGNvRjdxdjduTjd2am4ycWU4UThXWmZzQ0h2ZVd4U0VtODBvVGhScTc5Z2RnSXNodXJkR3owN3RCbnlfMF82bmwzLTNCdDFOMml5VFRHakI2anRBYWNJdDV4Mk5ELUlpSGJ1YWdr?oc=5,New York Post,"<a href=""https://news.google.com/rss/articles/CBMilwFBVV95cUxNT3RWMWNsREE5MXRuSW5hcXdZQnduaDltdjcwMXJoZkRFeWs3aTcza28xaGNvRjdxdjduTjd2am4ycWU4UThXWmZzQ0h2ZVd4U0VtODBvVGhScTc5Z2RnSXNodXJkR3owN3RCbnlfMF82bmwzLTNCdDFOMml5VFRHakI2anRBYWNJdDV4Mk5ELUlpSGJ1YWdr?oc=5"" target=""_blank"">Ike Davis complains ‘nightmare’ valley fever still won’t go away</a>&nbsp;&nbsp;<font color=""#6f6f6f"">New York Post</font>"
2015-02,"""valley fever""",Coccidioidomycosis osteomyelitis of the knee in a 23-year-old diabetic patient - ScienceDirect.com,"Thu, 05 Feb 2015 08:00:00 GMT",https://news.google.com/rss/articles/CBMidkFVX3lxTE5JekkwMXBIeVpKalU2ZlB5OVhQR080dGdXX2hkaTE4eTlLUF9FR3RPdzJiSUZpTm9NSGZxY2pVREcxemc0a2RGQWlCYnYzQVE4YkkzR245UGVEQmNNZkExX1FzeVB5cFJUdGpIR2ttRnYtTF9jTnc?oc=5,ScienceDirect.com,"<a href=""https://news.google.com/rss/articles/CBMidkFVX3lxTE5JekkwMXBIeVpKalU2ZlB5OVhQR080dGdXX2hkaTE4eTlLUF9FR3RPdzJiSUZpTm9NSGZxY2pVREcxemc0a2RGQWlCYnYzQVE4YkkzR245UGVEQmNNZkExX1FzeVB5cFJUdGpIR2ttRnYtTF9jTnc?oc=5"" target=""_blank"">Coccidioidomycosis osteomyelitis of the knee in a 23-year-old diabetic patient</a>&nbsp;&nbsp;<font color=""#6f6f6f"">ScienceDirect.com</font>"
2015-02,"""valley fever""",Maggy the dog - Arizona Daily Star,"Sat, 28 Feb 2015 08:00:00 GMT",https://news.google.com/rss/articles/CBMiigFBVV95cUxQQ3JjYUhyb19zSXE4emFGWHhzcUo2cVhzbWFTWm5mVVRPVVZGVnFmRTVaaHRIVDE2SHZCZGhjLV94X2ZDVElIVC1TUUNYa3pHODlPcklTRVd1SUd1V3hzdEV2aW8wTTMzbTk2dWhWY1g1VjN1RW94RGJqUHp3RXF6S1BOUnhPb2Y5b3c?oc=5,Arizona Daily Star,"<a href=""https://news.google.com/rss/articles/CBMiigFBVV95cUxQQ3JjYUhyb19zSXE4emFGWHhzcUo2cVhzbWFTWm5mVVRPVVZGVnFmRTVaaHRIVDE2SHZCZGhjLV94X2ZDVElIVC1TUUNYa3pHODlPcklTRVd1SUd1V3hzdEV2aW8wTTMzbTk2dWhWY1g1VjN1RW94RGJqUHp3RXF6S1BOUnhPb2Y5b3c?oc=5"" target=""_blank"">Maggy the dog</a>&nbsp;&nbsp;<font color=""#6f6f6f"">Arizona Daily Star</font>"
2015-02,"""valley fever""",The 2015-16 Budget: Governor’s Criminal Justice Proposals - Legislative Analyst’s Office (.gov),"Fri, 20 Feb 2015 08:00:00 GMT",https://news.google.com/rss/articles/CBMijwFBVV95cUxNRGEySEVZRXFaNkVtZ1RYQzM1ZmN4by02VmNqZGRDU0pmbmhMU29rTFhNZl9xRVgtMkpDejJNbzBIQmtWa1JDR05JMmtQQ216YmtIVENRWFFQUG9zTkMwcEd1ZE9aNUNoenYwOWhRVVg4ZnBUTHRTZnBaS2dLaXJjS2VzMXRIRmpNRTM3V05RZw?oc=5,Legislative Analyst’s Office (.gov),"<a href=""https://news.google.com/rss/articles/CBMijwFBVV95cUxNRGEySEVZRXFaNkVtZ1RYQzM1ZmN4by02VmNqZGRDU0pmbmhMU29rTFhNZl9xRVgtMkpDejJNbzBIQmtWa1JDR05JMmtQQ216YmtIVENRWFFQUG9zTkMwcEd1ZE9aNUNoenYwOWhRVVg4ZnBUTHRTZnBaS2dLaXJjS2VzMXRIRmpNRTM3V05RZw?oc=5"" target=""_blank"">The 2015-16 Budget: Governor’s Criminal Justice Proposals</a>&nbsp;&nbsp;<font color=""#6f6f6f"">Legislative Analyst’s Office (.gov)</font>"
2015-02,"""valley fever""",Crunching genomes to boost animal health - Food and Agriculture Organization,"Tue, 10 Feb 2015 08:00:00 GMT",https://news.google.com/rss/articles/CBMihgFBVV95cUxPRUFqT185dUtWVl9YSDhoYlJEWXlhX2hxOEs5N2RVUko0QS1lbm1lSk1jZ2VpVk1lQUk1UWYyY1VDb19XZUZMeHNoajVmb3lKU3NmVEFwYTY4aFZOeWdUOEZpNGkzaUNuQUN0SXYtVUppc2Q5LU5NUE40OWtIQ2RWLUhwUXNOQQ?oc=5,Food and Agriculture Organization,"<a href=""https://news.google.com/rss/articles/CBMihgFBVV95cUxPRUFqT185dUtWVl9YSDhoYlJEWXlhX2hxOEs5N2RVUko0QS1lbm1lSk1jZ2VpVk1lQUk1UWYyY1VDb19XZUZMeHNoajVmb3lKU3NmVEFwYTY4aFZOeWdUOEZpNGkzaUNuQUN0SXYtVUppc2Q5LU5NUE40OWtIQ2RWLUhwUXNOQQ?oc=5"" target=""_blank"">Crunching genomes to boost animal health</a>&nbsp;&nbsp;<font color=""#6f6f6f"">Food and Agriculture Organization</font>"
2015-02,"""valley fever""",Video: Massive Funeral Procession for Hells Angels Member Shot and Killed in Phoenix - Phoenix New Times,"Thu, 26 Feb 2015 08:00:00 GMT",https://news.google.com/rss/articles/CBMiyAFBVV95cUxQTjZUeC10cHRpbVZ5N054SUJTb2hZb0lZcnBEQkZSRGxoeElkOGNTZms3U2w0TnlCM1ljekNVVVNGcENpcE9UYmtTNFo3S3FHT3o2T3UtN01xSDF0TGZ3QjRRdUUxNEFDT1ktMDhYa01ncWRaVVh0dTcwdjRRbURELXMtcHFvTHVJeFgzQnl3SmRHVWZKQ0dtYzFEb3o0N2wyNkM2YTZjZ3lxY1FTb1k3NUhDQTZKUnZPOGR0WEdiUXF6VFd5SnlCcg?oc=5,Phoenix New Times,"<a href=""https://news.google.com/rss/articles/CBMiyAFBVV95cUxQTjZUeC10cHRpbVZ5N054SUJTb2hZb0lZcnBEQkZSRGxoeElkOGNTZms3U2w0TnlCM1ljekNVVVNGcENpcE9UYmtTNFo3S3FHT3o2T3UtN01xSDF0TGZ3QjRRdUUxNEFDT1ktMDhYa01ncWRaVVh0dTcwdjRRbURELXMtcHFvTHVJeFgzQnl3SmRHVWZKQ0dtYzFEb3o0N2wyNkM2YTZjZ3lxY1FTb1k3NUhDQTZKUnZPOGR0WEdiUXF6VFd5SnlCcg?oc=5"" target=""_blank"">Video: Massive Funeral Procession for Hells Angels Member Shot and Killed in Phoenix</a>&nbsp;&nbsp;<font color=""#6f6f6f"">Phoenix New Times</font>"
2015-03,"""valley fever""",Risk factors associated with Rift Valley fever epidemics in South Africa in 2008–11 - Nature,"Wed, 25 Mar 2015 07:00:00 GMT",https://news.google.com/rss/articles/CBMiU0FVX3lxTE9YRjh4UC1iaXd2VmVoMHRUdVN0cWhpRV9YTFg1anlkblpvbWZsbkFfTG04WV9TaUxtRHZaU0dIQWdwYm0xcy02d21BV0tWaUE2Qzdz?oc=5,Nature,"<a href=""https://news.google.com/rss/articles/CBMiU0FVX3lxTE9YRjh4UC1iaXd2VmVoMHRUdVN0cWhpRV9YTFg1anlkblpvbWZsbkFfTG04WV9TaUxtRHZaU0dIQWdwYm0xcy02d21BV0tWaUE2Qzdz?oc=5"" target=""_blank"">Risk factors associated with Rift Valley fever epidemics in South Africa in 2008–11</a>&nbsp;&nbsp;<font color=""#6f6f6f"">Nature</font>"
2015-03,"""valley fever""",Vaccine developed at UA could prevent valley fever - Arizona Daily Star,"Sun, 01 Mar 2015 08:00:00 GMT",https://news.google.com/rss/articles/CBMi4AFBVV95cUxNWWJlSlRXSjZ4aktVWDNMZXpWeEcxVHJQV2p2MjRtM08xRjU2VS05bGNHSGYyVk1EX1VSOXFNbWRnSVlyVUpaOU1ZZzNQbkxuZGZLNlhwR3NHRk5xc2g1aGU4UElwUEFoN2s5dk5EbkkzNndBcWIxLXl0ZHFMN2pfQmNQcE5sc0FSLXljNE1nLUhwcjRTNWdHbXNBZ2dPSUxoMXFLak9sYWxjOTV6Qm1hY0Nra0dkYjFWbnRoVFktV2lPWlY2MWNNMGd0ZEVVU1FXVjlab19Qd0VQRVZ3UkkxNA?oc=5,Arizona Daily Star,"<a href=""https://news.google.com/rss/articles/CBMi4AFBVV95cUxNWWJlSlRXSjZ4aktVWDNMZXpWeEcxVHJQV2p2MjRtM08xRjU2VS05bGNHSGYyVk1EX1VSOXFNbWRnSVlyVUpaOU1ZZzNQbkxuZGZLNlhwR3NHRk5xc2g1aGU4UElwUEFoN2s5dk5EbkkzNndBcWIxLXl0ZHFMN2pfQmNQcE5sc0FSLXljNE1nLUhwcjRTNWdHbXNBZ2dPSUxoMXFLak9sYWxjOTV6Qm1hY0Nra0dkYjFWbnRoVFktV2lPWlY2MWNNMGd0ZEVVU1FXVjlab19Qd0VQRVZ3UkkxNA?oc=5"" target=""_blank"">Vaccine developed at UA could prevent valley fever</a>&nbsp;&nbsp;<font color=""#6f6f6f"">Arizona Daily Star</font>"
2015-03,"""valley fever""",Southwestern disease changes Nebraska family - KLKN-TV,"Wed, 25 Mar 2015 07:00:00 GMT",https://news.google.com/rss/articles/CBMid0FVX3lxTE1SNWxRWGhsZWpUR3VCVTU5Njd2Q3RkYXppX1RmSnVrNDBCbTdfeTVpOENKMHBUaFUyeWNIS01xSl80eVdCUzRMLUNxMTNya2VOZEtiOHAwa3MtakRHUm5VdjRkbTk1NEtvZmVxOW9rNld0VHk1RVNZ?oc=5,KLKN-TV,"<a href=""https://news.google.com/rss/articles/CBMid0FVX3lxTE1SNWxRWGhsZWpUR3VCVTU5Njd2Q3RkYXppX1RmSnVrNDBCbTdfeTVpOENKMHBUaFUyeWNIS01xSl80eVdCUzRMLUNxMTNya2VOZEtiOHAwa3MtakRHUm5VdjRkbTk1NEtvZmVxOW9rNld0VHk1RVNZ?oc=5"" target=""_blank"">Southwestern disease changes Nebraska family</a>&nbsp;&nbsp;<font color=""#6f6f6f"">KLKN-TV</font>"
2015-03,"""valley fever""",Water & Rivers - Sierra Club,"Fri, 13 Mar 2015 07:00:00 GMT",https://news.google.com/rss/articles/CBMiXEFVX3lxTE9iT0dXTXdSZDRTOXNoRklUMGd6T3NBbk9rc3hfc0xaMEtxdDFPSXBGRnRHZi1HOHJrLUJUVGhzeElXOVRsMmFCOGNrS3FVTWpjUU9TQUZtbWx1djNk?oc=5,Sierra Club,"<a href=""https://news.google.com/rss/articles/CBMiXEFVX3lxTE9iT0dXTXdSZDRTOXNoRklUMGd6T3NBbk9rc3hfc0xaMEtxdDFPSXBGRnRHZi1HOHJrLUJUVGhzeElXOVRsMmFCOGNrS3FVTWpjUU9TQUZtbWx1djNk?oc=5"" target=""_blank"">Water & Rivers</a>&nbsp;&nbsp;<font color=""#6f6f6f"">Sierra Club</font>"
2015-03,"""valley fever""",A San Fernando Valley Playist - Eric Brightwell,"Mon, 23 Mar 2015 07:00:00 GMT",https://news.google.com/rss/articles/CBMid0FVX3lxTE05My1nd0NFT0hXcm9LWFZhUzd6U2tCZlpsOFhyZTJ2ZnFEZ0ZsV0ZtZ1ZPMXZ6X2pIZnN0eHZuaEljVmpuN2FiLVRESkxpTzBxMm5iS0x5T0ttVTlsNXZmVXdlallGdGFuRlp5R2k1RmI2czBFVU9v?oc=5,Eric Brightwell,"<a href=""https://news.google.com/rss/articles/CBMid0FVX3lxTE05My1nd0NFT0hXcm9LWFZhUzd6U2tCZlpsOFhyZTJ2ZnFEZ0ZsV0ZtZ1ZPMXZ6X2pIZnN0eHZuaEljVmpuN2FiLVRESkxpTzBxMm5iS0x5T0ttVTlsNXZmVXdlallGdGFuRlp5R2k1RmI2czBFVU9v?oc=5"" target=""_blank"">A San Fernando Valley Playist</a>&nbsp;&nbsp;<font color=""#6f6f6f"">Eric Brightwell</font>"
2015-03,"""valley fever""",Avoid tropical bugs not covered by travel vaccines - Sunlife,"Thu, 12 Mar 2015 07:00:00 GMT",https://news.google.com/rss/articles/CBMimgFBVV95cUxNa2JnUnJjbFFGam1BT3VLZGxIc0FPc1JxX01pMFBvZGQ4MjJOZ1FXLWhaYVlvVTA0OVV4T0JrSHp5OGYwdHBfcU01UURWR0RpMFd3dHhyU25ROTQ5NzBpMVNtRlZuVWViRlZ4NXdUVHRiSnJkUFJjODdnZWRSazA5dDVLTUN1ckNpVVZ1dWRoV0pyWFR4WW9oajFR?oc=5,Sunlife,"<a href=""https://news.google.com/rss/articles/CBMimgFBVV95cUxNa2JnUnJjbFFGam1BT3VLZGxIc0FPc1JxX01pMFBvZGQ4MjJOZ1FXLWhaYVlvVTA0OVV4T0JrSHp5OGYwdHBfcU01UURWR0RpMFd3dHhyU25ROTQ5NzBpMVNtRlZuVWViRlZ4NXdUVHRiSnJkUFJjODdnZWRSazA5dDVLTUN1ckNpVVZ1dWRoV0pyWFR4WW9oajFR?oc=5"" target=""_blank"">Avoid tropical bugs not covered by travel vaccines</a>&nbsp;&nbsp;<font color=""#6f6f6f"">Sunlife</font>"
2015-03,"""valley fever""",The 99 Problems With Phoenix - Thrillist,"Sun, 15 Mar 2015 07:00:00 GMT",https://news.google.com/rss/articles/CBMiggFBVV95cUxPRlE4QWVaekwtZmJqYUJsakZQLVZJUEpPWmhmN2JDTHMwYk5ubHhXLVlSWmRlOHZOVWE3OGVrWlRkaTJKWldPNmFMUjVOX2hRYnI5YUtNTlhiT28yOXJ4bnpXRnJ3TzNPOEdISVVseGNfRVFhTDVYckh2elpCMGJPaFVn?oc=5,Thrillist,"<a href=""https://news.google.com/rss/articles/CBMiggFBVV95cUxPRlE4QWVaekwtZmJqYUJsakZQLVZJUEpPWmhmN2JDTHMwYk5ubHhXLVlSWmRlOHZOVWE3OGVrWlRkaTJKWldPNmFMUjVOX2hRYnI5YUtNTlhiT28yOXJ4bnpXRnJ3TzNPOEdISVVseGNfRVFhTDVYckh2elpCMGJPaFVn?oc=5"" target=""_blank"">The 99 Problems With Phoenix</a>&nbsp;&nbsp;<font color=""#6f6f6f"">Thrillist</font>"
2015-03,"""valley fever""",Meetings Next Week to Discuss Pacoima Dam Sediment Project - The San Fernando Valley Sun,"Thu, 19 Mar 2015 07:00:00 GMT",https://news.google.com/rss/articles/CBMingFBVV95cUxOUEo1Mmh6cmJiWE83T3YtRnZJSUc2cWtHdTljWWVvNVRIaThjOTcxbGhiUWk1LU1kU2xtNDR6a1NLV0JHUVZyQzQtZ1pVUVpQVk5peDNpcjZVYjY0b2xNckdzTmJuZXp4dEpYU3l5Z0lYbW5yNXpQOHZLVUtLa2dSNkp3NDJ2SHRFS2dXMTN4ZFlKdWpUVlJROWpPM2dJdw?oc=5,The San Fernando Valley Sun,"<a href=""https://news.google.com/rss/articles/CBMingFBVV95cUxOUEo1Mmh6cmJiWE83T3YtRnZJSUc2cWtHdTljWWVvNVRIaThjOTcxbGhiUWk1LU1kU2xtNDR6a1NLV0JHUVZyQzQtZ1pVUVpQVk5peDNpcjZVYjY0b2xNckdzTmJuZXp4dEpYU3l5Z0lYbW5yNXpQOHZLVUtLa2dSNkp3NDJ2SHRFS2dXMTN4ZFlKdWpUVlJROWpPM2dJdw?oc=5"" target=""_blank"">Meetings Next Week to Discuss Pacoima Dam Sediment Project</a>&nbsp;&nbsp;<font color=""#6f6f6f"">The San Fernando Valley Sun</font>"
2015-04,"""valley fever""",Nielsen BioSciences' SPHERUSOL® Provides Physicians with New Test for Valley Fever - PR Newswire,"Thu, 09 Apr 2015 07:00:00 GMT",https://news.google.com/rss/articles/CBMi0gFBVV95cUxOcFg1RHVmQ3ZWYnY1ZXdiU2hMYngxT3gwa2phMk9ZOHlQcnUyU01sdlpzN0g1NFZBdTROQzFVMzRublVXTlpUQ2xjMEFPNkt0cU1sU0d4U19YdDF2cWVkZ0ZuWm5HZ0NHd1J1SDZRbWV4R3lxZEw3SnBJbTB2eXZmQmJKODV0OHJKd3QweWJJV19HQ3lQdU9UQjZWSlRYZExMeHhlaUtSSGRHUERTZHhwWldSM3B5ckRVRkRpeURIdnhlTURXUWRscXRwbHZBaFp2V2c?oc=5,PR Newswire,"<a href=""https://news.google.com/rss/articles/CBMi0gFBVV95cUxOcFg1RHVmQ3ZWYnY1ZXdiU2hMYngxT3gwa2phMk9ZOHlQcnUyU01sdlpzN0g1NFZBdTROQzFVMzRublVXTlpUQ2xjMEFPNkt0cU1sU0d4U19YdDF2cWVkZ0ZuWm5HZ0NHd1J1SDZRbWV4R3lxZEw3SnBJbTB2eXZmQmJKODV0OHJKd3QweWJJV19HQ3lQdU9UQjZWSlRYZExMeHhlaUtSSGRHUERTZHhwWldSM3B5ckRVRkRpeURIdnhlTURXUWRscXRwbHZBaFp2V2c?oc=5"" target=""_blank"">Nielsen BioSciences' SPHERUSOL® Provides Physicians with New Test for Valley Fever</a>&nbsp;&nbsp;<font color=""#6f6f6f"">PR Newswire</font>"
2015-04,"""valley fever""",Exposing Immigrants to Death Dust? No Thanks - ACLU of Northern California,"Wed, 08 Apr 2015 07:00:00 GMT",https://news.google.com/rss/articles/CBMifkFVX3lxTFBVbWV3ZEZRNDh4NnlzaUlxUDBlb0Z6WFI1VkJ4WUVVY1dJTlRMU2NOM0NmeEktcnl2WTdPZ0FCMHhfd2oxdVZBcjhGTk10SGxuV0NiZmJwZUZYU0MzS19rdUxEd2xGSTlVUlBOWHhuMm1KLWlIODZXUTZiaW1SUQ?oc=5,ACLU of Northern California,"<a href=""https://news.google.com/rss/articles/CBMifkFVX3lxTFBVbWV3ZEZRNDh4NnlzaUlxUDBlb0Z6WFI1VkJ4WUVVY1dJTlRMU2NOM0NmeEktcnl2WTdPZ0FCMHhfd2oxdVZBcjhGTk10SGxuV0NiZmJwZUZYU0MzS19rdUxEd2xGSTlVUlBOWHhuMm1KLWlIODZXUTZiaW1SUQ?oc=5"" target=""_blank"">Exposing Immigrants to Death Dust? No Thanks</a>&nbsp;&nbsp;<font color=""#6f6f6f"">ACLU of Northern California</font>"
2015-04,"""valley fever""",New skin test gives doctors hope for valley fever treatment - 12News,"Mon, 13 Apr 2015 07:00:00 GMT",https://news.google.com/rss/articles/CBMivgFBVV95cUxNdkZiRmFjX0Qta3ZqWVl3WlV2RWdyWFEwMkJRRlZvSlJubVppak9MYnRTU3hVNlFHaENBTy1TZ1dZX21Xc2FEY3NUcE1fdVlQOTNRQTN5aWw2REVHWWlBLUdUbm1ncV9LTlJ4aHEyeXVBWVEzYzZ4X2lFdE1XM1pWOHZXeUcxWVNvY2VqajFRNXNtV1hCcGY4czJtU1FQQndxeFEyeEdzbzNQbkJUZm5vQmpTOHp2NGZCQlk0QXV3?oc=5,12News,"<a href=""https://news.google.com/rss/articles/CBMivgFBVV95cUxNdkZiRmFjX0Qta3ZqWVl3WlV2RWdyWFEwMkJRRlZvSlJubVppak9MYnRTU3hVNlFHaENBTy1TZ1dZX21Xc2FEY3NUcE1fdVlQOTNRQTN5aWw2REVHWWlBLUdUbm1ncV9LTlJ4aHEyeXVBWVEzYzZ4X2lFdE1XM1pWOHZXeUcxWVNvY2VqajFRNXNtV1hCcGY4czJtU1FQQndxeFEyeEdzbzNQbkJUZm5vQmpTOHp2NGZCQlk0QXV3?oc=5"" target=""_blank"">New skin test gives doctors hope for valley fever treatment</a>&nbsp;&nbsp;<font color=""#6f6f6f"">12News</font>"
2015-04,"""valley fever""",CDC Ebola guidance reflects concern over spread via sex - CIDRAP,"Mon, 20 Apr 2015 07:00:00 GMT",https://news.google.com/rss/articles/CBMijAFBVV95cUxNTmNVY0ZPcGtpbDJBS1lSNzlxb0d4c2F5c1UwRlZfbThHSG12eE1RczhLREVhdGZRTFZFbmFReFNOaHNJbGpzNVhnSDRaWnpKMkk5U3NOa3VHZ3dlSzRvVXVMUTExbnhFeXVJNkkybzdxb3JONHZoY1JqVTdUSF8tRXlBV0dyUDlUQ040aw?oc=5,CIDRAP,"<a href=""https://news.google.com/rss/articles/CBMijAFBVV95cUxNTmNVY0ZPcGtpbDJBS1lSNzlxb0d4c2F5c1UwRlZfbThHSG12eE1RczhLREVhdGZRTFZFbmFReFNOaHNJbGpzNVhnSDRaWnpKMkk5U3NOa3VHZ3dlSzRvVXVMUTExbnhFeXVJNkkybzdxb3JONHZoY1JqVTdUSF8tRXlBV0dyUDlUQ040aw?oc=5"" target=""_blank"">CDC Ebola guidance reflects concern over spread via sex</a>&nbsp;&nbsp;<font color=""#6f6f6f"">CIDRAP</font>"
2015-04,"""valley fever""",Fungus stirred up by wind could cause lung disease - KSNV,"Wed, 15 Apr 2015 07:00:00 GMT",https://news.google.com/rss/articles/CBMihAFBVV95cUxOYm5neE1BVW9FOGlpRzZiRTRvdmNFeHAydXZNNWFsYnNVZnJyblE1V1lLNUtjMk5lVHFLbjNJak5sZ3ZPQ2U4Z3JyemNvdzFMaVhUMFduQ1hUSGxmRGhmZU9jVHA4ejFmbnJ2eFRkV21iWElROWNOaWd5X2M2NzZlVlctVlQ?oc=5,KSNV,"<a href=""https://news.google.com/rss/articles/CBMihAFBVV95cUxOYm5neE1BVW9FOGlpRzZiRTRvdmNFeHAydXZNNWFsYnNVZnJyblE1V1lLNUtjMk5lVHFLbjNJak5sZ3ZPQ2U4Z3JyemNvdzFMaVhUMFduQ1hUSGxmRGhmZU9jVHA4ejFmbnJ2eFRkV21iWElROWNOaWd5X2M2NzZlVlctVlQ?oc=5"" target=""_blank"">Fungus stirred up by wind could cause lung disease</a>&nbsp;&nbsp;<font color=""#6f6f6f"">KSNV</font>"
2015-04,"""valley fever""",Palisades girls basketball coach Dean Reiman heading to Freedom - lehighvalleylive,"Mon, 20 Apr 2015 07:00:00 GMT",https://news.google.com/rss/articles/CBMivwFBVV95cUxNSUJkcjBJTDdfV1FUQzBDWVNfNjNMM2tReU4zVGdVdUNsc2QzaFh2aHgtOHRLRUFPdWRUbXZFMTQ1ZThBUVJuQzlna1ZxWjJ4MVkyeV8tbG1sYTBmUDRFV09UWHdVMG92OVlqYW51WlRidl9EVTdkSlJrOVVXQkpYTmEwSHVyTXR5bXZnLUwzTUFxTlVBVXN4d0ROMTduTW9jNGdnM19TRTBSZWpVNzkzdE1GbGJFMHpxN1BjQW9YNA?oc=5,lehighvalleylive,"<a href=""https://news.google.com/rss/articles/CBMivwFBVV95cUxNSUJkcjBJTDdfV1FUQzBDWVNfNjNMM2tReU4zVGdVdUNsc2QzaFh2aHgtOHRLRUFPdWRUbXZFMTQ1ZThBUVJuQzlna1ZxWjJ4MVkyeV8tbG1sYTBmUDRFV09UWHdVMG92OVlqYW51WlRidl9EVTdkSlJrOVVXQkpYTmEwSHVyTXR5bXZnLUwzTUFxTlVBVXN4d0ROMTduTW9jNGdnM19TRTBSZWpVNzkzdE1GbGJFMHpxN1BjQW9YNA?oc=5"" target=""_blank"">Palisades girls basketball coach Dean Reiman heading to Freedom</a>&nbsp;&nbsp;<font color=""#6f6f6f"">lehighvalleylive</font>"
2015-04,"""valley fever""",7 Changes Made to Arizona Driving Laws in 2015 - Phoenix New Times,"Wed, 15 Apr 2015 07:00:00 GMT",https://news.google.com/rss/articles/CBMilwFBVV95cUxPR0ZhU2laYmkxd0JfOG1YcFVHVWpQZjFfbW5wS2xQTWUxMFdoYms3R1JFdzVJMWJ3QVFEVG5ENkliSS1qbHNTbzh5SThKaUpvNHVBREtLcEhyTm9HVXhVb0JIQm85NmRGQ01CaEdJSk9SQUhPaGFrOXAzaHBpc21kLUZmRDlMTm1UQmlkRk00YVBVa09BbE1V?oc=5,Phoenix New Times,"<a href=""https://news.google.com/rss/articles/CBMilwFBVV95cUxPR0ZhU2laYmkxd0JfOG1YcFVHVWpQZjFfbW5wS2xQTWUxMFdoYms3R1JFdzVJMWJ3QVFEVG5ENkliSS1qbHNTbzh5SThKaUpvNHVBREtLcEhyTm9HVXhVb0JIQm85NmRGQ01CaEdJSk9SQUhPaGFrOXAzaHBpc21kLUZmRDlMTm1UQmlkRk00YVBVa09BbE1V?oc=5"" target=""_blank"">7 Changes Made to Arizona Driving Laws in 2015</a>&nbsp;&nbsp;<font color=""#6f6f6f"">Phoenix New Times</font>"
2015-04,"""valley fever""",Somalia registers record exports of 5 million livestock in 2014 - Food and Agriculture Organization,"Wed, 29 Apr 2015 07:00:00 GMT",https://news.google.com/rss/articles/CBMipAFBVV95cUxOUkYwNmRvUVBEdTdkUEk3cXZlQmxNX1E5Q000TS1vM29LT1JRNWZ2QW51NnJxQ0U5c0VQdGltVVFBUGhLb0t6R1hheWdRUjQxbGlGNDRNN241QXlGME1xWFhaX29POEhGZmp5dEh6UlgxRFgzMTJxTlFkZFA4eGJDTVBZT1FRLU83LXVIRG1SR1hCclVsalhjXzBUN0doZjNIaHZHSg?oc=5,Food and Agriculture Organization,"<a href=""https://news.google.com/rss/articles/CBMipAFBVV95cUxOUkYwNmRvUVBEdTdkUEk3cXZlQmxNX1E5Q000TS1vM29LT1JRNWZ2QW51NnJxQ0U5c0VQdGltVVFBUGhLb0t6R1hheWdRUjQxbGlGNDRNN241QXlGME1xWFhaX29POEhGZmp5dEh6UlgxRFgzMTJxTlFkZFA4eGJDTVBZT1FRLU83LXVIRG1SR1hCclVsalhjXzBUN0doZjNIaHZHSg?oc=5"" target=""_blank"">Somalia registers record exports of 5 million livestock in 2014</a>&nbsp;&nbsp;<font color=""#6f6f6f"">Food and Agriculture Organization</font>"
2015-04,"""valley fever""",The World's Most Dangerous Bioweapons: Threats and Security - Army Technology,"Sun, 12 Apr 2015 07:00:00 GMT",https://news.google.com/rss/articles/CBMimAFBVV95cUxPeWFhcE4xY29zNVVrNlBNQWF5V1pBYVBDaVRxalJQQ2RfeWxKeVV4bUZ6Zi1CQ0kwdXhTdVpHd2F4dGk5ZlRjWjhRZ3FWTEhlUGpkVmx6Tkh3WFYyZUdsWnRaR1hkUjZiMEpLVjlmdUFFaXBobUw1UE95elBDTVh0STBmQnU2REN1dlhvTkl1dnlfSEs1cVRyVg?oc=5,Army Technology,"<a href=""https://news.google.com/rss/articles/CBMimAFBVV95cUxPeWFhcE4xY29zNVVrNlBNQWF5V1pBYVBDaVRxalJQQ2RfeWxKeVV4bUZ6Zi1CQ0kwdXhTdVpHd2F4dGk5ZlRjWjhRZ3FWTEhlUGpkVmx6Tkh3WFYyZUdsWnRaR1hkUjZiMEpLVjlmdUFFaXBobUw1UE95elBDTVh0STBmQnU2REN1dlhvTkl1dnlfSEs1cVRyVg?oc=5"" target=""_blank"">The World's Most Dangerous Bioweapons: Threats and Security</a>&nbsp;&nbsp;<font color=""#6f6f6f"">Army Technology</font>"
2015-05,"""valley fever""",Health officials warn of valley fever risk in Tri-City area - Tri-City Herald,"Thu, 28 May 2015 07:00:00 GMT",https://news.google.com/rss/articles/CBMib0FVX3lxTE1hSGFOZXNGR1ZJQTFOcVVVaUlrd1gwUy11UWUwUEY4eWJXQXVqVkN0MWVNZ0ZPWTgxMEd2TGNWSFJ3Tm41VDgwRlJFZEJqcmpVUHA0amdENEoyTDhORnZCeHVycXlvRVFxbnRmSzZrb9IBb0FVX3lxTE94Tl9SRFI2bVlyejNaYkFSa2p0LTJ2S2VJQVRZR1g4T1VjZHRfT1AzUi1WTHVXeTZJVzh3SkFWUVh5Nm5rQ2RYWU9lQ2xQYWNtbVZoSVF0SHZweWZqa184M2lzUU41RmVFQWpWd0EyUQ?oc=5,Tri-City Herald,"<a href=""https://news.google.com/rss/articles/CBMib0FVX3lxTE1hSGFOZXNGR1ZJQTFOcVVVaUlrd1gwUy11UWUwUEY4eWJXQXVqVkN0MWVNZ0ZPWTgxMEd2TGNWSFJ3Tm41VDgwRlJFZEJqcmpVUHA0amdENEoyTDhORnZCeHVycXlvRVFxbnRmSzZrb9IBb0FVX3lxTE94Tl9SRFI2bVlyejNaYkFSa2p0LTJ2S2VJQVRZR1g4T1VjZHRfT1AzUi1WTHVXeTZJVzh3SkFWUVh5Nm5rQ2RYWU9lQ2xQYWNtbVZoSVF0SHZweWZqa184M2lzUU41RmVFQWpWd0EyUQ?oc=5"" target=""_blank"">Health officials warn of valley fever risk in Tri-City area</a>&nbsp;&nbsp;<font color=""#6f6f6f"">Tri-City Herald</font>"
2015-05,"""valley fever""",Potential Mechanism to Combat Hemorrhagic Fever Viruses - Global Biodefense,"Tue, 12 May 2015 07:00:00 GMT",https://news.google.com/rss/articles/CBMinAFBVV95cUxPTWFMT09sN1U3cml0eDlzeW1BVTJTTzd1WXA5V1JMVC1Xd2ZldF96T3JWVnotczJPUGNmMV9xWmUxejZrdHdvTjQzTmswWlR0RC1sbjgzeklVNlJvZXpfOFMxT0xkX05jcWJYd3dQQ245NFFPdWFDMV9NNWhPeGx4MGVwc25MMDdKNkVSX0t1cFd5TzRxYWJNQkw3cFY?oc=5,Global Biodefense,"<a href=""https://news.google.com/rss/articles/CBMinAFBVV95cUxPTWFMT09sN1U3cml0eDlzeW1BVTJTTzd1WXA5V1JMVC1Xd2ZldF96T3JWVnotczJPUGNmMV9xWmUxejZrdHdvTjQzTmswWlR0RC1sbjgzeklVNlJvZXpfOFMxT0xkX05jcWJYd3dQQ245NFFPdWFDMV9NNWhPeGx4MGVwc25MMDdKNkVSX0t1cFd5TzRxYWJNQkw3cFY?oc=5"" target=""_blank"">Potential Mechanism to Combat Hemorrhagic Fever Viruses</a>&nbsp;&nbsp;<font color=""#6f6f6f"">Global Biodefense</font>"
2015-05,"""valley fever""",Ebola teaches tough lessons about rapid research - Nature,"Wed, 27 May 2015 07:00:00 GMT",https://news.google.com/rss/articles/CBMiUEFVX3lxTE15RHJSV2RpdzBRcWhtUElaMnc5WkY1T1ZVUkktbUdJZlcyZVRkSnJxUXZhU2p3MjRpNVpibV9udXVYVExxNG1aQzFmYmVpdEVa?oc=5,Nature,"<a href=""https://news.google.com/rss/articles/CBMiUEFVX3lxTE15RHJSV2RpdzBRcWhtUElaMnc5WkY1T1ZVUkktbUdJZlcyZVRkSnJxUXZhU2p3MjRpNVpibV9udXVYVExxNG1aQzFmYmVpdEVa?oc=5"" target=""_blank"">Ebola teaches tough lessons about rapid research</a>&nbsp;&nbsp;<font color=""#6f6f6f"">Nature</font>"
2015-05,"""valley fever""",Why we need to rethink how we name diseases - The World Economic Forum,"Fri, 15 May 2015 07:00:00 GMT",https://news.google.com/rss/articles/CBMijAFBVV95cUxOTjlMOGFMdndMVUthSnJ4YkFpZF9PU0g3OGlqMDJ6QVRDSzQzX0hTQjREYmNyTU1IOXNFZ0NqWVdITDhXX3U0aUE0aHBVNmZqRHdJSy13S3JjSDI4eVFmbjdLRmtpa1ZIblRYTkYtUEgwb20xUzNza2JQNjNDXzEzSkRVQTUtZE16OE00TA?oc=5,The World Economic Forum,"<a href=""https://news.google.com/rss/articles/CBMijAFBVV95cUxOTjlMOGFMdndMVUthSnJ4YkFpZF9PU0g3OGlqMDJ6QVRDSzQzX0hTQjREYmNyTU1IOXNFZ0NqWVdITDhXX3U0aUE0aHBVNmZqRHdJSy13S3JjSDI4eVFmbjdLRmtpa1ZIblRYTkYtUEgwb20xUzNza2JQNjNDXzEzSkRVQTUtZE16OE00TA?oc=5"" target=""_blank"">Why we need to rethink how we name diseases</a>&nbsp;&nbsp;<font color=""#6f6f6f"">The World Economic Forum</font>"
2015-05,"""valley fever""",Discovered a disease? WHO has new rules for avoiding offensive names - Science | AAAS,"Mon, 11 May 2015 07:00:00 GMT",https://news.google.com/rss/articles/CBMiowFBVV95cUxQa3dvWUozX3dZQ0J2dTdEZGVLTG9KY2hpcGxUSGVBU1VpOHh3QU1SWXI4eF91RVNOX3lITE41dmFya3gzbEVFSDdGOGF6blVudTRRNld2YU9ZdW5ORkNhR0U3VlVLeW5tWUJ3NG9hZU9mamxqbnpCMzdKa1MzaFJBb0VVUnpZWkZMR2NHZTJGUFl0Y0NmVE5wXzJvTm1sbG5xdDR3?oc=5,Science | AAAS,"<a href=""https://news.google.com/rss/articles/CBMiowFBVV95cUxQa3dvWUozX3dZQ0J2dTdEZGVLTG9KY2hpcGxUSGVBU1VpOHh3QU1SWXI4eF91RVNOX3lITE41dmFya3gzbEVFSDdGOGF6blVudTRRNld2YU9ZdW5ORkNhR0U3VlVLeW5tWUJ3NG9hZU9mamxqbnpCMzdKa1MzaFJBb0VVUnpZWkZMR2NHZTJGUFl0Y0NmVE5wXzJvTm1sbG5xdDR3?oc=5"" target=""_blank"">Discovered a disease? WHO has new rules for avoiding offensive names</a>&nbsp;&nbsp;<font color=""#6f6f6f"">Science | AAAS</font>"
2015-05,"""valley fever""",Forgotten Citizens: The children of the deported - Latino USA,"Fri, 15 May 2015 07:00:00 GMT",https://news.google.com/rss/articles/CBMijgFBVV95cUxOS1QyLUZIU2ZMNWFQd1J5U0ZwVGo1T3pWYTFRYVgzZHJoR081dmJOYlZpaTJOYU5VSzk4T2Nsb09HNTlpTU92WVk4cU96VFF5b1dJX3lGWTNDQ042RXhfUFdTd1R3MG1PaW05MUJlS0FXYkl2Mks3RkZST2lhbHhBNUlNX3BJVENhYWNSbG9R?oc=5,Latino USA,"<a href=""https://news.google.com/rss/articles/CBMijgFBVV95cUxOS1QyLUZIU2ZMNWFQd1J5U0ZwVGo1T3pWYTFRYVgzZHJoR081dmJOYlZpaTJOYU5VSzk4T2Nsb09HNTlpTU92WVk4cU96VFF5b1dJX3lGWTNDQ042RXhfUFdTd1R3MG1PaW05MUJlS0FXYkl2Mks3RkZST2lhbHhBNUlNX3BJVENhYWNSbG9R?oc=5"" target=""_blank"">Forgotten Citizens: The children of the deported</a>&nbsp;&nbsp;<font color=""#6f6f6f"">Latino USA</font>"
2015-05,"""valley fever""",USDA and salmonella - OregonLive.com,"Fri, 01 May 2015 07:00:00 GMT",https://news.google.com/rss/articles/CBMidEFVX3lxTE56SlhobmhNbkt2WFBZa0NDc0ttaFFQM24xNXZmMXZ3YWRiRENrRnRpQ0dQOFlRV19wT3lUVTlTRTlJLVNUT3B2ZU9oSi15Q3Q2YWU1V1lmZDUzb01vcnowTmJoWUg4SjVDUzc2endBTXVrb29N?oc=5,OregonLive.com,"<a href=""https://news.google.com/rss/articles/CBMidEFVX3lxTE56SlhobmhNbkt2WFBZa0NDc0ttaFFQM24xNXZmMXZ3YWRiRENrRnRpQ0dQOFlRV19wT3lUVTlTRTlJLVNUT3B2ZU9oSi15Q3Q2YWU1V1lmZDUzb01vcnowTmJoWUg4SjVDUzc2endBTXVrb29N?oc=5"" target=""_blank"">USDA and salmonella</a>&nbsp;&nbsp;<font color=""#6f6f6f"">OregonLive.com</font>"
2015-05,"""valley fever""",Primary general presidency: 'Everything works if you serve the Lord' - Church News,"Fri, 22 May 2015 07:00:00 GMT",https://news.google.com/rss/articles/CBMitgFBVV95cUxPNFlPYW56VDhrd0gyUmdDNmtEMDN0R0xjMFpJT2djang1VGY5LVNscEFpbzc4cjlENWJrTkd5bU5EVUNHcjFhZjJHLTNuNWZ0MlgwWENVeXdnVUM2Rkp3VWd5THJQY25taG45bldQNW9xWnRENE03aVpmcHRfSXUySm5fX21KUlpqa2hWdXBZRVY0aEVEWU5STGFKSk41VFpEekZJSUhkNFAtZVR4eGhaelpyNlJmZw?oc=5,Church News,"<a href=""https://news.google.com/rss/articles/CBMitgFBVV95cUxPNFlPYW56VDhrd0gyUmdDNmtEMDN0R0xjMFpJT2djang1VGY5LVNscEFpbzc4cjlENWJrTkd5bU5EVUNHcjFhZjJHLTNuNWZ0MlgwWENVeXdnVUM2Rkp3VWd5THJQY25taG45bldQNW9xWnRENE03aVpmcHRfSXUySm5fX21KUlpqa2hWdXBZRVY0aEVEWU5STGFKSk41VFpEekZJSUhkNFAtZVR4eGhaelpyNlJmZw?oc=5"" target=""_blank"">Primary general presidency: 'Everything works if you serve the Lord'</a>&nbsp;&nbsp;<font color=""#6f6f6f"">Church News</font>"
2015-05,"""valley fever""",WHO issues best practice advice for disease names - European Pharmaceutical Review,"Fri, 08 May 2015 07:00:00 GMT",https://news.google.com/rss/articles/CBMiqgFBVV95cUxNeVFWTFM1MldtX19RankxZjZ0Yk5kOG55d1JsOGhDeFFjb2YzejJBYS1jNmNEYzZWeWxHTk5Jd2JOa0JXMU9XUTJvbS1rVHVQUHdJQWRUY2ZGWHFBMmZmWHB0UGNwM0ZhMnpsNC15OVg4REtNU2txeTU4OEwzUmdhbzJ1ZFVjc2NfZEhUREROMm10dDVvVkxPTHFWc0xpZ1A1TTRTaVF2VTliUQ?oc=5,European Pharmaceutical Review,"<a href=""https://news.google.com/rss/articles/CBMiqgFBVV95cUxNeVFWTFM1MldtX19RankxZjZ0Yk5kOG55d1JsOGhDeFFjb2YzejJBYS1jNmNEYzZWeWxHTk5Jd2JOa0JXMU9XUTJvbS1rVHVQUHdJQWRUY2ZGWHFBMmZmWHB0UGNwM0ZhMnpsNC15OVg4REtNU2txeTU4OEwzUmdhbzJ1ZFVjc2NfZEhUREROMm10dDVvVkxPTHFWc0xpZ1A1TTRTaVF2VTliUQ?oc=5"" target=""_blank"">WHO issues best practice advice for disease names</a>&nbsp;&nbsp;<font color=""#6f6f6f"">European Pharmaceutical Review</font>"
2015-05,"""valley fever""",Deadly diseases lurk in little-known Arizona university biolabs - The Arizona Republic,"Fri, 29 May 2015 07:00:00 GMT",https://news.google.com/rss/articles/CBMi3gFBVV95cUxOaU90WWQ0WHcxYldieV9xV0hpVkc2U0ppcWEzYm5iUHR2NkQyV282enBUZEJ3aTF5M3ZSREpNbnFkVW11ZXQ5VUd0TDhlNEpvR0dwakktVVNxOURLTlJ3RHBzNGhScThIYlJuemZMakdwTElSTFZCM0RkQjVld1JxbkxfcUR5UzVXTlpoWXR1M0ZSdzJwZjZLYnN5TTA5ZnJJbDBvcFNqWTRJdjd4YmFkY1ZUVkVfeUFPczFCTUlHeHRCVkVZMmNFVXhQQnZGM0JCb3JGS1psTVJhNFZHaGc?oc=5,The Arizona Republic,"<a href=""https://news.google.com/rss/articles/CBMi3gFBVV95cUxOaU90WWQ0WHcxYldieV9xV0hpVkc2U0ppcWEzYm5iUHR2NkQyV282enBUZEJ3aTF5M3ZSREpNbnFkVW11ZXQ5VUd0TDhlNEpvR0dwakktVVNxOURLTlJ3RHBzNGhScThIYlJuemZMakdwTElSTFZCM0RkQjVld1JxbkxfcUR5UzVXTlpoWXR1M0ZSdzJwZjZLYnN5TTA5ZnJJbDBvcFNqWTRJdjd4YmFkY1ZUVkVfeUFPczFCTUlHeHRCVkVZMmNFVXhQQnZGM0JCb3JGS1psTVJhNFZHaGc?oc=5"" target=""_blank"">Deadly diseases lurk in little-known Arizona university biolabs</a>&nbsp;&nbsp;<font color=""#6f6f6f"">The Arizona Republic</font>"
2015-05,"""valley fever""",Sabiduría: Zarela Martinez Won’t Let Parkinson’s Stop Her - Latino USA,"Fri, 15 May 2015 07:00:00 GMT",https://news.google.com/rss/articles/CBMilwFBVV95cUxQUjEwZXpsTXN3eE42UV9Zdk5rMU5EXzJGYjk5V3RaeTBwclBWUmtZczZRSUo3VDV6N0ZBUGxqUTNYa1ZJUnl4bFlHS1JFNkFRdDI3YnJWaHpLZ3NkNFpMQWtmUmUzcW4xOWFUaU1LaGtPWmJHclhnSUVlMHU5RGlJdFhpT3lhakRLLWFyczQ2NFRLMGVBM2tZ?oc=5,Latino USA,"<a href=""https://news.google.com/rss/articles/CBMilwFBVV95cUxQUjEwZXpsTXN3eE42UV9Zdk5rMU5EXzJGYjk5V3RaeTBwclBWUmtZczZRSUo3VDV6N0ZBUGxqUTNYa1ZJUnl4bFlHS1JFNkFRdDI3YnJWaHpLZ3NkNFpMQWtmUmUzcW4xOWFUaU1LaGtPWmJHclhnSUVlMHU5RGlJdFhpT3lhakRLLWFyczQ2NFRLMGVBM2tZ?oc=5"" target=""_blank"">Sabiduría: Zarela Martinez Won’t Let Parkinson’s Stop Her</a>&nbsp;&nbsp;<font color=""#6f6f6f"">Latino USA</font>"
2015-06,"""valley fever""",Reassortment and distinct evolutionary dynamics of Rift Valley Fever virus genomic segments - Nature,"Tue, 23 Jun 2015 07:00:00 GMT",https://news.google.com/rss/articles/CBMiU0FVX3lxTE9vRzlWUjJMdEk5dmN3OFNLNUc5eW44c0NWQU5zYzEtaWNUdVhCOEh0UnFwclhhYTZaSjJVMmJkaDlDZENUSkR2MEhPb0U4V2VfY0kw?oc=5,Nature,"<a href=""https://news.google.com/rss/articles/CBMiU0FVX3lxTE9vRzlWUjJMdEk5dmN3OFNLNUc5eW44c0NWQU5zYzEtaWNUdVhCOEh0UnFwclhhYTZaSjJVMmJkaDlDZENUSkR2MEhPb0U4V2VfY0kw?oc=5"" target=""_blank"">Reassortment and distinct evolutionary dynamics of Rift Valley Fever virus genomic segments</a>&nbsp;&nbsp;<font color=""#6f6f6f"">Nature</font>"
2015-06,"""valley fever""","Inmates sue, saying they got Valley fever while in state prisons - Fresno Bee","Sat, 06 Jun 2015 07:00:00 GMT",https://news.google.com/rss/articles/CBMiaEFVX3lxTFBoUVo1a0pGbmx5alJYbmhvT3BpcUh6aVh1TG5TNE5UZkYwTG9OT1VjYjRRQWd3S2lGLTZHdThoTm1MclFKaFFXZXM3czR1a3hQLWdVSzgtQkFld0tNTzVyaTdUU3A2WWtt0gFoQVVfeXFMUEF3Tm5ZNmVWZDlKcGJIYW10aTNpLXFyMk9oRnJxVjM5MWpGMDhTMzNON21fQm84Nld1WmF3MEZZQ1BuVmxWQm5CRmRBSDJBMjdycUs0QUMtVlc5RVVBTWw4b09TUllKQXY?oc=5,Fresno Bee,"<a href=""https://news.google.com/rss/articles/CBMiaEFVX3lxTFBoUVo1a0pGbmx5alJYbmhvT3BpcUh6aVh1TG5TNE5UZkYwTG9OT1VjYjRRQWd3S2lGLTZHdThoTm1MclFKaFFXZXM3czR1a3hQLWdVSzgtQkFld0tNTzVyaTdUU3A2WWtt0gFoQVVfeXFMUEF3Tm5ZNmVWZDlKcGJIYW10aTNpLXFyMk9oRnJxVjM5MWpGMDhTMzNON21fQm84Nld1WmF3MEZZQ1BuVmxWQm5CRmRBSDJBMjdycUs0QUMtVlc5RVVBTWw4b09TUllKQXY?oc=5"" target=""_blank"">Inmates sue, saying they got Valley fever while in state prisons</a>&nbsp;&nbsp;<font color=""#6f6f6f"">Fresno Bee</font>"
2015-06,"""valley fever""",LAKESIDE RESIDENTS AND PLANNERS VOICE OUTRAGE OVER SAND MINING PROPOSAL AT HEATED MEETING - East County Magazine,"Fri, 05 Jun 2015 07:00:00 GMT",https://news.google.com/rss/articles/CBMivgFBVV95cUxPYjBHZHoxUEp2dkhweHMyekNVTS1WVDl0ekZuOW5sSmRpVUNiOG9JbXVqRzhHX1BoRUphdmlGdHpwdGpjbFQ0alQ1OWd2bUdsMzJiaW1JZWt0Wm42QldVNlhhMXFSMlNZMzJjODJfMDVJYkdPRlpaUVN5MGd4Q21DUFY4M2VfVTI1S0xDVi1OUFdwMlVva25ZZDYtV2p4OUlHeDN6M0U4SFlyVDBsSnFxSGNOQlRQcFFoaFpYa3NB?oc=5,East County Magazine,"<a href=""https://news.google.com/rss/articles/CBMivgFBVV95cUxPYjBHZHoxUEp2dkhweHMyekNVTS1WVDl0ekZuOW5sSmRpVUNiOG9JbXVqRzhHX1BoRUphdmlGdHpwdGpjbFQ0alQ1OWd2bUdsMzJiaW1JZWt0Wm42QldVNlhhMXFSMlNZMzJjODJfMDVJYkdPRlpaUVN5MGd4Q21DUFY4M2VfVTI1S0xDVi1OUFdwMlVva25ZZDYtV2p4OUlHeDN6M0U4SFlyVDBsSnFxSGNOQlRQcFFoaFpYa3NB?oc=5"" target=""_blank"">LAKESIDE RESIDENTS AND PLANNERS VOICE OUTRAGE OVER SAND MINING PROPOSAL AT HEATED MEETING</a>&nbsp;&nbsp;<font color=""#6f6f6f"">East County Magazine</font>"
2015-06,"""valley fever""","Reviews: New Books From Sarah Hall, Mia Alvar, Katherine Taylor and Others (Published 2015) - The New York Times","Wed, 24 Jun 2015 07:00:00 GMT",https://news.google.com/rss/articles/CBMitwFBVV95cUxPSUFWNG1xc0lwTmxIdTc2Zk1EVlU4OVoyUE5sU1ZDOUtkd3pjZFZmZVgtcUNIVGcwemdQcEx5eDNIczVoSTZUaUszTmUxb2JMVGh3QlM5NVVaWkdVdGlOeVBCZnVTNmlEbTlSNFo4S1JmME9lMzMyOVFyYkFocUtGbHo4N0RFNXZ6REk0LVhkd05XOXRZU3Q2X1FfN002TjBPNWZJdHZwbFg5LU51bGJJbXJiZGFiNE0?oc=5,The New York Times,"<a href=""https://news.google.com/rss/articles/CBMitwFBVV95cUxPSUFWNG1xc0lwTmxIdTc2Zk1EVlU4OVoyUE5sU1ZDOUtkd3pjZFZmZVgtcUNIVGcwemdQcEx5eDNIczVoSTZUaUszTmUxb2JMVGh3QlM5NVVaWkdVdGlOeVBCZnVTNmlEbTlSNFo4S1JmME9lMzMyOVFyYkFocUtGbHo4N0RFNXZ6REk0LVhkd05XOXRZU3Q2X1FfN002TjBPNWZJdHZwbFg5LU51bGJJbXJiZGFiNE0?oc=5"" target=""_blank"">Reviews: New Books From Sarah Hall, Mia Alvar, Katherine Taylor and Others (Published 2015)</a>&nbsp;&nbsp;<font color=""#6f6f6f"">The New York Times</font>"
2015-06,"""valley fever""",Researchers discover two new groups of viruses - Phys.org,"Tue, 02 Jun 2015 07:00:00 GMT",https://news.google.com/rss/articles/CBMiXkFVX3lxTFBnZkxWUlNVaDQ2N21EUlN2a1ZnN2FQaXhxQnNnOTVoejFzTnlOakgtU3hNcWdpVS1aY0M2eU5ldHJOOFpjcDlyZGJGV2l3alE2V195M3YzWG5CUWUyM0HSAVxBVV95cUxPT3E3V09zUFowY1FHbDNKZ2VIRnRsNjBLaEcyX0pnYWxBODdTZk8yTThmWlpOOFB1NWFYcWg5TXFzeTN3c1hTQ25ETHpGSnlDVkxldlJJWDlDeFVyNg?oc=5,Phys.org,"<a href=""https://news.google.com/rss/articles/CBMiXkFVX3lxTFBnZkxWUlNVaDQ2N21EUlN2a1ZnN2FQaXhxQnNnOTVoejFzTnlOakgtU3hNcWdpVS1aY0M2eU5ldHJOOFpjcDlyZGJGV2l3alE2V195M3YzWG5CUWUyM0HSAVxBVV95cUxPT3E3V09zUFowY1FHbDNKZ2VIRnRsNjBLaEcyX0pnYWxBODdTZk8yTThmWlpOOFB1NWFYcWg5TXFzeTN3c1hTQ25ETHpGSnlDVkxldlJJWDlDeFVyNg?oc=5"" target=""_blank"">Researchers discover two new groups of viruses</a>&nbsp;&nbsp;<font color=""#6f6f6f"">Phys.org</font>"
2015-07,"""valley fever""","‘Valley Fever,’ by Katherine Taylor (Published 2015) - The New York Times","Thu, 02 Jul 2015 07:00:00 GMT",https://news.google.com/rss/articles/CBMijgFBVV95cUxQYkxudkxHdFZ4QjNqSWlGR3IxUU9NOUoyVERuUkFrd1JXTTk0MXd0aVoydmx5NFZqaU9PekFpeE1wLW4wT3lVejA5QjBVWTBYV2ZvWkk1eVhrSmZFU29LRlhlQUtaczNweDRWYmk2RFNSS1RQVjBkWjcxdEI1WGJhdWNuZjgySzlBSnVXTmZ3?oc=5,The New York Times,"<a href=""https://news.google.com/rss/articles/CBMijgFBVV95cUxQYkxudkxHdFZ4QjNqSWlGR3IxUU9NOUoyVERuUkFrd1JXTTk0MXd0aVoydmx5NFZqaU9PekFpeE1wLW4wT3lVejA5QjBVWTBYV2ZvWkk1eVhrSmZFU29LRlhlQUtaczNweDRWYmk2RFNSS1RQVjBkWjcxdEI1WGJhdWNuZjgySzlBSnVXTmZ3?oc=5"" target=""_blank"">‘Valley Fever,’ by Katherine Taylor (Published 2015)</a>&nbsp;&nbsp;<font color=""#6f6f6f"">The New York Times</font>"
2015-07,"""valley fever""",Godzilla El Nino: Everything you need to know about this epic weather event (pictures) - CNET,"Fri, 31 Jul 2015 07:00:00 GMT",https://news.google.com/rss/articles/CBMijgFBVV95cUxQNlAydXdYVUhxeHBrNWZpZXZra2xRb3lKUlJETV9yNGZjeXlJLWNJMGtJeUNWV2FwdzBmaXMxbWlFVkJBS0UyTVpzTEZKZUNNRHdTSVFZM2toZ0hTNGI0RHVyZGt4SkduUGJIcVRpdzFxa24zSzNRT2hIbTBhRnNhX2lBaWlELXFMNGE5bm53?oc=5,CNET,"<a href=""https://news.google.com/rss/articles/CBMijgFBVV95cUxQNlAydXdYVUhxeHBrNWZpZXZra2xRb3lKUlJETV9yNGZjeXlJLWNJMGtJeUNWV2FwdzBmaXMxbWlFVkJBS0UyTVpzTEZKZUNNRHdTSVFZM2toZ0hTNGI0RHVyZGt4SkduUGJIcVRpdzFxa24zSzNRT2hIbTBhRnNhX2lBaWlELXFMNGE5bm53?oc=5"" target=""_blank"">Godzilla El Nino: Everything you need to know about this epic weather event (pictures)</a>&nbsp;&nbsp;<font color=""#6f6f6f"">CNET</font>"
2015-07,"""valley fever""",How Vivian Gornick Saved My Life: A True Story - Los Angeles Review of Books,"Thu, 02 Jul 2015 07:00:00 GMT",https://news.google.com/rss/articles/CBMiiAFBVV95cUxPWms1T1l3eG1WSEw3WHY0c0F1c3pIVV94TTB6aVA3WXNkUjlJdzNnOEk3NlVFY1ExZFpxWDE2bm16WmVzekpvSmJZRWhpQWU3QlE1Wnh1bTJNdVd0VEtyV2FnRWdfbUJmQmtHMzNFdFZGUEhsc1pOTWFFLTljUWRlMHVfVDVvY1Ns?oc=5,Los Angeles Review of Books,"<a href=""https://news.google.com/rss/articles/CBMiiAFBVV95cUxPWms1T1l3eG1WSEw3WHY0c0F1c3pIVV94TTB6aVA3WXNkUjlJdzNnOEk3NlVFY1ExZFpxWDE2bm16WmVzekpvSmJZRWhpQWU3QlE1Wnh1bTJNdVd0VEtyV2FnRWdfbUJmQmtHMzNFdFZGUEhsc1pOTWFFLTljUWRlMHVfVDVvY1Ns?oc=5"" target=""_blank"">How Vivian Gornick Saved My Life: A True Story</a>&nbsp;&nbsp;<font color=""#6f6f6f"">Los Angeles Review of Books</font>"
2015-07,coccidioidomycosis,A unique biofilm in human deep mycoses: fungal amyloid is bound by host serum amyloid P component - Nature,"Wed, 08 Jul 2015 07:00:00 GMT",https://news.google.com/rss/articles/CBMiXEFVX3lxTE5Mc1BXRGdfYU9TTjNCcjZ6bW9mNXFKUHdMLXNNcVkwXzBNNlVsV25wU3MtRUItQ2pRWC1ZeGU1S0JlSWpCekxJTUdjdnJsUDhwNDE4aVFRTmNsRkpI?oc=5,Nature,"<a href=""https://news.google.com/rss/articles/CBMiXEFVX3lxTE5Mc1BXRGdfYU9TTjNCcjZ6bW9mNXFKUHdMLXNNcVkwXzBNNlVsV25wU3MtRUItQ2pRWC1ZeGU1S0JlSWpCekxJTUdjdnJsUDhwNDE4aVFRTmNsRkpI?oc=5"" target=""_blank"">A unique biofilm in human deep mycoses: fungal amyloid is bound by host serum amyloid P component</a>&nbsp;&nbsp;<font color=""#6f6f6f"">Nature</font>"
2015-08,"""valley fever""",5 cases of valley fever reported in Washoe County - Reno Gazette Journal,"Mon, 10 Aug 2015 07:00:00 GMT",https://news.google.com/rss/articles/CBMimAFBVV95cUxPWEM1dWFicjBiQmRFTzIwZmdVbk1JS0pjbVV4N3VvXzhaWTZGVjQtazdNLUlPOTVYVWpnWXkyZW9Jc0JjZVNTT1pEUlVDcjBPc0JFeXZMTFp5aS1GdTdHTnIzSGVXc0JBVjNFRG5McFVVSV95SlZFS0VkV3ZNWENRUnFBTW5WNnI5NGpfWk4taVkzWldBZU00aQ?oc=5,Reno Gazette Journal,"<a href=""https://news.google.com/rss/articles/CBMimAFBVV95cUxPWEM1dWFicjBiQmRFTzIwZmdVbk1JS0pjbVV4N3VvXzhaWTZGVjQtazdNLUlPOTVYVWpnWXkyZW9Jc0JjZVNTT1pEUlVDcjBPc0JFeXZMTFp5aS1GdTdHTnIzSGVXc0JBVjNFRG5McFVVSV95SlZFS0VkV3ZNWENRUnFBTW5WNnI5NGpfWk4taVkzWldBZU00aQ?oc=5"" target=""_blank"">5 cases of valley fever reported in Washoe County</a>&nbsp;&nbsp;<font color=""#6f6f6f"">Reno Gazette Journal</font>"
2015-08,"""valley fever""",Drones aid agriculture - University of California,"Fri, 28 Aug 2015 07:00:00 GMT",https://news.google.com/rss/articles/CBMidEFVX3lxTE0xNHNGYWFMTXRwVFNrdW9JcGNkVkg2RGJOOV9aX0l3aWR3b0FNWnBvOGpvYmpUaU8zUW9SMVpyODhMVDktUDR3Y0N3TVhoNmoyRm5QbEZTcTJQQ3NtWGVjWWE3LXhHRGtfMlJTTER0bmRJZXdY?oc=5,University of California,"<a href=""https://news.google.com/rss/articles/CBMidEFVX3lxTE0xNHNGYWFMTXRwVFNrdW9JcGNkVkg2RGJOOV9aX0l3aWR3b0FNWnBvOGpvYmpUaU8zUW9SMVpyODhMVDktUDR3Y0N3TVhoNmoyRm5QbEZTcTJQQ3NtWGVjWWE3LXhHRGtfMlJTTER0bmRJZXdY?oc=5"" target=""_blank"">Drones aid agriculture</a>&nbsp;&nbsp;<font color=""#6f6f6f"">University of California</font>"
2015-08,"""valley fever""",What are you breathing during a dust storm? - 12News,"Tue, 25 Aug 2015 07:00:00 GMT",https://news.google.com/rss/articles/CBMipAFBVV95cUxON0VpaVFyUmNtT0Ewb2N2WERoVEZTVmQ0SVVIVHNCQmYxOVdoU2pvTXA3TGFkeG1VZmF3VERZY1M0OUlYWkcwM2FJSUQ2RjZIaGRzT2VPZ1FBMWRHZmRnLXBIdHB2c3E5aFNqdlBzaEFUQUdJZTNjcmRycmg0U3pNX0o4a3UzMG15cG9RVzYyTnNhLWl2X244WUg5QXVCbVJWTE9tQw?oc=5,12News,"<a href=""https://news.google.com/rss/articles/CBMipAFBVV95cUxON0VpaVFyUmNtT0Ewb2N2WERoVEZTVmQ0SVVIVHNCQmYxOVdoU2pvTXA3TGFkeG1VZmF3VERZY1M0OUlYWkcwM2FJSUQ2RjZIaGRzT2VPZ1FBMWRHZmRnLXBIdHB2c3E5aFNqdlBzaEFUQUdJZTNjcmRycmg0U3pNX0o4a3UzMG15cG9RVzYyTnNhLWl2X244WUg5QXVCbVJWTE9tQw?oc=5"" target=""_blank"">What are you breathing during a dust storm?</a>&nbsp;&nbsp;<font color=""#6f6f6f"">12News</font>"
2015-08,"""valley fever""",FSNWG Statement on the Potential Deterioration of Food and Nutrition Security Condition in the Great Horn of Africa (GHA) - August 2015 - ReliefWeb,"Mon, 31 Aug 2015 07:00:00 GMT",https://news.google.com/rss/articles/CBMiugFBVV95cUxORC1SQ3V3RVZ2S3NrV1gzRzhFSThsLVpPN0JBNEQ1UGVaNU5OSXpCdWJzWXBVRURHZVhMU3NaWG9lQURHd2s4RnFMR1V0X0QtaUpWOFdTREhnRDc1NWd1dlJ4TnNRbmhUa3lZSVRyS0dzTlZuSDJqVXN0TXVQNVQ2LWVwVTlfa2RGNXhSSGlkdjRTRl9uNGZoaWdPMkpYZlpiSmVpVmNCM3NsbENwS0hOVjE3M0JOZEhZMHc?oc=5,ReliefWeb,"<a href=""https://news.google.com/rss/articles/CBMiugFBVV95cUxORC1SQ3V3RVZ2S3NrV1gzRzhFSThsLVpPN0JBNEQ1UGVaNU5OSXpCdWJzWXBVRURHZVhMU3NaWG9lQURHd2s4RnFMR1V0X0QtaUpWOFdTREhnRDc1NWd1dlJ4TnNRbmhUa3lZSVRyS0dzTlZuSDJqVXN0TXVQNVQ2LWVwVTlfa2RGNXhSSGlkdjRTRl9uNGZoaWdPMkpYZlpiSmVpVmNCM3NsbENwS0hOVjE3M0JOZEhZMHc?oc=5"" target=""_blank"">FSNWG Statement on the Potential Deterioration of Food and Nutrition Security Condition in the Great Horn of Africa (GHA) - August 2015</a>&nbsp;&nbsp;<font color=""#6f6f6f"">ReliefWeb</font>"
2015-08,"""valley fever""",Eastern Africa: Humanitarian Bulletin | July - August 2015 - OCHA,"Fri, 21 Aug 2015 07:00:00 GMT",https://news.google.com/rss/articles/CBMipwFBVV95cUxQRU9GTmtwMkZhUVp6YkozZUNacUpWTVlZa0szam9SMVcxa2RPN2hHNmVYUWFWTHR6YUhHaGo2Zjl5eWFpcWdkMVFmbDMtNFVabUQwSmVkcHpVVV85cXpyYk0yWF9jRTZFRGw0UnBXVGZFY0hIQVZWLTlDbk1wVXRsc2tScXJvUllzMlNtQTFQMFVJNUlhVlVDNkx1cTg5cmxIT2tmOEczWQ?oc=5,OCHA,"<a href=""https://news.google.com/rss/articles/CBMipwFBVV95cUxQRU9GTmtwMkZhUVp6YkozZUNacUpWTVlZa0szam9SMVcxa2RPN2hHNmVYUWFWTHR6YUhHaGo2Zjl5eWFpcWdkMVFmbDMtNFVabUQwSmVkcHpVVV85cXpyYk0yWF9jRTZFRGw0UnBXVGZFY0hIQVZWLTlDbk1wVXRsc2tScXJvUllzMlNtQTFQMFVJNUlhVlVDNkx1cTg5cmxIT2tmOEczWQ?oc=5"" target=""_blank"">Eastern Africa: Humanitarian Bulletin | July - August 2015</a>&nbsp;&nbsp;<font color=""#6f6f6f"">OCHA</font>"
2015-08,"""valley fever""",Secret sanctions revealed against university hosting $1.25 billion biolab - USA Today,"Tue, 04 Aug 2015 07:00:00 GMT",https://news.google.com/rss/articles/CBMi0AFBVV95cUxOdWw4ZW1Ddm9OWjloa0xIb0gxS3R1U2w2LXFkNnJwbDhaQUJDUU5pZTlibmNWb3NkZ2dHSF9JYkJyV1p5SDNxa1pUQnBseXlpSy1hUzdxV1ljby1Ya0ZLbUI3UVNQci1YZDhVOWJXR281aGppaElIc0xMZTBxcjdSV1hOM1RZd2I4X1cwb2FUNXRNWTMzZjlkWnZ5bVpqbXJobmEtX2dJRW1mc2ZRVXdJTjRMMkp1TktReFdiVVF6ajVzTnY2bzJHcFVCNHNHNDg1?oc=5,USA Today,"<a href=""https://news.google.com/rss/articles/CBMi0AFBVV95cUxOdWw4ZW1Ddm9OWjloa0xIb0gxS3R1U2w2LXFkNnJwbDhaQUJDUU5pZTlibmNWb3NkZ2dHSF9JYkJyV1p5SDNxa1pUQnBseXlpSy1hUzdxV1ljby1Ya0ZLbUI3UVNQci1YZDhVOWJXR281aGppaElIc0xMZTBxcjdSV1hOM1RZd2I4X1cwb2FUNXRNWTMzZjlkWnZ5bVpqbXJobmEtX2dJRW1mc2ZRVXdJTjRMMkp1TktReFdiVVF6ajVzTnY2bzJHcFVCNHNHNDg1?oc=5"" target=""_blank"">Secret sanctions revealed against university hosting $1.25 billion biolab</a>&nbsp;&nbsp;<font color=""#6f6f6f"">USA Today</font>"
2015-08,"""valley fever""",UN: El Niño threatens humanitarian gains in Somalia - Red Cross Red Crescent Climate Centre,"Thu, 27 Aug 2015 07:00:00 GMT",https://news.google.com/rss/articles/CBMijwFBVV95cUxOcW1yc1FKTmNGaEs2MjN3eEFUNmxfYzBNQmJfb2ZJUHFTZldKb1cyR21YLTludUZNc2thWUVwSmF2bzRaWmxVOVF6X2h0dUctSU92Nm9SSGJCeEVZSlFwQVpxc3Y1X3VPNEpDcEc2VG1QMGRRYmFyWmVJOXFGVG9Sb1FLV0VrcVJDdkx2NVJRQQ?oc=5,Red Cross Red Crescent Climate Centre,"<a href=""https://news.google.com/rss/articles/CBMijwFBVV95cUxOcW1yc1FKTmNGaEs2MjN3eEFUNmxfYzBNQmJfb2ZJUHFTZldKb1cyR21YLTludUZNc2thWUVwSmF2bzRaWmxVOVF6X2h0dUctSU92Nm9SSGJCeEVZSlFwQVpxc3Y1X3VPNEpDcEc2VG1QMGRRYmFyWmVJOXFGVG9Sb1FLV0VrcVJDdkx2NVJRQQ?oc=5"" target=""_blank"">UN: El Niño threatens humanitarian gains in Somalia</a>&nbsp;&nbsp;<font color=""#6f6f6f"">Red Cross Red Crescent Climate Centre</font>"
2015-08,"""valley fever""",Central Cuban Gov. Moves to Fight Dengue in Holguin - Havana Times,"Sun, 09 Aug 2015 07:00:00 GMT",https://news.google.com/rss/articles/CBMihwFBVV95cUxPNGNxQkotVHVoZEg3Y0NuM3c2SE96YzhubWxYa1pSU01sLVhaQnZPSXgyWDhqQ3ZnUmNVWVhCNGJsZzZROGJ0bUZBcmxZdjhkT3dsOWl0YlhNWGd4TGFwUXRxRzQ3TUtHem5iVUkwOHRDMFJQSzBCbUdLUkJsTG1nYVA5T1MzZXc?oc=5,Havana Times,"<a href=""https://news.google.com/rss/articles/CBMihwFBVV95cUxPNGNxQkotVHVoZEg3Y0NuM3c2SE96YzhubWxYa1pSU01sLVhaQnZPSXgyWDhqQ3ZnUmNVWVhCNGJsZzZROGJ0bUZBcmxZdjhkT3dsOWl0YlhNWGd4TGFwUXRxRzQ3TUtHem5iVUkwOHRDMFJQSzBCbUdLUkJsTG1nYVA5T1MzZXc?oc=5"" target=""_blank"">Central Cuban Gov. Moves to Fight Dengue in Holguin</a>&nbsp;&nbsp;<font color=""#6f6f6f"">Havana Times</font>"
2015-08,"""valley fever""",The goat economy - hiiraan.com,"Sat, 15 Aug 2015 07:00:00 GMT",https://news.google.com/rss/articles/CBMidkFVX3lxTE1aMlp5UGNhUGM0eTM3OGFWaU9rOHNnb0tjTVBMeGRSRlBCdmJDblZwdXU1SktOSENLdkpyTEF6VkJKTUxuVnByX3I2UEpzT041M2ljbkxLNlRyUHk5UW5lSWozU01OY0xzNW9XNmVldHlVNnNTdXc?oc=5,hiiraan.com,"<a href=""https://news.google.com/rss/articles/CBMidkFVX3lxTE1aMlp5UGNhUGM0eTM3OGFWaU9rOHNnb0tjTVBMeGRSRlBCdmJDblZwdXU1SktOSENLdkpyTEF6VkJKTUxuVnByX3I2UEpzT041M2ljbkxLNlRyUHk5UW5lSWozU01OY0xzNW9XNmVldHlVNnNTdXc?oc=5"" target=""_blank"">The goat economy</a>&nbsp;&nbsp;<font color=""#6f6f6f"">hiiraan.com</font>"
2015-08,"""valley fever""",Eastern Africa: Snapshot of predicted El Niño impact in the region (as of 21 August 2015) - South Sudan - ReliefWeb,"Fri, 21 Aug 2015 07:00:00 GMT",https://news.google.com/rss/articles/CBMisAFBVV95cUxPMnRRQXRTWl91QlFrQjE1endlRElDb19Hd2dScDcwWUFJYnlsOUUzSlU3VWRzOXRWNGp4aVBlbUdoa3FWOFhsZUxCRWFORm9hN2Vpb0xyRDctd0d1UTVUUmJ6MW1aczFjaWJqdzVUU2Z3Z2NCd0diZjU4QlliamZUY1pUV1hrS0JyZWZlUnBnN0FqSFJJUlVnVHE2S2Rzb3NqcmN2NFFJclBsR1FNVlBtTQ?oc=5,ReliefWeb,"<a href=""https://news.google.com/rss/articles/CBMisAFBVV95cUxPMnRRQXRTWl91QlFrQjE1endlRElDb19Hd2dScDcwWUFJYnlsOUUzSlU3VWRzOXRWNGp4aVBlbUdoa3FWOFhsZUxCRWFORm9hN2Vpb0xyRDctd0d1UTVUUmJ6MW1aczFjaWJqdzVUU2Z3Z2NCd0diZjU4QlliamZUY1pUV1hrS0JyZWZlUnBnN0FqSFJJUlVnVHE2S2Rzb3NqcmN2NFFJclBsR1FNVlBtTQ?oc=5"" target=""_blank"">Eastern Africa: Snapshot of predicted El Niño impact in the region (as of 21 August 2015) - South Sudan</a>&nbsp;&nbsp;<font color=""#6f6f6f"">ReliefWeb</font>"
2015-09,"""valley fever""",Valley fever can be devastating for dogs - Cronkite News,"Tue, 08 Sep 2015 07:00:00 GMT",https://news.google.com/rss/articles/CBMiiwFBVV95cUxOUzhmTzVVSlVfaXdDRkVHRHUwa2hvak0wTmtHQW1yNldlelVGWTZybk9kckQzUTdJTldDdDMwVXkxWDJWV2ZIMWxmZDhqaDZNNUU3bVcxNlpWVUxSRjdTWm92V181ekxkcmgxTGhBUUpFOXE4VTVINmNNYmwzMmkwMTNKMzU2bVhPYkg0?oc=5,Cronkite News,"<a href=""https://news.google.com/rss/articles/CBMiiwFBVV95cUxOUzhmTzVVSlVfaXdDRkVHRHUwa2hvak0wTmtHQW1yNldlelVGWTZybk9kckQzUTdJTldDdDMwVXkxWDJWV2ZIMWxmZDhqaDZNNUU3bVcxNlpWVUxSRjdTWm92V181ekxkcmgxTGhBUUpFOXE4VTVINmNNYmwzMmkwMTNKMzU2bVhPYkg0?oc=5"" target=""_blank"">Valley fever can be devastating for dogs</a>&nbsp;&nbsp;<font color=""#6f6f6f"">Cronkite News</font>"
2015-09,"""valley fever""",Valley fever can be devastating for dogs - The Arizona Republic,"Wed, 09 Sep 2015 07:00:00 GMT",https://news.google.com/rss/articles/CBMirgFBVV95cUxQc29ROVM0eXhNU0NCeE1SVTJXOTBCblNXMVpTSzRFU0ZLQnREZGliMUtFdnI0djRrNUt2WmN1WmhGZXNpeXRPUkpkNDFVWjFxSDhFRjBnZ25tVkVmMFZuVEJBS3B3VVJyZklTWDFfR0VteS1mVDdtWkh6ell2UFZIU3ZkaWJqWGluLWg3QjNjdnFMbzhZQTZ1c2RFVE5OcEk1M0dVOWtmQzVWLWJlTGc?oc=5,The Arizona Republic,"<a href=""https://news.google.com/rss/articles/CBMirgFBVV95cUxQc29ROVM0eXhNU0NCeE1SVTJXOTBCblNXMVpTSzRFU0ZLQnREZGliMUtFdnI0djRrNUt2WmN1WmhGZXNpeXRPUkpkNDFVWjFxSDhFRjBnZ25tVkVmMFZuVEJBS3B3VVJyZklTWDFfR0VteS1mVDdtWkh6ell2UFZIU3ZkaWJqWGluLWg3QjNjdnFMbzhZQTZ1c2RFVE5OcEk1M0dVOWtmQzVWLWJlTGc?oc=5"" target=""_blank"">Valley fever can be devastating for dogs</a>&nbsp;&nbsp;<font color=""#6f6f6f"">The Arizona Republic</font>"
2015-09,"""valley fever""",Archive: UCSF Fresno Marks 40 Years of Reaching Underserved Central Valley - UC San Francisco,"Wed, 23 Sep 2015 07:00:00 GMT",https://news.google.com/rss/articles/CBMipgFBVV95cUxNeXhhRUQ2OUs4cHBFUTdSa09IM25RX3d6c05xa0Zkb0JXMmFlZUpDejlrQmJad2oyYVBwN3hFVklGYVdpM25IaUpSbkR5OEp1ZS1pMlllQjdxeXJrZjJMZlV1R1BQRUNtZXFpUlhoRHdCYmp2NnZocFJscUxoMGhBRVRnSG1oMkxvckpNd3V4cGtRZmx5c09jSmNLemJUaVpfOGxGQzZn?oc=5,UC San Francisco,"<a href=""https://news.google.com/rss/articles/CBMipgFBVV95cUxNeXhhRUQ2OUs4cHBFUTdSa09IM25RX3d6c05xa0Zkb0JXMmFlZUpDejlrQmJad2oyYVBwN3hFVklGYVdpM25IaUpSbkR5OEp1ZS1pMlllQjdxeXJrZjJMZlV1R1BQRUNtZXFpUlhoRHdCYmp2NnZocFJscUxoMGhBRVRnSG1oMkxvckpNd3V4cGtRZmx5c09jSmNLemJUaVpfOGxGQzZn?oc=5"" target=""_blank"">Archive: UCSF Fresno Marks 40 Years of Reaching Underserved Central Valley</a>&nbsp;&nbsp;<font color=""#6f6f6f"">UC San Francisco</font>"
2015-09,"""valley fever""","Modi Coming to Silicon Valley, Asking Entrepreneurs to Reconnect to India - KQED","Thu, 24 Sep 2015 07:00:00 GMT",https://news.google.com/rss/articles/CBMiSkFVX3lxTE1WbTBoUTExV3RrcTZ0VUhlN2NSeHB5d0taNnQtVWhHZUFfZmVZbGxXWnpGOE84aTY1UWFpQ3F3bnVmWFFjQWZmTFFR?oc=5,KQED,"<a href=""https://news.google.com/rss/articles/CBMiSkFVX3lxTE1WbTBoUTExV3RrcTZ0VUhlN2NSeHB5d0taNnQtVWhHZUFfZmVZbGxXWnpGOE84aTY1UWFpQ3F3bnVmWFFjQWZmTFFR?oc=5"" target=""_blank"">Modi Coming to Silicon Valley, Asking Entrepreneurs to Reconnect to India</a>&nbsp;&nbsp;<font color=""#6f6f6f"">KQED</font>"
2015-09,"""valley fever""",Viral Lessons From The Heartland - Popular Science,"Tue, 29 Sep 2015 07:00:00 GMT",https://news.google.com/rss/articles/CBMiYkFVX3lxTFBmWG9sYmFsRUdNbnZtbW9JbDVPc0dFS25JNzhibXREYkc2REY5VmhmM1dVdXdyYXllcVVZUDZEcnJWNnFmcjNna1JpOS1rTV9hV2hYbURtaXJ6ZUhTNDFjVVlB?oc=5,Popular Science,"<a href=""https://news.google.com/rss/articles/CBMiYkFVX3lxTFBmWG9sYmFsRUdNbnZtbW9JbDVPc0dFS25JNzhibXREYkc2REY5VmhmM1dVdXdyYXllcVVZUDZEcnJWNnFmcjNna1JpOS1rTV9hV2hYbURtaXJ6ZUhTNDFjVVlB?oc=5"" target=""_blank"">Viral Lessons From The Heartland</a>&nbsp;&nbsp;<font color=""#6f6f6f"">Popular Science</font>"
2015-09,"""valley fever""",Recovering Addict Writes Heartfelt Letter to Thank Cop - Good Morning America,"Fri, 18 Sep 2015 07:00:00 GMT",https://news.google.com/rss/articles/CBMitgFBVV95cUxQbWVnV3JVZ255azVJM2lqZmxmcEh6ZG5feHJSWUR3b29NbWd5QVFybkRIU1NHSzhTaWFnV2ZHYzdEbGppR0JGb2N3OTlLdXB5VUZTcFlXbGxwN2FzTDItdld4VTdxOV9NWUFnNDczMWpSbDg0M0p3SmkweFAyb2R0ZW9GNElYdnRBSUtPNHpyNHd0NEpTNlN4dTZBTTdSS3B2NThyWU9uMmh6d3hEN0VJalNkbUQxUdIBuwFBVV95cUxQa0g4SnlZMlVpSnRaeG9ERjdVY3lrV1ZnS2FQc0htQmpDanlPMHJMdnJHSnZlemo1dmNtdjBGd3d5ekx3S3dDd3BKQXQxLXhMc3dRY2x5VWtqa0UwTVBYNnZKemVvRldjZktzaFl1SGVpaUlKUlBneWE0d0FfRzQ3dTFMTktJRlFpUmUzYVlYX2NqU1ZWRnN1cmk0N1RQQ1haTmJnN1A2WG5ONXBjMkFrU2ZYcFZ2UDhLZWxN?oc=5,Good Morning America,"<a href=""https://news.google.com/rss/articles/CBMitgFBVV95cUxQbWVnV3JVZ255azVJM2lqZmxmcEh6ZG5feHJSWUR3b29NbWd5QVFybkRIU1NHSzhTaWFnV2ZHYzdEbGppR0JGb2N3OTlLdXB5VUZTcFlXbGxwN2FzTDItdld4VTdxOV9NWUFnNDczMWpSbDg0M0p3SmkweFAyb2R0ZW9GNElYdnRBSUtPNHpyNHd0NEpTNlN4dTZBTTdSS3B2NThyWU9uMmh6d3hEN0VJalNkbUQxUdIBuwFBVV95cUxQa0g4SnlZMlVpSnRaeG9ERjdVY3lrV1ZnS2FQc0htQmpDanlPMHJMdnJHSnZlemo1dmNtdjBGd3d5ekx3S3dDd3BKQXQxLXhMc3dRY2x5VWtqa0UwTVBYNnZKemVvRldjZktzaFl1SGVpaUlKUlBneWE0d0FfRzQ3dTFMTktJRlFpUmUzYVlYX2NqU1ZWRnN1cmk0N1RQQ1haTmJnN1A2WG5ONXBjMkFrU2ZYcFZ2UDhLZWxN?oc=5"" target=""_blank"">Recovering Addict Writes Heartfelt Letter to Thank Cop</a>&nbsp;&nbsp;<font color=""#6f6f6f"">Good Morning America</font>"
2015-09,"""valley fever""",Toxic Traps: Environmental Hazards Threaten Two Federal Supermax Prisons - Solitary Watch,"Thu, 10 Sep 2015 07:00:00 GMT",https://news.google.com/rss/articles/CBMirgFBVV95cUxNdFBEY19IMktOdlVzdC1SS0JHWlNNYVZGLTZrWFJpdF9qeVZHcHd4dTN3Mmdac2lPQ2JzTFlIbnFYN2Q0M0xObEVhUjdvYTQ0eldDbTd2ZnRqS3M0UzBEMWo2VlZpTE85MTM5QmdUZjI2d2o3R3hMaHNGZ3p5eUVzMThxNktFNmY0Ym51VUhjdnhSb1hTRVVjcnZ6ZVRveEZzeGN3QkZIWllzSjBfZUE?oc=5,Solitary Watch,"<a href=""https://news.google.com/rss/articles/CBMirgFBVV95cUxNdFBEY19IMktOdlVzdC1SS0JHWlNNYVZGLTZrWFJpdF9qeVZHcHd4dTN3Mmdac2lPQ2JzTFlIbnFYN2Q0M0xObEVhUjdvYTQ0eldDbTd2ZnRqS3M0UzBEMWo2VlZpTE85MTM5QmdUZjI2d2o3R3hMaHNGZ3p5eUVzMThxNktFNmY0Ym51VUhjdnhSb1hTRVVjcnZ6ZVRveEZzeGN3QkZIWllzSjBfZUE?oc=5"" target=""_blank"">Toxic Traps: Environmental Hazards Threaten Two Federal Supermax Prisons</a>&nbsp;&nbsp;<font color=""#6f6f6f"">Solitary Watch</font>"
2015-09,"""valley fever""",Seagulls: Feathered health hazards - Pest Management Professional,"Fri, 25 Sep 2015 07:00:00 GMT",https://news.google.com/rss/articles/CBMiZkFVX3lxTE5vcXc5VzdzTmhlU3lmazRPN1l6UlBWZXhOSHJTeGdQMm94UENKdjBreGhGTFpqLTJYTjZUSTV3clQwQUZaX0dEMW1jakNEZC1zTGNfVG0wYnlLMUJ0T2hTY1pVX3dFdw?oc=5,Pest Management Professional,"<a href=""https://news.google.com/rss/articles/CBMiZkFVX3lxTE5vcXc5VzdzTmhlU3lmazRPN1l6UlBWZXhOSHJTeGdQMm94UENKdjBreGhGTFpqLTJYTjZUSTV3clQwQUZaX0dEMW1jakNEZC1zTGNfVG0wYnlLMUJ0T2hTY1pVX3dFdw?oc=5"" target=""_blank"">Seagulls: Feathered health hazards</a>&nbsp;&nbsp;<font color=""#6f6f6f"">Pest Management Professional</font>"
2015-09,"""valley fever""",Paso Robles man gets probation for crash that killed 2 near Cholame 'Y' - San Luis Obispo Tribune,"Thu, 17 Sep 2015 07:00:00 GMT",https://news.google.com/rss/articles/CBMidkFVX3lxTE9xUnBsTU5kcDNEd2tSa3lGVTZlWG9MU2xPc181YUFxb1p2eEIxdGNpOUY5OHpVQU83X3B2djlUczFSdDV0a05VT1ZETHJ6RW45V3lpSkxrR2N0UHdnSmNmUEV2VkpZaTlSU2g4dFFQSkV6TEV3NGfSAXZBVV95cUxPQUxSVVhiaERSTURZeDFjSS1WWjQyXzFlaHZ4UWFnN3lyc2pkeU9XVEVQejRrZGd0SFU2V3FNZmdyV2FSTkRCMWdFZC1UQlk2eEtBTnBNeWcwaEswSTYxMUVZMHhURWlHb21wMG82VDFJcGpEdDdn?oc=5,San Luis Obispo Tribune,"<a href=""https://news.google.com/rss/articles/CBMidkFVX3lxTE9xUnBsTU5kcDNEd2tSa3lGVTZlWG9MU2xPc181YUFxb1p2eEIxdGNpOUY5OHpVQU83X3B2djlUczFSdDV0a05VT1ZETHJ6RW45V3lpSkxrR2N0UHdnSmNmUEV2VkpZaTlSU2g4dFFQSkV6TEV3NGfSAXZBVV95cUxPQUxSVVhiaERSTURZeDFjSS1WWjQyXzFlaHZ4UWFnN3lyc2pkeU9XVEVQejRrZGd0SFU2V3FNZmdyV2FSTkRCMWdFZC1UQlk2eEtBTnBNeWcwaEswSTYxMUVZMHhURWlHb21wMG82VDFJcGpEdDdn?oc=5"" target=""_blank"">Paso Robles man gets probation for crash that killed 2 near Cholame 'Y'</a>&nbsp;&nbsp;<font color=""#6f6f6f"">San Luis Obispo Tribune</font>"
2015-09,"""valley fever""",Teen Girl Develops Hepatitis After Drinking Green Tea Bought Online - abcnews.com,"Fri, 25 Sep 2015 07:00:00 GMT",https://news.google.com/rss/articles/CBMioAFBVV95cUxOLWpzb1lkOXlHb3FqeGx3S0NFWVpEaTNvT3BFSzhpY29uVS1SdWhBUGVCR0NHN1N5WU9ZN3ZVeW1TUHBEajVnM181aUtkR1FfTU5IZkhvbnQ0blpHdUZBeUswN09ZMURNN3ZsQlJXQUd1eWpaMUY3anlwUWVIQmRMbFZaZkI3c0d4bmJuQVRhSjZLUEFHTU9LYTB1RDloYkh00gGmAUFVX3lxTE9WT1U3R1FKMXY4aTRsOEM4dG55VGIxenZkU0J5TUpPWnRMejRUbGhncF9wSmp5NGNMY2RsWFdjcmtfRnFVaE9jYWl6Q0FJanZCbjlQTFRSQ0lhbHhWVWZacXpmaXFoMmRJeXR4cm1fdWRoZzlWYmVzeTFxWFdMZTNnZl9oSUQwTW1QeExGSUNXOTY3LVhNRm5zc1VLd3M4ZnVPTTVaaEE?oc=5,abcnews.com,"<a href=""https://news.google.com/rss/articles/CBMioAFBVV95cUxOLWpzb1lkOXlHb3FqeGx3S0NFWVpEaTNvT3BFSzhpY29uVS1SdWhBUGVCR0NHN1N5WU9ZN3ZVeW1TUHBEajVnM181aUtkR1FfTU5IZkhvbnQ0blpHdUZBeUswN09ZMURNN3ZsQlJXQUd1eWpaMUY3anlwUWVIQmRMbFZaZkI3c0d4bmJuQVRhSjZLUEFHTU9LYTB1RDloYkh00gGmAUFVX3lxTE9WT1U3R1FKMXY4aTRsOEM4dG55VGIxenZkU0J5TUpPWnRMejRUbGhncF9wSmp5NGNMY2RsWFdjcmtfRnFVaE9jYWl6Q0FJanZCbjlQTFRSQ0lhbHhWVWZacXpmaXFoMmRJeXR4cm1fdWRoZzlWYmVzeTFxWFdMZTNnZl9oSUQwTW1QeExGSUNXOTY3LVhNRm5zc1VLd3M4ZnVPTTVaaEE?oc=5"" target=""_blank"">Teen Girl Develops Hepatitis After Drinking Green Tea Bought Online</a>&nbsp;&nbsp;<font color=""#6f6f6f"">abcnews.com</font>"
2015-09,"""valley fever""",See the Giant Arctic Mosquitoes That Are Thriving in a Changing Climate - abcnews.com,"Thu, 17 Sep 2015 07:00:00 GMT",https://news.google.com/rss/articles/CBMimgFBVV95cUxPczI1TXVwTU1aVUVSNVVZYXZHNHllcGJ3YXI0TDh0czNuNE13cWhKZmFJOWsyamU0NWdrc2RzRktKeHJpZnNGaWZtbGttUG1QRGdHNmlLWldsLTJmS3BxU2JxcE9tLU81U2xaU1JobDZPcVU2azVCanY2OG9ZTzZQLTg0bWIxbnJvVGR1LUZaUFM4ZkExTWdaNlhn0gGfAUFVX3lxTE1QZ2RHcndEOF9rSnNRLXBZbXFVbUF0dTEzb1FIX2dwOUZVS3VlaEZEMnRmVmc4QTdEYkM4cGN0RmdPY3RYbkJUNlhzbGJzNFVrSEJhSEdVSHliLVdhMHhVUDV5RFFwa3dxS3ZVdDEwaFd0eGpZQlREYm9tR1NDZERrZnF3R0tzNEY1aU4yR1FCUm9lbHlCeVBILVA0VWhRNA?oc=5,abcnews.com,"<a href=""https://news.google.com/rss/articles/CBMimgFBVV95cUxPczI1TXVwTU1aVUVSNVVZYXZHNHllcGJ3YXI0TDh0czNuNE13cWhKZmFJOWsyamU0NWdrc2RzRktKeHJpZnNGaWZtbGttUG1QRGdHNmlLWldsLTJmS3BxU2JxcE9tLU81U2xaU1JobDZPcVU2azVCanY2OG9ZTzZQLTg0bWIxbnJvVGR1LUZaUFM4ZkExTWdaNlhn0gGfAUFVX3lxTE1QZ2RHcndEOF9rSnNRLXBZbXFVbUF0dTEzb1FIX2dwOUZVS3VlaEZEMnRmVmc4QTdEYkM4cGN0RmdPY3RYbkJUNlhzbGJzNFVrSEJhSEdVSHliLVdhMHhVUDV5RFFwa3dxS3ZVdDEwaFd0eGpZQlREYm9tR1NDZERrZnF3R0tzNEY1aU4yR1FCUm9lbHlCeVBILVA0VWhRNA?oc=5"" target=""_blank"">See the Giant Arctic Mosquitoes That Are Thriving in a Changing Climate</a>&nbsp;&nbsp;<font color=""#6f6f6f"">abcnews.com</font>"
2015-09,"""valley fever""",Doctor Channels MacGyver to Help Asthmatic Toddler Aboard Transatlantic Flight - abcnews.com,"Thu, 24 Sep 2015 07:00:00 GMT",https://news.google.com/rss/articles/CBMitgFBVV95cUxPMXN3MTRrMldjRUQxUXhFZTRqWmI5a2s1RExqR1MxZGZKVmJBV09UTnVUYTctX3dVUFZBSHltNmUyZXpOWEZNWGhxTzNyc01yUGdwY29OQTF5OTk4Mk5qQkV5eHJDd1l5RG1Fbjd4eWFiTG9RSVhaanJ1SmV2MVlqRGRqaUxFTzkxd2JMdVJMZ0VZdG1VN2R0cFdNVDdzd2RjOGtuOG9kMkJwM0VTT2dZN2NIOGN5UdIBuwFBVV95cUxQWWd5ZEU1WndqZktXbjhncGI1MFNmWDJnOUlFV2hWQzV0TlV1Nm56YWtmeV9TWlA1b25rTUZZQ01Tc0tZV1Z3V1VkaXY0dkhGem5vU091ejF5dDNPVE0zWUpET3lIbjBxc3FITE1GcVFEN1dlZ3QwZXZHY2M5blhNMWNnQjBGamc2VTl5bDJPQmJGRlVncDlpYkRFY1AtYkhGUlZ4czdSUFY3TDFCbUdBY0JpSWpPNW0zdVZV?oc=5,abcnews.com,"<a href=""https://news.google.com/rss/articles/CBMitgFBVV95cUxPMXN3MTRrMldjRUQxUXhFZTRqWmI5a2s1RExqR1MxZGZKVmJBV09UTnVUYTctX3dVUFZBSHltNmUyZXpOWEZNWGhxTzNyc01yUGdwY29OQTF5OTk4Mk5qQkV5eHJDd1l5RG1Fbjd4eWFiTG9RSVhaanJ1SmV2MVlqRGRqaUxFTzkxd2JMdVJMZ0VZdG1VN2R0cFdNVDdzd2RjOGtuOG9kMkJwM0VTT2dZN2NIOGN5UdIBuwFBVV95cUxQWWd5ZEU1WndqZktXbjhncGI1MFNmWDJnOUlFV2hWQzV0TlV1Nm56YWtmeV9TWlA1b25rTUZZQ01Tc0tZV1Z3V1VkaXY0dkhGem5vU091ejF5dDNPVE0zWUpET3lIbjBxc3FITE1GcVFEN1dlZ3QwZXZHY2M5blhNMWNnQjBGamc2VTl5bDJPQmJGRlVncDlpYkRFY1AtYkhGUlZ4czdSUFY3TDFCbUdBY0JpSWpPNW0zdVZV?oc=5"" target=""_blank"">Doctor Channels MacGyver to Help Asthmatic Toddler Aboard Transatlantic Flight</a>&nbsp;&nbsp;<font color=""#6f6f6f"">abcnews.com</font>"
2015-10,"""valley fever""",Officials track down source of Legionnaires' outbreak in California's San Quentin State Prison - CBS News,"Thu, 01 Oct 2015 07:00:00 GMT",https://news.google.com/rss/articles/CBMingFBVV95cUxQaFEyQVB3VEhRVEg5OHNjUVZRcjd2OHcyWkE2S0RWNXFITFZFa001d0JXYThuSmtWdkQ5SlF4MzdQZG44SjQ3ckVtUjFwR1FiOGJWTU5TVER6cVZodzBxUlBTSll0cFJDZ0I4UVRaWE9hS3FPeWZiWVByV0xtSHRFZGtXM1lOUmZXMUw1WXFvcC1iZGs5ZFcyQ0g1TUg1UdIBowFBVV95cUxPUS1Ma01ieXpDbkRVV0E5UnlCZTdJcFFvdnQyTFpMTGliaEphLWYxRzdDN3VCeEw2ZktSbG44QXBkZDlGWlpSYWVSdEV5anFxWHNIckxHNGdITmZXOW1XVXVtSHlmclBxNjJZRThOcHA2LUpRQVd1TFM2RkpMMVZLeUpUbXVValYtTy11N21CTWk4ejBtMlgtSWJDc2hScTFIQkpz?oc=5,CBS News,"<a href=""https://news.google.com/rss/articles/CBMingFBVV95cUxQaFEyQVB3VEhRVEg5OHNjUVZRcjd2OHcyWkE2S0RWNXFITFZFa001d0JXYThuSmtWdkQ5SlF4MzdQZG44SjQ3ckVtUjFwR1FiOGJWTU5TVER6cVZodzBxUlBTSll0cFJDZ0I4UVRaWE9hS3FPeWZiWVByV0xtSHRFZGtXM1lOUmZXMUw1WXFvcC1iZGs5ZFcyQ0g1TUg1UdIBowFBVV95cUxPUS1Ma01ieXpDbkRVV0E5UnlCZTdJcFFvdnQyTFpMTGliaEphLWYxRzdDN3VCeEw2ZktSbG44QXBkZDlGWlpSYWVSdEV5anFxWHNIckxHNGdITmZXOW1XVXVtSHlmclBxNjJZRThOcHA2LUpRQVd1TFM2RkpMMVZLeUpUbXVValYtTy11N21CTWk4ejBtMlgtSWJDc2hScTFIQkpz?oc=5"" target=""_blank"">Officials track down source of Legionnaires' outbreak in California's San Quentin State Prison</a>&nbsp;&nbsp;<font color=""#6f6f6f"">CBS News</font>"
2015-10,"""valley fever""",Celebrating International Day for Disaster Reduction through community work - World Animal Protection,"Fri, 09 Oct 2015 07:00:00 GMT",https://news.google.com/rss/articles/CBMiwAFBVV95cUxPcXBsazc1Zk0weWN1M0Y4b24tRkR4UlZLMXB3aUdVMWVuOFZrRjFySWN1ajVSNDdDSGZHUGdvOC16RGRfc0tFdHJfTEpac1pydzM4VTdlVHdWWldMTldIcUYxcDFGWnRYdzdDTW1VZF9OOWRfSF9DOWEzTk9aZ2NJUWtLcDF0ZzRVNWRKWWI3UFB4UXRQM24xZTgyd050eEtSTnJRNnl2M3V0RUJKblNTczZ3UHdfRy01empvckpNN3Y?oc=5,World Animal Protection,"<a href=""https://news.google.com/rss/articles/CBMiwAFBVV95cUxPcXBsazc1Zk0weWN1M0Y4b24tRkR4UlZLMXB3aUdVMWVuOFZrRjFySWN1ajVSNDdDSGZHUGdvOC16RGRfc0tFdHJfTEpac1pydzM4VTdlVHdWWldMTldIcUYxcDFGWnRYdzdDTW1VZF9OOWRfSF9DOWEzTk9aZ2NJUWtLcDF0ZzRVNWRKWWI3UFB4UXRQM24xZTgyd050eEtSTnJRNnl2M3V0RUJKblNTczZ3UHdfRy01empvckpNN3Y?oc=5"" target=""_blank"">Celebrating International Day for Disaster Reduction through community work</a>&nbsp;&nbsp;<font color=""#6f6f6f"">World Animal Protection</font>"
2015-10,"""valley fever""",How can we ensure access to electricity in Africa? - The World Economic Forum,"Fri, 16 Oct 2015 07:00:00 GMT",https://news.google.com/rss/articles/CBMilAFBVV95cUxPOXdfcDZVM0xReURjTF9DbGR0T0dVT1MwZERnLXVGbUtjWThkX3VwVU1kSFotOHpTclFSenNZSlZKNTdRbERPTi0yaEF3WjZEVkY1YmZzcS1WdGlMSHZKbUNNU09FYjRsQ1k3VFZNSFd2UFV3MEN1X29nbUFDUm5aTlpkOXRsQWtlNTJDTTJPU2FfU0NW?oc=5,The World Economic Forum,"<a href=""https://news.google.com/rss/articles/CBMilAFBVV95cUxPOXdfcDZVM0xReURjTF9DbGR0T0dVT1MwZERnLXVGbUtjWThkX3VwVU1kSFotOHpTclFSenNZSlZKNTdRbERPTi0yaEF3WjZEVkY1YmZzcS1WdGlMSHZKbUNNU09FYjRsQ1k3VFZNSFd2UFV3MEN1X29nbUFDUm5aTlpkOXRsQWtlNTJDTTJPU2FfU0NW?oc=5"" target=""_blank"">How can we ensure access to electricity in Africa?</a>&nbsp;&nbsp;<font color=""#6f6f6f"">The World Economic Forum</font>"
2015-10,"""valley fever""",Sudan: Humanitarian Bulletin Issue 43 | 19 – 25 October 2015 - ReliefWeb,"Sun, 25 Oct 2015 07:00:00 GMT",https://news.google.com/rss/articles/CBMilAFBVV95cUxOZ3VaUkR3XzdzbVBoNEhrSk5wejdtaVpxNWowaW9tZDRvY3FKWlpnWVpuWGpaSTY4RndOMzZmazVfZTloNjJyRjlRQTlWZ2FFTGlWSC1Zc0FRam41Rm51WG1KNGtXM3VZenlXM2lxTVhBUHdSOVVCQzdQa0NwaTltR2RwYlkyVUJTS3FQY3JrSEcwN0RL?oc=5,ReliefWeb,"<a href=""https://news.google.com/rss/articles/CBMilAFBVV95cUxOZ3VaUkR3XzdzbVBoNEhrSk5wejdtaVpxNWowaW9tZDRvY3FKWlpnWVpuWGpaSTY4RndOMzZmazVfZTloNjJyRjlRQTlWZ2FFTGlWSC1Zc0FRam41Rm51WG1KNGtXM3VZenlXM2lxTVhBUHdSOVVCQzdQa0NwaTltR2RwYlkyVUJTS3FQY3JrSEcwN0RL?oc=5"" target=""_blank"">Sudan: Humanitarian Bulletin Issue 43 | 19 – 25 October 2015</a>&nbsp;&nbsp;<font color=""#6f6f6f"">ReliefWeb</font>"
2015-10,"""valley fever""",Ebola Survivor From Scotland Is Critically Ill (Published 2015) - The New York Times,"Wed, 14 Oct 2015 07:00:00 GMT",https://news.google.com/rss/articles/CBMivAFBVV95cUxQMWJ6TFlOMERZbFhFS19KNnZCSThSNmZGcmlRdUhaMEtOTFo2TVd2a3QxQktQeWZwa3EteEZpYUtWcEcyMkQ4YkNqUndtR1hLNnVHbkxBY2ZJcWU5blZ1MFBjREhBME51ZUlwYlB6WjBHTzd0bEkwT1JhNWdnbnY0cHo1QzZBcHJFczM2UXZhSmVtVVlKSVgtSGtxdVlTSW83ZG9HT2l3T1h2M0Q3YVl3clJCc1NZSlZ3aFcwcg?oc=5,The New York Times,"<a href=""https://news.google.com/rss/articles/CBMivAFBVV95cUxQMWJ6TFlOMERZbFhFS19KNnZCSThSNmZGcmlRdUhaMEtOTFo2TVd2a3QxQktQeWZwa3EteEZpYUtWcEcyMkQ4YkNqUndtR1hLNnVHbkxBY2ZJcWU5blZ1MFBjREhBME51ZUlwYlB6WjBHTzd0bEkwT1JhNWdnbnY0cHo1QzZBcHJFczM2UXZhSmVtVVlKSVgtSGtxdVlTSW83ZG9HT2l3T1h2M0Q3YVl3clJCc1NZSlZ3aFcwcg?oc=5"" target=""_blank"">Ebola Survivor From Scotland Is Critically Ill (Published 2015)</a>&nbsp;&nbsp;<font color=""#6f6f6f"">The New York Times</font>"
2015-10,"""valley fever""",What's The Scariest Halloween Costume Of Them All? : Goats and Soda - NPR,"Thu, 29 Oct 2015 07:00:00 GMT",https://news.google.com/rss/articles/CBMisAFBVV95cUxOTm03VjZxNTZ3cWR3eGNJSzJMN3ZmcHRHZWlGWGVEYlQwTU01T1BrUEl6QzZPWDVRY05fRU5wV2hnRm5JSmxiM3JnUHRYLTc3NWt2OTAxbFU5V1hCWTgxMkEtYUUySmZGMzNrQTM3aG1KWi03X21QSmlXNEM5cHJHeW9wYU1ja0ZTbDF5cHpCcDFCRzc4WWV6TW5XVXI2S2xMREl2aHoteEJxQk1uR1k2Yw?oc=5,NPR,"<a href=""https://news.google.com/rss/articles/CBMisAFBVV95cUxOTm03VjZxNTZ3cWR3eGNJSzJMN3ZmcHRHZWlGWGVEYlQwTU01T1BrUEl6QzZPWDVRY05fRU5wV2hnRm5JSmxiM3JnUHRYLTc3NWt2OTAxbFU5V1hCWTgxMkEtYUUySmZGMzNrQTM3aG1KWi03X21QSmlXNEM5cHJHeW9wYU1ja0ZTbDF5cHpCcDFCRzc4WWV6TW5XVXI2S2xMREl2aHoteEJxQk1uR1k2Yw?oc=5"" target=""_blank"">What's The Scariest Halloween Costume Of Them All? : Goats and Soda</a>&nbsp;&nbsp;<font color=""#6f6f6f"">NPR</font>"
2015-10,"""valley fever""",Kenya Forecasts El Nino Unlikely to Match Severity of 1997 - Bloomberg.com,"Wed, 07 Oct 2015 07:00:00 GMT",https://news.google.com/rss/articles/CBMitgFBVV95cUxQWEwweGZyRkQxdE1aTEdpX1pUd01QbXRFT1hQRjRKM0U4UkdQVFhvUURaaVluZXJSTy01SVhVWW9MaWRzUlpCX0E3VDFKQkRDUjFUbk10VjNPZ1JmNjlOTEc3ZnRjMUlLTEtCdHF2MUpCOC1aQ211NGYwLUZ3TWtzQ1FIVWlwZFIwSGxTRjUyUDFsR0Z4SDVMZWs1eVhXNzNSY1hMR1lQSDNKQ3oxT21nZnFlRFpYQQ?oc=5,Bloomberg.com,"<a href=""https://news.google.com/rss/articles/CBMitgFBVV95cUxQWEwweGZyRkQxdE1aTEdpX1pUd01QbXRFT1hQRjRKM0U4UkdQVFhvUURaaVluZXJSTy01SVhVWW9MaWRzUlpCX0E3VDFKQkRDUjFUbk10VjNPZ1JmNjlOTEc3ZnRjMUlLTEtCdHF2MUpCOC1aQ211NGYwLUZ3TWtzQ1FIVWlwZFIwSGxTRjUyUDFsR0Z4SDVMZWs1eVhXNzNSY1hMR1lQSDNKQ3oxT21nZnFlRFpYQQ?oc=5"" target=""_blank"">Kenya Forecasts El Nino Unlikely to Match Severity of 1997</a>&nbsp;&nbsp;<font color=""#6f6f6f"">Bloomberg.com</font>"
2015-10,"""valley fever""",South Darfur denies hemorrhagic fever outbreak - Sudan Tribune,"Fri, 23 Oct 2015 07:00:00 GMT",https://news.google.com/rss/articles/CBMiT0FVX3lxTFB3UWVxYWNLZGp4OUh0MVZJQm1hcUtZdzNHZEdsYzl5d0JSOGt4OG0zT0M2bGFuUk83NlBkdUlzMk50WU00amxGZW5zX2hNTzA?oc=5,Sudan Tribune,"<a href=""https://news.google.com/rss/articles/CBMiT0FVX3lxTFB3UWVxYWNLZGp4OUh0MVZJQm1hcUtZdzNHZEdsYzl5d0JSOGt4OG0zT0M2bGFuUk83NlBkdUlzMk50WU00amxGZW5zX2hNTzA?oc=5"" target=""_blank"">South Darfur denies hemorrhagic fever outbreak</a>&nbsp;&nbsp;<font color=""#6f6f6f"">Sudan Tribune</font>"
2015-10,"""valley fever""","Sudan, WHO confirm outbreak of haemorrhagic fever in Darfur - Radio Dabanga","Fri, 30 Oct 2015 07:00:00 GMT",https://news.google.com/rss/articles/CBMiqwFBVV95cUxPQ2ptdTJBTU5sTGJjajduOUc4QW5vRUtXX3FVY2I0cFV6YVpfanFlYTI0UXZaeXU5dmpsSWgwWDhTRkxXdXQxVUlubWlUaEJ3N1hxQm9DSEhiUU13WTJFdDNkcGFfYTNVQVlWX0x1T2lnX0xaVjZkMkhETWtIWUEtN19kM1U2VEoyUFNURUo4ZDN1cEhBOUNSXzhiVmZqdDFQaUFqaW9HazJsbUk?oc=5,Radio Dabanga,"<a href=""https://news.google.com/rss/articles/CBMiqwFBVV95cUxPQ2ptdTJBTU5sTGJjajduOUc4QW5vRUtXX3FVY2I0cFV6YVpfanFlYTI0UXZaeXU5dmpsSWgwWDhTRkxXdXQxVUlubWlUaEJ3N1hxQm9DSEhiUU13WTJFdDNkcGFfYTNVQVlWX0x1T2lnX0xaVjZkMkhETWtIWUEtN19kM1U2VEoyUFNURUo4ZDN1cEhBOUNSXzhiVmZqdDFQaUFqaW9HazJsbUk?oc=5"" target=""_blank"">Sudan, WHO confirm outbreak of haemorrhagic fever in Darfur</a>&nbsp;&nbsp;<font color=""#6f6f6f"">Radio Dabanga</font>"
2015-10,"""valley fever""",WHO sends teams to investigate hemorrhagic fever in Darfur - Sudan Tribune,"Tue, 27 Oct 2015 07:00:00 GMT",https://news.google.com/rss/articles/CBMiT0FVX3lxTE5OUHVvLV8xLUljVVFGSDVsWGVrbWlJREdJWXFzaVZ2WEFMQVRIUFA5VnJKa1kyVzlfX2lZUi1fMkJKbENvVHktTjZBbEJvU1E?oc=5,Sudan Tribune,"<a href=""https://news.google.com/rss/articles/CBMiT0FVX3lxTE5OUHVvLV8xLUljVVFGSDVsWGVrbWlJREdJWXFzaVZ2WEFMQVRIUFA5VnJKa1kyVzlfX2lZUi1fMkJKbENvVHktTjZBbEJvU1E?oc=5"" target=""_blank"">WHO sends teams to investigate hemorrhagic fever in Darfur</a>&nbsp;&nbsp;<font color=""#6f6f6f"">Sudan Tribune</font>"
2015-10,coccidioidomycosis,Coccidioidomycosis a respiratory threat to construction workers in Southwest - MDedge,"Wed, 14 Oct 2015 07:00:00 GMT",https://news.google.com/rss/articles/CBMiwAFBVV95cUxNRjhmUkx3YjVXQ1JvQ1NjUmQ1d25VVWtXOGw4SXhEdDVUYjlhT3k1cGhJQlloMXJFcHh6MzdOSXZ0TU5HSndMc1FyNndyUGI0V0RWWk9xenVKOTg0XzBEVnVqVDhrUV94LWJ2dDdLQjVKR2ZnQ1luTGlTZ1M0QzlVYkduajU0VFRPRGMzV2dZMmpyQW1XSTlPczhtWUxQaF92WW5TZlNXZnhxTGxmYkJkbU9qNm5nX18wY20zRTR4NEY?oc=5,MDedge,"<a href=""https://news.google.com/rss/articles/CBMiwAFBVV95cUxNRjhmUkx3YjVXQ1JvQ1NjUmQ1d25VVWtXOGw4SXhEdDVUYjlhT3k1cGhJQlloMXJFcHh6MzdOSXZ0TU5HSndMc1FyNndyUGI0V0RWWk9xenVKOTg0XzBEVnVqVDhrUV94LWJ2dDdLQjVKR2ZnQ1luTGlTZ1M0QzlVYkduajU0VFRPRGMzV2dZMmpyQW1XSTlPczhtWUxQaF92WW5TZlNXZnhxTGxmYkJkbU9qNm5nX18wY20zRTR4NEY?oc=5"" target=""_blank"">Coccidioidomycosis a respiratory threat to construction workers in Southwest</a>&nbsp;&nbsp;<font color=""#6f6f6f"">MDedge</font>"
2015-10,"""San Joaquin Valley"" fever",Campus economic impact in San Joaquin Valley grows to $1.27 billion - University of California,"Tue, 13 Oct 2015 07:00:00 GMT",https://news.google.com/rss/articles/CBMipgFBVV95cUxPSmpqLW9XNExyNTJnZ2dscEpXNDBiRGJibXlRcHM0dkF4WXJ2Q2JqeDRIbGxSU2tWRTZTR2Y0UVB1RVM2cjJfTFdrRHA4ZDNsR2FqMDRnOUxEcGpWUDlYRXR6OGd5ZGdFbVpMNDk4TFZXcmRlcGhIUXJfWmVRby14amtpZ1VYQndLaE8wOWFXTFlPS1FEWlBlXy04emlscDZZLTBlN21R?oc=5,University of California,"<a href=""https://news.google.com/rss/articles/CBMipgFBVV95cUxPSmpqLW9XNExyNTJnZ2dscEpXNDBiRGJibXlRcHM0dkF4WXJ2Q2JqeDRIbGxSU2tWRTZTR2Y0UVB1RVM2cjJfTFdrRHA4ZDNsR2FqMDRnOUxEcGpWUDlYRXR6OGd5ZGdFbVpMNDk4TFZXcmRlcGhIUXJfWmVRby14amtpZ1VYQndLaE8wOWFXTFlPS1FEWlBlXy04emlscDZZLTBlN21R?oc=5"" target=""_blank"">Campus economic impact in San Joaquin Valley grows to $1.27 billion</a>&nbsp;&nbsp;<font color=""#6f6f6f"">University of California</font>"
2015-11,"""valley fever""",Five Things You Should Know About Valley Fever - The University of Arizona Health Sciences,"Tue, 10 Nov 2015 08:00:00 GMT",https://news.google.com/rss/articles/CBMilgFBVV95cUxQaWdySkN3QjY3bXhDdGd6WGRSX2VYam53cU1tVVktNkk0VWxEV2MxNGhtb0J1S09JZEJxbUNNRi03UjhkbVFEVnFjZ04yZjYyNXpWM0lsR3hpUG91UWRuUy0zaDhqVkhfVTZ0anY4VDRqdkdtQ0VFQ29FMzJCTHh5MXRqTnliZjNUaHkxdnpQdWpSRkh6M3c?oc=5,The University of Arizona Health Sciences,"<a href=""https://news.google.com/rss/articles/CBMilgFBVV95cUxQaWdySkN3QjY3bXhDdGd6WGRSX2VYam53cU1tVVktNkk0VWxEV2MxNGhtb0J1S09JZEJxbUNNRi03UjhkbVFEVnFjZ04yZjYyNXpWM0lsR3hpUG91UWRuUy0zaDhqVkhfVTZ0anY4VDRqdkdtQ0VFQ29FMzJCTHh5MXRqTnliZjNUaHkxdnpQdWpSRkh6M3c?oc=5"" target=""_blank"">Five Things You Should Know About Valley Fever</a>&nbsp;&nbsp;<font color=""#6f6f6f"">The University of Arizona Health Sciences</font>"
2015-11,"""valley fever""",Lung cancer or valley fever? CT can spot the difference - AuntMinnie,"Sun, 15 Nov 2015 08:00:00 GMT",https://news.google.com/rss/articles/CBMitgFBVV95cUxNaXFka3ZYU2pDRVhPTVFDV2Jsb0t0dm1aa2VsUmE5ZnJlTUQwdUgwd1lJT1Z6c1o1dVRMMGZZRURGZ3oxWHRPb2VMOFR4b09vX3F6aGJiRWllMkVFZ016M0pMekZ3eDEtQk9IN0Mwb2Vsejkxc1FTMzllTmhxcV9hVVZBeURFd2N4TjFEcF9ETmJGaXpjVFd5LVJidUdKMzNLYmZ5U3JtTU04UGMwLUpOdF9rU2RsUQ?oc=5,AuntMinnie,"<a href=""https://news.google.com/rss/articles/CBMitgFBVV95cUxNaXFka3ZYU2pDRVhPTVFDV2Jsb0t0dm1aa2VsUmE5ZnJlTUQwdUgwd1lJT1Z6c1o1dVRMMGZZRURGZ3oxWHRPb2VMOFR4b09vX3F6aGJiRWllMkVFZ016M0pMekZ3eDEtQk9IN0Mwb2Vsejkxc1FTMzllTmhxcV9hVVZBeURFd2N4TjFEcF9ETmJGaXpjVFd5LVJidUdKMzNLYmZ5U3JtTU04UGMwLUpOdF9rU2RsUQ?oc=5"" target=""_blank"">Lung cancer or valley fever? CT can spot the difference</a>&nbsp;&nbsp;<font color=""#6f6f6f"">AuntMinnie</font>"
2015-11,"""valley fever""",Disease Detectives Investigating Rise in Valley Fever Cases - Arizona Department of Health Services (.gov),"Tue, 10 Nov 2015 08:00:00 GMT",https://news.google.com/rss/articles/CBMioAFBVV95cUxPZHlfSzM4d2lrVnhhNXBvbEJjQ1BYY2F1VWhud18wbmUwcjZzWnBfYVVzZ0RSbFNFUlpZWVIwZkhjakRuNHFLNEtQeFNlU1M2ekJ6T3phVGxwZzh5aGRTNXJHN1ZkbUNSRjFMbVFuYlBLUEpXNHZDVHpFdHR2SVdwcXJXZXlzcGt6czFkaHk3Q2pHTlpFMXd4OEhCTTFrbkk0?oc=5,Arizona Department of Health Services (.gov),"<a href=""https://news.google.com/rss/articles/CBMioAFBVV95cUxPZHlfSzM4d2lrVnhhNXBvbEJjQ1BYY2F1VWhud18wbmUwcjZzWnBfYVVzZ0RSbFNFUlpZWVIwZkhjakRuNHFLNEtQeFNlU1M2ekJ6T3phVGxwZzh5aGRTNXJHN1ZkbUNSRjFMbVFuYlBLUEpXNHZDVHpFdHR2SVdwcXJXZXlzcGt6czFkaHk3Q2pHTlpFMXd4OEhCTTFrbkk0?oc=5"" target=""_blank"">Disease Detectives Investigating Rise in Valley Fever Cases</a>&nbsp;&nbsp;<font color=""#6f6f6f"">Arizona Department of Health Services (.gov)</font>"
2015-11,"""valley fever""",Enhancing our soils’ biodiversity can improve human health - Colorado State University News,"Mon, 23 Nov 2015 08:00:00 GMT",https://news.google.com/rss/articles/CBMikAFBVV95cUxQUV9zSjNQUGFfOFd4bzY2d21oMl9sY0tDVy13enZZT0p3T2pvc2pLMmVpaUVJUXR5eFFnS1l2ak5DdDloVGttMlRVTjVEYU4zMEtaU2tWRk5qU0Y4ZTNibzBRTk0wbnowOUVxNGstR1hseXJidTl4NTNZZlZVT1hicEw0SldsWmxuMTJzeW1ObW8?oc=5,Colorado State University News,"<a href=""https://news.google.com/rss/articles/CBMikAFBVV95cUxQUV9zSjNQUGFfOFd4bzY2d21oMl9sY0tDVy13enZZT0p3T2pvc2pLMmVpaUVJUXR5eFFnS1l2ak5DdDloVGttMlRVTjVEYU4zMEtaU2tWRk5qU0Y4ZTNibzBRTk0wbnowOUVxNGstR1hseXJidTl4NTNZZlZVT1hicEw0SldsWmxuMTJzeW1ObW8?oc=5"" target=""_blank"">Enhancing our soils’ biodiversity can improve human health</a>&nbsp;&nbsp;<font color=""#6f6f6f"">Colorado State University News</font>"
2015-11,"""valley fever""",From Lab Coats to Hazmat Suits: IAEA Trains Scientists to Work Safely With Ebola - International Atomic Energy Agency,"Wed, 11 Nov 2015 08:00:00 GMT",https://news.google.com/rss/articles/CBMioAFBVV95cUxOZjl1d0NuN0s5T2FzTkVDS1JXZFM5VkJWX1M4dXZQX1pZRE5wSDZwRVZpNGZRc1hqbG5GRjJoczRHQTI3bEJpemhNQ0V2MVdqQjg3TWNvYkhiZWxSeHFjXy1NNGlxRUY5VUFqTU5DTXhUTzBkLW9JR01DRVdhTWg0X0NwX2NXUEp1UUFaell6RlN0ZnZZZ2tfcHJ4em5vNy1D?oc=5,International Atomic Energy Agency,"<a href=""https://news.google.com/rss/articles/CBMioAFBVV95cUxOZjl1d0NuN0s5T2FzTkVDS1JXZFM5VkJWX1M4dXZQX1pZRE5wSDZwRVZpNGZRc1hqbG5GRjJoczRHQTI3bEJpemhNQ0V2MVdqQjg3TWNvYkhiZWxSeHFjXy1NNGlxRUY5VUFqTU5DTXhUTzBkLW9JR01DRVdhTWg0X0NwX2NXUEp1UUFaell6RlN0ZnZZZ2tfcHJ4em5vNy1D?oc=5"" target=""_blank"">From Lab Coats to Hazmat Suits: IAEA Trains Scientists to Work Safely With Ebola</a>&nbsp;&nbsp;<font color=""#6f6f6f"">International Atomic Energy Agency</font>"
2015-11,"""valley fever""",WHO Responds to El Niño Driven Emergency in Ethiopia - WHO | Regional Office for Africa,"Thu, 05 Nov 2015 08:00:00 GMT",https://news.google.com/rss/articles/CBMiggFBVV95cUxOeFhvZ1VWRS12R0VHTG9WZW5hQmw5LTJHRFlsbTQ0RFBhN05POTZobFl3Q25jSG1MOUMtMHJhSVBxTHRoaEVmYnRKbk9yUlk0ejl0eDNoZDlaWFFUM1ZvX2ZYamVGUllvT2djNEljRUZtYlVYbWM4Z05UZ0NWeFl2RGh3?oc=5,WHO | Regional Office for Africa,"<a href=""https://news.google.com/rss/articles/CBMiggFBVV95cUxOeFhvZ1VWRS12R0VHTG9WZW5hQmw5LTJHRFlsbTQ0RFBhN05POTZobFl3Q25jSG1MOUMtMHJhSVBxTHRoaEVmYnRKbk9yUlk0ejl0eDNoZDlaWFFUM1ZvX2ZYamVGUllvT2djNEljRUZtYlVYbWM4Z05UZ0NWeFl2RGh3?oc=5"" target=""_blank"">WHO Responds to El Niño Driven Emergency in Ethiopia</a>&nbsp;&nbsp;<font color=""#6f6f6f"">WHO | Regional Office for Africa</font>"
2015-11,"""valley fever""",Canine influenza cases popping up here - Arizona Daily Star,"Sun, 15 Nov 2015 08:00:00 GMT",https://news.google.com/rss/articles/CBMisgFBVV95cUxPUWE4azV6dzBfYlg3cWJCNTRsLXhWNzRnSmxDc2ZnWjJ1ZlkwbDhSRXBkbXpBMzl5eklBa0xQRE56akNWWTdXcjFsTHB2U0VFV2NSRjZYTjNwSDY5VTZEeG5feG5FVWlyX1RsTmlyS2R4UlJ6c3ExRTh6bTBFZ1loVk1rTnI0NEdDUWVway00a3FjeDExOUc2blVYR1dhS3ZRQ3JHX0loWUpsQmYxWUEzTjNB?oc=5,Arizona Daily Star,"<a href=""https://news.google.com/rss/articles/CBMisgFBVV95cUxPUWE4azV6dzBfYlg3cWJCNTRsLXhWNzRnSmxDc2ZnWjJ1ZlkwbDhSRXBkbXpBMzl5eklBa0xQRE56akNWWTdXcjFsTHB2U0VFV2NSRjZYTjNwSDY5VTZEeG5feG5FVWlyX1RsTmlyS2R4UlJ6c3ExRTh6bTBFZ1loVk1rTnI0NEdDUWVway00a3FjeDExOUc2blVYR1dhS3ZRQ3JHX0loWUpsQmYxWUEzTjNB?oc=5"" target=""_blank"">Canine influenza cases popping up here</a>&nbsp;&nbsp;<font color=""#6f6f6f"">Arizona Daily Star</font>"
2015-11,"""valley fever""",Even Sheen's 'Tiger Blood' Can Be HIV+ - American Council on Science and Health,"Tue, 17 Nov 2015 08:00:00 GMT",https://news.google.com/rss/articles/CBMie0FVX3lxTE9MV2pENDVVUkozYWhtSzkxNUs0QnpvWjBxU1pCZjVYYnZySXZxUXUtMl9JTmd1X2tqa2w3MlpHNHpMeUtaTHphRHp1c0NLc05oNllGMDBlb2NYQlFYaGZtWFNzTXhaaEdrTjk3WUcyaG9TTEdzTVhJejNsOA?oc=5,American Council on Science and Health,"<a href=""https://news.google.com/rss/articles/CBMie0FVX3lxTE9MV2pENDVVUkozYWhtSzkxNUs0QnpvWjBxU1pCZjVYYnZySXZxUXUtMl9JTmd1X2tqa2w3MlpHNHpMeUtaTHphRHp1c0NLc05oNllGMDBlb2NYQlFYaGZtWFNzTXhaaEdrTjk3WUcyaG9TTEdzTVhJejNsOA?oc=5"" target=""_blank"">Even Sheen's 'Tiger Blood' Can Be HIV+</a>&nbsp;&nbsp;<font color=""#6f6f6f"">American Council on Science and Health</font>"
2015-11,"""valley fever""",Seven things worth knowing about mosquitoes - The Conversation,"Tue, 03 Nov 2015 08:00:00 GMT",https://news.google.com/rss/articles/CBMigwFBVV95cUxOc2ZJZzZGQ1lXcDVHRUNfZHhvTDhFQ1R2aFFhSGREdEpRVXBoaENpZXhCSG9jNDZxcDAxUjRlM2ZPZDE3VWxNYkl4eHRFYmZJbGpwY0JERjF0eG9aeTVPNFItOVJGMy1PbUdhWThqem5IU1UtcnlBSkF1Sy1JRlVtay1Ddw?oc=5,The Conversation,"<a href=""https://news.google.com/rss/articles/CBMigwFBVV95cUxOc2ZJZzZGQ1lXcDVHRUNfZHhvTDhFQ1R2aFFhSGREdEpRVXBoaENpZXhCSG9jNDZxcDAxUjRlM2ZPZDE3VWxNYkl4eHRFYmZJbGpwY0JERjF0eG9aeTVPNFItOVJGMy1PbUdhWThqem5IU1UtcnlBSkF1Sy1JRlVtay1Ddw?oc=5"" target=""_blank"">Seven things worth knowing about mosquitoes</a>&nbsp;&nbsp;<font color=""#6f6f6f"">The Conversation</font>"
2015-11,"""valley fever""",Stirling scientist behind successful rapid-detection Ebola test - University of Stirling,"Fri, 06 Nov 2015 08:00:00 GMT",https://news.google.com/rss/articles/CBMiogFBVV95cUxPa1JyT003Z3VlMTR0Z1JZQWdXV2Y1enA4NmNLa0xJNWNya1F4NzRyM2xUcHBvaldCeHhPUV9uaDNvTmNPOVE4TGlLNWItdFpScmN0UGhJdk5fTVd0YWg0X3lERnJWTHdrVG1pazVjUm9lcW5kX2lSQU9zXy15VzlnRkdlRXJsMHdrTVN2Nm9qVHZ1WW8wcjJmSDFwSW5qdGltd0E?oc=5,University of Stirling,"<a href=""https://news.google.com/rss/articles/CBMiogFBVV95cUxPa1JyT003Z3VlMTR0Z1JZQWdXV2Y1enA4NmNLa0xJNWNya1F4NzRyM2xUcHBvaldCeHhPUV9uaDNvTmNPOVE4TGlLNWItdFpScmN0UGhJdk5fTVd0YWg0X3lERnJWTHdrVG1pazVjUm9lcW5kX2lSQU9zXy15VzlnRkdlRXJsMHdrTVN2Nm9qVHZ1WW8wcjJmSDFwSW5qdGltd0E?oc=5"" target=""_blank"">Stirling scientist behind successful rapid-detection Ebola test</a>&nbsp;&nbsp;<font color=""#6f6f6f"">University of Stirling</font>"
2015-11,"""valley fever""",Sudanese Ministry of Health reports Dengue fever in Darfur - Radio Dabanga,"Mon, 02 Nov 2015 08:00:00 GMT",https://news.google.com/rss/articles/CBMiqwFBVV95cUxQNlNCb2dNME5Wemo3dnVoajlSRGpUZlFmOVJsUU12R1EzN01ucWZ2c3BWaW9tVFZSQU5SOXgxLVhKd3kxenNHdzVTVnJweVpfLThwWHdxR0NwYjk3N0k4dGt6Vm1aNHoxdC10c2cwRmZudzc4ZEZLZnRTb1lpZ3VBa3FZdS12T0dSYThUQzBhdVc5WFRfQzZzdFE1aHBXU0ZPeUQ1MmZXeHFUWU0?oc=5,Radio Dabanga,"<a href=""https://news.google.com/rss/articles/CBMiqwFBVV95cUxQNlNCb2dNME5Wemo3dnVoajlSRGpUZlFmOVJsUU12R1EzN01ucWZ2c3BWaW9tVFZSQU5SOXgxLVhKd3kxenNHdzVTVnJweVpfLThwWHdxR0NwYjk3N0k4dGt6Vm1aNHoxdC10c2cwRmZudzc4ZEZLZnRTb1lpZ3VBa3FZdS12T0dSYThUQzBhdVc5WFRfQzZzdFE1aHBXU0ZPeUQ1MmZXeHFUWU0?oc=5"" target=""_blank"">Sudanese Ministry of Health reports Dengue fever in Darfur</a>&nbsp;&nbsp;<font color=""#6f6f6f"">Radio Dabanga</font>"
2015-11,"""valley fever""",Edmonton Oilers prospect Laurent Brossoit has been best Bakersfield farmhand - Edmonton Journal,"Tue, 24 Nov 2015 08:00:00 GMT",https://news.google.com/rss/articles/CBMiugFBVV95cUxNV3pNeWtIRmxxU2hVV0pBakhMS01jeHZsUnN4X1VwRjhqYjVMX1p2amlpRjBVMkd3UnhCaTBtVGE1Z01QVllYM1Y1dThzY1RwaVR1OUpaWEZQNS1OeFlFWTl1ZHh1OG1IQnRnTHpldXBKakpPLW5tRzJ5WU9OR05rSDBuZFFYS0JJOERrbTg2dWhkNzlwY2Rkell1TnVxQzlJOWJzcndKcWV0eG41LVlBZnhqc1RkWE1neWc?oc=5,Edmonton Journal,"<a href=""https://news.google.com/rss/articles/CBMiugFBVV95cUxNV3pNeWtIRmxxU2hVV0pBakhMS01jeHZsUnN4X1VwRjhqYjVMX1p2amlpRjBVMkd3UnhCaTBtVGE1Z01QVllYM1Y1dThzY1RwaVR1OUpaWEZQNS1OeFlFWTl1ZHh1OG1IQnRnTHpldXBKakpPLW5tRzJ5WU9OR05rSDBuZFFYS0JJOERrbTg2dWhkNzlwY2Rkell1TnVxQzlJOWJzcndKcWV0eG41LVlBZnhqc1RkWE1neWc?oc=5"" target=""_blank"">Edmonton Oilers prospect Laurent Brossoit has been best Bakersfield farmhand</a>&nbsp;&nbsp;<font color=""#6f6f6f"">Edmonton Journal</font>"
2015-11,"""valley fever""",Haemorrhagic Fever: UN assessment response team arrives in Sudan - Sudan Tribune,"Mon, 02 Nov 2015 08:00:00 GMT",https://news.google.com/rss/articles/CBMiT0FVX3lxTE8tNUhTZ0tjUHdHYjVRWnBHNUEwVEpCRkFXcHBPV3gtaW5fUHZyTGpDMUk2ZEVUdGRPLXhROVY4TzdRcGFKVzc1NHZnNlM0NG8?oc=5,Sudan Tribune,"<a href=""https://news.google.com/rss/articles/CBMiT0FVX3lxTE8tNUhTZ0tjUHdHYjVRWnBHNUEwVEpCRkFXcHBPV3gtaW5fUHZyTGpDMUk2ZEVUdGRPLXhROVY4TzdRcGFKVzc1NHZnNlM0NG8?oc=5"" target=""_blank"">Haemorrhagic Fever: UN assessment response team arrives in Sudan</a>&nbsp;&nbsp;<font color=""#6f6f6f"">Sudan Tribune</font>"
2015-11,"""valley fever""",Alarming Rise in Sexually Transmitted Diseases - American Council on Science and Health,"Fri, 20 Nov 2015 08:00:00 GMT",https://news.google.com/rss/articles/CBMiiwFBVV95cUxQdWE4eXdIS3pFN1dVSE5WaFFsZXBqVTFpU3kwckNlMzlaZnd0M1paNjJiNW1xYndFdWNIazhqc2czd1FILW9OcGJoQ2MyS3dBamdXY1JQYmFjZTdMbUhES0F0LWp6bHhDb0FjR0Q2b2dXeWxoYndHX21rVVJlLWdKb1YweFdUT0hpS053?oc=5,American Council on Science and Health,"<a href=""https://news.google.com/rss/articles/CBMiiwFBVV95cUxQdWE4eXdIS3pFN1dVSE5WaFFsZXBqVTFpU3kwckNlMzlaZnd0M1paNjJiNW1xYndFdWNIazhqc2czd1FILW9OcGJoQ2MyS3dBamdXY1JQYmFjZTdMbUhES0F0LWp6bHhDb0FjR0Q2b2dXeWxoYndHX21rVVJlLWdKb1YweFdUT0hpS053?oc=5"" target=""_blank"">Alarming Rise in Sexually Transmitted Diseases</a>&nbsp;&nbsp;<font color=""#6f6f6f"">American Council on Science and Health</font>"
2015-11,"""valley fever""","KFAED, AOAD sign USD-1-mln grant agreement - Agriculture - 28/11/2015 - kuna.net.kw","Sat, 28 Nov 2015 08:00:00 GMT",https://news.google.com/rss/articles/CBMidEFVX3lxTE8zbXhIMUNQSUh1SFJ4VW5qQ3lqTXpJUHVoTEpna2p5U2dPYUUzRlZ1RmRzRXllSGRZYmtoMnViZ284UFZjU2hucU9VTVNPZi1vWndfb0VMa1hjSlc4TEFUekdvYmpDcXh2TUxnLVNaRFdEZTFH?oc=5,kuna.net.kw,"<a href=""https://news.google.com/rss/articles/CBMidEFVX3lxTE8zbXhIMUNQSUh1SFJ4VW5qQ3lqTXpJUHVoTEpna2p5U2dPYUUzRlZ1RmRzRXllSGRZYmtoMnViZ284UFZjU2hucU9VTVNPZi1vWndfb0VMa1hjSlc4TEFUekdvYmpDcXh2TUxnLVNaRFdEZTFH?oc=5"" target=""_blank"">KFAED, AOAD sign USD-1-mln grant agreement - Agriculture - 28/11/2015</a>&nbsp;&nbsp;<font color=""#6f6f6f"">kuna.net.kw</font>"
2015-12,"""valley fever""","El Niño, East Africa, and Rift Valley Fever - NOAA (.gov)","Thu, 31 Dec 2015 08:00:00 GMT",https://news.google.com/rss/articles/CBMiqgFBVV95cUxPT2YzMGhNNG1TYXUwYUp4RG1oWTdoOUNwX1d5STkzMTlxMF9hUURRdFhLZjc3eldjS3VvN1JjMGhSSGdKMjJ5c04xRzBhTE1uMjlaZUM4UVFwRkxtam1ZYnBMZHBJMXc1b1hLS2h1T2tJbXhlVEpjZElGYkNRQ2ltTkZ4dk1yRDBxa0xYTnpKOXVOc0stMGVRdGVQRFVQNUNnNk5wY2FfM1Mtdw?oc=5,NOAA (.gov),"<a href=""https://news.google.com/rss/articles/CBMiqgFBVV95cUxPT2YzMGhNNG1TYXUwYUp4RG1oWTdoOUNwX1d5STkzMTlxMF9hUURRdFhLZjc3eldjS3VvN1JjMGhSSGdKMjJ5c04xRzBhTE1uMjlaZUM4UVFwRkxtam1ZYnBMZHBJMXc1b1hLS2h1T2tJbXhlVEpjZElGYkNRQ2ltTkZ4dk1yRDBxa0xYTnpKOXVOc0stMGVRdGVQRFVQNUNnNk5wY2FfM1Mtdw?oc=5"" target=""_blank"">El Niño, East Africa, and Rift Valley Fever</a>&nbsp;&nbsp;<font color=""#6f6f6f"">NOAA (.gov)</font>"
2015-12,"""valley fever""",Drone sniffs the air to map Valley Fever fungus in California - New Scientist,"Tue, 15 Dec 2015 08:00:00 GMT",https://news.google.com/rss/articles/CBMitAFBVV95cUxNZFkwRUU5Snp6dmNzeUp6ZkxndnhHb0dQM0V2c3R5Q0V0RnBEa3RnNjJTUVBiZktocGpPWnp6QlVGbWE1enJrS1VqZTFlYUpaaXh0RnVEWnZXdUtuUDhFV3I0YzZadWNHbXI2WmpxS1NJd2l1a25OVTFHbVVnbHlhV2VVSGFieHB3ZDc4LUthSGt3dHl6Tm5Ka3ZTdzdsU2VFWGtlX2x5ak9oVmdEcVV1RjBrTGM?oc=5,New Scientist,"<a href=""https://news.google.com/rss/articles/CBMitAFBVV95cUxNZFkwRUU5Snp6dmNzeUp6ZkxndnhHb0dQM0V2c3R5Q0V0RnBEa3RnNjJTUVBiZktocGpPWnp6QlVGbWE1enJrS1VqZTFlYUpaaXh0RnVEWnZXdUtuUDhFV3I0YzZadWNHbXI2WmpxS1NJd2l1a25OVTFHbVVnbHlhV2VVSGFieHB3ZDc4LUthSGt3dHl6Tm5Ka3ZTdzdsU2VFWGtlX2x5ak9oVmdEcVV1RjBrTGM?oc=5"" target=""_blank"">Drone sniffs the air to map Valley Fever fungus in California</a>&nbsp;&nbsp;<font color=""#6f6f6f"">New Scientist</font>"
2015-12,"""valley fever""",Blueprint for R&D preparedness and response to public health emergencies due to highly infectious pathogens - World Health Organization (WHO),"Tue, 15 Dec 2015 08:00:00 GMT",https://news.google.com/rss/articles/CBMi4AFBVV95cUxOanl0MlNoX1AxUnJDcHZ1dm9ES3JNeVpoYTdTUlE3SlFQUlBqQnVjdUoxVERzNnNyeDhKUWQ4ZmkxWnZJVEpjUng2QXd1M0dVa2JRRXdGQ0tGeWlGd2ZGMHBQc3VpNnlFbVBxQnVJWW5wMUxDb2tJTGNPSWx3VFIzREpkdXNnYnZ5TUU3NUIzYWg4Ul9uZXZON0l3QW9NUUgyaG15UUhlNVJBRWxlWVhHZWFkMm9pWE5QVTZOTWlPYVFVYjZRVjItcEt5UU5BcmJTUlh5OG5IT042OEZXWDdzdA?oc=5,World Health Organization (WHO),"<a href=""https://news.google.com/rss/articles/CBMi4AFBVV95cUxOanl0MlNoX1AxUnJDcHZ1dm9ES3JNeVpoYTdTUlE3SlFQUlBqQnVjdUoxVERzNnNyeDhKUWQ4ZmkxWnZJVEpjUng2QXd1M0dVa2JRRXdGQ0tGeWlGd2ZGMHBQc3VpNnlFbVBxQnVJWW5wMUxDb2tJTGNPSWx3VFIzREpkdXNnYnZ5TUU3NUIzYWg4Ul9uZXZON0l3QW9NUUgyaG15UUhlNVJBRWxlWVhHZWFkMm9pWE5QVTZOTWlPYVFVYjZRVjItcEt5UU5BcmJTUlh5OG5IT042OEZXWDdzdA?oc=5"" target=""_blank"">Blueprint for R&amp;D preparedness and response to public health emergencies due to highly infectious pathogens</a>&nbsp;&nbsp;<font color=""#6f6f6f"">World Health Organization (WHO)</font>"
2015-12,"""valley fever""","These Are the World’s Most Dangerous Emerging Pathogens, According to WHO - Smithsonian Magazine","Tue, 15 Dec 2015 08:00:00 GMT",https://news.google.com/rss/articles/CBMisgFBVV95cUxNU0JQbnJVSEtZSzlFRXhjVGctcWx2TkRMby11VDdWTFFmT09TaWhXbEQtYnFzb2pDb3BJeVk1RUxkUE5XQktaODFHQzNFa3k4aWpRbEpOZGNiR01oN2UtZ1cwSlB4Y3kxeUUxTHNkdnMzZ3dCMTB4OHdNaGp4S1hnU3lJQ0s4MzNFTzVFWm8tZkhycjkyR292aXVuX0FCdVZfNnRwTzBVVGVJR3dtcmRjandn?oc=5,Smithsonian Magazine,"<a href=""https://news.google.com/rss/articles/CBMisgFBVV95cUxNU0JQbnJVSEtZSzlFRXhjVGctcWx2TkRMby11VDdWTFFmT09TaWhXbEQtYnFzb2pDb3BJeVk1RUxkUE5XQktaODFHQzNFa3k4aWpRbEpOZGNiR01oN2UtZ1cwSlB4Y3kxeUUxTHNkdnMzZ3dCMTB4OHdNaGp4S1hnU3lJQ0s4MzNFTzVFWm8tZkhycjkyR292aXVuX0FCdVZfNnRwTzBVVGVJR3dtcmRjandn?oc=5"" target=""_blank"">These Are the World’s Most Dangerous Emerging Pathogens, According to WHO</a>&nbsp;&nbsp;<font color=""#6f6f6f"">Smithsonian Magazine</font>"
2015-12,"""valley fever""",Fidgeting can actually burn some calories - The Arizona Republic,"Fri, 25 Dec 2015 08:00:00 GMT",https://news.google.com/rss/articles/CBMivAFBVV95cUxPSl9TOWJqemk5RDgxaWVMdE5OTnNPYTA3RjdCdFd5U1NFZ0FITGRESHZkYXJiaUlVZFBsTE5lTlBfckJ6aU0tVTAxb3V1R0pyZXc3MnBWOUY5T2lmMDVoM0dXdXJlalBaY1ctVERSQnlxQWU0T1N3aDFPQzdYNzUwQWlqQXJ5Rnl1bnhCYWctdzktWW5KR0xnOFIxem5zZ1kzNTFrdEl4bFd5N1VLb0pvTzFsTUM0R3ZyQzNrSw?oc=5,The Arizona Republic,"<a href=""https://news.google.com/rss/articles/CBMivAFBVV95cUxPSl9TOWJqemk5RDgxaWVMdE5OTnNPYTA3RjdCdFd5U1NFZ0FITGRESHZkYXJiaUlVZFBsTE5lTlBfckJ6aU0tVTAxb3V1R0pyZXc3MnBWOUY5T2lmMDVoM0dXdXJlalBaY1ctVERSQnlxQWU0T1N3aDFPQzdYNzUwQWlqQXJ5Rnl1bnhCYWctdzktWW5KR0xnOFIxem5zZ1kzNTFrdEl4bFd5N1VLb0pvTzFsTUM0R3ZyQzNrSw?oc=5"" target=""_blank"">Fidgeting can actually burn some calories</a>&nbsp;&nbsp;<font color=""#6f6f6f"">The Arizona Republic</font>"
2015-12,"""valley fever""","Impact of El Niño could be worst in 18 years in southern Africa, warns UN ‘special alert’ - UN News","Tue, 22 Dec 2015 08:00:00 GMT",https://news.google.com/rss/articles/CBMiVkFVX3lxTE5Ya2s3ZUhEUXVwVDZwZEN6MXk0U1VDNlpyUi04N0tkSzdBZ3FwREZibGljWGl6MzJZTmpNWk1PaUphaTd4bVFqNkFVMll3ZzRUaENFSlpR?oc=5,UN News,"<a href=""https://news.google.com/rss/articles/CBMiVkFVX3lxTE5Ya2s3ZUhEUXVwVDZwZEN6MXk0U1VDNlpyUi04N0tkSzdBZ3FwREZibGljWGl6MzJZTmpNWk1PaUphaTd4bVFqNkFVMll3ZzRUaENFSlpR?oc=5"" target=""_blank"">Impact of El Niño could be worst in 18 years in southern Africa, warns UN ‘special alert’</a>&nbsp;&nbsp;<font color=""#6f6f6f"">UN News</font>"
2015-12,"""valley fever""",A Criminal Christmas - Criminal Element,"Tue, 22 Dec 2015 08:00:00 GMT",https://news.google.com/rss/articles/CBMi4gFBVV95cUxPdXlUQ0VBWFloZ0ctWGZNS1hjaE9aMGFNWnE1VHpxMEJSbDFVUHNYLTJmbDBCa2dqOW9GMTFEdlVLZnJPWVRxRU5Zc3h6bGVEUmxnd1Q5M29peTkteWY0RmxCQldGNVdXMGdudW9Jb3lkMVhyZXcwdVczYTFHdWpWMEk5ZUxZSDNuQ3BCTHlJYVg1MFJ3SE5LN01QOWZtNlpIRGM1elBlQU91WUt0NWpoU19ZRnFYaU1vNTE5SlZONGgxLVFjS2dBOHVMNzVNYm0zb0hxeWN3UkZ4ZElobUpZLUVn?oc=5,Criminal Element,"<a href=""https://news.google.com/rss/articles/CBMi4gFBVV95cUxPdXlUQ0VBWFloZ0ctWGZNS1hjaE9aMGFNWnE1VHpxMEJSbDFVUHNYLTJmbDBCa2dqOW9GMTFEdlVLZnJPWVRxRU5Zc3h6bGVEUmxnd1Q5M29peTkteWY0RmxCQldGNVdXMGdudW9Jb3lkMVhyZXcwdVczYTFHdWpWMEk5ZUxZSDNuQ3BCTHlJYVg1MFJ3SE5LN01QOWZtNlpIRGM1elBlQU91WUt0NWpoU19ZRnFYaU1vNTE5SlZONGgxLVFjS2dBOHVMNzVNYm0zb0hxeWN3UkZ4ZElobUpZLUVn?oc=5"" target=""_blank"">A Criminal Christmas</a>&nbsp;&nbsp;<font color=""#6f6f6f"">Criminal Element</font>"
2015-12,"""valley fever""",Antibiotic Resistance: Beginning of the End? - American Council on Science and Health,"Tue, 01 Dec 2015 08:00:00 GMT",https://news.google.com/rss/articles/CBMihgFBVV95cUxPeWJjdmxaRU5IODh1MjYzbHBra0ItUlVBOF85bHVqYm4wd3lJVGNjSVBacENyZ3Z0S0hrNDhNMVBLLUhINE4xSHV6NnhpYjBDdk1BNUtKazhEeFNyS2RMTENmVVdiS0ZVZktSY1UwZTVGTnZpejZ5c0JuVDBHRFIwaktIYWRrZw?oc=5,American Council on Science and Health,"<a href=""https://news.google.com/rss/articles/CBMihgFBVV95cUxPeWJjdmxaRU5IODh1MjYzbHBra0ItUlVBOF85bHVqYm4wd3lJVGNjSVBacENyZ3Z0S0hrNDhNMVBLLUhINE4xSHV6NnhpYjBDdk1BNUtKazhEeFNyS2RMTENmVVdiS0ZVZktSY1UwZTVGTnZpejZ5c0JuVDBHRFIwaktIYWRrZw?oc=5"" target=""_blank"">Antibiotic Resistance: Beginning of the End?</a>&nbsp;&nbsp;<font color=""#6f6f6f"">American Council on Science and Health</font>"
2015-12,"""valley fever""",GIRLS BASKETBALL: Palisades' Krchnavi makes the most of opportunity - PhillyBurbs,"Tue, 01 Dec 2015 08:00:00 GMT",https://news.google.com/rss/articles/CBMixgFBVV95cUxOX3M4QkNZem9wd3lCUVQ3bzBhSXFNRjdxcXQ2OXd3TjZ0TFNRZFRjMHBuNU5oRTVhdE1kVkdfZ0NlNnF2V05qaE13eEhWZ1ZaMF8tUDZpUUEwUFIzckFBUk40aDkybjZtb2ZiWkowcTZzLTIzb3VGSlJpcXg3VHI0cThybnA3UUlPTzF4Yk1kWjZ1d3RVXzR4eG1vN2Z3SVhpQW5VUE1Gb2lBTWFOeTA0VmctYmxCUW1mV18tenlES2kxZ0JsZHc?oc=5,PhillyBurbs,"<a href=""https://news.google.com/rss/articles/CBMixgFBVV95cUxOX3M4QkNZem9wd3lCUVQ3bzBhSXFNRjdxcXQ2OXd3TjZ0TFNRZFRjMHBuNU5oRTVhdE1kVkdfZ0NlNnF2V05qaE13eEhWZ1ZaMF8tUDZpUUEwUFIzckFBUk40aDkybjZtb2ZiWkowcTZzLTIzb3VGSlJpcXg3VHI0cThybnA3UUlPTzF4Yk1kWjZ1d3RVXzR4eG1vN2Z3SVhpQW5VUE1Gb2lBTWFOeTA0VmctYmxCUW1mV18tenlES2kxZ0JsZHc?oc=5"" target=""_blank"">GIRLS BASKETBALL: Palisades' Krchnavi makes the most of opportunity</a>&nbsp;&nbsp;<font color=""#6f6f6f"">PhillyBurbs</font>"
2015-12,"""valley fever""","Atrial fibrillation increases risks, harms life quality - The Arizona Republic","Mon, 21 Dec 2015 08:00:00 GMT",https://news.google.com/rss/articles/CBMizgFBVV95cUxNOEduUDZrdEExYlpTNHdNNEw1NktNdl9BdTJCZUtYOG8xY3VReHptTDNsYlMxMmNyR2F4QUtDT014THp3Z194dG12azAtdXNFV1pYdXBDYWVmX0k3MnNKSUQ2RTREd2pDSWNZM0RlYXZNbmhSendMQ0w5VUF5TkpsWHhnTUFGN1MyQ3I4Q0hha1d3X29XeXNrSVZ2TjdPbnlZSU1RZkVTQk5nMUw0MHI5dEs5QUJIbXcxbnNUb0JDWW1PcS04ZHhma21lSnBsdw?oc=5,The Arizona Republic,"<a href=""https://news.google.com/rss/articles/CBMizgFBVV95cUxNOEduUDZrdEExYlpTNHdNNEw1NktNdl9BdTJCZUtYOG8xY3VReHptTDNsYlMxMmNyR2F4QUtDT014THp3Z194dG12azAtdXNFV1pYdXBDYWVmX0k3MnNKSUQ2RTREd2pDSWNZM0RlYXZNbmhSendMQ0w5VUF5TkpsWHhnTUFGN1MyQ3I4Q0hha1d3X29XeXNrSVZ2TjdPbnlZSU1RZkVTQk5nMUw0MHI5dEs5QUJIbXcxbnNUb0JDWW1PcS04ZHhma21lSnBsdw?oc=5"" target=""_blank"">Atrial fibrillation increases risks, harms life quality</a>&nbsp;&nbsp;<font color=""#6f6f6f"">The Arizona Republic</font>"
2015-12,"""valley fever""",Unwanted guest: El Nino and Africa| Gulf Times - Gulf Times,"Fri, 25 Dec 2015 08:00:00 GMT",https://news.google.com/rss/articles/CBMifkFVX3lxTE9teUNFUW9rdF9XVTBTeThGa1RleEhPdzV2dzB4YWpOVUlJU01teVkxMkNGbmZZR1JHOGE0V0VpRTJtc1BtMDljOHVnX2JhYnp0cjJYR21TUFBzbUVpR0plaFl6UTZhNWF1UjhYaDdQWVpYeXFFRExYQXNTS1E3Z9IBgwFBVV95cUxQLWt5MDI5cjNXYktES0hsMkJlRVdfWm9rS2hVdElTa01GMlpnajdBYTRFbENuQnRQRFMtaUx3YzRWUUZXUnVjbDYyMUpUOFJLVkJhMFo2Y1IyVG9PbkQzUjQ4UUZFQTJBX0V6RVFyOWp2YjRJT25SeHdzU3VpNUdYUFpXYw?oc=5,Gulf Times,"<a href=""https://news.google.com/rss/articles/CBMifkFVX3lxTE9teUNFUW9rdF9XVTBTeThGa1RleEhPdzV2dzB4YWpOVUlJU01teVkxMkNGbmZZR1JHOGE0V0VpRTJtc1BtMDljOHVnX2JhYnp0cjJYR21TUFBzbUVpR0plaFl6UTZhNWF1UjhYaDdQWVpYeXFFRExYQXNTS1E3Z9IBgwFBVV95cUxQLWt5MDI5cjNXYktES0hsMkJlRVdfWm9rS2hVdElTa01GMlpnajdBYTRFbENuQnRQRFMtaUx3YzRWUUZXUnVjbDYyMUpUOFJLVkJhMFo2Y1IyVG9PbkQzUjQ4UUZFQTJBX0V6RVFyOWp2YjRJT25SeHdzU3VpNUdYUFpXYw?oc=5"" target=""_blank"">Unwanted guest: El Nino and Africa| Gulf Times</a>&nbsp;&nbsp;<font color=""#6f6f6f"">Gulf Times</font>"
